============================================================
  Solver:     3DMHKP-SA.py
  Instance:   /home/mcaspar/3DMHKP/Egeblad/ep3-20-L-C-90.txt
  Value mode: flat
  Timelimit:  900s
  Reports:    /home/mcaspar/3DMHKP/results_3DMHKP_ep3
  CPUs:       1
============================================================
======================================================================
3DMHKP Simulated Annealing (random single-neighbour, sequence decoder)
SA params: T0=5% of f(S_0), alpha=0.999, T_min=0.001, reheat_threshold=5753, reheat_fraction=0.25
Move weights: {'relocate': 0.0, 'swap': 1.0, '2opt': 0.0, 'promote': 1.5, 'demote': 1.5, 'orient': 1.0, 'container': 0.5}
Time limit: 900.0s per instance, seed 1148501779
======================================================================

======================================================================
ep3-20-L-C-90: 20 boxes (5 types), 1 containers (1 types)
  0-1 knapsack bound: 63772.0 (continuous relaxation: 63936.0)
  initial (value-density) decode: value 41051.0 (11/20 boxes)
  T0 = 2082.3 (calibrated, 210 worsening draws, target accept 35%)
  schedule: time-based, T0 -> 474.68 over 900s
    [iter 3] *** NEW BEST: value 44548.0, boxes 11/20, T=2081.8, elapsed=0.1s
    [iter 4] *** NEW BEST: value 46462.0, boxes 12/20, T=2081.8, elapsed=0.1s
    [iter 10] *** NEW BEST: value 48376.0, boxes 13/20, T=2081.8, elapsed=0.1s
    [iter 177] *** NEW BEST: value 52110.0, boxes 14/20, T=2081.8, elapsed=0.1s
    [iter 188] *** NEW BEST: value 52504.0, boxes 13/20, T=2081.8, elapsed=0.1s
    [iter 5941] reheat + diversify: ceiling=520.56, value=42965.0
    [iter 11694] reheat + diversify: ceiling=468.51, value=52110.0
    [iter 17447] reheat + diversify: ceiling=421.66, value=39562.0
    [iter 23200] reheat + diversify: ceiling=379.49, value=40901.0
    [iter 28953] reheat + diversify: ceiling=341.54, value=41382.0
    [iter 34706] reheat + diversify: ceiling=307.39, value=39440.0
    [iter 40459] reheat + diversify: ceiling=276.65, value=48526.0
    [iter 46212] reheat + diversify: ceiling=248.98, value=43568.0
    [iter 51965] reheat + diversify: ceiling=224.09, value=41382.0
    [iter 57718] reheat + diversify: ceiling=201.68, value=37526.0
    [iter 63471] reheat + diversify: ceiling=181.51, value=39649.0
    [iter 69224] reheat + diversify: ceiling=163.36, value=45151.0
    [iter 74977] reheat + diversify: ceiling=147.02, value=34001.0
    [iter 80730] reheat + diversify: ceiling=132.32, value=32359.0
    [iter 86483] reheat + diversify: ceiling=119.09, value=42815.0
    [iter 92236] reheat + diversify: ceiling=107.18, value=52110.0
    [iter 97989] reheat + diversify: ceiling=96.46, value=41382.0
    [iter 103742] reheat + diversify: ceiling=86.82, value=42815.0
    [iter 109495] reheat + diversify: ceiling=78.13, value=34151.0
    [iter 115248] reheat + diversify: ceiling=70.32, value=39590.0
    [iter 121001] reheat + diversify: ceiling=63.29, value=36187.0
    [iter 126754] reheat + diversify: ceiling=56.96, value=45151.0
    [iter 132507] reheat + diversify: ceiling=51.26, value=37376.0
    [iter 138260] reheat + diversify: ceiling=46.14, value=43418.0
    [iter 144013] reheat + diversify: ceiling=41.52, value=41051.0
    [iter 149766] reheat + diversify: ceiling=37.37, value=39440.0
    [iter 155519] reheat + diversify: ceiling=33.63, value=39590.0
    [iter 161272] reheat + diversify: ceiling=30.27, value=41776.0
    [iter 167025] reheat + diversify: ceiling=27.24, value=39318.0
    [iter 172778] reheat + diversify: ceiling=24.52, value=52504.0
    [iter 178531] reheat + diversify: ceiling=22.07, value=41232.0
    [iter 184284] reheat + diversify: ceiling=19.86, value=37979.0
    [iter 190037] reheat + diversify: ceiling=17.87, value=39168.0
    [iter 195790] reheat + diversify: ceiling=16.09, value=41161.0
    [iter 201543] reheat + diversify: ceiling=14.48, value=48648.0
    [iter 207296] reheat + diversify: ceiling=13.03, value=34001.0
    [iter 213049] reheat + diversify: ceiling=11.73, value=43087.0
    [iter 218802] reheat + diversify: ceiling=10.55, value=35671.0
    [iter 224555] reheat + diversify: ceiling=9.50, value=34273.0
    [iter 230308] reheat + diversify: ceiling=8.55, value=48254.0
    [iter 236061] reheat + diversify: ceiling=7.69, value=35734.0
    [iter 241814] reheat + diversify: ceiling=6.92, value=47065.0
    [iter 247567] reheat + diversify: ceiling=6.23, value=39440.0
    [iter 253320] reheat + diversify: ceiling=5.61, value=39562.0
    [iter 259073] reheat + diversify: ceiling=5.05, value=42965.0
    [iter 264826] reheat + diversify: ceiling=4.54, value=41626.0
    [iter 270579] reheat + diversify: ceiling=4.09, value=50318.0
    [iter 276332] reheat + diversify: ceiling=3.68, value=44879.0
    [iter 282085] reheat + diversify: ceiling=3.31, value=41232.0
    [iter 287838] reheat + diversify: ceiling=2.98, value=39834.0
    [iter 293591] reheat + diversify: ceiling=2.68, value=36065.0
    [iter 299344] reheat + diversify: ceiling=2.41, value=36337.0
    [iter 305097] reheat + diversify: ceiling=2.17, value=37376.0
    [iter 310850] reheat + diversify: ceiling=1.96, value=31693.0
    [iter 316603] reheat + diversify: ceiling=1.76, value=50712.0
    [iter 322356] reheat + diversify: ceiling=1.58, value=37648.0
    [iter 328109] reheat + diversify: ceiling=1.43, value=35821.0
    [iter 333862] reheat + diversify: ceiling=1.28, value=41504.0
    [iter 339615] reheat + diversify: ceiling=1.15, value=39247.0
    [iter 345368] reheat + diversify: ceiling=1.04, value=34001.0
    [iter 351121] reheat + diversify: ceiling=0.94, value=39440.0
    [iter 356874] reheat + diversify: ceiling=0.84, value=30173.0
    [iter 362627] reheat + diversify: ceiling=0.76, value=33879.0
    [iter 368380] reheat + diversify: ceiling=0.68, value=41232.0
    [iter 374133] reheat + diversify: ceiling=0.61, value=37648.0
    [iter 379886] reheat + diversify: ceiling=0.55, value=39712.0
    [iter 385639] reheat + diversify: ceiling=0.50, value=41626.0
    [iter 391392] reheat + diversify: ceiling=0.45, value=39712.0
    [iter 397145] reheat + diversify: ceiling=0.40, value=39562.0
    [iter 402898] reheat + diversify: ceiling=0.36, value=41283.0
    [iter 408651] reheat + diversify: ceiling=0.33, value=52504.0
    [iter 414404] reheat + diversify: ceiling=0.29, value=45001.0
    [iter 420157] reheat + diversify: ceiling=0.26, value=44879.0
    [iter 425910] reheat + diversify: ceiling=0.24, value=43209.0
    [iter 431663] reheat + diversify: ceiling=0.21, value=50318.0
    [iter 437416] reheat + diversify: ceiling=0.19, value=30023.0
    [iter 443169] reheat + diversify: ceiling=0.17, value=32087.0
    [iter 448922] reheat + diversify: ceiling=0.16, value=33879.0
    [iter 454675] reheat + diversify: ceiling=0.14, value=41776.0
    [iter 460428] reheat + diversify: ceiling=0.13, value=39440.0
    [iter 466181] reheat + diversify: ceiling=0.11, value=48648.0
    [iter 471934] reheat + diversify: ceiling=0.10, value=41382.0
    [iter 477687] reheat + diversify: ceiling=0.09, value=39440.0
    [iter 483440] reheat + diversify: ceiling=0.08, value=39712.0
    [iter 489193] reheat + diversify: ceiling=0.07, value=36065.0
    [iter 494946] reheat + diversify: ceiling=0.07, value=39834.0
    [iter 500699] reheat + diversify: ceiling=0.06, value=37254.0
    [iter 506452] reheat + diversify: ceiling=0.05, value=42965.0
    [iter 512205] reheat + diversify: ceiling=0.05, value=37798.0
    [iter 517958] reheat + diversify: ceiling=0.04, value=35793.0
    [iter 523711] reheat + diversify: ceiling=0.04, value=46612.0
    [iter 529464] reheat + diversify: ceiling=0.04, value=41827.0
    [iter 535217] reheat + diversify: ceiling=0.03, value=30626.0
    [iter 540970] reheat + diversify: ceiling=0.03, value=35793.0
    [iter 546723] reheat + diversify: ceiling=0.03, value=39168.0
    [iter 552476] reheat + diversify: ceiling=0.02, value=43174.0
    [iter 558229] reheat + diversify: ceiling=0.02, value=30295.0
    [iter 563982] reheat + diversify: ceiling=0.02, value=41776.0
    [iter 569735] reheat + diversify: ceiling=0.02, value=34001.0
    [iter 575488] reheat + diversify: ceiling=0.02, value=52504.0
    [iter 581241] reheat + diversify: ceiling=0.01, value=52504.0
    [iter 586994] reheat + diversify: ceiling=0.01, value=35793.0
    [iter 592747] reheat + diversify: ceiling=0.01, value=43568.0
    [iter 598500] reheat + diversify: ceiling=0.01, value=36187.0
    [iter 604253] reheat + diversify: ceiling=0.01, value=50318.0
    [iter 610006] reheat + diversify: ceiling=0.01, value=50562.0
    [iter 615759] reheat + diversify: ceiling=0.01, value=48254.0
    [iter 621512] reheat + diversify: ceiling=0.01, value=41232.0
    [iter 627265] reheat + diversify: ceiling=0.01, value=52504.0
    [iter 633018] reheat + diversify: ceiling=0.01, value=43146.0
    [iter 638771] reheat + diversify: ceiling=0.00, value=52504.0
    [iter 644524] reheat + diversify: ceiling=0.00, value=37735.0
    [iter 650277] reheat + diversify: ceiling=0.00, value=39834.0
    [iter 656030] reheat + diversify: ceiling=0.00, value=39834.0
    [iter 661783] reheat + diversify: ceiling=0.00, value=42937.0
    [iter 667536] reheat + diversify: ceiling=0.00, value=52504.0
    [iter 673289] reheat + diversify: ceiling=0.00, value=39590.0
    [iter 679042] reheat + diversify: ceiling=0.00, value=41382.0
    [iter 684795] reheat + diversify: ceiling=0.00, value=39712.0
    [iter 690548] reheat + diversify: ceiling=0.00, value=37526.0
    [iter 696301] reheat + diversify: ceiling=0.00, value=39590.0
    [iter 702054] reheat + diversify: ceiling=0.00, value=46190.0
    [iter 707807] reheat + diversify: ceiling=0.00, value=35734.0
    [iter 713560] reheat + diversify: ceiling=0.00, value=37979.0
    [iter 719313] reheat + diversify: ceiling=0.00, value=39834.0
    [iter 725066] reheat + diversify: ceiling=0.00, value=32087.0
    [iter 730819] reheat + diversify: ceiling=0.00, value=35943.0
    [iter 736572] reheat + diversify: ceiling=0.00, value=41626.0
    [iter 742325] reheat + diversify: ceiling=0.00, value=28834.0
    [iter 748078] reheat + diversify: ceiling=0.00, value=36187.0
    [iter 753831] reheat + diversify: ceiling=0.00, value=43418.0
    [iter 759584] reheat + diversify: ceiling=0.00, value=39196.0
    [iter 765337] reheat + diversify: ceiling=0.00, value=35793.0
    [iter 771090] reheat + diversify: ceiling=0.00, value=43174.0
    [iter 776843] reheat + diversify: ceiling=0.00, value=35793.0
    [iter 782596] reheat + diversify: ceiling=0.00, value=32087.0
    [iter 788349] reheat + diversify: ceiling=0.00, value=41776.0
    [iter 794102] reheat + diversify: ceiling=0.00, value=42965.0
    [iter 799855] reheat + diversify: ceiling=0.00, value=41382.0
    [iter 805608] reheat + diversify: ceiling=0.00, value=35943.0
    [iter 811361] reheat + diversify: ceiling=0.00, value=33879.0
    [iter 817114] reheat + diversify: ceiling=0.00, value=41776.0
    [iter 822867] reheat + diversify: ceiling=0.00, value=41232.0
    [iter 828620] reheat + diversify: ceiling=0.00, value=41232.0
    [iter 834373] reheat + diversify: ceiling=0.00, value=33607.0
    [iter 840126] reheat + diversify: ceiling=0.00, value=33879.0
    [iter 845879] reheat + diversify: ceiling=0.00, value=39562.0
    [iter 851632] reheat + diversify: ceiling=0.00, value=39562.0
    [iter 857385] reheat + diversify: ceiling=0.00, value=50318.0
    [iter 863138] reheat + diversify: ceiling=0.00, value=39562.0
    [iter 868891] reheat + diversify: ceiling=0.00, value=50318.0
    [iter 874644] reheat + diversify: ceiling=0.00, value=39440.0
    [iter 880397] reheat + diversify: ceiling=0.00, value=41023.0
    [iter 886150] reheat + diversify: ceiling=0.00, value=43087.0
    [iter 891903] reheat + diversify: ceiling=0.00, value=41626.0
    [iter 897656] reheat + diversify: ceiling=0.00, value=52504.0
    [iter 903409] reheat + diversify: ceiling=0.00, value=39562.0
    [iter 909162] reheat + diversify: ceiling=0.00, value=32087.0
    [iter 914915] reheat + diversify: ceiling=0.00, value=39590.0
    [iter 920668] reheat + diversify: ceiling=0.00, value=43087.0
    [iter 926421] reheat + diversify: ceiling=0.00, value=33879.0
    [iter 932174] reheat + diversify: ceiling=0.00, value=37376.0
    [iter 937927] reheat + diversify: ceiling=0.00, value=41382.0
    [iter 943680] reheat + diversify: ceiling=0.00, value=41382.0
    [iter 949433] reheat + diversify: ceiling=0.00, value=37376.0
    [iter 955186] reheat + diversify: ceiling=0.00, value=41776.0
    [iter 960939] reheat + diversify: ceiling=0.00, value=37770.0
    [iter 966692] reheat + diversify: ceiling=0.00, value=50318.0
    [iter 972445] reheat + diversify: ceiling=0.00, value=39590.0
    [iter 978198] reheat + diversify: ceiling=0.00, value=41776.0
    [iter 983951] reheat + diversify: ceiling=0.00, value=33879.0
    [iter 989704] reheat + diversify: ceiling=0.00, value=50318.0
    [iter 995457] reheat + diversify: ceiling=0.00, value=33879.0
    [iter 1001210] reheat + diversify: ceiling=0.00, value=39712.0
    [iter 1006963] reheat + diversify: ceiling=0.00, value=30626.0
    [iter 1012716] reheat + diversify: ceiling=0.00, value=44729.0
    [iter 1018469] reheat + diversify: ceiling=0.00, value=36187.0
    [iter 1024222] reheat + diversify: ceiling=0.00, value=44879.0
    [iter 1029975] reheat + diversify: ceiling=0.00, value=52504.0
    [iter 1035728] reheat + diversify: ceiling=0.00, value=30417.0
    [iter 1041481] reheat + diversify: ceiling=0.00, value=52504.0
    [iter 1047234] reheat + diversify: ceiling=0.00, value=41382.0
    [iter 1052987] reheat + diversify: ceiling=0.00, value=34001.0
    [iter 1058740] reheat + diversify: ceiling=0.00, value=43359.0
    [iter 1064493] reheat + diversify: ceiling=0.00, value=34001.0
    [iter 1070246] reheat + diversify: ceiling=0.00, value=39196.0
    [iter 1075999] reheat + diversify: ceiling=0.00, value=36065.0
    [iter 1081752] reheat + diversify: ceiling=0.00, value=41776.0
    [iter 1087505] reheat + diversify: ceiling=0.00, value=39440.0
    [iter 1093258] reheat + diversify: ceiling=0.00, value=30417.0
    [iter 1099011] reheat + diversify: ceiling=0.00, value=37735.0
    [iter 1104764] reheat + diversify: ceiling=0.00, value=32087.0
    [iter 1110517] reheat + diversify: ceiling=0.00, value=36006.0
    [iter 1116270] reheat + diversify: ceiling=0.00, value=43087.0
    [iter 1122023] reheat + diversify: ceiling=0.00, value=36065.0
    [iter 1127776] reheat + diversify: ceiling=0.00, value=41776.0
    [iter 1133529] reheat + diversify: ceiling=0.00, value=41626.0
    [iter 1139282] reheat + diversify: ceiling=0.00, value=37648.0
    [iter 1145035] reheat + diversify: ceiling=0.00, value=52504.0
    [iter 1150788] reheat + diversify: ceiling=0.00, value=52504.0
    [iter 1156541] reheat + diversify: ceiling=0.00, value=32209.0
    [iter 1162294] reheat + diversify: ceiling=0.00, value=50562.0
    [iter 1168047] reheat + diversify: ceiling=0.00, value=41023.0
    [iter 1173800] reheat + diversify: ceiling=0.00, value=41023.0
    [iter 1179553] reheat + diversify: ceiling=0.00, value=43418.0
    [iter 1185306] reheat + diversify: ceiling=0.00, value=35340.0
    [iter 1191059] reheat + diversify: ceiling=0.00, value=52504.0
    [iter 1196812] reheat + diversify: ceiling=0.00, value=33879.0
    [iter 1202565] reheat + diversify: ceiling=0.00, value=41232.0
    [iter 1208318] reheat + diversify: ceiling=0.00, value=37526.0
    [iter 1214071] reheat + diversify: ceiling=0.00, value=37376.0
    [iter 1219824] reheat + diversify: ceiling=0.00, value=52504.0
    [iter 1225577] reheat + diversify: ceiling=0.00, value=30023.0
    [iter 1231330] reheat + diversify: ceiling=0.00, value=31843.0
    [iter 1237083] reheat + diversify: ceiling=0.00, value=52504.0
    [iter 1242836] reheat + diversify: ceiling=0.00, value=41382.0
    [iter 1248589] reheat + diversify: ceiling=0.00, value=41382.0
    [iter 1254342] reheat + diversify: ceiling=0.00, value=36187.0
    [iter 1260095] reheat + diversify: ceiling=0.00, value=52504.0
    [iter 1265848] reheat + diversify: ceiling=0.00, value=44729.0
    [iter 1271601] reheat + diversify: ceiling=0.00, value=41776.0
    [iter 1277354] reheat + diversify: ceiling=0.00, value=41776.0
    [iter 1283107] reheat + diversify: ceiling=0.00, value=41232.0
    [iter 1288860] reheat + diversify: ceiling=0.00, value=50168.0
    [iter 1294613] reheat + diversify: ceiling=0.00, value=35943.0
    [iter 1300366] reheat + diversify: ceiling=0.00, value=39562.0
    [iter 1306119] reheat + diversify: ceiling=0.00, value=41382.0
    [iter 1311872] reheat + diversify: ceiling=0.00, value=33879.0
    [iter 1317625] reheat + diversify: ceiling=0.00, value=33879.0
    [iter 1323378] reheat + diversify: ceiling=0.00, value=50318.0
    [iter 1329131] reheat + diversify: ceiling=0.00, value=39590.0
    [iter 1334884] reheat + diversify: ceiling=0.00, value=42543.0
    [iter 1340637] reheat + diversify: ceiling=0.00, value=32087.0
    [iter 1346390] reheat + diversify: ceiling=0.00, value=39834.0
    [iter 1352143] reheat + diversify: ceiling=0.00, value=41626.0
    [iter 1357896] reheat + diversify: ceiling=0.00, value=41626.0
    [iter 1363649] reheat + diversify: ceiling=0.00, value=32087.0
    [iter 1369402] reheat + diversify: ceiling=0.00, value=39562.0
    [iter 1375155] reheat + diversify: ceiling=0.00, value=48376.0
    [iter 1380908] reheat + diversify: ceiling=0.00, value=48376.0
    [iter 1386661] reheat + diversify: ceiling=0.00, value=43087.0
    [iter 1392414] reheat + diversify: ceiling=0.00, value=41382.0
    [iter 1398167] reheat + diversify: ceiling=0.00, value=41382.0
    [iter 1403920] reheat + diversify: ceiling=0.00, value=50562.0
    [iter 1409673] reheat + diversify: ceiling=0.00, value=39440.0
    [iter 1415426] reheat + diversify: ceiling=0.00, value=39590.0
    [iter 1421179] reheat + diversify: ceiling=0.00, value=41776.0
    [iter 1426932] reheat + diversify: ceiling=0.00, value=32209.0
    [iter 1432685] reheat + diversify: ceiling=0.00, value=41382.0
    [iter 1438438] reheat + diversify: ceiling=0.00, value=50318.0
    [iter 1444191] reheat + diversify: ceiling=0.00, value=39440.0
    [iter 1449944] reheat + diversify: ceiling=0.00, value=43568.0
    [iter 1455697] reheat + diversify: ceiling=0.00, value=39562.0
    [iter 1461450] reheat + diversify: ceiling=0.00, value=31843.0
    [iter 1467203] reheat + diversify: ceiling=0.00, value=39440.0
    [iter 1472956] reheat + diversify: ceiling=0.00, value=50318.0
    [iter 1478709] reheat + diversify: ceiling=0.00, value=41776.0
    [iter 1484462] reheat + diversify: ceiling=0.00, value=52504.0
    [iter 1490215] reheat + diversify: ceiling=0.00, value=33879.0
    [iter 1495968] reheat + diversify: ceiling=0.00, value=39590.0
    [iter 1501721] reheat + diversify: ceiling=0.00, value=39046.0
    [iter 1507474] reheat + diversify: ceiling=0.00, value=52504.0
    [iter 1513227] reheat + diversify: ceiling=0.00, value=45151.0
    [iter 1518980] reheat + diversify: ceiling=0.00, value=45482.0
    [iter 1524733] reheat + diversify: ceiling=0.00, value=41776.0
    [iter 1530486] reheat + diversify: ceiling=0.00, value=34001.0
    [iter 1536239] reheat + diversify: ceiling=0.00, value=41776.0
    [iter 1541992] reheat + diversify: ceiling=0.00, value=31815.0
    [iter 1547745] reheat + diversify: ceiling=0.00, value=37770.0
    [iter 1553498] reheat + diversify: ceiling=0.00, value=35793.0
    [iter 1559251] reheat + diversify: ceiling=0.00, value=52110.0
    [iter 1565004] reheat + diversify: ceiling=0.00, value=41382.0
    [iter 1570757] reheat + diversify: ceiling=0.00, value=39046.0
    [iter 1576510] reheat + diversify: ceiling=0.00, value=39196.0
    [iter 1582263] reheat + diversify: ceiling=0.00, value=44879.0
    [iter 1588016] reheat + diversify: ceiling=0.00, value=35340.0
    [iter 1593769] reheat + diversify: ceiling=0.00, value=36065.0
    [iter 1599522] reheat + diversify: ceiling=0.00, value=41232.0
    [iter 1605275] reheat + diversify: ceiling=0.00, value=33548.0
    [iter 1611028] reheat + diversify: ceiling=0.00, value=41504.0
    [iter 1616781] reheat + diversify: ceiling=0.00, value=41626.0
    [iter 1622534] reheat + diversify: ceiling=0.00, value=32087.0
    [iter 1628287] reheat + diversify: ceiling=0.00, value=39590.0
    [iter 1634040] reheat + diversify: ceiling=0.00, value=42815.0
    [iter 1639793] reheat + diversify: ceiling=0.00, value=39046.0
    [iter 1645546] reheat + diversify: ceiling=0.00, value=39440.0
    [iter 1651299] reheat + diversify: ceiling=0.00, value=39712.0
    [iter 1657052] reheat + diversify: ceiling=0.00, value=52504.0
    [iter 1662805] reheat + diversify: ceiling=0.00, value=48254.0
    [iter 1668558] reheat + diversify: ceiling=0.00, value=39562.0
    [iter 1674311] reheat + diversify: ceiling=0.00, value=39440.0
    [iter 1680064] reheat + diversify: ceiling=0.00, value=39196.0
    [iter 1685817] reheat + diversify: ceiling=0.00, value=29901.0
    [iter 1691570] reheat + diversify: ceiling=0.00, value=41232.0
    [iter 1697323] reheat + diversify: ceiling=0.00, value=50168.0
    [iter 1703076] reheat + diversify: ceiling=0.00, value=31843.0
    [iter 1708829] reheat + diversify: ceiling=0.00, value=44485.0
    [iter 1714582] reheat + diversify: ceiling=0.00, value=37376.0
    [iter 1720335] reheat + diversify: ceiling=0.00, value=41382.0
    [iter 1726088] reheat + diversify: ceiling=0.00, value=28259.0
    [iter 1731841] reheat + diversify: ceiling=0.00, value=41626.0
    [iter 1737594] reheat + diversify: ceiling=0.00, value=39318.0
    [iter 1743347] reheat + diversify: ceiling=0.00, value=48648.0
    [iter 1749100] reheat + diversify: ceiling=0.00, value=41776.0
    [iter 1754853] reheat + diversify: ceiling=0.00, value=52504.0
    [iter 1760606] reheat + diversify: ceiling=0.00, value=52504.0
    [iter 1766359] reheat + diversify: ceiling=0.00, value=52504.0
    [iter 1772112] reheat + diversify: ceiling=0.00, value=41232.0
    [iter 1777865] reheat + diversify: ceiling=0.00, value=39440.0
    [iter 1783618] reheat + diversify: ceiling=0.00, value=41382.0
    [iter 1789371] reheat + diversify: ceiling=0.00, value=35943.0
    [iter 1795124] reheat + diversify: ceiling=0.00, value=52110.0
    [iter 1800877] reheat + diversify: ceiling=0.00, value=43418.0
    [iter 1806630] reheat + diversify: ceiling=0.00, value=42965.0
    [iter 1812383] reheat + diversify: ceiling=0.00, value=39712.0
    [iter 1818136] reheat + diversify: ceiling=0.00, value=43296.0
    [iter 1823889] reheat + diversify: ceiling=0.00, value=36337.0
    [iter 1829642] reheat + diversify: ceiling=0.00, value=50562.0
    [iter 1835395] reheat + diversify: ceiling=0.00, value=34001.0
    [iter 1841148] reheat + diversify: ceiling=0.00, value=39590.0
    [iter 1846901] reheat + diversify: ceiling=0.00, value=35793.0
    [iter 1852654] reheat + diversify: ceiling=0.00, value=41382.0
    [iter 1858407] reheat + diversify: ceiling=0.00, value=45151.0
    [iter 1864160] reheat + diversify: ceiling=0.00, value=37770.0
    [iter 1869913] reheat + diversify: ceiling=0.00, value=41776.0
    [iter 1875666] reheat + diversify: ceiling=0.00, value=41232.0
    [iter 1881419] reheat + diversify: ceiling=0.00, value=50318.0
    [iter 1887172] reheat + diversify: ceiling=0.00, value=35943.0
    [iter 1892925] reheat + diversify: ceiling=0.00, value=39046.0
    [iter 1898678] reheat + diversify: ceiling=0.00, value=41145.0
    [iter 1904431] reheat + diversify: ceiling=0.00, value=41776.0
    [iter 1910184] reheat + diversify: ceiling=0.00, value=41504.0
    [iter 1915937] reheat + diversify: ceiling=0.00, value=41173.0
    [iter 1921690] reheat + diversify: ceiling=0.00, value=41232.0
    [iter 1927443] reheat + diversify: ceiling=0.00, value=50440.0
    [iter 1933196] reheat + diversify: ceiling=0.00, value=42937.0
    [iter 1938949] reheat + diversify: ceiling=0.00, value=35793.0
    [iter 1944702] reheat + diversify: ceiling=0.00, value=35943.0
    [iter 1950455] reheat + diversify: ceiling=0.00, value=52504.0
    [iter 1956208] reheat + diversify: ceiling=0.00, value=41776.0
    [iter 1961961] reheat + diversify: ceiling=0.00, value=43418.0
    [iter 1967714] reheat + diversify: ceiling=0.00, value=39318.0
    [iter 1973467] reheat + diversify: ceiling=0.00, value=41776.0
    [iter 1979220] reheat + diversify: ceiling=0.00, value=35943.0
    [iter 1984973] reheat + diversify: ceiling=0.00, value=34273.0
    [iter 1990726] reheat + diversify: ceiling=0.00, value=46462.0
    [iter 1996479] reheat + diversify: ceiling=0.00, value=41776.0
    [iter 2002232] reheat + diversify: ceiling=0.00, value=36065.0
    [iter 2007985] reheat + diversify: ceiling=0.00, value=37648.0
    [iter 2013738] reheat + diversify: ceiling=0.00, value=52110.0
    [iter 2019491] reheat + diversify: ceiling=0.00, value=39590.0
    [iter 2025244] reheat + diversify: ceiling=0.00, value=41776.0
    [iter 2030997] reheat + diversify: ceiling=0.00, value=50562.0
    [iter 2036750] reheat + diversify: ceiling=0.00, value=43146.0
    [iter 2042503] reheat + diversify: ceiling=0.00, value=39440.0
    [iter 2048256] reheat + diversify: ceiling=0.00, value=39440.0
    [iter 2054009] reheat + diversify: ceiling=0.00, value=52504.0
    [iter 2059762] reheat + diversify: ceiling=0.00, value=39834.0
    [iter 2065515] reheat + diversify: ceiling=0.00, value=41776.0
    [iter 2071268] reheat + diversify: ceiling=0.00, value=33757.0
    [iter 2077021] reheat + diversify: ceiling=0.00, value=43087.0
    [iter 2082774] reheat + diversify: ceiling=0.00, value=41382.0
    [iter 2088527] reheat + diversify: ceiling=0.00, value=34001.0
    [iter 2094280] reheat + diversify: ceiling=0.00, value=41382.0
    [iter 2100033] reheat + diversify: ceiling=0.00, value=40629.0
    [iter 2105786] reheat + diversify: ceiling=0.00, value=39590.0
    [iter 2111539] reheat + diversify: ceiling=0.00, value=52504.0
    [iter 2117292] reheat + diversify: ceiling=0.00, value=31843.0
    [iter 2123045] reheat + diversify: ceiling=0.00, value=42693.0
    [iter 2128798] reheat + diversify: ceiling=0.00, value=31693.0
    [iter 2134551] reheat + diversify: ceiling=0.00, value=34151.0
    [iter 2140304] reheat + diversify: ceiling=0.00, value=41626.0
    [iter 2146057] reheat + diversify: ceiling=0.00, value=52504.0
    [iter 2151810] reheat + diversify: ceiling=0.00, value=37376.0
    [iter 2157563] reheat + diversify: ceiling=0.00, value=32237.0
    [iter 2163316] reheat + diversify: ceiling=0.00, value=50318.0
    [iter 2169069] reheat + diversify: ceiling=0.00, value=52504.0
    [iter 2174822] reheat + diversify: ceiling=0.00, value=31843.0
    [iter 2180575] reheat + diversify: ceiling=0.00, value=35943.0
    [iter 2186328] reheat + diversify: ceiling=0.00, value=48376.0
    [iter 2192081] reheat + diversify: ceiling=0.00, value=41382.0
    [iter 2197834] reheat + diversify: ceiling=0.00, value=52504.0
    [iter 2203587] reheat + diversify: ceiling=0.00, value=35943.0
    [iter 2209340] reheat + diversify: ceiling=0.00, value=39590.0
    [iter 2215093] reheat + diversify: ceiling=0.00, value=39590.0
    [iter 2220846] reheat + diversify: ceiling=0.00, value=52504.0
    [iter 2226599] reheat + diversify: ceiling=0.00, value=39562.0
    [iter 2232352] reheat + diversify: ceiling=0.00, value=34273.0
    [iter 2238105] reheat + diversify: ceiling=0.00, value=45151.0
    [iter 2243858] reheat + diversify: ceiling=0.00, value=39562.0
    [iter 2249611] reheat + diversify: ceiling=0.00, value=52504.0
    [iter 2255364] reheat + diversify: ceiling=0.00, value=39712.0
    [iter 2261117] reheat + diversify: ceiling=0.00, value=43209.0
    [iter 2266870] reheat + diversify: ceiling=0.00, value=41382.0
    [iter 2272623] reheat + diversify: ceiling=0.00, value=39562.0
    [iter 2278376] reheat + diversify: ceiling=0.00, value=50318.0
    [iter 2284129] reheat + diversify: ceiling=0.00, value=39562.0
    [iter 2289882] reheat + diversify: ceiling=0.00, value=52504.0
    [iter 2295635] reheat + diversify: ceiling=0.00, value=33879.0
    [iter 2301388] reheat + diversify: ceiling=0.00, value=32087.0
    [iter 2307141] reheat + diversify: ceiling=0.00, value=36065.0
    [iter 2312894] reheat + diversify: ceiling=0.00, value=37376.0
    [iter 2318647] reheat + diversify: ceiling=0.00, value=41776.0
    [iter 2324400] reheat + diversify: ceiling=0.00, value=52504.0
    [iter 2330153] reheat + diversify: ceiling=0.00, value=52504.0
    [iter 2335906] reheat + diversify: ceiling=0.00, value=44729.0
    [iter 2341659] reheat + diversify: ceiling=0.00, value=32087.0
    [iter 2347412] reheat + diversify: ceiling=0.00, value=35462.0
    [iter 2353165] reheat + diversify: ceiling=0.00, value=35943.0
    [iter 2358918] reheat + diversify: ceiling=0.00, value=41382.0
    [iter 2364671] reheat + diversify: ceiling=0.00, value=43418.0
    [iter 2370424] reheat + diversify: ceiling=0.00, value=41776.0
    [iter 2376177] reheat + diversify: ceiling=0.00, value=43418.0
    [iter 2381930] reheat + diversify: ceiling=0.00, value=32087.0
    [iter 2387683] reheat + diversify: ceiling=0.00, value=41232.0
    [iter 2393436] reheat + diversify: ceiling=0.00, value=52504.0
    [iter 2399189] reheat + diversify: ceiling=0.00, value=52110.0
    [iter 2404942] reheat + diversify: ceiling=0.00, value=43568.0
    [iter 2410695] reheat + diversify: ceiling=0.00, value=30051.0
    [iter 2416448] reheat + diversify: ceiling=0.00, value=41776.0
    [iter 2422201] reheat + diversify: ceiling=0.00, value=41776.0
    [iter 2427954] reheat + diversify: ceiling=0.00, value=43568.0
    [iter 2433707] reheat + diversify: ceiling=0.00, value=33757.0
    [iter 2439460] reheat + diversify: ceiling=0.00, value=50318.0
    [iter 2445213] reheat + diversify: ceiling=0.00, value=41232.0
    [iter 2450966] reheat + diversify: ceiling=0.00, value=39562.0
    [iter 2456719] reheat + diversify: ceiling=0.00, value=39440.0
    [iter 2462472] reheat + diversify: ceiling=0.00, value=41232.0
    [iter 2468225] reheat + diversify: ceiling=0.00, value=37648.0
    [iter 2473978] reheat + diversify: ceiling=0.00, value=41776.0
    [iter 2479731] reheat + diversify: ceiling=0.00, value=35793.0
    [iter 2485484] reheat + diversify: ceiling=0.00, value=43690.0
    [iter 2491237] reheat + diversify: ceiling=0.00, value=41776.0
    [iter 2496990] reheat + diversify: ceiling=0.00, value=50168.0
    [iter 2502743] reheat + diversify: ceiling=0.00, value=39590.0
    [iter 2508496] reheat + diversify: ceiling=0.00, value=41232.0
    [iter 2514249] reheat + diversify: ceiling=0.00, value=52504.0
    [iter 2520002] reheat + diversify: ceiling=0.00, value=52504.0
    [iter 2525755] reheat + diversify: ceiling=0.00, value=41232.0
    [iter 2531508] reheat + diversify: ceiling=0.00, value=41776.0
    [iter 2537261] reheat + diversify: ceiling=0.00, value=41382.0
    [iter 2543014] reheat + diversify: ceiling=0.00, value=41776.0
    [iter 2548767] reheat + diversify: ceiling=0.00, value=52504.0
    [iter 2554520] reheat + diversify: ceiling=0.00, value=34001.0
    [iter 2560273] reheat + diversify: ceiling=0.00, value=39834.0
    [iter 2566026] reheat + diversify: ceiling=0.00, value=52504.0
    [iter 2571779] reheat + diversify: ceiling=0.00, value=35943.0
    [iter 2577532] reheat + diversify: ceiling=0.00, value=52504.0
    [iter 2583285] reheat + diversify: ceiling=0.00, value=50318.0
    [iter 2589038] reheat + diversify: ceiling=0.00, value=39834.0
    [iter 2594791] reheat + diversify: ceiling=0.00, value=43418.0
    [iter 2600544] reheat + diversify: ceiling=0.00, value=39590.0
    [iter 2606297] reheat + diversify: ceiling=0.00, value=41626.0
    [iter 2612050] reheat + diversify: ceiling=0.00, value=52504.0
    [iter 2617803] reheat + diversify: ceiling=0.00, value=41382.0
    [iter 2623556] reheat + diversify: ceiling=0.00, value=52504.0
    [iter 2629309] reheat + diversify: ceiling=0.00, value=39712.0
    [iter 2635062] reheat + diversify: ceiling=0.00, value=52504.0
    [iter 2640815] reheat + diversify: ceiling=0.00, value=39562.0
    [iter 2646568] reheat + diversify: ceiling=0.00, value=40779.0
    [iter 2652321] reheat + diversify: ceiling=0.00, value=42815.0
    [iter 2658074] reheat + diversify: ceiling=0.00, value=35793.0
    [iter 2663827] reheat + diversify: ceiling=0.00, value=34001.0
    [iter 2669580] reheat + diversify: ceiling=0.00, value=50318.0
    [iter 2675333] reheat + diversify: ceiling=0.00, value=42815.0
    [iter 2681086] reheat + diversify: ceiling=0.00, value=31965.0
    [iter 2686839] reheat + diversify: ceiling=0.00, value=33757.0
    [iter 2692592] reheat + diversify: ceiling=0.00, value=32481.0
    [iter 2698345] reheat + diversify: ceiling=0.00, value=32209.0
    [iter 2704098] reheat + diversify: ceiling=0.00, value=35943.0
    [iter 2709851] reheat + diversify: ceiling=0.00, value=39590.0
    [iter 2715604] reheat + diversify: ceiling=0.00, value=40751.0
    [iter 2721357] reheat + diversify: ceiling=0.00, value=33607.0
    [iter 2727110] reheat + diversify: ceiling=0.00, value=49924.0
    [iter 2732863] reheat + diversify: ceiling=0.00, value=52504.0
    [iter 2738616] reheat + diversify: ceiling=0.00, value=43359.0
    [iter 2744369] reheat + diversify: ceiling=0.00, value=37857.0
    [iter 2750122] reheat + diversify: ceiling=0.00, value=35943.0
    [iter 2755875] reheat + diversify: ceiling=0.00, value=39440.0
    [iter 2761628] reheat + diversify: ceiling=0.00, value=41776.0
    [iter 2767381] reheat + diversify: ceiling=0.00, value=41626.0
    [iter 2773134] reheat + diversify: ceiling=0.00, value=44879.0
    [iter 2778887] reheat + diversify: ceiling=0.00, value=41626.0
    [iter 2784640] reheat + diversify: ceiling=0.00, value=41354.0
    [iter 2790393] reheat + diversify: ceiling=0.00, value=39590.0
    [iter 2796146] reheat + diversify: ceiling=0.00, value=41023.0
    [iter 2801899] reheat + diversify: ceiling=0.00, value=35994.0
    [iter 2807652] reheat + diversify: ceiling=0.00, value=41232.0
    [iter 2813405] reheat + diversify: ceiling=0.00, value=48132.0
    [iter 2819158] reheat + diversify: ceiling=0.00, value=37648.0
    [iter 2824911] reheat + diversify: ceiling=0.00, value=41232.0
    [iter 2830664] reheat + diversify: ceiling=0.00, value=41382.0
    [iter 2836417] reheat + diversify: ceiling=0.00, value=52504.0
    [iter 2842170] reheat + diversify: ceiling=0.00, value=39562.0
    [iter 2847923] reheat + diversify: ceiling=0.00, value=35671.0
    [iter 2853676] reheat + diversify: ceiling=0.00, value=39440.0
    [iter 2859429] reheat + diversify: ceiling=0.00, value=37376.0
    [iter 2865182] reheat + diversify: ceiling=0.00, value=41776.0
    [iter 2870935] reheat + diversify: ceiling=0.00, value=33879.0
    [iter 2876688] reheat + diversify: ceiling=0.00, value=37770.0
    [iter 2882441] reheat + diversify: ceiling=0.00, value=52110.0
    [iter 2888194] reheat + diversify: ceiling=0.00, value=46462.0
    [iter 2893947] reheat + diversify: ceiling=0.00, value=50318.0
    [iter 2899700] reheat + diversify: ceiling=0.00, value=50168.0
    [iter 2905453] reheat + diversify: ceiling=0.00, value=45151.0
    [iter 2911206] reheat + diversify: ceiling=0.00, value=32087.0
    [iter 2916959] reheat + diversify: ceiling=0.00, value=37132.0
    [iter 2922712] reheat + diversify: ceiling=0.00, value=52504.0
    [iter 2928465] reheat + diversify: ceiling=0.00, value=35340.0
    [iter 2934218] reheat + diversify: ceiling=0.00, value=50562.0
    [iter 2939971] reheat + diversify: ceiling=0.00, value=43540.0
    [iter 2945724] reheat + diversify: ceiling=0.00, value=52110.0
    [iter 2951477] reheat + diversify: ceiling=0.00, value=52504.0
    [iter 2957230] reheat + diversify: ceiling=0.00, value=39590.0
    [iter 2962983] reheat + diversify: ceiling=0.00, value=52504.0
    [iter 2968736] reheat + diversify: ceiling=0.00, value=44879.0
    [iter 2974489] reheat + diversify: ceiling=0.00, value=37979.0
    [iter 2980242] reheat + diversify: ceiling=0.00, value=39196.0
    [iter 2985995] reheat + diversify: ceiling=0.00, value=52504.0
    [iter 2991748] reheat + diversify: ceiling=0.00, value=32209.0
    [iter 2997501] reheat + diversify: ceiling=0.00, value=32087.0
    [iter 3003254] reheat + diversify: ceiling=0.00, value=39712.0
    [iter 3009007] reheat + diversify: ceiling=0.00, value=39440.0
    [iter 3014760] reheat + diversify: ceiling=0.00, value=43568.0
    [iter 3020513] reheat + diversify: ceiling=0.00, value=34001.0
    [iter 3026266] reheat + diversify: ceiling=0.00, value=43418.0
    [iter 3032019] reheat + diversify: ceiling=0.00, value=32087.0
    [iter 3037772] reheat + diversify: ceiling=0.00, value=36065.0
    [iter 3043525] reheat + diversify: ceiling=0.00, value=35793.0
    [iter 3049278] reheat + diversify: ceiling=0.00, value=52504.0
    [iter 3055031] reheat + diversify: ceiling=0.00, value=36982.0
    [iter 3060784] reheat + diversify: ceiling=0.00, value=39168.0
    [iter 3066537] reheat + diversify: ceiling=0.00, value=33757.0
    [iter 3072290] reheat + diversify: ceiling=0.00, value=44879.0
    [iter 3078043] reheat + diversify: ceiling=0.00, value=35663.0
    [iter 3083796] reheat + diversify: ceiling=0.00, value=37979.0
    [iter 3089549] reheat + diversify: ceiling=0.00, value=36337.0
    [iter 3095302] reheat + diversify: ceiling=0.00, value=41776.0
    [iter 3101055] reheat + diversify: ceiling=0.00, value=46584.0
    [iter 3106808] reheat + diversify: ceiling=0.00, value=50318.0
    [iter 3112561] reheat + diversify: ceiling=0.00, value=33879.0
    [iter 3118314] reheat + diversify: ceiling=0.00, value=44879.0
    [iter 3124067] reheat + diversify: ceiling=0.00, value=36187.0
    [iter 3129820] reheat + diversify: ceiling=0.00, value=35943.0
    [iter 3135573] reheat + diversify: ceiling=0.00, value=35793.0
    [iter 3141326] reheat + diversify: ceiling=0.00, value=42815.0
    [iter 3147079] reheat + diversify: ceiling=0.00, value=35994.0
    [iter 3152832] reheat + diversify: ceiling=0.00, value=41232.0
    [iter 3158585] reheat + diversify: ceiling=0.00, value=34001.0
    [iter 3164338] reheat + diversify: ceiling=0.00, value=52504.0
    [iter 3170091] reheat + diversify: ceiling=0.00, value=52504.0
    [iter 3175844] reheat + diversify: ceiling=0.00, value=39562.0
    [iter 3181597] reheat + diversify: ceiling=0.00, value=39046.0
    [iter 3187350] reheat + diversify: ceiling=0.00, value=52504.0
    [iter 3193103] reheat + diversify: ceiling=0.00, value=41382.0
    [iter 3198856] reheat + diversify: ceiling=0.00, value=37735.0
    [iter 3204609] reheat + diversify: ceiling=0.00, value=52504.0
    [iter 3210362] reheat + diversify: ceiling=0.00, value=52504.0
    [iter 3216115] reheat + diversify: ceiling=0.00, value=41173.0
    [iter 3221868] reheat + diversify: ceiling=0.00, value=31843.0
    [iter 3227621] reheat + diversify: ceiling=0.00, value=35793.0
    [iter 3233374] reheat + diversify: ceiling=0.00, value=52504.0
    [iter 3239127] reheat + diversify: ceiling=0.00, value=41626.0
    [iter 3244880] reheat + diversify: ceiling=0.00, value=32087.0
    [iter 3250633] reheat + diversify: ceiling=0.00, value=52504.0
    [iter 3256386] reheat + diversify: ceiling=0.00, value=39168.0
    [iter 3262139] reheat + diversify: ceiling=0.00, value=52504.0
    [iter 3267892] reheat + diversify: ceiling=0.00, value=52504.0
    [iter 3273645] reheat + diversify: ceiling=0.00, value=41382.0
    [iter 3279398] reheat + diversify: ceiling=0.00, value=41232.0
    [iter 3285151] reheat + diversify: ceiling=0.00, value=35793.0
    [iter 3290904] reheat + diversify: ceiling=0.00, value=50562.0
    [iter 3296657] reheat + diversify: ceiling=0.00, value=36337.0
    [iter 3302410] reheat + diversify: ceiling=0.00, value=37648.0
    [iter 3308163] reheat + diversify: ceiling=0.00, value=35793.0
    [iter 3313916] reheat + diversify: ceiling=0.00, value=39834.0
    [iter 3319669] reheat + diversify: ceiling=0.00, value=41232.0
    [iter 3325422] reheat + diversify: ceiling=0.00, value=40901.0
    [iter 3331175] reheat + diversify: ceiling=0.00, value=32087.0
    [iter 3336928] reheat + diversify: ceiling=0.00, value=47065.0
    [iter 3342681] reheat + diversify: ceiling=0.00, value=37857.0
    [iter 3348434] reheat + diversify: ceiling=0.00, value=33607.0
    [iter 3354187] reheat + diversify: ceiling=0.00, value=43296.0
    [iter 3359940] reheat + diversify: ceiling=0.00, value=39590.0
    [iter 3365693] reheat + diversify: ceiling=0.00, value=36187.0
    [iter 3371446] reheat + diversify: ceiling=0.00, value=50562.0
    [iter 3377199] reheat + diversify: ceiling=0.00, value=52504.0
    [iter 3382952] reheat + diversify: ceiling=0.00, value=39590.0
    [iter 3388705] reheat + diversify: ceiling=0.00, value=39590.0
    [iter 3394458] reheat + diversify: ceiling=0.00, value=45151.0
    [iter 3400211] reheat + diversify: ceiling=0.00, value=31843.0
    [iter 3405964] reheat + diversify: ceiling=0.00, value=39590.0
    [iter 3411717] reheat + diversify: ceiling=0.00, value=52504.0
    [iter 3417470] reheat + diversify: ceiling=0.00, value=30051.0
    [iter 3423223] reheat + diversify: ceiling=0.00, value=52110.0
    [iter 3428976] reheat + diversify: ceiling=0.00, value=35793.0
    [iter 3434729] reheat + diversify: ceiling=0.00, value=41382.0
    [iter 3440482] reheat + diversify: ceiling=0.00, value=35793.0
    [iter 3446235] reheat + diversify: ceiling=0.00, value=34001.0
    [iter 3451988] reheat + diversify: ceiling=0.00, value=41173.0
    [iter 3457741] reheat + diversify: ceiling=0.00, value=52504.0
    [iter 3463494] reheat + diversify: ceiling=0.00, value=45151.0
    [iter 3469247] reheat + diversify: ceiling=0.00, value=45273.0
    [iter 3475000] reheat + diversify: ceiling=0.00, value=41776.0
    [iter 3480753] reheat + diversify: ceiling=0.00, value=34395.0
    [iter 3486506] reheat + diversify: ceiling=0.00, value=44729.0
    [iter 3492259] reheat + diversify: ceiling=0.00, value=41232.0
    [iter 3498012] reheat + diversify: ceiling=0.00, value=32087.0
    [iter 3503765] reheat + diversify: ceiling=0.00, value=34029.0
    [iter 3509518] reheat + diversify: ceiling=0.00, value=52504.0
    [iter 3515271] reheat + diversify: ceiling=0.00, value=35793.0
    [iter 3521024] reheat + diversify: ceiling=0.00, value=35943.0
    [iter 3526777] reheat + diversify: ceiling=0.00, value=41776.0
    [iter 3532530] reheat + diversify: ceiling=0.00, value=36187.0
    [iter 3538283] reheat + diversify: ceiling=0.00, value=39590.0
    [iter 3544036] reheat + diversify: ceiling=0.00, value=41776.0
    [iter 3549789] reheat + diversify: ceiling=0.00, value=52504.0
    [iter 3555542] reheat + diversify: ceiling=0.00, value=36065.0
    [iter 3561295] reheat + diversify: ceiling=0.00, value=32087.0
    [iter 3567048] reheat + diversify: ceiling=0.00, value=52504.0
    [iter 3572801] reheat + diversify: ceiling=0.00, value=44729.0
    [iter 3578554] reheat + diversify: ceiling=0.00, value=34001.0
    [iter 3584307] reheat + diversify: ceiling=0.00, value=41776.0
    [iter 3590060] reheat + diversify: ceiling=0.00, value=52504.0
    [iter 3595813] reheat + diversify: ceiling=0.00, value=39562.0
    [iter 3601566] reheat + diversify: ceiling=0.00, value=41776.0
    [iter 3607319] reheat + diversify: ceiling=0.00, value=41232.0
    [iter 3613072] reheat + diversify: ceiling=0.00, value=41626.0
    [iter 3618825] reheat + diversify: ceiling=0.00, value=39590.0
    [iter 3624578] reheat + diversify: ceiling=0.00, value=52504.0
    [iter 3630331] reheat + diversify: ceiling=0.00, value=39440.0
    [iter 3636084] reheat + diversify: ceiling=0.00, value=41382.0
    [iter 3641837] reheat + diversify: ceiling=0.00, value=39562.0
    [iter 3647590] reheat + diversify: ceiling=0.00, value=36337.0
    [iter 3653343] reheat + diversify: ceiling=0.00, value=52504.0
    [iter 3659096] reheat + diversify: ceiling=0.00, value=39440.0
    [iter 3664849] reheat + diversify: ceiling=0.00, value=36065.0
    [iter 3670602] reheat + diversify: ceiling=0.00, value=33879.0
    [iter 3676355] reheat + diversify: ceiling=0.00, value=35793.0
    [iter 3682108] reheat + diversify: ceiling=0.00, value=35793.0
    [iter 3687861] reheat + diversify: ceiling=0.00, value=39440.0
    [iter 3693614] reheat + diversify: ceiling=0.00, value=41232.0
    [iter 3699367] reheat + diversify: ceiling=0.00, value=39440.0
    [iter 3705120] reheat + diversify: ceiling=0.00, value=52504.0
    [iter 3710873] reheat + diversify: ceiling=0.00, value=41232.0
    [iter 3716626] reheat + diversify: ceiling=0.00, value=52504.0
    [iter 3722379] reheat + diversify: ceiling=0.00, value=44757.0
    [iter 3728132] reheat + diversify: ceiling=0.00, value=41232.0
    [iter 3733885] reheat + diversify: ceiling=0.00, value=41776.0
    [iter 3739638] reheat + diversify: ceiling=0.00, value=41626.0
    [iter 3745391] reheat + diversify: ceiling=0.00, value=41382.0
    [iter 3751144] reheat + diversify: ceiling=0.00, value=39562.0
    [iter 3756897] reheat + diversify: ceiling=0.00, value=39196.0
    [iter 3762650] reheat + diversify: ceiling=0.00, value=41382.0
    [iter 3768403] reheat + diversify: ceiling=0.00, value=41626.0
    [iter 3774156] reheat + diversify: ceiling=0.00, value=37857.0
    [iter 3779909] reheat + diversify: ceiling=0.00, value=41023.0
    [iter 3785662] reheat + diversify: ceiling=0.00, value=40751.0
    [iter 3791415] reheat + diversify: ceiling=0.00, value=44879.0
    [iter 3797168] reheat + diversify: ceiling=0.00, value=41626.0
    [iter 3802921] reheat + diversify: ceiling=0.00, value=41023.0
    [iter 3808674] reheat + diversify: ceiling=0.00, value=35793.0
    [iter 3814427] reheat + diversify: ceiling=0.00, value=44879.0
    [iter 3820180] reheat + diversify: ceiling=0.00, value=34001.0
    [iter 3825933] reheat + diversify: ceiling=0.00, value=48404.0
    [iter 3831686] reheat + diversify: ceiling=0.00, value=33757.0
    [iter 3837439] reheat + diversify: ceiling=0.00, value=41776.0
    [iter 3843192] reheat + diversify: ceiling=0.00, value=41504.0
    [iter 3848945] reheat + diversify: ceiling=0.00, value=42815.0
    [iter 3854698] reheat + diversify: ceiling=0.00, value=52504.0
    [iter 3860451] reheat + diversify: ceiling=0.00, value=39590.0
    [iter 3866204] reheat + diversify: ceiling=0.00, value=42965.0
    [iter 3871957] reheat + diversify: ceiling=0.00, value=41776.0
    [iter 3877710] reheat + diversify: ceiling=0.00, value=41232.0
    [iter 3883463] reheat + diversify: ceiling=0.00, value=47065.0
    [iter 3889216] reheat + diversify: ceiling=0.00, value=37526.0
    [iter 3894969] reheat + diversify: ceiling=0.00, value=52504.0
    [iter 3900722] reheat + diversify: ceiling=0.00, value=44879.0
    [iter 3906475] reheat + diversify: ceiling=0.00, value=52504.0
    [iter 3912228] reheat + diversify: ceiling=0.00, value=39834.0
    [iter 3917981] reheat + diversify: ceiling=0.00, value=41382.0
    [iter 3923734] reheat + diversify: ceiling=0.00, value=30417.0
    [iter 3929487] reheat + diversify: ceiling=0.00, value=30023.0
    [iter 3935240] reheat + diversify: ceiling=0.00, value=31843.0
    [iter 3940993] reheat + diversify: ceiling=0.00, value=42693.0
    [iter 3946746] reheat + diversify: ceiling=0.00, value=41382.0
    [iter 3952499] reheat + diversify: ceiling=0.00, value=52504.0
    [iter 3958252] reheat + diversify: ceiling=0.00, value=33879.0
    [iter 3964005] reheat + diversify: ceiling=0.00, value=39834.0
    [iter 3969758] reheat + diversify: ceiling=0.00, value=34029.0
    [iter 3975511] reheat + diversify: ceiling=0.00, value=41232.0
    [iter 3981264] reheat + diversify: ceiling=0.00, value=34273.0
    [iter 3987017] reheat + diversify: ceiling=0.00, value=41232.0
    [iter 3992770] reheat + diversify: ceiling=0.00, value=34001.0
    [iter 3998523] reheat + diversify: ceiling=0.00, value=43568.0
    [iter 4004276] reheat + diversify: ceiling=0.00, value=35943.0
    [iter 4010029] reheat + diversify: ceiling=0.00, value=52110.0
    [iter 4015782] reheat + diversify: ceiling=0.00, value=35821.0
    [iter 4021535] reheat + diversify: ceiling=0.00, value=43418.0
    [iter 4027288] reheat + diversify: ceiling=0.00, value=43568.0
    [iter 4033041] reheat + diversify: ceiling=0.00, value=41232.0
    [iter 4038794] reheat + diversify: ceiling=0.00, value=43174.0
    [iter 4044547] reheat + diversify: ceiling=0.00, value=52504.0
    [iter 4050300] reheat + diversify: ceiling=0.00, value=41232.0
    [iter 4056053] reheat + diversify: ceiling=0.00, value=39440.0
    [iter 4061806] reheat + diversify: ceiling=0.00, value=32087.0
    [iter 4067559] reheat + diversify: ceiling=0.00, value=34001.0
    [iter 4073312] reheat + diversify: ceiling=0.00, value=39562.0
    [iter 4079065] reheat + diversify: ceiling=0.00, value=39562.0
    [iter 4084818] reheat + diversify: ceiling=0.00, value=39440.0
    [iter 4090571] reheat + diversify: ceiling=0.00, value=41776.0
    [iter 4096324] reheat + diversify: ceiling=0.00, value=37376.0
    [iter 4102077] reheat + diversify: ceiling=0.00, value=50318.0
    [iter 4107830] reheat + diversify: ceiling=0.00, value=35793.0
    [iter 4113583] reheat + diversify: ceiling=0.00, value=39440.0
    [iter 4119336] reheat + diversify: ceiling=0.00, value=52504.0
    [iter 4125089] reheat + diversify: ceiling=0.00, value=34001.0
    [iter 4130842] reheat + diversify: ceiling=0.00, value=42965.0
    [iter 4136595] reheat + diversify: ceiling=0.00, value=50318.0
    [iter 4142348] reheat + diversify: ceiling=0.00, value=39590.0
    [iter 4148101] reheat + diversify: ceiling=0.00, value=39440.0
    [iter 4153854] reheat + diversify: ceiling=0.00, value=52110.0
    [iter 4159607] reheat + diversify: ceiling=0.00, value=52504.0
    [iter 4165360] reheat + diversify: ceiling=0.00, value=39440.0
    [iter 4171113] reheat + diversify: ceiling=0.00, value=37404.0
    [iter 4176866] reheat + diversify: ceiling=0.00, value=32087.0
    [iter 4182619] reheat + diversify: ceiling=0.00, value=35793.0
    [iter 4188372] reheat + diversify: ceiling=0.00, value=35671.0
    [iter 4194125] reheat + diversify: ceiling=0.00, value=30051.0
    [iter 4199878] reheat + diversify: ceiling=0.00, value=35793.0
    [iter 4205631] reheat + diversify: ceiling=0.00, value=50318.0
    [iter 4211384] reheat + diversify: ceiling=0.00, value=52504.0
    [iter 4217137] reheat + diversify: ceiling=0.00, value=41776.0
    [iter 4222890] reheat + diversify: ceiling=0.00, value=46671.0
    [iter 4228643] reheat + diversify: ceiling=0.00, value=52504.0
    [iter 4234396] reheat + diversify: ceiling=0.00, value=39440.0
    [iter 4240149] reheat + diversify: ceiling=0.00, value=36065.0
    [iter 4245902] reheat + diversify: ceiling=0.00, value=31815.0
    [iter 4251655] reheat + diversify: ceiling=0.00, value=50168.0
    [iter 4257408] reheat + diversify: ceiling=0.00, value=26317.0
    [iter 4263161] reheat + diversify: ceiling=0.00, value=43418.0
    [iter 4268914] reheat + diversify: ceiling=0.00, value=39834.0
    [iter 4274667] reheat + diversify: ceiling=0.00, value=52504.0
    [iter 4280420] reheat + diversify: ceiling=0.00, value=43568.0
    [iter 4286173] reheat + diversify: ceiling=0.00, value=32087.0
    [iter 4291926] reheat + diversify: ceiling=0.00, value=41382.0
    [iter 4297679] reheat + diversify: ceiling=0.00, value=50318.0
    [iter 4303432] reheat + diversify: ceiling=0.00, value=41776.0
    [iter 4309185] reheat + diversify: ceiling=0.00, value=41626.0
    [iter 4314938] reheat + diversify: ceiling=0.00, value=41382.0
    [iter 4320691] reheat + diversify: ceiling=0.00, value=35943.0
    [iter 4326444] reheat + diversify: ceiling=0.00, value=52504.0
    [iter 4332197] reheat + diversify: ceiling=0.00, value=52110.0
    [iter 4337950] reheat + diversify: ceiling=0.00, value=33879.0
    [iter 4343703] reheat + diversify: ceiling=0.00, value=41626.0
    [iter 4349456] reheat + diversify: ceiling=0.00, value=43087.0
    [iter 4355209] reheat + diversify: ceiling=0.00, value=39562.0
    [iter 4360962] reheat + diversify: ceiling=0.00, value=35671.0
    [iter 4366715] reheat + diversify: ceiling=0.00, value=52504.0
    [iter 4372468] reheat + diversify: ceiling=0.00, value=39590.0
    [iter 4378221] reheat + diversify: ceiling=0.00, value=35793.0
    [iter 4383974] reheat + diversify: ceiling=0.00, value=39562.0
    [iter 4389727] reheat + diversify: ceiling=0.00, value=41232.0
    [iter 4395480] reheat + diversify: ceiling=0.00, value=41776.0
    [iter 4401233] reheat + diversify: ceiling=0.00, value=41382.0
    [iter 4406986] reheat + diversify: ceiling=0.00, value=41232.0
    [iter 4412739] reheat + diversify: ceiling=0.00, value=35612.0
    [iter 4418492] reheat + diversify: ceiling=0.00, value=41382.0
    [iter 4424245] reheat + diversify: ceiling=0.00, value=33879.0
    [iter 4429998] reheat + diversify: ceiling=0.00, value=39562.0
    [iter 4435751] reheat + diversify: ceiling=0.00, value=34001.0
    [iter 4441504] reheat + diversify: ceiling=0.00, value=32087.0
    [iter 4447257] reheat + diversify: ceiling=0.00, value=41626.0
    [iter 4453010] reheat + diversify: ceiling=0.00, value=37376.0
    [iter 4458763] reheat + diversify: ceiling=0.00, value=36187.0
    [iter 4464516] reheat + diversify: ceiling=0.00, value=36065.0
    [iter 4470269] reheat + diversify: ceiling=0.00, value=34001.0
    [iter 4476022] reheat + diversify: ceiling=0.00, value=52504.0
    [iter 4481775] reheat + diversify: ceiling=0.00, value=35671.0
    [iter 4487528] reheat + diversify: ceiling=0.00, value=39562.0
    [iter 4493281] reheat + diversify: ceiling=0.00, value=52504.0
    [iter 4499034] reheat + diversify: ceiling=0.00, value=34395.0
    [iter 4504787] reheat + diversify: ceiling=0.00, value=50318.0
    [iter 4510540] reheat + diversify: ceiling=0.00, value=52504.0
    [iter 4516293] reheat + diversify: ceiling=0.00, value=36065.0
    [iter 4522046] reheat + diversify: ceiling=0.00, value=47065.0
    [iter 4527799] reheat + diversify: ceiling=0.00, value=52504.0
    [iter 4533552] reheat + diversify: ceiling=0.00, value=52504.0
    [iter 4539305] reheat + diversify: ceiling=0.00, value=39168.0
    [iter 4545058] reheat + diversify: ceiling=0.00, value=50046.0
    [iter 4550811] reheat + diversify: ceiling=0.00, value=52110.0
    [iter 4556564] reheat + diversify: ceiling=0.00, value=36065.0
    [iter 4562317] reheat + diversify: ceiling=0.00, value=44729.0
    [iter 4568070] reheat + diversify: ceiling=0.00, value=36065.0
    [iter 4573823] reheat + diversify: ceiling=0.00, value=41145.0
    [iter 4579576] reheat + diversify: ceiling=0.00, value=43146.0
    [iter 4585329] reheat + diversify: ceiling=0.00, value=35943.0
    [iter 4591082] reheat + diversify: ceiling=0.00, value=43146.0
    [iter 4596835] reheat + diversify: ceiling=0.00, value=41776.0
    [iter 4602588] reheat + diversify: ceiling=0.00, value=33879.0
    [iter 4608341] reheat + diversify: ceiling=0.00, value=41232.0
    [iter 4614094] reheat + diversify: ceiling=0.00, value=52504.0
    [iter 4619847] reheat + diversify: ceiling=0.00, value=39318.0
    [iter 4625600] reheat + diversify: ceiling=0.00, value=41232.0
    [iter 4631353] reheat + diversify: ceiling=0.00, value=39834.0
    [iter 4637106] reheat + diversify: ceiling=0.00, value=39196.0
    [iter 4642859] reheat + diversify: ceiling=0.00, value=31843.0
    [iter 4648612] reheat + diversify: ceiling=0.00, value=43296.0
    [iter 4654365] reheat + diversify: ceiling=0.00, value=36187.0
    [iter 4660118] reheat + diversify: ceiling=0.00, value=41232.0
    [iter 4665871] reheat + diversify: ceiling=0.00, value=37857.0
    [iter 4671624] reheat + diversify: ceiling=0.00, value=41776.0
    [iter 4677377] reheat + diversify: ceiling=0.00, value=50318.0
    [iter 4683130] reheat + diversify: ceiling=0.00, value=35793.0
    [iter 4688883] reheat + diversify: ceiling=0.00, value=39590.0
    [iter 4694636] reheat + diversify: ceiling=0.00, value=39318.0
    [iter 4700389] reheat + diversify: ceiling=0.00, value=34001.0
    [iter 4706142] reheat + diversify: ceiling=0.00, value=36215.0
    [iter 4711895] reheat + diversify: ceiling=0.00, value=39562.0
    [iter 4717648] reheat + diversify: ceiling=0.00, value=41173.0
    [iter 4723401] reheat + diversify: ceiling=0.00, value=35793.0
    [iter 4729154] reheat + diversify: ceiling=0.00, value=43568.0
    [iter 4734907] reheat + diversify: ceiling=0.00, value=52504.0
    [iter 4740660] reheat + diversify: ceiling=0.00, value=34001.0
    [iter 4746413] reheat + diversify: ceiling=0.00, value=39196.0
    [iter 4752166] reheat + diversify: ceiling=0.00, value=39984.0
    [iter 4757919] reheat + diversify: ceiling=0.00, value=41626.0
    [iter 4763672] reheat + diversify: ceiling=0.00, value=33879.0
    [iter 4769425] reheat + diversify: ceiling=0.00, value=41382.0
    [iter 4775178] reheat + diversify: ceiling=0.00, value=41382.0
    [iter 4780931] reheat + diversify: ceiling=0.00, value=50318.0
    [iter 4786684] reheat + diversify: ceiling=0.00, value=41232.0
    [iter 4792437] reheat + diversify: ceiling=0.00, value=33879.0
    [iter 4798190] reheat + diversify: ceiling=0.00, value=52504.0
    [iter 4803943] reheat + diversify: ceiling=0.00, value=35462.0
    [iter 4809696] reheat + diversify: ceiling=0.00, value=35734.0
    [iter 4815449] reheat + diversify: ceiling=0.00, value=33879.0
    [iter 4821202] reheat + diversify: ceiling=0.00, value=29901.0
    [iter 4826955] reheat + diversify: ceiling=0.00, value=33879.0
    [iter 4832708] reheat + diversify: ceiling=0.00, value=35793.0
    [iter 4838461] reheat + diversify: ceiling=0.00, value=44729.0
    [iter 4844214] reheat + diversify: ceiling=0.00, value=36065.0
    [iter 4849967] reheat + diversify: ceiling=0.00, value=50318.0
    [iter 4855720] reheat + diversify: ceiling=0.00, value=39590.0
    [iter 4861473] reheat + diversify: ceiling=0.00, value=33757.0
    [iter 4867226] reheat + diversify: ceiling=0.00, value=39440.0
    [iter 4872979] reheat + diversify: ceiling=0.00, value=41626.0
    [iter 4878732] reheat + diversify: ceiling=0.00, value=41232.0
    [iter 4884485] reheat + diversify: ceiling=0.00, value=41232.0
    [iter 4890238] reheat + diversify: ceiling=0.00, value=34001.0
    [iter 4895991] reheat + diversify: ceiling=0.00, value=30023.0
    [iter 4901744] reheat + diversify: ceiling=0.00, value=37770.0
    [iter 4907497] reheat + diversify: ceiling=0.00, value=34001.0
    [iter 4913250] reheat + diversify: ceiling=0.00, value=50318.0
    [iter 4919003] reheat + diversify: ceiling=0.00, value=34001.0
    [iter 4924756] reheat + diversify: ceiling=0.00, value=33879.0
    [iter 4930509] reheat + diversify: ceiling=0.00, value=35793.0
    [iter 4936262] reheat + diversify: ceiling=0.00, value=50318.0
    [iter 4942015] reheat + diversify: ceiling=0.00, value=37857.0
    [iter 4947768] reheat + diversify: ceiling=0.00, value=42965.0
    [iter 4953521] reheat + diversify: ceiling=0.00, value=39763.0
    [iter 4959274] reheat + diversify: ceiling=0.00, value=41776.0
    [iter 4965027] reheat + diversify: ceiling=0.00, value=46584.0
    [iter 4970780] reheat + diversify: ceiling=0.00, value=52504.0
    [iter 4976533] reheat + diversify: ceiling=0.00, value=37376.0
    [iter 4982286] reheat + diversify: ceiling=0.00, value=33879.0
    [iter 4988039] reheat + diversify: ceiling=0.00, value=37857.0
    [iter 4993792] reheat + diversify: ceiling=0.00, value=34001.0
    [iter 4999545] reheat + diversify: ceiling=0.00, value=36065.0
    [iter 5005298] reheat + diversify: ceiling=0.00, value=33879.0
    [iter 5011051] reheat + diversify: ceiling=0.00, value=35793.0
    [iter 5016804] reheat + diversify: ceiling=0.00, value=39712.0
    [iter 5022557] reheat + diversify: ceiling=0.00, value=34029.0
    [iter 5028310] reheat + diversify: ceiling=0.00, value=39590.0
    [iter 5034063] reheat + diversify: ceiling=0.00, value=41232.0
    [iter 5039816] reheat + diversify: ceiling=0.00, value=33757.0
    [iter 5045569] reheat + diversify: ceiling=0.00, value=37526.0
    [iter 5051322] reheat + diversify: ceiling=0.00, value=39590.0
    [iter 5057075] reheat + diversify: ceiling=0.00, value=41776.0
    [iter 5062828] reheat + diversify: ceiling=0.00, value=43087.0
    [iter 5068581] reheat + diversify: ceiling=0.00, value=32087.0
    [iter 5074334] reheat + diversify: ceiling=0.00, value=43418.0
    [iter 5080087] reheat + diversify: ceiling=0.00, value=39562.0
    [iter 5085840] reheat + diversify: ceiling=0.00, value=34001.0
    [iter 5091593] reheat + diversify: ceiling=0.00, value=41776.0
    [iter 5097346] reheat + diversify: ceiling=0.00, value=39440.0
    [iter 5103099] reheat + diversify: ceiling=0.00, value=41232.0
    [iter 5108852] reheat + diversify: ceiling=0.00, value=41776.0
    [iter 5114605] reheat + diversify: ceiling=0.00, value=39562.0
    [iter 5120358] reheat + diversify: ceiling=0.00, value=41776.0
    [iter 5126111] reheat + diversify: ceiling=0.00, value=41382.0
    [iter 5131864] reheat + diversify: ceiling=0.00, value=33879.0
    [iter 5137617] reheat + diversify: ceiling=0.00, value=52504.0
    [iter 5143370] reheat + diversify: ceiling=0.00, value=39590.0
    [iter 5149123] reheat + diversify: ceiling=0.00, value=48376.0
    [iter 5154876] reheat + diversify: ceiling=0.00, value=34001.0
    [iter 5160629] reheat + diversify: ceiling=0.00, value=44757.0
    [iter 5166382] reheat + diversify: ceiling=0.00, value=34029.0
    [iter 5172135] reheat + diversify: ceiling=0.00, value=52504.0
    [iter 5177888] reheat + diversify: ceiling=0.00, value=39590.0
    [iter 5183641] reheat + diversify: ceiling=0.00, value=52504.0
    [iter 5189394] reheat + diversify: ceiling=0.00, value=52504.0
    [iter 5195147] reheat + diversify: ceiling=0.00, value=34001.0
    [iter 5200900] reheat + diversify: ceiling=0.00, value=35340.0
    [iter 5206653] reheat + diversify: ceiling=0.00, value=41776.0
    [iter 5212406] reheat + diversify: ceiling=0.00, value=39440.0
    [iter 5218159] reheat + diversify: ceiling=0.00, value=39590.0
    [iter 5223912] reheat + diversify: ceiling=0.00, value=41232.0
    [iter 5229665] reheat + diversify: ceiling=0.00, value=52110.0
    [iter 5235418] reheat + diversify: ceiling=0.00, value=39168.0
    [iter 5241171] reheat + diversify: ceiling=0.00, value=41382.0
    [iter 5246924] reheat + diversify: ceiling=0.00, value=33879.0
    [iter 5252677] reheat + diversify: ceiling=0.00, value=41776.0
    [iter 5258430] reheat + diversify: ceiling=0.00, value=35462.0
    [iter 5264183] reheat + diversify: ceiling=0.00, value=32087.0
    [iter 5269936] reheat + diversify: ceiling=0.00, value=37376.0
    [iter 5275689] reheat + diversify: ceiling=0.00, value=50562.0
    [iter 5281442] reheat + diversify: ceiling=0.00, value=34001.0
    [iter 5287195] reheat + diversify: ceiling=0.00, value=41023.0
    [iter 5292948] reheat + diversify: ceiling=0.00, value=41626.0
    [iter 5298701] reheat + diversify: ceiling=0.00, value=35943.0
    [iter 5304454] reheat + diversify: ceiling=0.00, value=52504.0
    [iter 5310207] reheat + diversify: ceiling=0.00, value=41626.0
    [iter 5315960] reheat + diversify: ceiling=0.00, value=33879.0
    [iter 5321713] reheat + diversify: ceiling=0.00, value=44607.0
    [iter 5327466] reheat + diversify: ceiling=0.00, value=36065.0
    [iter 5333219] reheat + diversify: ceiling=0.00, value=34029.0
    [iter 5338972] reheat + diversify: ceiling=0.00, value=41382.0
    [iter 5344725] reheat + diversify: ceiling=0.00, value=39196.0
    [iter 5350478] reheat + diversify: ceiling=0.00, value=52504.0
    [iter 5356231] reheat + diversify: ceiling=0.00, value=39046.0
    [iter 5361984] reheat + diversify: ceiling=0.00, value=36065.0
    [iter 5367737] reheat + diversify: ceiling=0.00, value=39440.0
    [iter 5373490] reheat + diversify: ceiling=0.00, value=37376.0
    [iter 5379243] reheat + diversify: ceiling=0.00, value=29901.0
    [iter 5384996] reheat + diversify: ceiling=0.00, value=39440.0
    [iter 5390749] reheat + diversify: ceiling=0.00, value=50318.0
    [iter 5396502] reheat + diversify: ceiling=0.00, value=43568.0
    [iter 5402255] reheat + diversify: ceiling=0.00, value=33154.0
    [iter 5408008] reheat + diversify: ceiling=0.00, value=43296.0
    [iter 5413761] reheat + diversify: ceiling=0.00, value=52504.0
    [iter 5419514] reheat + diversify: ceiling=0.00, value=52504.0
    [iter 5425267] reheat + diversify: ceiling=0.00, value=39834.0
    [iter 5431020] reheat + diversify: ceiling=0.00, value=35943.0
    [iter 5436773] reheat + diversify: ceiling=0.00, value=50318.0
    [iter 5442526] reheat + diversify: ceiling=0.00, value=39834.0
    [iter 5448279] reheat + diversify: ceiling=0.00, value=34029.0
    [iter 5454032] reheat + diversify: ceiling=0.00, value=42965.0
    [iter 5459785] reheat + diversify: ceiling=0.00, value=52504.0
    [iter 5465538] reheat + diversify: ceiling=0.00, value=32209.0
    [iter 5471291] reheat + diversify: ceiling=0.00, value=41776.0
    [iter 5477044] reheat + diversify: ceiling=0.00, value=39562.0
    [iter 5482797] reheat + diversify: ceiling=0.00, value=35793.0
    [iter 5488550] reheat + diversify: ceiling=0.00, value=39834.0
    [iter 5494303] reheat + diversify: ceiling=0.00, value=33757.0
    [iter 5500056] reheat + diversify: ceiling=0.00, value=45151.0
    [iter 5505809] reheat + diversify: ceiling=0.00, value=41232.0
    [iter 5511562] reheat + diversify: ceiling=0.00, value=36065.0
    [iter 5517315] reheat + diversify: ceiling=0.00, value=34029.0
    [iter 5523068] reheat + diversify: ceiling=0.00, value=52110.0
    [iter 5528821] reheat + diversify: ceiling=0.00, value=52504.0
    [iter 5534574] reheat + diversify: ceiling=0.00, value=52504.0
    [iter 5540327] reheat + diversify: ceiling=0.00, value=42815.0
    [iter 5546080] reheat + diversify: ceiling=0.00, value=42965.0
    [iter 5551833] reheat + diversify: ceiling=0.00, value=50562.0
    [iter 5557586] reheat + diversify: ceiling=0.00, value=36187.0
    [iter 5563339] reheat + diversify: ceiling=0.00, value=39440.0
    [iter 5569092] reheat + diversify: ceiling=0.00, value=35793.0
    [iter 5574845] reheat + diversify: ceiling=0.00, value=50562.0
    [iter 5580598] reheat + diversify: ceiling=0.00, value=32209.0
    [iter 5586351] reheat + diversify: ceiling=0.00, value=50562.0
    [iter 5592104] reheat + diversify: ceiling=0.00, value=52504.0
    [iter 5597857] reheat + diversify: ceiling=0.00, value=39562.0
    [iter 5603610] reheat + diversify: ceiling=0.00, value=33879.0
    [iter 5609363] reheat + diversify: ceiling=0.00, value=41776.0
    [iter 5615116] reheat + diversify: ceiling=0.00, value=41382.0
    [iter 5620869] reheat + diversify: ceiling=0.00, value=37376.0
    [iter 5626622] reheat + diversify: ceiling=0.00, value=39590.0
    [iter 5632375] reheat + diversify: ceiling=0.00, value=52504.0
    [iter 5638128] reheat + diversify: ceiling=0.00, value=50318.0
    [iter 5643881] reheat + diversify: ceiling=0.00, value=45151.0
    [iter 5649634] reheat + diversify: ceiling=0.00, value=34001.0
    [iter 5655387] reheat + diversify: ceiling=0.00, value=34423.0
    [iter 5661140] reheat + diversify: ceiling=0.00, value=41232.0
    [iter 5666893] reheat + diversify: ceiling=0.00, value=41776.0
    [iter 5672646] reheat + diversify: ceiling=0.00, value=34001.0
    [iter 5678399] reheat + diversify: ceiling=0.00, value=34029.0
    [iter 5684152] reheat + diversify: ceiling=0.00, value=32209.0
    [iter 5689905] reheat + diversify: ceiling=0.00, value=42965.0
    [iter 5695658] reheat + diversify: ceiling=0.00, value=33879.0
    [iter 5701411] reheat + diversify: ceiling=0.00, value=41626.0
    [iter 5707164] reheat + diversify: ceiling=0.00, value=39196.0
    [iter 5712917] reheat + diversify: ceiling=0.00, value=36065.0
    [iter 5718670] reheat + diversify: ceiling=0.00, value=35793.0
    [iter 5724423] reheat + diversify: ceiling=0.00, value=35943.0
    [iter 5730176] reheat + diversify: ceiling=0.00, value=52504.0
    [iter 5735929] reheat + diversify: ceiling=0.00, value=35793.0
    [iter 5741682] reheat + diversify: ceiling=0.00, value=39369.0
    [iter 5747435] reheat + diversify: ceiling=0.00, value=42965.0
    [iter 5753188] reheat + diversify: ceiling=0.00, value=32209.0
    [iter 5758941] reheat + diversify: ceiling=0.00, value=35943.0
    [iter 5764694] reheat + diversify: ceiling=0.00, value=50562.0
    [iter 5770447] reheat + diversify: ceiling=0.00, value=52504.0
    [iter 5776200] reheat + diversify: ceiling=0.00, value=34001.0
    [iter 5781953] reheat + diversify: ceiling=0.00, value=41626.0
    [iter 5787706] reheat + diversify: ceiling=0.00, value=33879.0
    [iter 5793459] reheat + diversify: ceiling=0.00, value=52504.0
    [iter 5799212] reheat + diversify: ceiling=0.00, value=34001.0
    [iter 5804965] reheat + diversify: ceiling=0.00, value=32237.0
    [iter 5810718] reheat + diversify: ceiling=0.00, value=34273.0
    [iter 5816471] reheat + diversify: ceiling=0.00, value=36187.0
    [iter 5822224] reheat + diversify: ceiling=0.00, value=36065.0
    [iter 5827977] reheat + diversify: ceiling=0.00, value=41776.0
    [iter 5833730] reheat + diversify: ceiling=0.00, value=32209.0
    [iter 5839483] reheat + diversify: ceiling=0.00, value=31815.0
    [iter 5845236] reheat + diversify: ceiling=0.00, value=52504.0
    [iter 5850989] reheat + diversify: ceiling=0.00, value=50318.0
    [iter 5856742] reheat + diversify: ceiling=0.00, value=39562.0
    [iter 5862495] reheat + diversify: ceiling=0.00, value=39590.0
    [iter 5868248] reheat + diversify: ceiling=0.00, value=39590.0
    [iter 5874001] reheat + diversify: ceiling=0.00, value=44879.0
    [iter 5879754] reheat + diversify: ceiling=0.00, value=41776.0
    [iter 5885507] reheat + diversify: ceiling=0.00, value=32209.0
    [iter 5891260] reheat + diversify: ceiling=0.00, value=42965.0
    [iter 5897013] reheat + diversify: ceiling=0.00, value=39984.0
    [iter 5902766] reheat + diversify: ceiling=0.00, value=48648.0
    [iter 5908519] reheat + diversify: ceiling=0.00, value=52504.0
    [iter 5914272] reheat + diversify: ceiling=0.00, value=34001.0
    [iter 5920025] reheat + diversify: ceiling=0.00, value=41382.0
    [iter 5925778] reheat + diversify: ceiling=0.00, value=35943.0
    [iter 5931531] reheat + diversify: ceiling=0.00, value=41382.0
    [iter 5937284] reheat + diversify: ceiling=0.00, value=52504.0
    [iter 5943037] reheat + diversify: ceiling=0.00, value=35584.0
    [iter 5948790] reheat + diversify: ceiling=0.00, value=35943.0
    [iter 5954543] reheat + diversify: ceiling=0.00, value=41232.0
    [iter 5960296] reheat + diversify: ceiling=0.00, value=35793.0
    [iter 5966049] reheat + diversify: ceiling=0.00, value=45151.0
    [iter 5971802] reheat + diversify: ceiling=0.00, value=33879.0
    [iter 5977555] reheat + diversify: ceiling=0.00, value=41626.0
    [iter 5983308] reheat + diversify: ceiling=0.00, value=34001.0
    [iter 5989061] reheat + diversify: ceiling=0.00, value=45151.0
    [iter 5994814] reheat + diversify: ceiling=0.00, value=41023.0
    [iter 6000567] reheat + diversify: ceiling=0.00, value=34001.0
    [iter 6006320] reheat + diversify: ceiling=0.00, value=39440.0
    [iter 6012073] reheat + diversify: ceiling=0.00, value=52504.0
    [iter 6017826] reheat + diversify: ceiling=0.00, value=32087.0
    [iter 6023579] reheat + diversify: ceiling=0.00, value=44879.0
    [iter 6029332] reheat + diversify: ceiling=0.00, value=41776.0
    [iter 6035085] reheat + diversify: ceiling=0.00, value=52504.0
    [iter 6040838] reheat + diversify: ceiling=0.00, value=32209.0
    [iter 6046591] reheat + diversify: ceiling=0.00, value=36065.0
    [iter 6052344] reheat + diversify: ceiling=0.00, value=52504.0
    [iter 6058097] reheat + diversify: ceiling=0.00, value=39562.0
    [iter 6063850] reheat + diversify: ceiling=0.00, value=32237.0
    [iter 6069603] reheat + diversify: ceiling=0.00, value=52504.0
    [iter 6075356] reheat + diversify: ceiling=0.00, value=39562.0
    [iter 6081109] reheat + diversify: ceiling=0.00, value=52504.0
    [iter 6086862] reheat + diversify: ceiling=0.00, value=37254.0
    [iter 6092615] reheat + diversify: ceiling=0.00, value=39196.0
    [iter 6098368] reheat + diversify: ceiling=0.00, value=39834.0
    [iter 6104121] reheat + diversify: ceiling=0.00, value=35793.0
    [iter 6109874] reheat + diversify: ceiling=0.00, value=41626.0
    [iter 6115627] reheat + diversify: ceiling=0.00, value=39562.0
    [iter 6121380] reheat + diversify: ceiling=0.00, value=34001.0
    [iter 6127133] reheat + diversify: ceiling=0.00, value=35793.0
    [iter 6132886] reheat + diversify: ceiling=0.00, value=35793.0
    [iter 6138639] reheat + diversify: ceiling=0.00, value=41626.0
    [iter 6144392] reheat + diversify: ceiling=0.00, value=35793.0
    [iter 6150145] reheat + diversify: ceiling=0.00, value=39590.0
    [iter 6155898] reheat + diversify: ceiling=0.00, value=36065.0
    [iter 6161651] reheat + diversify: ceiling=0.00, value=41232.0
    [iter 6167404] reheat + diversify: ceiling=0.00, value=33548.0
    [iter 6173157] reheat + diversify: ceiling=0.00, value=38987.0
    [iter 6178910] reheat + diversify: ceiling=0.00, value=41232.0
    [iter 6184663] reheat + diversify: ceiling=0.00, value=52504.0
    [iter 6190416] reheat + diversify: ceiling=0.00, value=34151.0
    [iter 6196169] reheat + diversify: ceiling=0.00, value=39562.0
    [iter 6201922] reheat + diversify: ceiling=0.00, value=41504.0
    [iter 6207675] reheat + diversify: ceiling=0.00, value=39834.0
    [iter 6213428] reheat + diversify: ceiling=0.00, value=33757.0
    [iter 6219181] reheat + diversify: ceiling=0.00, value=33757.0
    [iter 6224934] reheat + diversify: ceiling=0.00, value=34001.0
    [iter 6230687] reheat + diversify: ceiling=0.00, value=39562.0
    [iter 6236440] reheat + diversify: ceiling=0.00, value=50318.0
    [iter 6242193] reheat + diversify: ceiling=0.00, value=41776.0
    [iter 6247946] reheat + diversify: ceiling=0.00, value=30417.0
    [iter 6253699] reheat + diversify: ceiling=0.00, value=41232.0
    [iter 6259452] reheat + diversify: ceiling=0.00, value=35793.0
    [iter 6265205] reheat + diversify: ceiling=0.00, value=41382.0
    [iter 6270958] reheat + diversify: ceiling=0.00, value=33757.0
    [iter 6276711] reheat + diversify: ceiling=0.00, value=39590.0
    [iter 6282464] reheat + diversify: ceiling=0.00, value=22611.0
    [iter 6288217] reheat + diversify: ceiling=0.00, value=39562.0
    [iter 6293970] reheat + diversify: ceiling=0.00, value=52504.0
    [iter 6299723] reheat + diversify: ceiling=0.00, value=36187.0
    [iter 6305476] reheat + diversify: ceiling=0.00, value=52504.0
    [iter 6311229] reheat + diversify: ceiling=0.00, value=41776.0
    [iter 6316982] reheat + diversify: ceiling=0.00, value=52504.0
    [iter 6322735] reheat + diversify: ceiling=0.00, value=35943.0
    [iter 6328488] reheat + diversify: ceiling=0.00, value=52504.0
    [iter 6334241] reheat + diversify: ceiling=0.00, value=52504.0
    [iter 6339994] reheat + diversify: ceiling=0.00, value=41776.0
    [iter 6345747] reheat + diversify: ceiling=0.00, value=34029.0
    [iter 6351500] reheat + diversify: ceiling=0.00, value=41504.0
    [iter 6357253] reheat + diversify: ceiling=0.00, value=41382.0
    [iter 6363006] reheat + diversify: ceiling=0.00, value=50562.0
    [iter 6368759] reheat + diversify: ceiling=0.00, value=41232.0
    [iter 6374512] reheat + diversify: ceiling=0.00, value=46340.0
    [iter 6380265] reheat + diversify: ceiling=0.00, value=44757.0
    [iter 6386018] reheat + diversify: ceiling=0.00, value=52504.0
    [iter 6391771] reheat + diversify: ceiling=0.00, value=33879.0
    [iter 6397524] reheat + diversify: ceiling=0.00, value=41626.0
    [iter 6403277] reheat + diversify: ceiling=0.00, value=41382.0
    [iter 6409030] reheat + diversify: ceiling=0.00, value=32209.0
    [iter 6414783] reheat + diversify: ceiling=0.00, value=45273.0
    [iter 6420536] reheat + diversify: ceiling=0.00, value=39196.0
    [iter 6426289] reheat + diversify: ceiling=0.00, value=34001.0
    [iter 6432042] reheat + diversify: ceiling=0.00, value=41776.0
    [iter 6437795] reheat + diversify: ceiling=0.00, value=39196.0
    [iter 6443548] reheat + diversify: ceiling=0.00, value=41776.0
    [iter 6449301] reheat + diversify: ceiling=0.00, value=39712.0
    [iter 6455054] reheat + diversify: ceiling=0.00, value=41382.0
    [iter 6460807] reheat + diversify: ceiling=0.00, value=41232.0
    [iter 6466560] reheat + diversify: ceiling=0.00, value=52504.0
    [iter 6472313] reheat + diversify: ceiling=0.00, value=34001.0
    [iter 6478066] reheat + diversify: ceiling=0.00, value=41776.0
    [iter 6483819] reheat + diversify: ceiling=0.00, value=41626.0
    [iter 6489572] reheat + diversify: ceiling=0.00, value=39562.0
    [iter 6495325] reheat + diversify: ceiling=0.00, value=39590.0
    [iter 6501078] reheat + diversify: ceiling=0.00, value=41776.0
    [iter 6506831] reheat + diversify: ceiling=0.00, value=41382.0
    [iter 6512584] reheat + diversify: ceiling=0.00, value=52504.0
    [iter 6518337] reheat + diversify: ceiling=0.00, value=41232.0
    [iter 6524090] reheat + diversify: ceiling=0.00, value=41382.0
    [iter 6529843] reheat + diversify: ceiling=0.00, value=39440.0
    [iter 6535596] reheat + diversify: ceiling=0.00, value=45151.0
    [iter 6541349] reheat + diversify: ceiling=0.00, value=39562.0
    [iter 6547102] reheat + diversify: ceiling=0.00, value=52110.0
    [iter 6552855] reheat + diversify: ceiling=0.00, value=34029.0
    [iter 6558608] reheat + diversify: ceiling=0.00, value=36065.0
    [iter 6564361] reheat + diversify: ceiling=0.00, value=37526.0
    [iter 6570114] reheat + diversify: ceiling=0.00, value=36187.0
    [iter 6575867] reheat + diversify: ceiling=0.00, value=52504.0
    [iter 6581620] reheat + diversify: ceiling=0.00, value=41232.0
    [iter 6587373] reheat + diversify: ceiling=0.00, value=41776.0
    [iter 6593126] reheat + diversify: ceiling=0.00, value=36187.0
    [iter 6598879] reheat + diversify: ceiling=0.00, value=33757.0
    [iter 6604632] reheat + diversify: ceiling=0.00, value=41776.0
    [iter 6610385] reheat + diversify: ceiling=0.00, value=44879.0
    [iter 6616138] reheat + diversify: ceiling=0.00, value=41382.0
    [iter 6621891] reheat + diversify: ceiling=0.00, value=35793.0
    [iter 6627644] reheat + diversify: ceiling=0.00, value=34395.0
    [iter 6633397] reheat + diversify: ceiling=0.00, value=41232.0
    [iter 6639150] reheat + diversify: ceiling=0.00, value=41382.0
    [iter 6644903] reheat + diversify: ceiling=0.00, value=43568.0
    [iter 6650656] reheat + diversify: ceiling=0.00, value=41382.0
    [iter 6656409] reheat + diversify: ceiling=0.00, value=43418.0
    [iter 6662162] reheat + diversify: ceiling=0.00, value=45273.0
    [iter 6667915] reheat + diversify: ceiling=0.00, value=35793.0
    [iter 6673668] reheat + diversify: ceiling=0.00, value=37376.0
    [iter 6679421] reheat + diversify: ceiling=0.00, value=41626.0
    [iter 6685174] reheat + diversify: ceiling=0.00, value=34029.0
    [iter 6690927] reheat + diversify: ceiling=0.00, value=35793.0
    [iter 6696680] reheat + diversify: ceiling=0.00, value=35793.0
    [iter 6702433] reheat + diversify: ceiling=0.00, value=52504.0
    [iter 6708186] reheat + diversify: ceiling=0.00, value=41776.0
    [iter 6713939] reheat + diversify: ceiling=0.00, value=52504.0
    [iter 6719692] reheat + diversify: ceiling=0.00, value=41626.0
    [iter 6725445] reheat + diversify: ceiling=0.00, value=52504.0
    [iter 6731198] reheat + diversify: ceiling=0.00, value=41626.0
    [iter 6736951] reheat + diversify: ceiling=0.00, value=41232.0
    [iter 6742704] reheat + diversify: ceiling=0.00, value=41023.0
    [iter 6748457] reheat + diversify: ceiling=0.00, value=33607.0
    [iter 6754210] reheat + diversify: ceiling=0.00, value=41776.0
    [iter 6759963] reheat + diversify: ceiling=0.00, value=32087.0
    [iter 6765716] reheat + diversify: ceiling=0.00, value=44879.0
    [iter 6771469] reheat + diversify: ceiling=0.00, value=41382.0
    [iter 6777222] reheat + diversify: ceiling=0.00, value=37798.0
    [iter 6782975] reheat + diversify: ceiling=0.00, value=52504.0
    [iter 6788728] reheat + diversify: ceiling=0.00, value=50318.0
    [iter 6794481] reheat + diversify: ceiling=0.00, value=45151.0
    [iter 6800234] reheat + diversify: ceiling=0.00, value=41232.0
    [iter 6805987] reheat + diversify: ceiling=0.00, value=35793.0
    [iter 6811740] reheat + diversify: ceiling=0.00, value=50318.0
    [iter 6817493] reheat + diversify: ceiling=0.00, value=50318.0
    [iter 6823246] reheat + diversify: ceiling=0.00, value=52504.0
    [iter 6828999] reheat + diversify: ceiling=0.00, value=39712.0
    [iter 6834752] reheat + diversify: ceiling=0.00, value=52504.0
    [iter 6840505] reheat + diversify: ceiling=0.00, value=50318.0
    [iter 6846258] reheat + diversify: ceiling=0.00, value=43568.0
    [iter 6852011] reheat + diversify: ceiling=0.00, value=41232.0
    [iter 6857764] reheat + diversify: ceiling=0.00, value=34395.0
    [iter 6863517] reheat + diversify: ceiling=0.00, value=33607.0
    [iter 6869270] reheat + diversify: ceiling=0.00, value=45151.0
    [iter 6875023] reheat + diversify: ceiling=0.00, value=41626.0
    [iter 6880776] reheat + diversify: ceiling=0.00, value=32209.0
    [iter 6886529] reheat + diversify: ceiling=0.00, value=32087.0
    [iter 6892282] reheat + diversify: ceiling=0.00, value=33757.0
    [iter 6898035] reheat + diversify: ceiling=0.00, value=41382.0
    [iter 6903788] reheat + diversify: ceiling=0.00, value=52504.0
    [iter 6909541] reheat + diversify: ceiling=0.00, value=39046.0
    [iter 6915294] reheat + diversify: ceiling=0.00, value=52504.0
    [iter 6921047] reheat + diversify: ceiling=0.00, value=39562.0
    [iter 6926800] reheat + diversify: ceiling=0.00, value=41776.0
    [iter 6932553] reheat + diversify: ceiling=0.00, value=37526.0
    [iter 6938306] reheat + diversify: ceiling=0.00, value=39109.0
    [iter 6944059] reheat + diversify: ceiling=0.00, value=39440.0
    [iter 6949812] reheat + diversify: ceiling=0.00, value=34001.0
    [iter 6955565] reheat + diversify: ceiling=0.00, value=39440.0
    [iter 6961318] reheat + diversify: ceiling=0.00, value=41776.0
    [iter 6967071] reheat + diversify: ceiling=0.00, value=41776.0
    [iter 6972824] reheat + diversify: ceiling=0.00, value=52504.0
    [iter 6978577] reheat + diversify: ceiling=0.00, value=52110.0
    [iter 6984330] reheat + diversify: ceiling=0.00, value=45151.0
    [iter 6990083] reheat + diversify: ceiling=0.00, value=39562.0
    [iter 6995836] reheat + diversify: ceiling=0.00, value=52504.0
    [iter 7001589] reheat + diversify: ceiling=0.00, value=52504.0
    [iter 7007342] reheat + diversify: ceiling=0.00, value=41382.0
    [iter 7013095] reheat + diversify: ceiling=0.00, value=37254.0
    [iter 7018848] reheat + diversify: ceiling=0.00, value=34001.0
    [iter 7024601] reheat + diversify: ceiling=0.00, value=39834.0
    [iter 7030354] reheat + diversify: ceiling=0.00, value=35793.0
    [iter 7036107] reheat + diversify: ceiling=0.00, value=39046.0
    [iter 7041860] reheat + diversify: ceiling=0.00, value=39440.0
    [iter 7047613] reheat + diversify: ceiling=0.00, value=41382.0
    [iter 7053366] reheat + diversify: ceiling=0.00, value=33757.0
    [iter 7059119] reheat + diversify: ceiling=0.00, value=50562.0
    [iter 7064872] reheat + diversify: ceiling=0.00, value=39318.0
    [iter 7070625] reheat + diversify: ceiling=0.00, value=44485.0
    [iter 7076378] reheat + diversify: ceiling=0.00, value=32087.0
    [iter 7082131] reheat + diversify: ceiling=0.00, value=39590.0
    [iter 7087884] reheat + diversify: ceiling=0.00, value=50318.0
    [iter 7093637] reheat + diversify: ceiling=0.00, value=41776.0
    [iter 7099390] reheat + diversify: ceiling=0.00, value=39562.0
    [iter 7105143] reheat + diversify: ceiling=0.00, value=41232.0
    [iter 7110896] reheat + diversify: ceiling=0.00, value=41776.0
    [iter 7116649] reheat + diversify: ceiling=0.00, value=32237.0
    [iter 7122402] reheat + diversify: ceiling=0.00, value=52504.0
    [iter 7128155] reheat + diversify: ceiling=0.00, value=36187.0
    [iter 7133908] reheat + diversify: ceiling=0.00, value=34273.0
    [iter 7139661] reheat + diversify: ceiling=0.00, value=37979.0
    [iter 7145414] reheat + diversify: ceiling=0.00, value=41776.0
    [iter 7151167] reheat + diversify: ceiling=0.00, value=41776.0
    [iter 7156920] reheat + diversify: ceiling=0.00, value=39562.0
    [iter 7162673] reheat + diversify: ceiling=0.00, value=41382.0
    [iter 7168426] reheat + diversify: ceiling=0.00, value=41626.0
    [iter 7174179] reheat + diversify: ceiling=0.00, value=32209.0
    [iter 7179932] reheat + diversify: ceiling=0.00, value=39590.0
    [iter 7185685] reheat + diversify: ceiling=0.00, value=35943.0
    [iter 7191438] reheat + diversify: ceiling=0.00, value=41382.0
    [iter 7197191] reheat + diversify: ceiling=0.00, value=34001.0
    [iter 7202944] reheat + diversify: ceiling=0.00, value=41382.0
    [iter 7208697] reheat + diversify: ceiling=0.00, value=41382.0
    [iter 7214450] reheat + diversify: ceiling=0.00, value=35671.0
    [iter 7220203] reheat + diversify: ceiling=0.00, value=52504.0
    [iter 7225956] reheat + diversify: ceiling=0.00, value=41776.0
    [iter 7231709] reheat + diversify: ceiling=0.00, value=34395.0
    [iter 7237462] reheat + diversify: ceiling=0.00, value=39168.0
    [iter 7243215] reheat + diversify: ceiling=0.00, value=42815.0
    [iter 7248968] reheat + diversify: ceiling=0.00, value=39590.0
    [iter 7254721] reheat + diversify: ceiling=0.00, value=52504.0
    [iter 7260474] reheat + diversify: ceiling=0.00, value=52504.0
    [iter 7266227] reheat + diversify: ceiling=0.00, value=39440.0
    [iter 7271980] reheat + diversify: ceiling=0.00, value=37376.0
    [iter 7277733] reheat + diversify: ceiling=0.00, value=41776.0
    [iter 7283486] reheat + diversify: ceiling=0.00, value=52504.0
    [iter 7289239] reheat + diversify: ceiling=0.00, value=34395.0
    [iter 7294992] reheat + diversify: ceiling=0.00, value=36065.0
    [iter 7300745] reheat + diversify: ceiling=0.00, value=45151.0
    [iter 7306498] reheat + diversify: ceiling=0.00, value=35943.0
    [iter 7312251] reheat + diversify: ceiling=0.00, value=39440.0
    [iter 7318004] reheat + diversify: ceiling=0.00, value=39834.0
    [iter 7323757] reheat + diversify: ceiling=0.00, value=43418.0
    [iter 7329510] reheat + diversify: ceiling=0.00, value=39440.0
    [iter 7335263] reheat + diversify: ceiling=0.00, value=45151.0
    [iter 7341016] reheat + diversify: ceiling=0.00, value=39440.0
    [iter 7346769] reheat + diversify: ceiling=0.00, value=33879.0
    [iter 7352522] reheat + diversify: ceiling=0.00, value=34001.0
    [iter 7358275] reheat + diversify: ceiling=0.00, value=44757.0
    [iter 7364028] reheat + diversify: ceiling=0.00, value=41232.0
    [iter 7369781] reheat + diversify: ceiling=0.00, value=35943.0
    [iter 7375534] reheat + diversify: ceiling=0.00, value=37132.0
    [iter 7381287] reheat + diversify: ceiling=0.00, value=42815.0
    [iter 7387040] reheat + diversify: ceiling=0.00, value=32237.0
    [iter 7392793] reheat + diversify: ceiling=0.00, value=34001.0
    [iter 7398546] reheat + diversify: ceiling=0.00, value=41776.0
    [iter 7404299] reheat + diversify: ceiling=0.00, value=52504.0
    [iter 7410052] reheat + diversify: ceiling=0.00, value=52504.0
    [iter 7415805] reheat + diversify: ceiling=0.00, value=52504.0
    [iter 7421558] reheat + diversify: ceiling=0.00, value=39440.0
    [iter 7427311] reheat + diversify: ceiling=0.00, value=50318.0
    [iter 7433064] reheat + diversify: ceiling=0.00, value=41232.0
    [iter 7438817] reheat + diversify: ceiling=0.00, value=36065.0
    [iter 7444570] reheat + diversify: ceiling=0.00, value=36187.0
    [iter 7450323] reheat + diversify: ceiling=0.00, value=52504.0
    [iter 7456076] reheat + diversify: ceiling=0.00, value=35462.0
    [iter 7461829] reheat + diversify: ceiling=0.00, value=35943.0
    [iter 7467582] reheat + diversify: ceiling=0.00, value=41776.0
    [iter 7473335] reheat + diversify: ceiling=0.00, value=33607.0
    [iter 7479088] reheat + diversify: ceiling=0.00, value=32217.0
    [iter 7484841] reheat + diversify: ceiling=0.00, value=52504.0
    [iter 7490594] reheat + diversify: ceiling=0.00, value=39440.0
    [iter 7496347] reheat + diversify: ceiling=0.00, value=50318.0
    [iter 7502100] reheat + diversify: ceiling=0.00, value=34029.0
    [iter 7507853] reheat + diversify: ceiling=0.00, value=46793.0
    [iter 7513606] reheat + diversify: ceiling=0.00, value=43568.0
    [iter 7519359] reheat + diversify: ceiling=0.00, value=39318.0
    [iter 7525112] reheat + diversify: ceiling=0.00, value=41232.0
    [iter 7530865] reheat + diversify: ceiling=0.00, value=33757.0
    [iter 7536618] reheat + diversify: ceiling=0.00, value=41776.0
    [iter 7542371] reheat + diversify: ceiling=0.00, value=52504.0
    [iter 7548124] reheat + diversify: ceiling=0.00, value=42965.0
    [iter 7553877] reheat + diversify: ceiling=0.00, value=41626.0
    [iter 7559630] reheat + diversify: ceiling=0.00, value=39590.0
    [iter 7565383] reheat + diversify: ceiling=0.00, value=39562.0
    [iter 7571136] reheat + diversify: ceiling=0.00, value=41232.0
    [iter 7576889] reheat + diversify: ceiling=0.00, value=41776.0
    [iter 7582642] reheat + diversify: ceiling=0.00, value=32209.0
    [iter 7588395] reheat + diversify: ceiling=0.00, value=52504.0
    [iter 7594148] reheat + diversify: ceiling=0.00, value=52504.0
    [iter 7599901] reheat + diversify: ceiling=0.00, value=34001.0
    [iter 7605654] reheat + diversify: ceiling=0.00, value=52110.0
    [iter 7611407] reheat + diversify: ceiling=0.00, value=48526.0
    [iter 7617160] reheat + diversify: ceiling=0.00, value=33879.0
    [iter 7622913] reheat + diversify: ceiling=0.00, value=39590.0
    [iter 7628666] reheat + diversify: ceiling=0.00, value=39590.0
    [iter 7634419] reheat + diversify: ceiling=0.00, value=39562.0
    [iter 7640172] reheat + diversify: ceiling=0.00, value=41232.0
    [iter 7645925] reheat + diversify: ceiling=0.00, value=45151.0
    [iter 7651678] reheat + diversify: ceiling=0.00, value=37376.0
    [iter 7657431] reheat + diversify: ceiling=0.00, value=52504.0
    [iter 7663184] reheat + diversify: ceiling=0.00, value=35943.0
    [iter 7668937] reheat + diversify: ceiling=0.00, value=32237.0
    [iter 7674690] reheat + diversify: ceiling=0.00, value=41232.0
    [iter 7680443] reheat + diversify: ceiling=0.00, value=39590.0
    [iter 7686196] reheat + diversify: ceiling=0.00, value=39562.0
    [iter 7691949] reheat + diversify: ceiling=0.00, value=39562.0
    [iter 7697702] reheat + diversify: ceiling=0.00, value=52504.0
    [iter 7703455] reheat + diversify: ceiling=0.00, value=34001.0
    [iter 7709208] reheat + diversify: ceiling=0.00, value=39562.0
    [iter 7714961] reheat + diversify: ceiling=0.00, value=35793.0
    [iter 7720714] reheat + diversify: ceiling=0.00, value=52504.0
    [iter 7726467] reheat + diversify: ceiling=0.00, value=39590.0
    [iter 7732220] reheat + diversify: ceiling=0.00, value=41382.0
    [iter 7737973] reheat + diversify: ceiling=0.00, value=39318.0
    [iter 7743726] reheat + diversify: ceiling=0.00, value=39562.0
    [iter 7749479] reheat + diversify: ceiling=0.00, value=35462.0
    [iter 7755232] reheat + diversify: ceiling=0.00, value=52504.0
    [iter 7760985] reheat + diversify: ceiling=0.00, value=35671.0
    [iter 7766738] reheat + diversify: ceiling=0.00, value=39562.0
    [iter 7772491] reheat + diversify: ceiling=0.00, value=36337.0
    [iter 7778244] reheat + diversify: ceiling=0.00, value=39440.0
    [iter 7783997] reheat + diversify: ceiling=0.00, value=34029.0
    [iter 7789750] reheat + diversify: ceiling=0.00, value=52504.0
    [iter 7795503] reheat + diversify: ceiling=0.00, value=50318.0
    [iter 7801256] reheat + diversify: ceiling=0.00, value=47065.0
    [iter 7807009] reheat + diversify: ceiling=0.00, value=46793.0
    [iter 7812762] reheat + diversify: ceiling=0.00, value=39590.0
    [iter 7818515] reheat + diversify: ceiling=0.00, value=32209.0
    [iter 7824268] reheat + diversify: ceiling=0.00, value=52110.0
    [iter 7830021] reheat + diversify: ceiling=0.00, value=41776.0
    [iter 7835774] reheat + diversify: ceiling=0.00, value=35793.0
    [iter 7841527] reheat + diversify: ceiling=0.00, value=36337.0
    [iter 7847280] reheat + diversify: ceiling=0.00, value=41776.0
    [iter 7853033] reheat + diversify: ceiling=0.00, value=39562.0
    [iter 7858786] reheat + diversify: ceiling=0.00, value=33757.0
    [iter 7864539] reheat + diversify: ceiling=0.00, value=43296.0
    [iter 7870292] reheat + diversify: ceiling=0.00, value=48183.0
    [iter 7876045] reheat + diversify: ceiling=0.00, value=52504.0
    [iter 7881798] reheat + diversify: ceiling=0.00, value=52504.0
    [iter 7887551] reheat + diversify: ceiling=0.00, value=52504.0
    [iter 7893304] reheat + diversify: ceiling=0.00, value=41232.0
    [iter 7899057] reheat + diversify: ceiling=0.00, value=43418.0
    [iter 7904810] reheat + diversify: ceiling=0.00, value=39590.0
    [iter 7910563] reheat + diversify: ceiling=0.00, value=35793.0
    [iter 7916316] reheat + diversify: ceiling=0.00, value=42965.0
    [iter 7922069] reheat + diversify: ceiling=0.00, value=45151.0
    [iter 7927822] reheat + diversify: ceiling=0.00, value=41232.0
    [iter 7933575] reheat + diversify: ceiling=0.00, value=35994.0
    [iter 7939328] reheat + diversify: ceiling=0.00, value=41776.0
    [iter 7945081] reheat + diversify: ceiling=0.00, value=34273.0
    [iter 7950834] reheat + diversify: ceiling=0.00, value=39196.0
    [iter 7956587] reheat + diversify: ceiling=0.00, value=39590.0
    [iter 7962340] reheat + diversify: ceiling=0.00, value=39590.0
    [iter 7968093] reheat + diversify: ceiling=0.00, value=34423.0
    [iter 7973846] reheat + diversify: ceiling=0.00, value=52504.0
    [iter 7979599] reheat + diversify: ceiling=0.00, value=35943.0
    [iter 7985352] reheat + diversify: ceiling=0.00, value=52504.0
    [iter 7991105] reheat + diversify: ceiling=0.00, value=32209.0
    [iter 7996858] reheat + diversify: ceiling=0.00, value=39834.0
    [iter 8002611] reheat + diversify: ceiling=0.00, value=33879.0
    [iter 8008364] reheat + diversify: ceiling=0.00, value=36215.0
    [iter 8014117] reheat + diversify: ceiling=0.00, value=34001.0
    [iter 8019870] reheat + diversify: ceiling=0.00, value=39318.0
    [iter 8025623] reheat + diversify: ceiling=0.00, value=39590.0
    [iter 8031376] reheat + diversify: ceiling=0.00, value=34001.0
    [iter 8037129] reheat + diversify: ceiling=0.00, value=52110.0
    [iter 8042882] reheat + diversify: ceiling=0.00, value=52504.0
    [iter 8048635] reheat + diversify: ceiling=0.00, value=41145.0
    [iter 8054388] reheat + diversify: ceiling=0.00, value=39440.0
    [iter 8060141] reheat + diversify: ceiling=0.00, value=34029.0
    [iter 8065894] reheat + diversify: ceiling=0.00, value=52504.0
    [iter 8071647] reheat + diversify: ceiling=0.00, value=35462.0
    [iter 8077400] reheat + diversify: ceiling=0.00, value=50318.0
    [iter 8083153] reheat + diversify: ceiling=0.00, value=41382.0
    [iter 8088906] reheat + diversify: ceiling=0.00, value=41776.0
    [iter 8094659] reheat + diversify: ceiling=0.00, value=52504.0
    [iter 8100412] reheat + diversify: ceiling=0.00, value=41626.0
    [iter 8106165] reheat + diversify: ceiling=0.00, value=41232.0
    [iter 8111918] reheat + diversify: ceiling=0.00, value=39196.0
    [iter 8117671] reheat + diversify: ceiling=0.00, value=41776.0
    [iter 8123424] reheat + diversify: ceiling=0.00, value=33879.0
    [iter 8129177] reheat + diversify: ceiling=0.00, value=35793.0
    [iter 8134930] reheat + diversify: ceiling=0.00, value=41776.0
    [iter 8140683] reheat + diversify: ceiling=0.00, value=34001.0
    [iter 8146436] reheat + diversify: ceiling=0.00, value=41232.0
    [iter 8152189] reheat + diversify: ceiling=0.00, value=37404.0
    [iter 8157942] reheat + diversify: ceiling=0.00, value=50318.0
    [iter 8163695] reheat + diversify: ceiling=0.00, value=50318.0
    [iter 8169448] reheat + diversify: ceiling=0.00, value=39590.0
    [iter 8175201] reheat + diversify: ceiling=0.00, value=32087.0
    [iter 8180954] reheat + diversify: ceiling=0.00, value=43418.0
    [iter 8186707] reheat + diversify: ceiling=0.00, value=32087.0
    [iter 8192460] reheat + diversify: ceiling=0.00, value=41382.0
    [iter 8198213] reheat + diversify: ceiling=0.00, value=41776.0
    [iter 8203966] reheat + diversify: ceiling=0.00, value=46340.0
    [iter 8209719] reheat + diversify: ceiling=0.00, value=52504.0
    [iter 8215472] reheat + diversify: ceiling=0.00, value=52504.0
    [iter 8221225] reheat + diversify: ceiling=0.00, value=33757.0
    [iter 8226978] reheat + diversify: ceiling=0.00, value=39562.0
    [iter 8232731] reheat + diversify: ceiling=0.00, value=33607.0
    [iter 8238484] reheat + diversify: ceiling=0.00, value=39440.0
    [iter 8244237] reheat + diversify: ceiling=0.00, value=44757.0
    [iter 8249990] reheat + diversify: ceiling=0.00, value=35584.0
    [iter 8255743] reheat + diversify: ceiling=0.00, value=34001.0
    [iter 8261496] reheat + diversify: ceiling=0.00, value=52504.0
    [iter 8267249] reheat + diversify: ceiling=0.00, value=41504.0
    [iter 8273002] reheat + diversify: ceiling=0.00, value=30417.0
    [iter 8278755] reheat + diversify: ceiling=0.00, value=33792.0
    [iter 8284508] reheat + diversify: ceiling=0.00, value=39562.0
    [iter 8290261] reheat + diversify: ceiling=0.00, value=33757.0
    [iter 8296014] reheat + diversify: ceiling=0.00, value=39562.0
    [iter 8301767] reheat + diversify: ceiling=0.00, value=44607.0
    [iter 8307520] reheat + diversify: ceiling=0.00, value=42937.0
    [iter 8313273] reheat + diversify: ceiling=0.00, value=50318.0
    [iter 8319026] reheat + diversify: ceiling=0.00, value=41776.0
    [iter 8324779] reheat + diversify: ceiling=0.00, value=39562.0
    [iter 8330532] reheat + diversify: ceiling=0.00, value=39834.0
    [iter 8336285] reheat + diversify: ceiling=0.00, value=39440.0
    [iter 8342038] reheat + diversify: ceiling=0.00, value=41232.0
    [iter 8347791] reheat + diversify: ceiling=0.00, value=52504.0
    [iter 8353544] reheat + diversify: ceiling=0.00, value=35793.0
    [iter 8359297] reheat + diversify: ceiling=0.00, value=35793.0
    [iter 8365050] reheat + diversify: ceiling=0.00, value=41232.0
    [iter 8370803] reheat + diversify: ceiling=0.00, value=37376.0
    [iter 8376556] reheat + diversify: ceiling=0.00, value=45001.0
    [iter 8382309] reheat + diversify: ceiling=0.00, value=34029.0
    [iter 8388062] reheat + diversify: ceiling=0.00, value=41382.0
    [iter 8393815] reheat + diversify: ceiling=0.00, value=41776.0
    [iter 8399568] reheat + diversify: ceiling=0.00, value=41776.0
    [iter 8405321] reheat + diversify: ceiling=0.00, value=41382.0
    [iter 8411074] reheat + diversify: ceiling=0.00, value=30023.0
    [iter 8416827] reheat + diversify: ceiling=0.00, value=32087.0
    [iter 8422580] reheat + diversify: ceiling=0.00, value=35994.0
    [iter 8428333] reheat + diversify: ceiling=0.00, value=39318.0
    [iter 8434086] reheat + diversify: ceiling=0.00, value=39590.0
    [iter 8439839] reheat + diversify: ceiling=0.00, value=35793.0
    [iter 8445592] reheat + diversify: ceiling=0.00, value=39834.0
    [iter 8451345] reheat + diversify: ceiling=0.00, value=34395.0
    [iter 8457098] reheat + diversify: ceiling=0.00, value=33757.0
    [iter 8462851] reheat + diversify: ceiling=0.00, value=52504.0
    [iter 8468604] reheat + diversify: ceiling=0.00, value=41232.0
    [iter 8474357] reheat + diversify: ceiling=0.00, value=41776.0
    [iter 8480110] reheat + diversify: ceiling=0.00, value=33757.0
    [iter 8485863] reheat + diversify: ceiling=0.00, value=42693.0
    [iter 8491616] reheat + diversify: ceiling=0.00, value=50318.0
  time limit reached at iteration 8496089
  SA finished: 8496089 iterations in 900.0s (9440 it/s), accepted 5183461 (61.0%), rejected 3312627, neutral 4937381 (58.1%), worsening accepted 6.9%, no-move draws 0, reheats 1476
  SA: value 52504.0 (greedy 41051.0, +11453.0), bound 63772.0, gap 17.67%, util 71.2%
  report -> /home/mcaspar/3DMHKP/results_3DMHKP_ep3/ep3-20-L-C-90-3DMHKP-SA-a0.999-r0.25-t900s.txt

================================================================================================
SUMMARY
================================================================================================
instance      boxes  packed       greedy     SA value        bound      gap    util    iters    time
------------------------------------------------------------------------------------------------
ep3-20-L-C-90     20      13      41051.0      52504.0      63772.0   17.7%   71.2%  8496089  900.0s
------------------------------------------------------------------------------------------------
proven optimal (value reaches the upper bound): 0/1
improved over greedy: 1/1 (total value 41051.0 -> 52504.0, +27.90%)
mean gap to 0-1 knapsack bound: 17.7%
mean volume utilization: 71.2%
