============================================================
  Solver:     3DMHKP-SA.py
  Instance:   /home/mcaspar/3DMHKP/Egeblad/ep3-20-L-R-50.txt
  Value mode: flat
  Timelimit:  900s
  Reports:    /home/mcaspar/3DMHKP/results_3DMHKP_ep3
  CPUs:       1
============================================================
======================================================================
3DMHKP Simulated Annealing (random single-neighbour, sequence decoder)
SA params: T0=5% of f(S_0), alpha=0.999, T_min=0.001, reheat_threshold=5753, reheat_fraction=0.25
Move weights: {'relocate': 0.0, 'swap': 1.0, '2opt': 0.0, 'promote': 1.5, 'demote': 1.5, 'orient': 1.0, 'container': 0.5}
Time limit: 900.0s per instance, seed 1651731193
======================================================================

======================================================================
ep3-20-L-R-50: 20 boxes (20 types), 1 containers (1 types)
  0-1 knapsack bound: 31415.0 (continuous relaxation: 31654.5)
  initial (value-density) decode: value 24479.0 (9/20 boxes)
  T0 = 5809.6 (calibrated, 509 worsening draws, target accept 35%)
  schedule: time-based, T0 -> 1324.38 over 900s
    [iter 16] *** NEW BEST: value 24531.0, boxes 9/20, T=5808.6, elapsed=0.1s
    [iter 419] *** NEW BEST: value 24838.0, boxes 9/20, T=5808.3, elapsed=0.1s
    [iter 431] *** NEW BEST: value 24919.0, boxes 9/20, T=5808.3, elapsed=0.1s
    [iter 2052] *** NEW BEST: value 24953.0, boxes 8/20, T=5806.9, elapsed=0.3s
    [iter 2061] *** NEW BEST: value 25573.0, boxes 9/20, T=5806.9, elapsed=0.3s
    [iter 6311] *** NEW BEST: value 25689.0, boxes 8/20, T=5803.2, elapsed=0.7s
    [iter 12064] reheat + diversify: ceiling=1452.39, value=17136.0
    [iter 17817] reheat + diversify: ceiling=1307.15, value=19780.0
    [iter 23570] reheat + diversify: ceiling=1176.44, value=19832.0
    [iter 29323] reheat + diversify: ceiling=1058.79, value=24131.0
    [iter 31441] *** NEW BEST: value 26361.0, boxes 9/20, T=5782.1, elapsed=2.9s
    [iter 37194] reheat + diversify: ceiling=952.91, value=24019.0
    [iter 42947] reheat + diversify: ceiling=857.62, value=11681.0
    [iter 48700] reheat + diversify: ceiling=771.86, value=14956.0
    [iter 54453] reheat + diversify: ceiling=694.67, value=13231.0
    [iter 60206] reheat + diversify: ceiling=625.21, value=17122.0
    [iter 65959] reheat + diversify: ceiling=562.69, value=14867.0
    [iter 71712] reheat + diversify: ceiling=506.42, value=14079.0
    [iter 77465] reheat + diversify: ceiling=455.78, value=20220.0
    [iter 83218] reheat + diversify: ceiling=410.20, value=12416.0
    [iter 88971] reheat + diversify: ceiling=369.18, value=24051.0
    [iter 94724] reheat + diversify: ceiling=332.26, value=19885.0
    [iter 100477] reheat + diversify: ceiling=299.03, value=17823.0
    [iter 106230] reheat + diversify: ceiling=269.13, value=21867.0
    [iter 111983] reheat + diversify: ceiling=242.22, value=12683.0
    [iter 117736] reheat + diversify: ceiling=218.00, value=12428.0
    [iter 123489] reheat + diversify: ceiling=196.20, value=15302.0
    [iter 129242] reheat + diversify: ceiling=176.58, value=11674.0
    [iter 134995] reheat + diversify: ceiling=158.92, value=16266.0
    [iter 140748] reheat + diversify: ceiling=143.03, value=12954.0
    [iter 146501] reheat + diversify: ceiling=128.72, value=18505.0
    [iter 152254] reheat + diversify: ceiling=115.85, value=16742.0
    [iter 158007] reheat + diversify: ceiling=104.27, value=17343.0
    [iter 163760] reheat + diversify: ceiling=93.84, value=20557.0
    [iter 169513] reheat + diversify: ceiling=84.46, value=21559.0
    [iter 175266] reheat + diversify: ceiling=76.01, value=13912.0
    [iter 181019] reheat + diversify: ceiling=68.41, value=8897.0
    [iter 186772] reheat + diversify: ceiling=61.57, value=16157.0
    [iter 192525] reheat + diversify: ceiling=55.41, value=19749.0
    [iter 198278] reheat + diversify: ceiling=49.87, value=12577.0
    [iter 204031] reheat + diversify: ceiling=44.88, value=14385.0
    [iter 209784] reheat + diversify: ceiling=40.40, value=11055.0
    [iter 215537] reheat + diversify: ceiling=36.36, value=20619.0
    [iter 221290] reheat + diversify: ceiling=32.72, value=11088.0
    [iter 227043] reheat + diversify: ceiling=29.45, value=19342.0
    [iter 232796] reheat + diversify: ceiling=26.50, value=14408.0
    [iter 238549] reheat + diversify: ceiling=23.85, value=14810.0
    [iter 244302] reheat + diversify: ceiling=21.47, value=15327.0
    [iter 250055] reheat + diversify: ceiling=19.32, value=16943.0
    [iter 255808] reheat + diversify: ceiling=17.39, value=15062.0
    [iter 261561] reheat + diversify: ceiling=15.65, value=24018.0
    [iter 267314] reheat + diversify: ceiling=14.08, value=15187.0
    [iter 273067] reheat + diversify: ceiling=12.68, value=14771.0
    [iter 278820] reheat + diversify: ceiling=11.41, value=18897.0
    [iter 284573] reheat + diversify: ceiling=10.27, value=14566.0
    [iter 290326] reheat + diversify: ceiling=9.24, value=15074.0
    [iter 296079] reheat + diversify: ceiling=8.32, value=16037.0
    [iter 301832] reheat + diversify: ceiling=7.49, value=14380.0
    [iter 307585] reheat + diversify: ceiling=6.74, value=10373.0
    [iter 313338] reheat + diversify: ceiling=6.06, value=14729.0
    [iter 319091] reheat + diversify: ceiling=5.46, value=18309.0
    [iter 324844] reheat + diversify: ceiling=4.91, value=13319.0
    [iter 330597] reheat + diversify: ceiling=4.42, value=15444.0
    [iter 336350] reheat + diversify: ceiling=3.98, value=16424.0
    [iter 342103] reheat + diversify: ceiling=3.58, value=13401.0
    [iter 347856] reheat + diversify: ceiling=3.22, value=19885.0
    [iter 353609] reheat + diversify: ceiling=2.90, value=22401.0
    [iter 359362] reheat + diversify: ceiling=2.61, value=15999.0
    [iter 365115] reheat + diversify: ceiling=2.35, value=13570.0
    [iter 370868] reheat + diversify: ceiling=2.11, value=14593.0
    [iter 376621] reheat + diversify: ceiling=1.90, value=23743.0
    [iter 382374] reheat + diversify: ceiling=1.71, value=14460.0
    [iter 388127] reheat + diversify: ceiling=1.54, value=13098.0
    [iter 393880] reheat + diversify: ceiling=1.39, value=23196.0
    [iter 399633] reheat + diversify: ceiling=1.25, value=12239.0
    [iter 405386] reheat + diversify: ceiling=1.12, value=15014.0
    [iter 411139] reheat + diversify: ceiling=1.01, value=15083.0
    [iter 416892] reheat + diversify: ceiling=0.91, value=17923.0
    [iter 422645] reheat + diversify: ceiling=0.82, value=17452.0
    [iter 428398] reheat + diversify: ceiling=0.74, value=18558.0
    [iter 434151] reheat + diversify: ceiling=0.66, value=13032.0
    [iter 439904] reheat + diversify: ceiling=0.60, value=18863.0
    [iter 445657] reheat + diversify: ceiling=0.54, value=13365.0
    [iter 451410] reheat + diversify: ceiling=0.48, value=12505.0
    [iter 457163] reheat + diversify: ceiling=0.44, value=14542.0
    [iter 462916] reheat + diversify: ceiling=0.39, value=20814.0
    [iter 468669] reheat + diversify: ceiling=0.35, value=15872.0
    [iter 474422] reheat + diversify: ceiling=0.32, value=15462.0
    [iter 480175] reheat + diversify: ceiling=0.29, value=15691.0
    [iter 485928] reheat + diversify: ceiling=0.26, value=18277.0
    [iter 491681] reheat + diversify: ceiling=0.23, value=23398.0
    [iter 497434] reheat + diversify: ceiling=0.21, value=23858.0
    [iter 503187] reheat + diversify: ceiling=0.19, value=15324.0
    [iter 508940] reheat + diversify: ceiling=0.17, value=16259.0
    [iter 514693] reheat + diversify: ceiling=0.15, value=20843.0
    [iter 520446] reheat + diversify: ceiling=0.14, value=23347.0
    [iter 526199] reheat + diversify: ceiling=0.12, value=20088.0
    [iter 531952] reheat + diversify: ceiling=0.11, value=19233.0
    [iter 537705] reheat + diversify: ceiling=0.10, value=15470.0
    [iter 543458] reheat + diversify: ceiling=0.09, value=13883.0
    [iter 549211] reheat + diversify: ceiling=0.08, value=14194.0
    [iter 554964] reheat + diversify: ceiling=0.07, value=21188.0
    [iter 560717] reheat + diversify: ceiling=0.07, value=16826.0
    [iter 566470] reheat + diversify: ceiling=0.06, value=10235.0
    [iter 572223] reheat + diversify: ceiling=0.05, value=18104.0
    [iter 577976] reheat + diversify: ceiling=0.05, value=12812.0
    [iter 583729] reheat + diversify: ceiling=0.04, value=20557.0
    [iter 589482] reheat + diversify: ceiling=0.04, value=18305.0
    [iter 595235] reheat + diversify: ceiling=0.03, value=15354.0
    [iter 600988] reheat + diversify: ceiling=0.03, value=9673.0
    [iter 606741] reheat + diversify: ceiling=0.03, value=10579.0
    [iter 612494] reheat + diversify: ceiling=0.03, value=14450.0
    [iter 618247] reheat + diversify: ceiling=0.02, value=23123.0
    [iter 624000] reheat + diversify: ceiling=0.02, value=15698.0
    [iter 629753] reheat + diversify: ceiling=0.02, value=12550.0
    [iter 635506] reheat + diversify: ceiling=0.02, value=23849.0
    [iter 641259] reheat + diversify: ceiling=0.01, value=12299.0
    [iter 647012] reheat + diversify: ceiling=0.01, value=17328.0
    [iter 652765] reheat + diversify: ceiling=0.01, value=14973.0
    [iter 658518] reheat + diversify: ceiling=0.01, value=16002.0
    [iter 664271] reheat + diversify: ceiling=0.01, value=20055.0
    [iter 670024] reheat + diversify: ceiling=0.01, value=16396.0
    [iter 675777] reheat + diversify: ceiling=0.01, value=13711.0
    [iter 681530] reheat + diversify: ceiling=0.01, value=14652.0
    [iter 687283] reheat + diversify: ceiling=0.01, value=15555.0
    [iter 693036] reheat + diversify: ceiling=0.01, value=16321.0
    [iter 698789] reheat + diversify: ceiling=0.01, value=22769.0
    [iter 704542] reheat + diversify: ceiling=0.00, value=19857.0
    [iter 710295] reheat + diversify: ceiling=0.00, value=13395.0
    [iter 716048] reheat + diversify: ceiling=0.00, value=13718.0
    [iter 721801] reheat + diversify: ceiling=0.00, value=15470.0
    [iter 727554] reheat + diversify: ceiling=0.00, value=13433.0
    [iter 733307] reheat + diversify: ceiling=0.00, value=20619.0
    [iter 739060] reheat + diversify: ceiling=0.00, value=13097.0
    [iter 744813] reheat + diversify: ceiling=0.00, value=21940.0
    [iter 750566] reheat + diversify: ceiling=0.00, value=10940.0
    [iter 756319] reheat + diversify: ceiling=0.00, value=20139.0
    [iter 762072] reheat + diversify: ceiling=0.00, value=17226.0
    [iter 767825] reheat + diversify: ceiling=0.00, value=14802.0
    [iter 773578] reheat + diversify: ceiling=0.00, value=14109.0
    [iter 779331] reheat + diversify: ceiling=0.00, value=15788.0
    [iter 785084] reheat + diversify: ceiling=0.00, value=16209.0
    [iter 790837] reheat + diversify: ceiling=0.00, value=17121.0
    [iter 796590] reheat + diversify: ceiling=0.00, value=12947.0
    [iter 802343] reheat + diversify: ceiling=0.00, value=12809.0
    [iter 808096] reheat + diversify: ceiling=0.00, value=12733.0
    [iter 813849] reheat + diversify: ceiling=0.00, value=19127.0
    [iter 819602] reheat + diversify: ceiling=0.00, value=17540.0
    [iter 825355] reheat + diversify: ceiling=0.00, value=14011.0
    [iter 831108] reheat + diversify: ceiling=0.00, value=11091.0
    [iter 836861] reheat + diversify: ceiling=0.00, value=18576.0
    [iter 842614] reheat + diversify: ceiling=0.00, value=18789.0
    [iter 848367] reheat + diversify: ceiling=0.00, value=11912.0
    [iter 854120] reheat + diversify: ceiling=0.00, value=18332.0
    [iter 859873] reheat + diversify: ceiling=0.00, value=16002.0
    [iter 865626] reheat + diversify: ceiling=0.00, value=15354.0
    [iter 871379] reheat + diversify: ceiling=0.00, value=18018.0
    [iter 877132] reheat + diversify: ceiling=0.00, value=17286.0
    [iter 882885] reheat + diversify: ceiling=0.00, value=19066.0
    [iter 888638] reheat + diversify: ceiling=0.00, value=13033.0
    [iter 894391] reheat + diversify: ceiling=0.00, value=13894.0
    [iter 900144] reheat + diversify: ceiling=0.00, value=16405.0
    [iter 905897] reheat + diversify: ceiling=0.00, value=13832.0
    [iter 911650] reheat + diversify: ceiling=0.00, value=18268.0
    [iter 917403] reheat + diversify: ceiling=0.00, value=14018.0
    [iter 923156] reheat + diversify: ceiling=0.00, value=12185.0
    [iter 928909] reheat + diversify: ceiling=0.00, value=14952.0
    [iter 934662] reheat + diversify: ceiling=0.00, value=13046.0
    [iter 940415] reheat + diversify: ceiling=0.00, value=19748.0
    [iter 946168] reheat + diversify: ceiling=0.00, value=20558.0
    [iter 951921] reheat + diversify: ceiling=0.00, value=20161.0
    [iter 957674] reheat + diversify: ceiling=0.00, value=17467.0
    [iter 963427] reheat + diversify: ceiling=0.00, value=12505.0
    [iter 969180] reheat + diversify: ceiling=0.00, value=19748.0
    [iter 974933] reheat + diversify: ceiling=0.00, value=16927.0
    [iter 980686] reheat + diversify: ceiling=0.00, value=13401.0
    [iter 986439] reheat + diversify: ceiling=0.00, value=12416.0
    [iter 992192] reheat + diversify: ceiling=0.00, value=13836.0
    [iter 997945] reheat + diversify: ceiling=0.00, value=11307.0
    [iter 1003698] reheat + diversify: ceiling=0.00, value=12645.0
    [iter 1009451] reheat + diversify: ceiling=0.00, value=17508.0
    [iter 1015204] reheat + diversify: ceiling=0.00, value=20055.0
    [iter 1020957] reheat + diversify: ceiling=0.00, value=16461.0
    [iter 1026710] reheat + diversify: ceiling=0.00, value=11805.0
    [iter 1032463] reheat + diversify: ceiling=0.00, value=20760.0
    [iter 1038216] reheat + diversify: ceiling=0.00, value=16429.0
    [iter 1043969] reheat + diversify: ceiling=0.00, value=24050.0
    [iter 1049722] reheat + diversify: ceiling=0.00, value=10977.0
    [iter 1055475] reheat + diversify: ceiling=0.00, value=10504.0
    [iter 1061228] reheat + diversify: ceiling=0.00, value=14460.0
    [iter 1066981] reheat + diversify: ceiling=0.00, value=15837.0
    [iter 1072734] reheat + diversify: ceiling=0.00, value=16969.0
    [iter 1078487] reheat + diversify: ceiling=0.00, value=15512.0
    [iter 1084240] reheat + diversify: ceiling=0.00, value=18373.0
    [iter 1089993] reheat + diversify: ceiling=0.00, value=24531.0
    [iter 1095746] reheat + diversify: ceiling=0.00, value=12505.0
    [iter 1101499] reheat + diversify: ceiling=0.00, value=22527.0
    [iter 1107252] reheat + diversify: ceiling=0.00, value=10759.0
    [iter 1113005] reheat + diversify: ceiling=0.00, value=16349.0
    [iter 1118758] reheat + diversify: ceiling=0.00, value=20055.0
    [iter 1124511] reheat + diversify: ceiling=0.00, value=16796.0
    [iter 1130264] reheat + diversify: ceiling=0.00, value=11055.0
    [iter 1136017] reheat + diversify: ceiling=0.00, value=13231.0
    [iter 1141770] reheat + diversify: ceiling=0.00, value=12048.0
    [iter 1147523] reheat + diversify: ceiling=0.00, value=11647.0
    [iter 1153276] reheat + diversify: ceiling=0.00, value=12304.0
    [iter 1159029] reheat + diversify: ceiling=0.00, value=14879.0
    [iter 1164782] reheat + diversify: ceiling=0.00, value=13708.0
    [iter 1170535] reheat + diversify: ceiling=0.00, value=12618.0
    [iter 1176288] reheat + diversify: ceiling=0.00, value=14594.0
    [iter 1182041] reheat + diversify: ceiling=0.00, value=13097.0
    [iter 1187794] reheat + diversify: ceiling=0.00, value=14561.0
    [iter 1193547] reheat + diversify: ceiling=0.00, value=13433.0
    [iter 1199300] reheat + diversify: ceiling=0.00, value=16520.0
    [iter 1205053] reheat + diversify: ceiling=0.00, value=17423.0
    [iter 1210806] reheat + diversify: ceiling=0.00, value=20087.0
    [iter 1216559] reheat + diversify: ceiling=0.00, value=14155.0
    [iter 1222312] reheat + diversify: ceiling=0.00, value=12048.0
    [iter 1228065] reheat + diversify: ceiling=0.00, value=14140.0
    [iter 1233818] reheat + diversify: ceiling=0.00, value=15902.0
    [iter 1239571] reheat + diversify: ceiling=0.00, value=13708.0
    [iter 1245324] reheat + diversify: ceiling=0.00, value=10979.0
    [iter 1251077] reheat + diversify: ceiling=0.00, value=13848.0
    [iter 1256830] reheat + diversify: ceiling=0.00, value=10663.0
    [iter 1262583] reheat + diversify: ceiling=0.00, value=15867.0
    [iter 1268336] reheat + diversify: ceiling=0.00, value=14144.0
    [iter 1274089] reheat + diversify: ceiling=0.00, value=23275.0
    [iter 1279842] reheat + diversify: ceiling=0.00, value=10473.0
    [iter 1285595] reheat + diversify: ceiling=0.00, value=14408.0
    [iter 1291348] reheat + diversify: ceiling=0.00, value=20452.0
    [iter 1297101] reheat + diversify: ceiling=0.00, value=17641.0
    [iter 1302854] reheat + diversify: ceiling=0.00, value=16204.0
    [iter 1308607] reheat + diversify: ceiling=0.00, value=17717.0
    [iter 1314360] reheat + diversify: ceiling=0.00, value=15103.0
    [iter 1320113] reheat + diversify: ceiling=0.00, value=15267.0
    [iter 1325866] reheat + diversify: ceiling=0.00, value=14291.0
    [iter 1331619] reheat + diversify: ceiling=0.00, value=17329.0
    [iter 1337372] reheat + diversify: ceiling=0.00, value=13378.0
    [iter 1343125] reheat + diversify: ceiling=0.00, value=21665.0
    [iter 1348878] reheat + diversify: ceiling=0.00, value=14214.0
    [iter 1354631] reheat + diversify: ceiling=0.00, value=18277.0
    [iter 1360384] reheat + diversify: ceiling=0.00, value=18225.0
    [iter 1366137] reheat + diversify: ceiling=0.00, value=19515.0
    [iter 1371890] reheat + diversify: ceiling=0.00, value=15052.0
    [iter 1377643] reheat + diversify: ceiling=0.00, value=13823.0
    [iter 1383396] reheat + diversify: ceiling=0.00, value=14988.0
    [iter 1389149] reheat + diversify: ceiling=0.00, value=23849.0
    [iter 1394902] reheat + diversify: ceiling=0.00, value=12387.0
    [iter 1400655] reheat + diversify: ceiling=0.00, value=13834.0
    [iter 1406408] reheat + diversify: ceiling=0.00, value=15102.0
    [iter 1412161] reheat + diversify: ceiling=0.00, value=18305.0
    [iter 1417914] reheat + diversify: ceiling=0.00, value=17538.0
    [iter 1423667] reheat + diversify: ceiling=0.00, value=14548.0
    [iter 1429420] reheat + diversify: ceiling=0.00, value=12629.0
    [iter 1435173] reheat + diversify: ceiling=0.00, value=13014.0
    [iter 1440926] reheat + diversify: ceiling=0.00, value=12113.0
    [iter 1446679] reheat + diversify: ceiling=0.00, value=22845.0
    [iter 1452432] reheat + diversify: ceiling=0.00, value=11160.0
    [iter 1458185] reheat + diversify: ceiling=0.00, value=23177.0
    [iter 1463938] reheat + diversify: ceiling=0.00, value=14867.0
    [iter 1469691] reheat + diversify: ceiling=0.00, value=11278.0
    [iter 1475444] reheat + diversify: ceiling=0.00, value=21867.0
    [iter 1481197] reheat + diversify: ceiling=0.00, value=18442.0
    [iter 1486950] reheat + diversify: ceiling=0.00, value=13491.0
    [iter 1492703] reheat + diversify: ceiling=0.00, value=14417.0
    [iter 1498456] reheat + diversify: ceiling=0.00, value=12438.0
    [iter 1504209] reheat + diversify: ceiling=0.00, value=17459.0
    [iter 1509962] reheat + diversify: ceiling=0.00, value=15742.0
    [iter 1515715] reheat + diversify: ceiling=0.00, value=20865.0
    [iter 1521468] reheat + diversify: ceiling=0.00, value=19774.0
    [iter 1527221] reheat + diversify: ceiling=0.00, value=10578.0
    [iter 1532974] reheat + diversify: ceiling=0.00, value=19262.0
    [iter 1538727] reheat + diversify: ceiling=0.00, value=11824.0
    [iter 1544480] reheat + diversify: ceiling=0.00, value=18058.0
    [iter 1550233] reheat + diversify: ceiling=0.00, value=13565.0
    [iter 1555986] reheat + diversify: ceiling=0.00, value=16741.0
    [iter 1561739] reheat + diversify: ceiling=0.00, value=19409.0
    [iter 1567492] reheat + diversify: ceiling=0.00, value=23123.0
    [iter 1573245] reheat + diversify: ceiling=0.00, value=12240.0
    [iter 1578998] reheat + diversify: ceiling=0.00, value=12896.0
    [iter 1584751] reheat + diversify: ceiling=0.00, value=11097.0
    [iter 1590504] reheat + diversify: ceiling=0.00, value=12497.0
    [iter 1596257] reheat + diversify: ceiling=0.00, value=15214.0
    [iter 1602010] reheat + diversify: ceiling=0.00, value=12586.0
    [iter 1607763] reheat + diversify: ceiling=0.00, value=12699.0
    [iter 1613516] reheat + diversify: ceiling=0.00, value=19937.0
    [iter 1619269] reheat + diversify: ceiling=0.00, value=24531.0
    [iter 1625022] reheat + diversify: ceiling=0.00, value=18165.0
    [iter 1630775] reheat + diversify: ceiling=0.00, value=14007.0
    [iter 1636528] reheat + diversify: ceiling=0.00, value=22303.0
    [iter 1642281] reheat + diversify: ceiling=0.00, value=16965.0
    [iter 1648034] reheat + diversify: ceiling=0.00, value=15788.0
    [iter 1653787] reheat + diversify: ceiling=0.00, value=19287.0
    [iter 1659540] reheat + diversify: ceiling=0.00, value=17345.0
    [iter 1665293] reheat + diversify: ceiling=0.00, value=16972.0
    [iter 1671046] reheat + diversify: ceiling=0.00, value=12416.0
    [iter 1676799] reheat + diversify: ceiling=0.00, value=24019.0
    [iter 1682552] reheat + diversify: ceiling=0.00, value=12326.0
    [iter 1688305] reheat + diversify: ceiling=0.00, value=24953.0
    [iter 1694058] reheat + diversify: ceiling=0.00, value=17275.0
    [iter 1699811] reheat + diversify: ceiling=0.00, value=12387.0
    [iter 1705564] reheat + diversify: ceiling=0.00, value=24051.0
    [iter 1711317] reheat + diversify: ceiling=0.00, value=18471.0
    [iter 1717070] reheat + diversify: ceiling=0.00, value=11356.0
    [iter 1722823] reheat + diversify: ceiling=0.00, value=22633.0
    [iter 1728576] reheat + diversify: ceiling=0.00, value=19474.0
    [iter 1734329] reheat + diversify: ceiling=0.00, value=11565.0
    [iter 1740082] reheat + diversify: ceiling=0.00, value=16143.0
    [iter 1745835] reheat + diversify: ceiling=0.00, value=23231.0
    [iter 1751588] reheat + diversify: ceiling=0.00, value=13324.0
    [iter 1757341] reheat + diversify: ceiling=0.00, value=20161.0
    [iter 1763094] reheat + diversify: ceiling=0.00, value=15841.0
    [iter 1768847] reheat + diversify: ceiling=0.00, value=23849.0
    [iter 1774600] reheat + diversify: ceiling=0.00, value=18277.0
    [iter 1780353] reheat + diversify: ceiling=0.00, value=10323.0
    [iter 1786106] reheat + diversify: ceiling=0.00, value=12577.0
    [iter 1791859] reheat + diversify: ceiling=0.00, value=12549.0
    [iter 1797612] reheat + diversify: ceiling=0.00, value=17399.0
    [iter 1803365] reheat + diversify: ceiling=0.00, value=14755.0
    [iter 1809118] reheat + diversify: ceiling=0.00, value=12604.0
    [iter 1814871] reheat + diversify: ceiling=0.00, value=16746.0
    [iter 1820624] reheat + diversify: ceiling=0.00, value=19885.0
    [iter 1826377] reheat + diversify: ceiling=0.00, value=11398.0
    [iter 1832130] reheat + diversify: ceiling=0.00, value=17028.0
    [iter 1837883] reheat + diversify: ceiling=0.00, value=16321.0
    [iter 1843636] reheat + diversify: ceiling=0.00, value=16009.0
    [iter 1849389] reheat + diversify: ceiling=0.00, value=12286.0
    [iter 1855142] reheat + diversify: ceiling=0.00, value=18843.0
    [iter 1860895] reheat + diversify: ceiling=0.00, value=14496.0
    [iter 1866648] reheat + diversify: ceiling=0.00, value=12185.0
    [iter 1872401] reheat + diversify: ceiling=0.00, value=20619.0
    [iter 1878154] reheat + diversify: ceiling=0.00, value=20139.0
    [iter 1883907] reheat + diversify: ceiling=0.00, value=12913.0
    [iter 1889660] reheat + diversify: ceiling=0.00, value=12095.0
    [iter 1895413] reheat + diversify: ceiling=0.00, value=17388.0
    [iter 1901166] reheat + diversify: ceiling=0.00, value=19515.0
    [iter 1906919] reheat + diversify: ceiling=0.00, value=11356.0
    [iter 1912672] reheat + diversify: ceiling=0.00, value=12841.0
    [iter 1918425] reheat + diversify: ceiling=0.00, value=11287.0
    [iter 1924178] reheat + diversify: ceiling=0.00, value=24585.0
    [iter 1929931] reheat + diversify: ceiling=0.00, value=17789.0
    [iter 1935684] reheat + diversify: ceiling=0.00, value=13462.0
    [iter 1941437] reheat + diversify: ceiling=0.00, value=15578.0
    [iter 1947190] reheat + diversify: ceiling=0.00, value=17222.0
    [iter 1952943] reheat + diversify: ceiling=0.00, value=15610.0
    [iter 1958696] reheat + diversify: ceiling=0.00, value=19799.0
    [iter 1964449] reheat + diversify: ceiling=0.00, value=14591.0
    [iter 1970202] reheat + diversify: ceiling=0.00, value=14620.0
    [iter 1975955] reheat + diversify: ceiling=0.00, value=14567.0
    [iter 1981708] reheat + diversify: ceiling=0.00, value=21188.0
    [iter 1987461] reheat + diversify: ceiling=0.00, value=23743.0
    [iter 1993214] reheat + diversify: ceiling=0.00, value=12603.0
    [iter 1998967] reheat + diversify: ceiling=0.00, value=23817.0
    [iter 2004720] reheat + diversify: ceiling=0.00, value=19774.0
    [iter 2010473] reheat + diversify: ceiling=0.00, value=24133.0
    [iter 2016226] reheat + diversify: ceiling=0.00, value=20865.0
    [iter 2021979] reheat + diversify: ceiling=0.00, value=15858.0
    [iter 2027732] reheat + diversify: ceiling=0.00, value=15236.0
    [iter 2033485] reheat + diversify: ceiling=0.00, value=10934.0
    [iter 2039238] reheat + diversify: ceiling=0.00, value=16746.0
    [iter 2044991] reheat + diversify: ceiling=0.00, value=13958.0
    [iter 2050744] reheat + diversify: ceiling=0.00, value=19685.0
    [iter 2056497] reheat + diversify: ceiling=0.00, value=12547.0
    [iter 2062250] reheat + diversify: ceiling=0.00, value=19738.0
    [iter 2068003] reheat + diversify: ceiling=0.00, value=11674.0
    [iter 2073756] reheat + diversify: ceiling=0.00, value=13520.0
    [iter 2079509] reheat + diversify: ceiling=0.00, value=18309.0
    [iter 2085262] reheat + diversify: ceiling=0.00, value=14620.0
    [iter 2091015] reheat + diversify: ceiling=0.00, value=11662.0
    [iter 2096768] reheat + diversify: ceiling=0.00, value=11824.0
    [iter 2102521] reheat + diversify: ceiling=0.00, value=16544.0
    [iter 2108274] reheat + diversify: ceiling=0.00, value=16334.0
    [iter 2114027] reheat + diversify: ceiling=0.00, value=22311.0
    [iter 2119780] reheat + diversify: ceiling=0.00, value=15500.0
    [iter 2125533] reheat + diversify: ceiling=0.00, value=14762.0
    [iter 2131286] reheat + diversify: ceiling=0.00, value=19217.0
    [iter 2137039] reheat + diversify: ceiling=0.00, value=21835.0
    [iter 2142792] reheat + diversify: ceiling=0.00, value=19374.0
    [iter 2148545] reheat + diversify: ceiling=0.00, value=18274.0
    [iter 2154298] reheat + diversify: ceiling=0.00, value=15975.0
    [iter 2160051] reheat + diversify: ceiling=0.00, value=22769.0
    [iter 2165804] reheat + diversify: ceiling=0.00, value=19201.0
    [iter 2171557] reheat + diversify: ceiling=0.00, value=23123.0
    [iter 2177310] reheat + diversify: ceiling=0.00, value=8949.0
    [iter 2183063] reheat + diversify: ceiling=0.00, value=15752.0
    [iter 2188816] reheat + diversify: ceiling=0.00, value=13206.0
    [iter 2194569] reheat + diversify: ceiling=0.00, value=22455.0
    [iter 2200322] reheat + diversify: ceiling=0.00, value=13365.0
    [iter 2206075] reheat + diversify: ceiling=0.00, value=19035.0
    [iter 2211828] reheat + diversify: ceiling=0.00, value=11507.0
    [iter 2217581] reheat + diversify: ceiling=0.00, value=14111.0
    [iter 2223334] reheat + diversify: ceiling=0.00, value=18522.0
    [iter 2229087] reheat + diversify: ceiling=0.00, value=16664.0
    [iter 2234840] reheat + diversify: ceiling=0.00, value=23484.0
    [iter 2240593] reheat + diversify: ceiling=0.00, value=11022.0
    [iter 2246346] reheat + diversify: ceiling=0.00, value=16149.0
    [iter 2252099] reheat + diversify: ceiling=0.00, value=21240.0
    [iter 2257852] reheat + diversify: ceiling=0.00, value=13691.0
    [iter 2263605] reheat + diversify: ceiling=0.00, value=14295.0
    [iter 2269358] reheat + diversify: ceiling=0.00, value=11276.0
    [iter 2275111] reheat + diversify: ceiling=0.00, value=17452.0
    [iter 2280864] reheat + diversify: ceiling=0.00, value=21675.0
    [iter 2286617] reheat + diversify: ceiling=0.00, value=15494.0
    [iter 2292370] reheat + diversify: ceiling=0.00, value=18247.0
    [iter 2298123] reheat + diversify: ceiling=0.00, value=22685.0
    [iter 2303876] reheat + diversify: ceiling=0.00, value=17067.0
    [iter 2309629] reheat + diversify: ceiling=0.00, value=13056.0
    [iter 2315382] reheat + diversify: ceiling=0.00, value=14068.0
    [iter 2321135] reheat + diversify: ceiling=0.00, value=17097.0
    [iter 2326888] reheat + diversify: ceiling=0.00, value=22717.0
    [iter 2332641] reheat + diversify: ceiling=0.00, value=20055.0
    [iter 2338394] reheat + diversify: ceiling=0.00, value=20139.0
    [iter 2344147] reheat + diversify: ceiling=0.00, value=12310.0
    [iter 2349900] reheat + diversify: ceiling=0.00, value=20485.0
    [iter 2355653] reheat + diversify: ceiling=0.00, value=12127.0
    [iter 2361406] reheat + diversify: ceiling=0.00, value=15801.0
    [iter 2367159] reheat + diversify: ceiling=0.00, value=17566.0
    [iter 2372912] reheat + diversify: ceiling=0.00, value=16540.0
    [iter 2378665] reheat + diversify: ceiling=0.00, value=16429.0
    [iter 2384418] reheat + diversify: ceiling=0.00, value=17276.0
    [iter 2390171] reheat + diversify: ceiling=0.00, value=12025.0
    [iter 2395924] reheat + diversify: ceiling=0.00, value=23123.0
    [iter 2401677] reheat + diversify: ceiling=0.00, value=13508.0
    [iter 2407430] reheat + diversify: ceiling=0.00, value=18187.0
    [iter 2413183] reheat + diversify: ceiling=0.00, value=15326.0
    [iter 2418936] reheat + diversify: ceiling=0.00, value=23797.0
    [iter 2424689] reheat + diversify: ceiling=0.00, value=16872.0
    [iter 2430442] reheat + diversify: ceiling=0.00, value=16546.0
    [iter 2436195] reheat + diversify: ceiling=0.00, value=19196.0
    [iter 2441948] reheat + diversify: ceiling=0.00, value=13258.0
    [iter 2447701] reheat + diversify: ceiling=0.00, value=12025.0
    [iter 2453454] reheat + diversify: ceiling=0.00, value=23243.0
    [iter 2459207] reheat + diversify: ceiling=0.00, value=16914.0
    [iter 2464960] reheat + diversify: ceiling=0.00, value=19625.0
    [iter 2470713] reheat + diversify: ceiling=0.00, value=14893.0
    [iter 2476466] reheat + diversify: ceiling=0.00, value=19799.0
    [iter 2482219] reheat + diversify: ceiling=0.00, value=11117.0
    [iter 2487972] reheat + diversify: ceiling=0.00, value=19179.0
    [iter 2493725] reheat + diversify: ceiling=0.00, value=16291.0
    [iter 2499478] reheat + diversify: ceiling=0.00, value=20088.0
    [iter 2505231] reheat + diversify: ceiling=0.00, value=19686.0
    [iter 2510984] reheat + diversify: ceiling=0.00, value=17717.0
    [iter 2516737] reheat + diversify: ceiling=0.00, value=21907.0
    [iter 2522490] reheat + diversify: ceiling=0.00, value=11123.0
    [iter 2528243] reheat + diversify: ceiling=0.00, value=16119.0
    [iter 2533996] reheat + diversify: ceiling=0.00, value=13088.0
    [iter 2539749] reheat + diversify: ceiling=0.00, value=14259.0
    [iter 2545502] reheat + diversify: ceiling=0.00, value=19715.0
    [iter 2551255] reheat + diversify: ceiling=0.00, value=16323.0
    [iter 2557008] reheat + diversify: ceiling=0.00, value=17823.0
    [iter 2562761] reheat + diversify: ceiling=0.00, value=13910.0
    [iter 2568514] reheat + diversify: ceiling=0.00, value=17111.0
    [iter 2574267] reheat + diversify: ceiling=0.00, value=17045.0
    [iter 2580020] reheat + diversify: ceiling=0.00, value=14956.0
    [iter 2585773] reheat + diversify: ceiling=0.00, value=15417.0
    [iter 2591526] reheat + diversify: ceiling=0.00, value=19885.0
    [iter 2597279] reheat + diversify: ceiling=0.00, value=19035.0
    [iter 2603032] reheat + diversify: ceiling=0.00, value=17139.0
    [iter 2608785] reheat + diversify: ceiling=0.00, value=15252.0
    [iter 2614538] reheat + diversify: ceiling=0.00, value=17173.0
    [iter 2620291] reheat + diversify: ceiling=0.00, value=15551.0
    [iter 2626044] reheat + diversify: ceiling=0.00, value=18134.0
    [iter 2631797] reheat + diversify: ceiling=0.00, value=11081.0
    [iter 2637550] reheat + diversify: ceiling=0.00, value=17258.0
    [iter 2643303] reheat + diversify: ceiling=0.00, value=15024.0
    [iter 2649056] reheat + diversify: ceiling=0.00, value=15447.0
    [iter 2654809] reheat + diversify: ceiling=0.00, value=16803.0
    [iter 2660562] reheat + diversify: ceiling=0.00, value=22593.0
    [iter 2666315] reheat + diversify: ceiling=0.00, value=15187.0
    [iter 2672068] reheat + diversify: ceiling=0.00, value=14678.0
    [iter 2677821] reheat + diversify: ceiling=0.00, value=14000.0
    [iter 2683574] reheat + diversify: ceiling=0.00, value=14928.0
    [iter 2689327] reheat + diversify: ceiling=0.00, value=13179.0
    [iter 2695080] reheat + diversify: ceiling=0.00, value=11987.0
    [iter 2700833] reheat + diversify: ceiling=0.00, value=12185.0
    [iter 2706586] reheat + diversify: ceiling=0.00, value=18309.0
    [iter 2712339] reheat + diversify: ceiling=0.00, value=11905.0
    [iter 2718092] reheat + diversify: ceiling=0.00, value=18727.0
    [iter 2723845] reheat + diversify: ceiling=0.00, value=17199.0
    [iter 2729598] reheat + diversify: ceiling=0.00, value=15681.0
    [iter 2735351] reheat + diversify: ceiling=0.00, value=11993.0
    [iter 2741104] reheat + diversify: ceiling=0.00, value=23461.0
    [iter 2746857] reheat + diversify: ceiling=0.00, value=22527.0
    [iter 2752610] reheat + diversify: ceiling=0.00, value=13899.0
    [iter 2758363] reheat + diversify: ceiling=0.00, value=20558.0
    [iter 2764116] reheat + diversify: ceiling=0.00, value=17652.0
    [iter 2769869] reheat + diversify: ceiling=0.00, value=19003.0
    [iter 2775622] reheat + diversify: ceiling=0.00, value=14144.0
    [iter 2781375] reheat + diversify: ceiling=0.00, value=20875.0
    [iter 2787128] reheat + diversify: ceiling=0.00, value=17738.0
    [iter 2792881] reheat + diversify: ceiling=0.00, value=21070.0
    [iter 2798634] reheat + diversify: ceiling=0.00, value=19832.0
    [iter 2804387] reheat + diversify: ceiling=0.00, value=24531.0
    [iter 2810140] reheat + diversify: ceiling=0.00, value=16337.0
    [iter 2815893] reheat + diversify: ceiling=0.00, value=15926.0
    [iter 2821646] reheat + diversify: ceiling=0.00, value=24019.0
    [iter 2827399] reheat + diversify: ceiling=0.00, value=13430.0
    [iter 2833152] reheat + diversify: ceiling=0.00, value=15612.0
    [iter 2838905] reheat + diversify: ceiling=0.00, value=15317.0
    [iter 2844658] reheat + diversify: ceiling=0.00, value=10699.0
    [iter 2850411] reheat + diversify: ceiling=0.00, value=16322.0
    [iter 2856164] reheat + diversify: ceiling=0.00, value=17441.0
    [iter 2861917] reheat + diversify: ceiling=0.00, value=19717.0
    [iter 2867670] reheat + diversify: ceiling=0.00, value=14532.0
    [iter 2873423] reheat + diversify: ceiling=0.00, value=18929.0
    [iter 2879176] reheat + diversify: ceiling=0.00, value=13125.0
    [iter 2884929] reheat + diversify: ceiling=0.00, value=19045.0
    [iter 2890682] reheat + diversify: ceiling=0.00, value=18897.0
    [iter 2896435] reheat + diversify: ceiling=0.00, value=14593.0
    [iter 2902188] reheat + diversify: ceiling=0.00, value=24531.0
    [iter 2907941] reheat + diversify: ceiling=0.00, value=13356.0
    [iter 2913694] reheat + diversify: ceiling=0.00, value=23315.0
    [iter 2919447] reheat + diversify: ceiling=0.00, value=14534.0
    [iter 2925200] reheat + diversify: ceiling=0.00, value=19374.0
    [iter 2930953] reheat + diversify: ceiling=0.00, value=10683.0
    [iter 2936706] reheat + diversify: ceiling=0.00, value=17760.0
    [iter 2942459] reheat + diversify: ceiling=0.00, value=13042.0
    [iter 2948212] reheat + diversify: ceiling=0.00, value=14213.0
    [iter 2953965] reheat + diversify: ceiling=0.00, value=11358.0
    [iter 2959718] reheat + diversify: ceiling=0.00, value=15893.0
    [iter 2965471] reheat + diversify: ceiling=0.00, value=12185.0
    [iter 2971224] reheat + diversify: ceiling=0.00, value=19265.0
    [iter 2976977] reheat + diversify: ceiling=0.00, value=13925.0
    [iter 2982730] reheat + diversify: ceiling=0.00, value=15526.0
    [iter 2988483] reheat + diversify: ceiling=0.00, value=12098.0
    [iter 2994236] reheat + diversify: ceiling=0.00, value=22487.0
    [iter 2999989] reheat + diversify: ceiling=0.00, value=12730.0
    [iter 3005742] reheat + diversify: ceiling=0.00, value=17342.0
    [iter 3011495] reheat + diversify: ceiling=0.00, value=20219.0
    [iter 3017248] reheat + diversify: ceiling=0.00, value=16337.0
    [iter 3023001] reheat + diversify: ceiling=0.00, value=13412.0
    [iter 3028754] reheat + diversify: ceiling=0.00, value=16919.0
    [iter 3034507] reheat + diversify: ceiling=0.00, value=14077.0
    [iter 3040260] reheat + diversify: ceiling=0.00, value=16009.0
    [iter 3046013] reheat + diversify: ceiling=0.00, value=17816.0
    [iter 3051766] reheat + diversify: ceiling=0.00, value=18464.0
    [iter 3057519] reheat + diversify: ceiling=0.00, value=13883.0
    [iter 3063272] reheat + diversify: ceiling=0.00, value=14460.0
    [iter 3069025] reheat + diversify: ceiling=0.00, value=15926.0
    [iter 3074778] reheat + diversify: ceiling=0.00, value=20075.0
    [iter 3080531] reheat + diversify: ceiling=0.00, value=23123.0
    [iter 3086284] reheat + diversify: ceiling=0.00, value=16746.0
    [iter 3092037] reheat + diversify: ceiling=0.00, value=24050.0
    [iter 3097790] reheat + diversify: ceiling=0.00, value=15319.0
    [iter 3103543] reheat + diversify: ceiling=0.00, value=13859.0
    [iter 3109296] reheat + diversify: ceiling=0.00, value=22295.0
    [iter 3115049] reheat + diversify: ceiling=0.00, value=11792.0
    [iter 3120802] reheat + diversify: ceiling=0.00, value=15270.0
    [iter 3126555] reheat + diversify: ceiling=0.00, value=22347.0
    [iter 3132308] reheat + diversify: ceiling=0.00, value=21907.0
    [iter 3138061] reheat + diversify: ceiling=0.00, value=18641.0
    [iter 3143814] reheat + diversify: ceiling=0.00, value=23479.0
    [iter 3149567] reheat + diversify: ceiling=0.00, value=18897.0
    [iter 3155320] reheat + diversify: ceiling=0.00, value=20075.0
    [iter 3161073] reheat + diversify: ceiling=0.00, value=11699.0
    [iter 3166826] reheat + diversify: ceiling=0.00, value=17034.0
    [iter 3172579] reheat + diversify: ceiling=0.00, value=13295.0
    [iter 3178332] reheat + diversify: ceiling=0.00, value=13629.0
    [iter 3184085] reheat + diversify: ceiling=0.00, value=15408.0
    [iter 3189838] reheat + diversify: ceiling=0.00, value=15281.0
    [iter 3195591] reheat + diversify: ceiling=0.00, value=17518.0
    [iter 3201344] reheat + diversify: ceiling=0.00, value=18107.0
    [iter 3207097] reheat + diversify: ceiling=0.00, value=13835.0
    [iter 3212850] reheat + diversify: ceiling=0.00, value=16323.0
    [iter 3218603] reheat + diversify: ceiling=0.00, value=20619.0
    [iter 3224356] reheat + diversify: ceiling=0.00, value=15000.0
    [iter 3230109] reheat + diversify: ceiling=0.00, value=16054.0
    [iter 3235862] reheat + diversify: ceiling=0.00, value=19717.0
    [iter 3241615] reheat + diversify: ceiling=0.00, value=19233.0
    [iter 3247368] reheat + diversify: ceiling=0.00, value=22593.0
    [iter 3253121] reheat + diversify: ceiling=0.00, value=24953.0
    [iter 3258874] reheat + diversify: ceiling=0.00, value=21834.0
    [iter 3264627] reheat + diversify: ceiling=0.00, value=17452.0
    [iter 3270380] reheat + diversify: ceiling=0.00, value=19685.0
    [iter 3276133] reheat + diversify: ceiling=0.00, value=14291.0
    [iter 3281886] reheat + diversify: ceiling=0.00, value=14486.0
    [iter 3287639] reheat + diversify: ceiling=0.00, value=23122.0
    [iter 3293392] reheat + diversify: ceiling=0.00, value=11725.0
    [iter 3299145] reheat + diversify: ceiling=0.00, value=17823.0
    [iter 3304898] reheat + diversify: ceiling=0.00, value=16839.0
    [iter 3310651] reheat + diversify: ceiling=0.00, value=14698.0
    [iter 3316404] reheat + diversify: ceiling=0.00, value=20055.0
    [iter 3322157] reheat + diversify: ceiling=0.00, value=19363.0
    [iter 3327910] reheat + diversify: ceiling=0.00, value=22571.0
    [iter 3333663] reheat + diversify: ceiling=0.00, value=15220.0
    [iter 3339416] reheat + diversify: ceiling=0.00, value=21246.0
    [iter 3345169] reheat + diversify: ceiling=0.00, value=20056.0
    [iter 3350922] reheat + diversify: ceiling=0.00, value=15021.0
    [iter 3356675] reheat + diversify: ceiling=0.00, value=16017.0
    [iter 3362428] reheat + diversify: ceiling=0.00, value=15700.0
    [iter 3368181] reheat + diversify: ceiling=0.00, value=13567.0
    [iter 3373934] reheat + diversify: ceiling=0.00, value=13867.0
    [iter 3379687] reheat + diversify: ceiling=0.00, value=13430.0
    [iter 3385440] reheat + diversify: ceiling=0.00, value=19319.0
    [iter 3391193] reheat + diversify: ceiling=0.00, value=12310.0
    [iter 3396946] reheat + diversify: ceiling=0.00, value=13125.0
    [iter 3402699] reheat + diversify: ceiling=0.00, value=14077.0
    [iter 3408452] reheat + diversify: ceiling=0.00, value=12645.0
    [iter 3414205] reheat + diversify: ceiling=0.00, value=18648.0
    [iter 3419958] reheat + diversify: ceiling=0.00, value=9875.0
    [iter 3425711] reheat + diversify: ceiling=0.00, value=14822.0
    [iter 3431464] reheat + diversify: ceiling=0.00, value=16829.0
    [iter 3437217] reheat + diversify: ceiling=0.00, value=24051.0
    [iter 3442970] reheat + diversify: ceiling=0.00, value=16832.0
    [iter 3448723] reheat + diversify: ceiling=0.00, value=13787.0
    [iter 3454476] reheat + diversify: ceiling=0.00, value=12387.0
    [iter 3460229] reheat + diversify: ceiling=0.00, value=10462.0
    [iter 3465982] reheat + diversify: ceiling=0.00, value=13114.0
    [iter 3471735] reheat + diversify: ceiling=0.00, value=15151.0
    [iter 3477488] reheat + diversify: ceiling=0.00, value=18151.0
    [iter 3483241] reheat + diversify: ceiling=0.00, value=23743.0
    [iter 3488994] reheat + diversify: ceiling=0.00, value=20088.0
    [iter 3494747] reheat + diversify: ceiling=0.00, value=17619.0
    [iter 3500500] reheat + diversify: ceiling=0.00, value=20875.0
    [iter 3506253] reheat + diversify: ceiling=0.00, value=13138.0
    [iter 3512006] reheat + diversify: ceiling=0.00, value=13216.0
    [iter 3517759] reheat + diversify: ceiling=0.00, value=11981.0
    [iter 3523512] reheat + diversify: ceiling=0.00, value=24479.0
    [iter 3529265] reheat + diversify: ceiling=0.00, value=13198.0
    [iter 3535018] reheat + diversify: ceiling=0.00, value=17786.0
    [iter 3540771] reheat + diversify: ceiling=0.00, value=23964.0
    [iter 3546524] reheat + diversify: ceiling=0.00, value=21239.0
    [iter 3552277] reheat + diversify: ceiling=0.00, value=14896.0
    [iter 3558030] reheat + diversify: ceiling=0.00, value=13697.0
    [iter 3563783] reheat + diversify: ceiling=0.00, value=9247.0
    [iter 3569536] reheat + diversify: ceiling=0.00, value=15983.0
    [iter 3575289] reheat + diversify: ceiling=0.00, value=24838.0
    [iter 3581042] reheat + diversify: ceiling=0.00, value=18322.0
    [iter 3586795] reheat + diversify: ceiling=0.00, value=11055.0
    [iter 3592548] reheat + diversify: ceiling=0.00, value=17026.0
    [iter 3598301] reheat + diversify: ceiling=0.00, value=23817.0
    [iter 3604054] reheat + diversify: ceiling=0.00, value=16548.0
    [iter 3609807] reheat + diversify: ceiling=0.00, value=17760.0
    [iter 3615560] reheat + diversify: ceiling=0.00, value=23366.0
    [iter 3621313] reheat + diversify: ceiling=0.00, value=17166.0
    [iter 3627066] reheat + diversify: ceiling=0.00, value=12025.0
    [iter 3632819] reheat + diversify: ceiling=0.00, value=17097.0
    [iter 3638572] reheat + diversify: ceiling=0.00, value=24361.0
    [iter 3644325] reheat + diversify: ceiling=0.00, value=18897.0
    [iter 3650078] reheat + diversify: ceiling=0.00, value=11726.0
    [iter 3655831] reheat + diversify: ceiling=0.00, value=14770.0
    [iter 3661584] reheat + diversify: ceiling=0.00, value=12606.0
    [iter 3667337] reheat + diversify: ceiling=0.00, value=11875.0
    [iter 3673090] reheat + diversify: ceiling=0.00, value=16015.0
    [iter 3678843] reheat + diversify: ceiling=0.00, value=19030.0
    [iter 3684596] reheat + diversify: ceiling=0.00, value=13649.0
    [iter 3690349] reheat + diversify: ceiling=0.00, value=16601.0
    [iter 3696102] reheat + diversify: ceiling=0.00, value=16764.0
    [iter 3701855] reheat + diversify: ceiling=0.00, value=18188.0
    [iter 3707608] reheat + diversify: ceiling=0.00, value=23199.0
    [iter 3713361] reheat + diversify: ceiling=0.00, value=19905.0
    [iter 3719114] reheat + diversify: ceiling=0.00, value=19031.0
    [iter 3724867] reheat + diversify: ceiling=0.00, value=24636.0
    [iter 3730620] reheat + diversify: ceiling=0.00, value=16520.0
    [iter 3736373] reheat + diversify: ceiling=0.00, value=20193.0
    [iter 3742126] reheat + diversify: ceiling=0.00, value=23859.0
    [iter 3747879] reheat + diversify: ceiling=0.00, value=13957.0
    [iter 3753632] reheat + diversify: ceiling=0.00, value=20161.0
    [iter 3759385] reheat + diversify: ceiling=0.00, value=16839.0
    [iter 3765138] reheat + diversify: ceiling=0.00, value=14303.0
    [iter 3770891] reheat + diversify: ceiling=0.00, value=16115.0
    [iter 3776644] reheat + diversify: ceiling=0.00, value=22055.0
    [iter 3782397] reheat + diversify: ceiling=0.00, value=17111.0
    [iter 3788150] reheat + diversify: ceiling=0.00, value=21515.0
    [iter 3793903] reheat + diversify: ceiling=0.00, value=13743.0
    [iter 3799656] reheat + diversify: ceiling=0.00, value=19424.0
    [iter 3805409] reheat + diversify: ceiling=0.00, value=13433.0
    [iter 3811162] reheat + diversify: ceiling=0.00, value=13231.0
    [iter 3816915] reheat + diversify: ceiling=0.00, value=21633.0
    [iter 3822668] reheat + diversify: ceiling=0.00, value=18001.0
    [iter 3828421] reheat + diversify: ceiling=0.00, value=14822.0
    [iter 3834174] reheat + diversify: ceiling=0.00, value=21834.0
    [iter 3839927] reheat + diversify: ceiling=0.00, value=13906.0
    [iter 3845680] reheat + diversify: ceiling=0.00, value=23378.0
    [iter 3851433] reheat + diversify: ceiling=0.00, value=20055.0
    [iter 3857186] reheat + diversify: ceiling=0.00, value=24636.0
    [iter 3862939] reheat + diversify: ceiling=0.00, value=12445.0
    [iter 3868692] reheat + diversify: ceiling=0.00, value=17717.0
    [iter 3874445] reheat + diversify: ceiling=0.00, value=13305.0
    [iter 3880198] reheat + diversify: ceiling=0.00, value=19937.0
    [iter 3885951] reheat + diversify: ceiling=0.00, value=13339.0
    [iter 3891704] reheat + diversify: ceiling=0.00, value=17188.0
    [iter 3897457] reheat + diversify: ceiling=0.00, value=18107.0
    [iter 3903210] reheat + diversify: ceiling=0.00, value=18257.0
    [iter 3908963] reheat + diversify: ceiling=0.00, value=15578.0
    [iter 3914716] reheat + diversify: ceiling=0.00, value=17346.0
    [iter 3920469] reheat + diversify: ceiling=0.00, value=23430.0
    [iter 3926222] reheat + diversify: ceiling=0.00, value=13567.0
    [iter 3931975] reheat + diversify: ceiling=0.00, value=14299.0
    [iter 3937728] reheat + diversify: ceiling=0.00, value=16468.0
    [iter 3943481] reheat + diversify: ceiling=0.00, value=15229.0
    [iter 3949234] reheat + diversify: ceiling=0.00, value=18789.0
    [iter 3954987] reheat + diversify: ceiling=0.00, value=17921.0
    [iter 3960740] reheat + diversify: ceiling=0.00, value=12645.0
    [iter 3966493] reheat + diversify: ceiling=0.00, value=24019.0
    [iter 3972246] reheat + diversify: ceiling=0.00, value=20727.0
    [iter 3977999] reheat + diversify: ceiling=0.00, value=16817.0
    [iter 3983752] reheat + diversify: ceiling=0.00, value=14934.0
    [iter 3989505] reheat + diversify: ceiling=0.00, value=15041.0
    [iter 3995258] reheat + diversify: ceiling=0.00, value=12121.0
    [iter 4001011] reheat + diversify: ceiling=0.00, value=18001.0
    [iter 4006764] reheat + diversify: ceiling=0.00, value=23505.0
    [iter 4012517] reheat + diversify: ceiling=0.00, value=13952.0
    [iter 4018270] reheat + diversify: ceiling=0.00, value=16641.0
    [iter 4024023] reheat + diversify: ceiling=0.00, value=20759.0
    [iter 4029776] reheat + diversify: ceiling=0.00, value=17707.0
    [iter 4035529] reheat + diversify: ceiling=0.00, value=16287.0
    [iter 4041282] reheat + diversify: ceiling=0.00, value=23122.0
    [iter 4047035] reheat + diversify: ceiling=0.00, value=15186.0
    [iter 4052788] reheat + diversify: ceiling=0.00, value=11985.0
    [iter 4058541] reheat + diversify: ceiling=0.00, value=12142.0
    [iter 4064294] reheat + diversify: ceiling=0.00, value=19515.0
    [iter 4070047] reheat + diversify: ceiling=0.00, value=16036.0
    [iter 4075800] reheat + diversify: ceiling=0.00, value=16999.0
    [iter 4081553] reheat + diversify: ceiling=0.00, value=20727.0
    [iter 4087306] reheat + diversify: ceiling=0.00, value=11179.0
    [iter 4093059] reheat + diversify: ceiling=0.00, value=11599.0
    [iter 4098812] reheat + diversify: ceiling=0.00, value=18897.0
    [iter 4104565] reheat + diversify: ceiling=0.00, value=17219.0
    [iter 4110318] reheat + diversify: ceiling=0.00, value=13139.0
    [iter 4116071] reheat + diversify: ceiling=0.00, value=11601.0
    [iter 4121824] reheat + diversify: ceiling=0.00, value=18615.0
    [iter 4127577] reheat + diversify: ceiling=0.00, value=13957.0
    [iter 4133330] reheat + diversify: ceiling=0.00, value=23743.0
    [iter 4139083] reheat + diversify: ceiling=0.00, value=15327.0
    [iter 4144836] reheat + diversify: ceiling=0.00, value=13620.0
    [iter 4150589] reheat + diversify: ceiling=0.00, value=16779.0
    [iter 4156342] reheat + diversify: ceiling=0.00, value=12720.0
    [iter 4162095] reheat + diversify: ceiling=0.00, value=16546.0
    [iter 4167848] reheat + diversify: ceiling=0.00, value=17756.0
    [iter 4173601] reheat + diversify: ceiling=0.00, value=17707.0
    [iter 4179354] reheat + diversify: ceiling=0.00, value=17992.0
    [iter 4185107] reheat + diversify: ceiling=0.00, value=14476.0
    [iter 4190860] reheat + diversify: ceiling=0.00, value=21153.0
    [iter 4196613] reheat + diversify: ceiling=0.00, value=16860.0
    [iter 4202366] reheat + diversify: ceiling=0.00, value=13055.0
    [iter 4208119] reheat + diversify: ceiling=0.00, value=18167.0
    [iter 4213872] reheat + diversify: ceiling=0.00, value=21188.0
    [iter 4219625] reheat + diversify: ceiling=0.00, value=21547.0
    [iter 4225378] reheat + diversify: ceiling=0.00, value=18268.0
    [iter 4231131] reheat + diversify: ceiling=0.00, value=10497.0
    [iter 4236884] reheat + diversify: ceiling=0.00, value=19831.0
    [iter 4242637] reheat + diversify: ceiling=0.00, value=17957.0
    [iter 4248390] reheat + diversify: ceiling=0.00, value=18107.0
    [iter 4254143] reheat + diversify: ceiling=0.00, value=16225.0
    [iter 4259896] reheat + diversify: ceiling=0.00, value=15187.0
    [iter 4265649] reheat + diversify: ceiling=0.00, value=12684.0
    [iter 4271402] reheat + diversify: ceiling=0.00, value=18304.0
    [iter 4277155] reheat + diversify: ceiling=0.00, value=14054.0
    [iter 4282908] reheat + diversify: ceiling=0.00, value=20139.0
    [iter 4288661] reheat + diversify: ceiling=0.00, value=18322.0
    [iter 4294414] reheat + diversify: ceiling=0.00, value=17476.0
    [iter 4300167] reheat + diversify: ceiling=0.00, value=14547.0
    [iter 4305920] reheat + diversify: ceiling=0.00, value=19393.0
    [iter 4311673] reheat + diversify: ceiling=0.00, value=15713.0
    [iter 4317426] reheat + diversify: ceiling=0.00, value=15673.0
    [iter 4323179] reheat + diversify: ceiling=0.00, value=19074.0
    [iter 4328932] reheat + diversify: ceiling=0.00, value=16334.0
    [iter 4334685] reheat + diversify: ceiling=0.00, value=19164.0
    [iter 4340438] reheat + diversify: ceiling=0.00, value=15399.0
    [iter 4346191] reheat + diversify: ceiling=0.00, value=11823.0
    [iter 4351944] reheat + diversify: ceiling=0.00, value=20728.0
    [iter 4357697] reheat + diversify: ceiling=0.00, value=20619.0
    [iter 4363450] reheat + diversify: ceiling=0.00, value=17586.0
    [iter 4369203] reheat + diversify: ceiling=0.00, value=19393.0
    [iter 4374956] reheat + diversify: ceiling=0.00, value=18410.0
    [iter 4380709] reheat + diversify: ceiling=0.00, value=19159.0
    [iter 4386462] reheat + diversify: ceiling=0.00, value=20107.0
    [iter 4392215] reheat + diversify: ceiling=0.00, value=19800.0
    [iter 4397968] reheat + diversify: ceiling=0.00, value=12809.0
    [iter 4403721] reheat + diversify: ceiling=0.00, value=10058.0
    [iter 4409474] reheat + diversify: ceiling=0.00, value=12611.0
    [iter 4415227] reheat + diversify: ceiling=0.00, value=22737.0
    [iter 4420980] reheat + diversify: ceiling=0.00, value=13383.0
    [iter 4426733] reheat + diversify: ceiling=0.00, value=11792.0
    [iter 4432486] reheat + diversify: ceiling=0.00, value=16566.0
    [iter 4438239] reheat + diversify: ceiling=0.00, value=17590.0
    [iter 4443992] reheat + diversify: ceiling=0.00, value=15841.0
    [iter 4449745] reheat + diversify: ceiling=0.00, value=19425.0
    [iter 4455498] reheat + diversify: ceiling=0.00, value=23398.0
    [iter 4461251] reheat + diversify: ceiling=0.00, value=23122.0
    [iter 4467004] reheat + diversify: ceiling=0.00, value=24134.0
    [iter 4472757] reheat + diversify: ceiling=0.00, value=18788.0
    [iter 4478510] reheat + diversify: ceiling=0.00, value=10946.0
    [iter 4484263] reheat + diversify: ceiling=0.00, value=14787.0
    [iter 4490016] reheat + diversify: ceiling=0.00, value=12443.0
    [iter 4495769] reheat + diversify: ceiling=0.00, value=14989.0
    [iter 4501522] reheat + diversify: ceiling=0.00, value=19128.0
    [iter 4507275] reheat + diversify: ceiling=0.00, value=18576.0
    [iter 4513028] reheat + diversify: ceiling=0.00, value=12823.0
    [iter 4518781] reheat + diversify: ceiling=0.00, value=13118.0
    [iter 4524534] reheat + diversify: ceiling=0.00, value=17596.0
    [iter 4530287] reheat + diversify: ceiling=0.00, value=23398.0
    [iter 4536040] reheat + diversify: ceiling=0.00, value=23196.0
    [iter 4541793] reheat + diversify: ceiling=0.00, value=14566.0
    [iter 4547546] reheat + diversify: ceiling=0.00, value=14761.0
    [iter 4553299] reheat + diversify: ceiling=0.00, value=12416.0
    [iter 4559052] reheat + diversify: ceiling=0.00, value=16122.0
    [iter 4564805] reheat + diversify: ceiling=0.00, value=13519.0
    [iter 4570558] reheat + diversify: ceiling=0.00, value=24953.0
    [iter 4576311] reheat + diversify: ceiling=0.00, value=14515.0
    [iter 4582064] reheat + diversify: ceiling=0.00, value=15214.0
    [iter 4587817] reheat + diversify: ceiling=0.00, value=14946.0
    [iter 4593570] reheat + diversify: ceiling=0.00, value=23029.0
    [iter 4599323] reheat + diversify: ceiling=0.00, value=12675.0
    [iter 4605076] reheat + diversify: ceiling=0.00, value=10979.0
    [iter 4610829] reheat + diversify: ceiling=0.00, value=13139.0
    [iter 4616582] reheat + diversify: ceiling=0.00, value=23849.0
    [iter 4622335] reheat + diversify: ceiling=0.00, value=18058.0
    [iter 4628088] reheat + diversify: ceiling=0.00, value=24953.0
    [iter 4633841] reheat + diversify: ceiling=0.00, value=19085.0
    [iter 4639594] reheat + diversify: ceiling=0.00, value=15830.0
    [iter 4645347] reheat + diversify: ceiling=0.00, value=12515.0
    [iter 4651100] reheat + diversify: ceiling=0.00, value=13029.0
    [iter 4656853] reheat + diversify: ceiling=0.00, value=21613.0
    [iter 4662606] reheat + diversify: ceiling=0.00, value=19204.0
    [iter 4668359] reheat + diversify: ceiling=0.00, value=13985.0
    [iter 4674112] reheat + diversify: ceiling=0.00, value=13045.0
    [iter 4679865] reheat + diversify: ceiling=0.00, value=13383.0
    [iter 4685618] reheat + diversify: ceiling=0.00, value=23987.0
    [iter 4691371] reheat + diversify: ceiling=0.00, value=24531.0
    [iter 4697124] reheat + diversify: ceiling=0.00, value=15469.0
    [iter 4702877] reheat + diversify: ceiling=0.00, value=14292.0
    [iter 4708630] reheat + diversify: ceiling=0.00, value=22303.0
    [iter 4714383] reheat + diversify: ceiling=0.00, value=12499.0
    [iter 4720136] reheat + diversify: ceiling=0.00, value=14460.0
    [iter 4725889] reheat + diversify: ceiling=0.00, value=23967.0
    [iter 4731642] reheat + diversify: ceiling=0.00, value=12107.0
    [iter 4737395] reheat + diversify: ceiling=0.00, value=12127.0
    [iter 4743148] reheat + diversify: ceiling=0.00, value=20046.0
    [iter 4748901] reheat + diversify: ceiling=0.00, value=17423.0
    [iter 4754654] reheat + diversify: ceiling=0.00, value=24105.0
    [iter 4760407] reheat + diversify: ceiling=0.00, value=19831.0
    [iter 4766160] reheat + diversify: ceiling=0.00, value=18929.0
    [iter 4771913] reheat + diversify: ceiling=0.00, value=22769.0
    [iter 4777666] reheat + diversify: ceiling=0.00, value=15544.0
    [iter 4783419] reheat + diversify: ceiling=0.00, value=11626.0
    [iter 4789172] reheat + diversify: ceiling=0.00, value=17249.0
    [iter 4794925] reheat + diversify: ceiling=0.00, value=13199.0
    [iter 4800678] reheat + diversify: ceiling=0.00, value=12579.0
    [iter 4806431] reheat + diversify: ceiling=0.00, value=14832.0
    [iter 4812184] reheat + diversify: ceiling=0.00, value=12443.0
    [iter 4817937] reheat + diversify: ceiling=0.00, value=19181.0
    [iter 4823690] reheat + diversify: ceiling=0.00, value=21559.0
    [iter 4829443] reheat + diversify: ceiling=0.00, value=12310.0
    [iter 4835196] reheat + diversify: ceiling=0.00, value=18025.0
    [iter 4840949] reheat + diversify: ceiling=0.00, value=18410.0
    [iter 4846702] reheat + diversify: ceiling=0.00, value=10719.0
    [iter 4852455] reheat + diversify: ceiling=0.00, value=22791.0
    [iter 4858208] reheat + diversify: ceiling=0.00, value=14460.0
    [iter 4863961] reheat + diversify: ceiling=0.00, value=15042.0
    [iter 4869714] reheat + diversify: ceiling=0.00, value=20087.0
    [iter 4875467] reheat + diversify: ceiling=0.00, value=22285.0
    [iter 4881220] reheat + diversify: ceiling=0.00, value=23123.0
    [iter 4886973] reheat + diversify: ceiling=0.00, value=19780.0
    [iter 4892726] reheat + diversify: ceiling=0.00, value=13897.0
    [iter 4898479] reheat + diversify: ceiling=0.00, value=13547.0
    [iter 4904232] reheat + diversify: ceiling=0.00, value=23337.0
    [iter 4909985] reheat + diversify: ceiling=0.00, value=17108.0
    [iter 4915738] reheat + diversify: ceiling=0.00, value=16852.0
    [iter 4921491] reheat + diversify: ceiling=0.00, value=20161.0
    [iter 4927244] reheat + diversify: ceiling=0.00, value=14551.0
    [iter 4932997] reheat + diversify: ceiling=0.00, value=13030.0
    [iter 4938750] reheat + diversify: ceiling=0.00, value=15415.0
    [iter 4944503] reheat + diversify: ceiling=0.00, value=12772.0
    [iter 4950256] reheat + diversify: ceiling=0.00, value=20166.0
    [iter 4956009] reheat + diversify: ceiling=0.00, value=24018.0
    [iter 4961762] reheat + diversify: ceiling=0.00, value=20619.0
    [iter 4967515] reheat + diversify: ceiling=0.00, value=18309.0
    [iter 4973268] reheat + diversify: ceiling=0.00, value=18268.0
    [iter 4979021] reheat + diversify: ceiling=0.00, value=12125.0
    [iter 4984774] reheat + diversify: ceiling=0.00, value=12839.0
    [iter 4990527] reheat + diversify: ceiling=0.00, value=14475.0
    [iter 4996280] reheat + diversify: ceiling=0.00, value=17310.0
    [iter 5002033] reheat + diversify: ceiling=0.00, value=15920.0
    [iter 5007786] reheat + diversify: ceiling=0.00, value=23039.0
    [iter 5013539] reheat + diversify: ceiling=0.00, value=17767.0
    [iter 5019292] reheat + diversify: ceiling=0.00, value=20056.0
    [iter 5025045] reheat + diversify: ceiling=0.00, value=13371.0
    [iter 5030798] reheat + diversify: ceiling=0.00, value=20161.0
    [iter 5036551] reheat + diversify: ceiling=0.00, value=15018.0
    [iter 5042304] reheat + diversify: ceiling=0.00, value=23711.0
    [iter 5048057] reheat + diversify: ceiling=0.00, value=12063.0
    [iter 5053810] reheat + diversify: ceiling=0.00, value=21613.0
    [iter 5059563] reheat + diversify: ceiling=0.00, value=16132.0
    [iter 5065316] reheat + diversify: ceiling=0.00, value=19578.0
    [iter 5071069] reheat + diversify: ceiling=0.00, value=13287.0
    [iter 5076822] reheat + diversify: ceiling=0.00, value=14558.0
    [iter 5082575] reheat + diversify: ceiling=0.00, value=19738.0
    [iter 5088328] reheat + diversify: ceiling=0.00, value=21515.0
    [iter 5094081] reheat + diversify: ceiling=0.00, value=18462.0
    [iter 5099834] reheat + diversify: ceiling=0.00, value=18104.0
    [iter 5105587] reheat + diversify: ceiling=0.00, value=23177.0
    [iter 5111340] reheat + diversify: ceiling=0.00, value=14082.0
    [iter 5117093] reheat + diversify: ceiling=0.00, value=12505.0
    [iter 5122846] reheat + diversify: ceiling=0.00, value=16738.0
    [iter 5128599] reheat + diversify: ceiling=0.00, value=21665.0
    [iter 5134352] reheat + diversify: ceiling=0.00, value=14144.0
    [iter 5140105] reheat + diversify: ceiling=0.00, value=19515.0
    [iter 5145858] reheat + diversify: ceiling=0.00, value=23177.0
    [iter 5151611] reheat + diversify: ceiling=0.00, value=13883.0
    [iter 5157364] reheat + diversify: ceiling=0.00, value=10979.0
    [iter 5163117] reheat + diversify: ceiling=0.00, value=12921.0
    [iter 5168870] reheat + diversify: ceiling=0.00, value=18788.0
    [iter 5174623] reheat + diversify: ceiling=0.00, value=9791.0
    [iter 5180376] reheat + diversify: ceiling=0.00, value=15185.0
    [iter 5186129] reheat + diversify: ceiling=0.00, value=17368.0
    [iter 5191882] reheat + diversify: ceiling=0.00, value=15586.0
    [iter 5197635] reheat + diversify: ceiling=0.00, value=14587.0
    [iter 5203388] reheat + diversify: ceiling=0.00, value=12824.0
    [iter 5209141] reheat + diversify: ceiling=0.00, value=20843.0
    [iter 5214894] reheat + diversify: ceiling=0.00, value=13002.0
    [iter 5220647] reheat + diversify: ceiling=0.00, value=15100.0
    [iter 5226400] reheat + diversify: ceiling=0.00, value=24124.0
    [iter 5232153] reheat + diversify: ceiling=0.00, value=12499.0
    [iter 5237906] reheat + diversify: ceiling=0.00, value=23849.0
    [iter 5243659] reheat + diversify: ceiling=0.00, value=13232.0
    [iter 5249412] reheat + diversify: ceiling=0.00, value=19515.0
    [iter 5255165] reheat + diversify: ceiling=0.00, value=13690.0
    [iter 5260918] reheat + diversify: ceiling=0.00, value=13124.0
    [iter 5266671] reheat + diversify: ceiling=0.00, value=24249.0
    [iter 5272424] reheat + diversify: ceiling=0.00, value=20014.0
    [iter 5278177] reheat + diversify: ceiling=0.00, value=11824.0
    [iter 5283930] reheat + diversify: ceiling=0.00, value=15397.0
    [iter 5289683] reheat + diversify: ceiling=0.00, value=14213.0
    [iter 5295436] reheat + diversify: ceiling=0.00, value=11993.0
    [iter 5301189] reheat + diversify: ceiling=0.00, value=24231.0
    [iter 5306942] reheat + diversify: ceiling=0.00, value=13852.0
    [iter 5312695] reheat + diversify: ceiling=0.00, value=13629.0
    [iter 5318448] reheat + diversify: ceiling=0.00, value=14398.0
    [iter 5324201] reheat + diversify: ceiling=0.00, value=24018.0
    [iter 5329954] reheat + diversify: ceiling=0.00, value=14106.0
    [iter 5335707] reheat + diversify: ceiling=0.00, value=22357.0
    [iter 5341460] reheat + diversify: ceiling=0.00, value=15265.0
    [iter 5347213] reheat + diversify: ceiling=0.00, value=13009.0
    [iter 5352966] reheat + diversify: ceiling=0.00, value=18348.0
    [iter 5358719] reheat + diversify: ceiling=0.00, value=24469.0
    [iter 5364472] reheat + diversify: ceiling=0.00, value=14736.0
    [iter 5370225] reheat + diversify: ceiling=0.00, value=24531.0
    [iter 5375978] reheat + diversify: ceiling=0.00, value=16976.0
    [iter 5381731] reheat + diversify: ceiling=0.00, value=20107.0
    [iter 5387484] reheat + diversify: ceiling=0.00, value=18277.0
    [iter 5393237] reheat + diversify: ceiling=0.00, value=23743.0
    [iter 5398990] reheat + diversify: ceiling=0.00, value=18322.0
    [iter 5404743] reheat + diversify: ceiling=0.00, value=15168.0
    [iter 5410496] reheat + diversify: ceiling=0.00, value=17035.0
    [iter 5416249] reheat + diversify: ceiling=0.00, value=17307.0
    [iter 5422002] reheat + diversify: ceiling=0.00, value=18305.0
    [iter 5427755] reheat + diversify: ceiling=0.00, value=22849.0
    [iter 5433508] reheat + diversify: ceiling=0.00, value=13427.0
    [iter 5439261] reheat + diversify: ceiling=0.00, value=9993.0
    [iter 5445014] reheat + diversify: ceiling=0.00, value=19035.0
    [iter 5450767] reheat + diversify: ceiling=0.00, value=20619.0
    [iter 5456520] reheat + diversify: ceiling=0.00, value=16004.0
    [iter 5462273] reheat + diversify: ceiling=0.00, value=15585.0
    [iter 5468026] reheat + diversify: ceiling=0.00, value=17699.0
    [iter 5473779] reheat + diversify: ceiling=0.00, value=18107.0
    [iter 5479532] reheat + diversify: ceiling=0.00, value=18659.0
    [iter 5485285] reheat + diversify: ceiling=0.00, value=20696.0
    [iter 5491038] reheat + diversify: ceiling=0.00, value=23484.0
    [iter 5496791] reheat + diversify: ceiling=0.00, value=19748.0
    [iter 5502544] reheat + diversify: ceiling=0.00, value=20139.0
    [iter 5508297] reheat + diversify: ceiling=0.00, value=19515.0
    [iter 5514050] reheat + diversify: ceiling=0.00, value=20452.0
    [iter 5519803] reheat + diversify: ceiling=0.00, value=13942.0
    [iter 5525556] reheat + diversify: ceiling=0.00, value=18020.0
    [iter 5531309] reheat + diversify: ceiling=0.00, value=15926.0
    [iter 5537062] reheat + diversify: ceiling=0.00, value=19738.0
    [iter 5542815] reheat + diversify: ceiling=0.00, value=15009.0
    [iter 5548568] reheat + diversify: ceiling=0.00, value=12125.0
    [iter 5554321] reheat + diversify: ceiling=0.00, value=17438.0
    [iter 5560074] reheat + diversify: ceiling=0.00, value=13983.0
    [iter 5565827] reheat + diversify: ceiling=0.00, value=16512.0
    [iter 5571580] reheat + diversify: ceiling=0.00, value=18107.0
    [iter 5577333] reheat + diversify: ceiling=0.00, value=11041.0
    [iter 5583086] reheat + diversify: ceiling=0.00, value=18107.0
    [iter 5588839] reheat + diversify: ceiling=0.00, value=15823.0
    [iter 5594592] reheat + diversify: ceiling=0.00, value=23398.0
    [iter 5600345] reheat + diversify: ceiling=0.00, value=23711.0
    [iter 5606098] reheat + diversify: ceiling=0.00, value=19738.0
    [iter 5611851] reheat + diversify: ceiling=0.00, value=14737.0
    [iter 5617604] reheat + diversify: ceiling=0.00, value=18219.0
    [iter 5623357] reheat + diversify: ceiling=0.00, value=21633.0
    [iter 5629110] reheat + diversify: ceiling=0.00, value=11726.0
    [iter 5634863] reheat + diversify: ceiling=0.00, value=19854.0
    [iter 5640616] reheat + diversify: ceiling=0.00, value=21803.0
    [iter 5646369] reheat + diversify: ceiling=0.00, value=13519.0
    [iter 5652122] reheat + diversify: ceiling=0.00, value=23275.0
    [iter 5657875] reheat + diversify: ceiling=0.00, value=19035.0
    [iter 5663628] reheat + diversify: ceiling=0.00, value=19774.0
    [iter 5669381] reheat + diversify: ceiling=0.00, value=15220.0
    [iter 5675134] reheat + diversify: ceiling=0.00, value=20056.0
    [iter 5680887] reheat + diversify: ceiling=0.00, value=17554.0
    [iter 5686640] reheat + diversify: ceiling=0.00, value=24530.0
    [iter 5692393] reheat + diversify: ceiling=0.00, value=18789.0
    [iter 5698146] reheat + diversify: ceiling=0.00, value=15119.0
    [iter 5703899] reheat + diversify: ceiling=0.00, value=17787.0
    [iter 5709652] reheat + diversify: ceiling=0.00, value=13542.0
    [iter 5715405] reheat + diversify: ceiling=0.00, value=20139.0
    [iter 5721158] reheat + diversify: ceiling=0.00, value=13910.0
    [iter 5726911] reheat + diversify: ceiling=0.00, value=20567.0
    [iter 5732664] reheat + diversify: ceiling=0.00, value=24531.0
    [iter 5738417] reheat + diversify: ceiling=0.00, value=21921.0
    [iter 5744170] reheat + diversify: ceiling=0.00, value=17249.0
    [iter 5749923] reheat + diversify: ceiling=0.00, value=14027.0
    [iter 5755676] reheat + diversify: ceiling=0.00, value=24531.0
    [iter 5761429] reheat + diversify: ceiling=0.00, value=16109.0
    [iter 5767182] reheat + diversify: ceiling=0.00, value=25151.0
    [iter 5772935] reheat + diversify: ceiling=0.00, value=9627.0
    [iter 5778688] reheat + diversify: ceiling=0.00, value=19211.0
    [iter 5784441] reheat + diversify: ceiling=0.00, value=19937.0
    [iter 5790194] reheat + diversify: ceiling=0.00, value=17438.0
    [iter 5795947] reheat + diversify: ceiling=0.00, value=10569.0
    [iter 5801700] reheat + diversify: ceiling=0.00, value=18446.0
    [iter 5807453] reheat + diversify: ceiling=0.00, value=16334.0
    [iter 5813206] reheat + diversify: ceiling=0.00, value=13664.0
    [iter 5818959] reheat + diversify: ceiling=0.00, value=16839.0
    [iter 5824712] reheat + diversify: ceiling=0.00, value=24134.0
    [iter 5830465] reheat + diversify: ceiling=0.00, value=12214.0
    [iter 5836218] reheat + diversify: ceiling=0.00, value=18167.0
    [iter 5841971] reheat + diversify: ceiling=0.00, value=22357.0
    [iter 5847724] reheat + diversify: ceiling=0.00, value=10846.0
    [iter 5853477] reheat + diversify: ceiling=0.00, value=20673.0
    [iter 5859230] reheat + diversify: ceiling=0.00, value=18359.0
    [iter 5864983] reheat + diversify: ceiling=0.00, value=18544.0
    [iter 5870736] reheat + diversify: ceiling=0.00, value=18445.0
    [iter 5876489] reheat + diversify: ceiling=0.00, value=17423.0
    [iter 5882242] reheat + diversify: ceiling=0.00, value=23378.0
    [iter 5887995] reheat + diversify: ceiling=0.00, value=22603.0
    [iter 5893748] reheat + diversify: ceiling=0.00, value=24745.0
    [iter 5899501] reheat + diversify: ceiling=0.00, value=14274.0
    [iter 5905254] reheat + diversify: ceiling=0.00, value=14455.0
    [iter 5911007] reheat + diversify: ceiling=0.00, value=15611.0
    [iter 5916760] reheat + diversify: ceiling=0.00, value=20188.0
    [iter 5922513] reheat + diversify: ceiling=0.00, value=13002.0
    [iter 5928266] reheat + diversify: ceiling=0.00, value=18268.0
    [iter 5934019] reheat + diversify: ceiling=0.00, value=16598.0
    [iter 5939772] reheat + diversify: ceiling=0.00, value=11957.0
    [iter 5945525] reheat + diversify: ceiling=0.00, value=19937.0
    [iter 5951278] reheat + diversify: ceiling=0.00, value=12652.0
    [iter 5957031] reheat + diversify: ceiling=0.00, value=23177.0
    [iter 5962784] reheat + diversify: ceiling=0.00, value=13830.0
    [iter 5968537] reheat + diversify: ceiling=0.00, value=21906.0
    [iter 5974290] reheat + diversify: ceiling=0.00, value=17622.0
    [iter 5980043] reheat + diversify: ceiling=0.00, value=13244.0
    [iter 5985796] reheat + diversify: ceiling=0.00, value=12586.0
    [iter 5991549] reheat + diversify: ceiling=0.00, value=20728.0
    [iter 5997302] reheat + diversify: ceiling=0.00, value=19409.0
    [iter 6003055] reheat + diversify: ceiling=0.00, value=11124.0
    [iter 6008808] reheat + diversify: ceiling=0.00, value=13055.0
    [iter 6014561] reheat + diversify: ceiling=0.00, value=15820.0
    [iter 6020314] reheat + diversify: ceiling=0.00, value=24479.0
    [iter 6026067] reheat + diversify: ceiling=0.00, value=13094.0
    [iter 6031820] reheat + diversify: ceiling=0.00, value=15735.0
    [iter 6037573] reheat + diversify: ceiling=0.00, value=18897.0
    [iter 6043326] reheat + diversify: ceiling=0.00, value=20558.0
    [iter 6049079] reheat + diversify: ceiling=0.00, value=18167.0
    [iter 6054832] reheat + diversify: ceiling=0.00, value=16148.0
    [iter 6060585] reheat + diversify: ceiling=0.00, value=13632.0
    [iter 6066338] reheat + diversify: ceiling=0.00, value=15177.0
    [iter 6072091] reheat + diversify: ceiling=0.00, value=22357.0
    [iter 6077844] reheat + diversify: ceiling=0.00, value=11393.0
    [iter 6083597] reheat + diversify: ceiling=0.00, value=23430.0
    [iter 6089350] reheat + diversify: ceiling=0.00, value=12723.0
    [iter 6095103] reheat + diversify: ceiling=0.00, value=12025.0
    [iter 6100856] reheat + diversify: ceiling=0.00, value=11983.0
    [iter 6106609] reheat + diversify: ceiling=0.00, value=16064.0
    [iter 6112362] reheat + diversify: ceiling=0.00, value=11911.0
    [iter 6118115] reheat + diversify: ceiling=0.00, value=17431.0
    [iter 6123868] reheat + diversify: ceiling=0.00, value=15698.0
    [iter 6129621] reheat + diversify: ceiling=0.00, value=19455.0
    [iter 6135374] reheat + diversify: ceiling=0.00, value=23347.0
    [iter 6141127] reheat + diversify: ceiling=0.00, value=23398.0
    [iter 6146880] reheat + diversify: ceiling=0.00, value=11431.0
    [iter 6152633] reheat + diversify: ceiling=0.00, value=19800.0
    [iter 6158386] reheat + diversify: ceiling=0.00, value=24018.0
    [iter 6164139] reheat + diversify: ceiling=0.00, value=14274.0
    [iter 6169892] reheat + diversify: ceiling=0.00, value=17133.0
    [iter 6175645] reheat + diversify: ceiling=0.00, value=19685.0
    [iter 6181398] reheat + diversify: ceiling=0.00, value=23967.0
    [iter 6187151] reheat + diversify: ceiling=0.00, value=24671.0
    [iter 6192904] reheat + diversify: ceiling=0.00, value=18929.0
    [iter 6198657] reheat + diversify: ceiling=0.00, value=15320.0
    [iter 6204410] reheat + diversify: ceiling=0.00, value=19782.0
    [iter 6210163] reheat + diversify: ceiling=0.00, value=11912.0
    [iter 6215916] reheat + diversify: ceiling=0.00, value=11805.0
    [iter 6221669] reheat + diversify: ceiling=0.00, value=15805.0
    [iter 6227422] reheat + diversify: ceiling=0.00, value=20139.0
    [iter 6233175] reheat + diversify: ceiling=0.00, value=12151.0
    [iter 6238928] reheat + diversify: ceiling=0.00, value=13975.0
    [iter 6244681] reheat + diversify: ceiling=0.00, value=14402.0
    [iter 6250434] reheat + diversify: ceiling=0.00, value=22409.0
    [iter 6256187] reheat + diversify: ceiling=0.00, value=19742.0
    [iter 6261940] reheat + diversify: ceiling=0.00, value=20055.0
    [iter 6267693] reheat + diversify: ceiling=0.00, value=12188.0
    [iter 6273446] reheat + diversify: ceiling=0.00, value=18158.0
    [iter 6279199] reheat + diversify: ceiling=0.00, value=21940.0
    [iter 6284952] reheat + diversify: ceiling=0.00, value=24838.0
    [iter 6290705] reheat + diversify: ceiling=0.00, value=12304.0
    [iter 6296458] reheat + diversify: ceiling=0.00, value=22622.0
    [iter 6302211] reheat + diversify: ceiling=0.00, value=14639.0
    [iter 6307964] reheat + diversify: ceiling=0.00, value=15868.0
    [iter 6313717] reheat + diversify: ceiling=0.00, value=11169.0
    [iter 6319470] reheat + diversify: ceiling=0.00, value=10473.0
    [iter 6325223] reheat + diversify: ceiling=0.00, value=23849.0
    [iter 6330976] reheat + diversify: ceiling=0.00, value=13318.0
    [iter 6336729] reheat + diversify: ceiling=0.00, value=12453.0
    [iter 6342482] reheat + diversify: ceiling=0.00, value=19287.0
    [iter 6348235] reheat + diversify: ceiling=0.00, value=20056.0
    [iter 6353988] reheat + diversify: ceiling=0.00, value=10067.0
    [iter 6359741] reheat + diversify: ceiling=0.00, value=20760.0
    [iter 6365494] reheat + diversify: ceiling=0.00, value=14627.0
    [iter 6371247] reheat + diversify: ceiling=0.00, value=23346.0
    [iter 6377000] reheat + diversify: ceiling=0.00, value=13921.0
    [iter 6382753] reheat + diversify: ceiling=0.00, value=16002.0
    [iter 6388506] reheat + diversify: ceiling=0.00, value=25257.0
    [iter 6394259] reheat + diversify: ceiling=0.00, value=16439.0
    [iter 6400012] reheat + diversify: ceiling=0.00, value=20865.0
    [iter 6405765] reheat + diversify: ceiling=0.00, value=16832.0
    [iter 6411518] reheat + diversify: ceiling=0.00, value=20075.0
    [iter 6417271] reheat + diversify: ceiling=0.00, value=20193.0
    [iter 6423024] reheat + diversify: ceiling=0.00, value=13238.0
    [iter 6428777] reheat + diversify: ceiling=0.00, value=24156.0
    [iter 6434530] reheat + diversify: ceiling=0.00, value=21665.0
    [iter 6440283] reheat + diversify: ceiling=0.00, value=19302.0
    [iter 6446036] reheat + diversify: ceiling=0.00, value=18986.0
    [iter 6451789] reheat + diversify: ceiling=0.00, value=20843.0
    [iter 6457542] reheat + diversify: ceiling=0.00, value=23122.0
    [iter 6463295] reheat + diversify: ceiling=0.00, value=14982.0
    [iter 6469048] reheat + diversify: ceiling=0.00, value=22769.0
    [iter 6474801] reheat + diversify: ceiling=0.00, value=11475.0
    [iter 6480554] reheat + diversify: ceiling=0.00, value=14460.0
    [iter 6486307] reheat + diversify: ceiling=0.00, value=20056.0
    [iter 6492060] reheat + diversify: ceiling=0.00, value=13436.0
    [iter 6497813] reheat + diversify: ceiling=0.00, value=22735.0
    [iter 6503566] reheat + diversify: ceiling=0.00, value=17767.0
    [iter 6509319] reheat + diversify: ceiling=0.00, value=16730.0
    [iter 6515072] reheat + diversify: ceiling=0.00, value=22305.0
    [iter 6520825] reheat + diversify: ceiling=0.00, value=13508.0
    [iter 6526578] reheat + diversify: ceiling=0.00, value=11601.0
    [iter 6532331] reheat + diversify: ceiling=0.00, value=13632.0
    [iter 6538084] reheat + diversify: ceiling=0.00, value=22993.0
    [iter 6543837] reheat + diversify: ceiling=0.00, value=22579.0
    [iter 6549590] reheat + diversify: ceiling=0.00, value=23238.0
    [iter 6555343] reheat + diversify: ceiling=0.00, value=15214.0
    [iter 6561096] reheat + diversify: ceiling=0.00, value=19831.0
    [iter 6566849] reheat + diversify: ceiling=0.00, value=14383.0
    [iter 6572602] reheat + diversify: ceiling=0.00, value=22578.0
    [iter 6578355] reheat + diversify: ceiling=0.00, value=19717.0
    [iter 6584108] reheat + diversify: ceiling=0.00, value=21015.0
    [iter 6589861] reheat + diversify: ceiling=0.00, value=22487.0
    [iter 6595614] reheat + diversify: ceiling=0.00, value=24051.0
    [iter 6601367] reheat + diversify: ceiling=0.00, value=24479.0
    [iter 6607120] reheat + diversify: ceiling=0.00, value=14617.0
    [iter 6612873] reheat + diversify: ceiling=0.00, value=10771.0
    [iter 6618626] reheat + diversify: ceiling=0.00, value=10567.0
    [iter 6624379] reheat + diversify: ceiling=0.00, value=18727.0
    [iter 6630132] reheat + diversify: ceiling=0.00, value=16238.0
    [iter 6635885] reheat + diversify: ceiling=0.00, value=22487.0
    [iter 6641638] reheat + diversify: ceiling=0.00, value=24787.0
    [iter 6647391] reheat + diversify: ceiling=0.00, value=14537.0
    [iter 6653144] reheat + diversify: ceiling=0.00, value=18445.0
    [iter 6658897] reheat + diversify: ceiling=0.00, value=10996.0
    [iter 6664650] reheat + diversify: ceiling=0.00, value=17593.0
    [iter 6670403] reheat + diversify: ceiling=0.00, value=14402.0
    [iter 6676156] reheat + diversify: ceiling=0.00, value=13365.0
    [iter 6681909] reheat + diversify: ceiling=0.00, value=24636.0
    [iter 6687662] reheat + diversify: ceiling=0.00, value=13866.0
    [iter 6693415] reheat + diversify: ceiling=0.00, value=15627.0
    [iter 6699168] reheat + diversify: ceiling=0.00, value=22877.0
    [iter 6704921] reheat + diversify: ceiling=0.00, value=17616.0
    [iter 6710674] reheat + diversify: ceiling=0.00, value=14311.0
    [iter 6716427] reheat + diversify: ceiling=0.00, value=23243.0
    [iter 6722180] reheat + diversify: ceiling=0.00, value=14530.0
    [iter 6727933] reheat + diversify: ceiling=0.00, value=17031.0
    [iter 6733686] reheat + diversify: ceiling=0.00, value=13629.0
    [iter 6739439] reheat + diversify: ceiling=0.00, value=21783.0
    [iter 6745192] reheat + diversify: ceiling=0.00, value=18309.0
    [iter 6750945] reheat + diversify: ceiling=0.00, value=14163.0
    [iter 6756698] reheat + diversify: ceiling=0.00, value=18616.0
    [iter 6762451] reheat + diversify: ceiling=0.00, value=19940.0
    [iter 6768204] reheat + diversify: ceiling=0.00, value=20567.0
    [iter 6773957] reheat + diversify: ceiling=0.00, value=24239.0
    [iter 6779710] reheat + diversify: ceiling=0.00, value=19937.0
    [iter 6785463] reheat + diversify: ceiling=0.00, value=23430.0
    [iter 6791216] reheat + diversify: ceiling=0.00, value=22003.0
    [iter 6796969] reheat + diversify: ceiling=0.00, value=18929.0
    [iter 6802722] reheat + diversify: ceiling=0.00, value=24019.0
    [iter 6808475] reheat + diversify: ceiling=0.00, value=20673.0
    [iter 6814228] reheat + diversify: ceiling=0.00, value=14014.0
    [iter 6819981] reheat + diversify: ceiling=0.00, value=17132.0
    [iter 6825734] reheat + diversify: ceiling=0.00, value=16126.0
    [iter 6831487] reheat + diversify: ceiling=0.00, value=23228.0
    [iter 6837240] reheat + diversify: ceiling=0.00, value=10569.0
    [iter 6842993] reheat + diversify: ceiling=0.00, value=19515.0
    [iter 6848746] reheat + diversify: ceiling=0.00, value=22685.0
    [iter 6854499] reheat + diversify: ceiling=0.00, value=19319.0
    [iter 6860252] reheat + diversify: ceiling=0.00, value=21940.0
    [iter 6866005] reheat + diversify: ceiling=0.00, value=19937.0
    [iter 6871758] reheat + diversify: ceiling=0.00, value=14170.0
    [iter 6877511] reheat + diversify: ceiling=0.00, value=21239.0
    [iter 6883264] reheat + diversify: ceiling=0.00, value=18566.0
    [iter 6889017] reheat + diversify: ceiling=0.00, value=11796.0
    [iter 6894770] reheat + diversify: ceiling=0.00, value=23346.0
    [iter 6900523] reheat + diversify: ceiling=0.00, value=19435.0
    [iter 6906276] reheat + diversify: ceiling=0.00, value=16011.0
    [iter 6912029] reheat + diversify: ceiling=0.00, value=19147.0
    [iter 6917782] reheat + diversify: ceiling=0.00, value=24019.0
    [iter 6923535] reheat + diversify: ceiling=0.00, value=12498.0
    [iter 6929288] reheat + diversify: ceiling=0.00, value=19270.0
    [iter 6935041] reheat + diversify: ceiling=0.00, value=23479.0
    [iter 6940794] reheat + diversify: ceiling=0.00, value=24636.0
    [iter 6946547] reheat + diversify: ceiling=0.00, value=23228.0
    [iter 6952300] reheat + diversify: ceiling=0.00, value=20424.0
    [iter 6958053] reheat + diversify: ceiling=0.00, value=14594.0
    [iter 6963806] reheat + diversify: ceiling=0.00, value=19717.0
    [iter 6969559] reheat + diversify: ceiling=0.00, value=24019.0
    [iter 6975312] reheat + diversify: ceiling=0.00, value=23228.0
    [iter 6981065] reheat + diversify: ceiling=0.00, value=15791.0
    [iter 6986818] reheat + diversify: ceiling=0.00, value=23743.0
    [iter 6992571] reheat + diversify: ceiling=0.00, value=13430.0
    [iter 6998324] reheat + diversify: ceiling=0.00, value=21675.0
    [iter 7004077] reheat + diversify: ceiling=0.00, value=19832.0
    [iter 7009830] reheat + diversify: ceiling=0.00, value=24156.0
    [iter 7015583] reheat + diversify: ceiling=0.00, value=23923.0
    [iter 7021336] reheat + diversify: ceiling=0.00, value=19717.0
    [iter 7027089] reheat + diversify: ceiling=0.00, value=17742.0
    [iter 7032842] reheat + diversify: ceiling=0.00, value=19742.0
    [iter 7038595] reheat + diversify: ceiling=0.00, value=13712.0
    [iter 7044348] reheat + diversify: ceiling=0.00, value=18635.0
    [iter 7050101] reheat + diversify: ceiling=0.00, value=11779.0
    [iter 7055854] reheat + diversify: ceiling=0.00, value=19599.0
    [iter 7061607] reheat + diversify: ceiling=0.00, value=24787.0
    [iter 7067360] reheat + diversify: ceiling=0.00, value=18107.0
    [iter 7073113] reheat + diversify: ceiling=0.00, value=17528.0
    [iter 7078866] reheat + diversify: ceiling=0.00, value=19676.0
    [iter 7084619] reheat + diversify: ceiling=0.00, value=13909.0
    [iter 7090372] reheat + diversify: ceiling=0.00, value=16176.0
    [iter 7096125] reheat + diversify: ceiling=0.00, value=18170.0
    [iter 7101878] reheat + diversify: ceiling=0.00, value=14018.0
    [iter 7107631] reheat + diversify: ceiling=0.00, value=19302.0
    [iter 7113384] reheat + diversify: ceiling=0.00, value=22685.0
    [iter 7119137] reheat + diversify: ceiling=0.00, value=15187.0
    [iter 7124890] reheat + diversify: ceiling=0.00, value=15898.0
    [iter 7130643] reheat + diversify: ceiling=0.00, value=15389.0
    [iter 7136396] reheat + diversify: ceiling=0.00, value=13760.0
    [iter 7142149] reheat + diversify: ceiling=0.00, value=21835.0
    [iter 7147902] reheat + diversify: ceiling=0.00, value=14036.0
    [iter 7153655] reheat + diversify: ceiling=0.00, value=19268.0
    [iter 7159408] reheat + diversify: ceiling=0.00, value=22769.0
    [iter 7165161] reheat + diversify: ceiling=0.00, value=18417.0
    [iter 7170914] reheat + diversify: ceiling=0.00, value=16126.0
    [iter 7176667] reheat + diversify: ceiling=0.00, value=23858.0
    [iter 7182420] reheat + diversify: ceiling=0.00, value=23849.0
    [iter 7188173] reheat + diversify: ceiling=0.00, value=16180.0
    [iter 7193926] reheat + diversify: ceiling=0.00, value=20055.0
    [iter 7199679] reheat + diversify: ceiling=0.00, value=12505.0
    [iter 7205432] reheat + diversify: ceiling=0.00, value=22055.0
    [iter 7211185] reheat + diversify: ceiling=0.00, value=11717.0
    [iter 7216938] reheat + diversify: ceiling=0.00, value=23071.0
    [iter 7222691] reheat + diversify: ceiling=0.00, value=23817.0
    [iter 7228444] reheat + diversify: ceiling=0.00, value=18387.0
    [iter 7234197] reheat + diversify: ceiling=0.00, value=23122.0
    [iter 7239950] reheat + diversify: ceiling=0.00, value=19015.0
    [iter 7245703] reheat + diversify: ceiling=0.00, value=21907.0
    [iter 7251456] reheat + diversify: ceiling=0.00, value=18648.0
    [iter 7257209] reheat + diversify: ceiling=0.00, value=17028.0
    [iter 7262962] reheat + diversify: ceiling=0.00, value=18117.0
    [iter 7268715] reheat + diversify: ceiling=0.00, value=10922.0
    [iter 7274468] reheat + diversify: ceiling=0.00, value=13883.0
    [iter 7280221] reheat + diversify: ceiling=0.00, value=19003.0
    [iter 7285974] reheat + diversify: ceiling=0.00, value=12098.0
    [iter 7291727] reheat + diversify: ceiling=0.00, value=24051.0
    [iter 7297480] reheat + diversify: ceiling=0.00, value=18322.0
    [iter 7303233] reheat + diversify: ceiling=0.00, value=11363.0
    [iter 7308986] reheat + diversify: ceiling=0.00, value=12823.0
    [iter 7314739] reheat + diversify: ceiling=0.00, value=23398.0
    [iter 7320492] reheat + diversify: ceiling=0.00, value=21585.0
    [iter 7326245] reheat + diversify: ceiling=0.00, value=24131.0
    [iter 7331998] reheat + diversify: ceiling=0.00, value=13119.0
    [iter 7337751] reheat + diversify: ceiling=0.00, value=19236.0
    [iter 7343504] reheat + diversify: ceiling=0.00, value=13426.0
    [iter 7349257] reheat + diversify: ceiling=0.00, value=15926.0
    [iter 7355010] reheat + diversify: ceiling=0.00, value=22737.0
    [iter 7360763] reheat + diversify: ceiling=0.00, value=21835.0
    [iter 7366516] reheat + diversify: ceiling=0.00, value=11993.0
    [iter 7372269] reheat + diversify: ceiling=0.00, value=22967.0
    [iter 7378022] reheat + diversify: ceiling=0.00, value=17630.0
    [iter 7383775] reheat + diversify: ceiling=0.00, value=16882.0
    [iter 7389528] reheat + diversify: ceiling=0.00, value=14274.0
    [iter 7395281] reheat + diversify: ceiling=0.00, value=13909.0
    [iter 7401034] reheat + diversify: ceiling=0.00, value=18478.0
    [iter 7406787] reheat + diversify: ceiling=0.00, value=13852.0
    [iter 7412540] reheat + diversify: ceiling=0.00, value=19153.0
    [iter 7418293] reheat + diversify: ceiling=0.00, value=13883.0
    [iter 7424046] reheat + diversify: ceiling=0.00, value=18157.0
    [iter 7429799] reheat + diversify: ceiling=0.00, value=23849.0
    [iter 7435552] reheat + diversify: ceiling=0.00, value=10460.0
    [iter 7441305] reheat + diversify: ceiling=0.00, value=13726.0
    [iter 7447058] reheat + diversify: ceiling=0.00, value=14896.0
    [iter 7452811] reheat + diversify: ceiling=0.00, value=14014.0
    [iter 7458564] reheat + diversify: ceiling=0.00, value=14653.0
    [iter 7464317] reheat + diversify: ceiling=0.00, value=18492.0
    [iter 7470070] reheat + diversify: ceiling=0.00, value=21834.0
    [iter 7475823] reheat + diversify: ceiling=0.00, value=16256.0
    [iter 7481576] reheat + diversify: ceiling=0.00, value=14186.0
    [iter 7487329] reheat + diversify: ceiling=0.00, value=19860.0
    [iter 7493082] reheat + diversify: ceiling=0.00, value=11559.0
    [iter 7498835] reheat + diversify: ceiling=0.00, value=22279.0
    [iter 7504588] reheat + diversify: ceiling=0.00, value=16215.0
    [iter 7510341] reheat + diversify: ceiling=0.00, value=23430.0
    [iter 7516094] reheat + diversify: ceiling=0.00, value=24787.0
    [iter 7521847] reheat + diversify: ceiling=0.00, value=22452.0
    [iter 7527600] reheat + diversify: ceiling=0.00, value=23858.0
    [iter 7533353] reheat + diversify: ceiling=0.00, value=18561.0
    [iter 7539106] reheat + diversify: ceiling=0.00, value=10979.0
    [iter 7544859] reheat + diversify: ceiling=0.00, value=19003.0
    [iter 7550612] reheat + diversify: ceiling=0.00, value=14111.0
    [iter 7556365] reheat + diversify: ceiling=0.00, value=22685.0
    [iter 7562118] reheat + diversify: ceiling=0.00, value=16908.0
    [iter 7567871] reheat + diversify: ceiling=0.00, value=24755.0
    [iter 7573624] reheat + diversify: ceiling=0.00, value=13425.0
    [iter 7579377] reheat + diversify: ceiling=0.00, value=23123.0
    [iter 7585130] reheat + diversify: ceiling=0.00, value=24838.0
    [iter 7590883] reheat + diversify: ceiling=0.00, value=23029.0
    [iter 7596636] reheat + diversify: ceiling=0.00, value=13216.0
    [iter 7602389] reheat + diversify: ceiling=0.00, value=17895.0
    [iter 7608142] reheat + diversify: ceiling=0.00, value=23513.0
    [iter 7613895] reheat + diversify: ceiling=0.00, value=13836.0
    [iter 7619648] reheat + diversify: ceiling=0.00, value=11822.0
    [iter 7625401] reheat + diversify: ceiling=0.00, value=16973.0
    [iter 7631154] reheat + diversify: ceiling=0.00, value=24953.0
    [iter 7636907] reheat + diversify: ceiling=0.00, value=17589.0
    [iter 7642660] reheat + diversify: ceiling=0.00, value=12428.0
    [iter 7648413] reheat + diversify: ceiling=0.00, value=15044.0
    [iter 7654166] reheat + diversify: ceiling=0.00, value=20187.0
    [iter 7659919] reheat + diversify: ceiling=0.00, value=22055.0
    [iter 7665672] reheat + diversify: ceiling=0.00, value=16112.0
    [iter 7671425] reheat + diversify: ceiling=0.00, value=17969.0
    [iter 7677178] reheat + diversify: ceiling=0.00, value=13098.0
    [iter 7682931] reheat + diversify: ceiling=0.00, value=15087.0
    [iter 7688684] reheat + diversify: ceiling=0.00, value=14083.0
    [iter 7694437] reheat + diversify: ceiling=0.00, value=23849.0
    [iter 7700190] reheat + diversify: ceiling=0.00, value=22769.0
    [iter 7705943] reheat + diversify: ceiling=0.00, value=20075.0
    [iter 7711696] reheat + diversify: ceiling=0.00, value=22769.0
    [iter 7717449] reheat + diversify: ceiling=0.00, value=18843.0
    [iter 7723202] reheat + diversify: ceiling=0.00, value=24469.0
    [iter 7728955] reheat + diversify: ceiling=0.00, value=23849.0
    [iter 7734708] reheat + diversify: ceiling=0.00, value=15670.0
    [iter 7740461] reheat + diversify: ceiling=0.00, value=14639.0
    [iter 7746214] reheat + diversify: ceiling=0.00, value=21345.0
    [iter 7751967] reheat + diversify: ceiling=0.00, value=19056.0
    [iter 7757720] reheat + diversify: ceiling=0.00, value=23461.0
    [iter 7763473] reheat + diversify: ceiling=0.00, value=12687.0
    [iter 7769226] reheat + diversify: ceiling=0.00, value=13344.0
    [iter 7774979] reheat + diversify: ceiling=0.00, value=13177.0
    [iter 7780732] reheat + diversify: ceiling=0.00, value=14643.0
    [iter 7786485] reheat + diversify: ceiling=0.00, value=23123.0
    [iter 7792238] reheat + diversify: ceiling=0.00, value=23848.0
    [iter 7797991] reheat + diversify: ceiling=0.00, value=15841.0
    [iter 7803744] reheat + diversify: ceiling=0.00, value=21906.0
    [iter 7809497] reheat + diversify: ceiling=0.00, value=13825.0
    [iter 7815250] reheat + diversify: ceiling=0.00, value=24806.0
    [iter 7821003] reheat + diversify: ceiling=0.00, value=18001.0
    [iter 7826756] reheat + diversify: ceiling=0.00, value=16080.0
    [iter 7832509] reheat + diversify: ceiling=0.00, value=19127.0
    [iter 7838262] reheat + diversify: ceiling=0.00, value=24051.0
    [iter 7844015] reheat + diversify: ceiling=0.00, value=18789.0
    [iter 7849768] reheat + diversify: ceiling=0.00, value=20055.0
    [iter 7855521] reheat + diversify: ceiling=0.00, value=19937.0
    [iter 7861274] reheat + diversify: ceiling=0.00, value=14534.0
    [iter 7867027] reheat + diversify: ceiling=0.00, value=23145.0
    [iter 7872780] reheat + diversify: ceiling=0.00, value=14443.0
    [iter 7878533] reheat + diversify: ceiling=0.00, value=17565.0
    [iter 7884286] reheat + diversify: ceiling=0.00, value=23484.0
    [iter 7890039] reheat + diversify: ceiling=0.00, value=22347.0
    [iter 7895792] reheat + diversify: ceiling=0.00, value=24018.0
    [iter 7901545] reheat + diversify: ceiling=0.00, value=23073.0
    [iter 7907298] reheat + diversify: ceiling=0.00, value=19685.0
    [iter 7913051] reheat + diversify: ceiling=0.00, value=15083.0
    [iter 7918804] reheat + diversify: ceiling=0.00, value=14548.0
    [iter 7924557] reheat + diversify: ceiling=0.00, value=10683.0
    [iter 7930310] reheat + diversify: ceiling=0.00, value=13591.0
    [iter 7936063] reheat + diversify: ceiling=0.00, value=12531.0
    [iter 7941816] reheat + diversify: ceiling=0.00, value=19799.0
    [iter 7947569] reheat + diversify: ceiling=0.00, value=13513.0
    [iter 7953322] reheat + diversify: ceiling=0.00, value=22295.0
    [iter 7959075] reheat + diversify: ceiling=0.00, value=17957.0
    [iter 7964828] reheat + diversify: ceiling=0.00, value=20193.0
    [iter 7970581] reheat + diversify: ceiling=0.00, value=22571.0
    [iter 7976334] reheat + diversify: ceiling=0.00, value=19159.0
    [iter 7982087] reheat + diversify: ceiling=0.00, value=12701.0
    [iter 7987840] reheat + diversify: ceiling=0.00, value=22003.0
    [iter 7993593] reheat + diversify: ceiling=0.00, value=14246.0
    [iter 7999346] reheat + diversify: ceiling=0.00, value=17146.0
    [iter 8005099] reheat + diversify: ceiling=0.00, value=17756.0
    [iter 8010852] reheat + diversify: ceiling=0.00, value=10719.0
    [iter 8016605] reheat + diversify: ceiling=0.00, value=16913.0
    [iter 8022358] reheat + diversify: ceiling=0.00, value=23743.0
    [iter 8028111] reheat + diversify: ceiling=0.00, value=20130.0
    [iter 8033864] reheat + diversify: ceiling=0.00, value=24018.0
    [iter 8039617] reheat + diversify: ceiling=0.00, value=16210.0
    [iter 8045370] reheat + diversify: ceiling=0.00, value=13781.0
    [iter 8051123] reheat + diversify: ceiling=0.00, value=23430.0
    [iter 8056876] reheat + diversify: ceiling=0.00, value=13883.0
    [iter 8062629] reheat + diversify: ceiling=0.00, value=19012.0
    [iter 8068382] reheat + diversify: ceiling=0.00, value=23228.0
    [iter 8074135] reheat + diversify: ceiling=0.00, value=23346.0
    [iter 8079888] reheat + diversify: ceiling=0.00, value=19800.0
    [iter 8085641] reheat + diversify: ceiling=0.00, value=20557.0
    [iter 8091394] reheat + diversify: ceiling=0.00, value=12066.0
    [iter 8097147] reheat + diversify: ceiling=0.00, value=15281.0
    [iter 8102900] reheat + diversify: ceiling=0.00, value=16546.0
    [iter 8108653] reheat + diversify: ceiling=0.00, value=18309.0
    [iter 8114406] reheat + diversify: ceiling=0.00, value=15717.0
    [iter 8120159] reheat + diversify: ceiling=0.00, value=17501.0
    [iter 8125912] reheat + diversify: ceiling=0.00, value=23849.0
    [iter 8131665] reheat + diversify: ceiling=0.00, value=22303.0
    [iter 8137418] reheat + diversify: ceiling=0.00, value=24019.0
    [iter 8143171] reheat + diversify: ceiling=0.00, value=13769.0
    [iter 8148924] reheat + diversify: ceiling=0.00, value=14682.0
    [iter 8154677] reheat + diversify: ceiling=0.00, value=17760.0
    [iter 8160430] reheat + diversify: ceiling=0.00, value=18834.0
    [iter 8166183] reheat + diversify: ceiling=0.00, value=15187.0
    [iter 8171936] reheat + diversify: ceiling=0.00, value=20673.0
    [iter 8177689] reheat + diversify: ceiling=0.00, value=19885.0
    [iter 8183442] reheat + diversify: ceiling=0.00, value=18309.0
    [iter 8189195] reheat + diversify: ceiling=0.00, value=19636.0
    [iter 8194948] reheat + diversify: ceiling=0.00, value=9771.0
    [iter 8200701] reheat + diversify: ceiling=0.00, value=19515.0
    [iter 8206454] reheat + diversify: ceiling=0.00, value=18929.0
    [iter 8212207] reheat + diversify: ceiling=0.00, value=23430.0
    [iter 8217960] reheat + diversify: ceiling=0.00, value=24281.0
    [iter 8223713] reheat + diversify: ceiling=0.00, value=23858.0
    [iter 8229466] reheat + diversify: ceiling=0.00, value=18445.0
    [iter 8235219] reheat + diversify: ceiling=0.00, value=22401.0
    [iter 8240972] reheat + diversify: ceiling=0.00, value=14807.0
    [iter 8246725] reheat + diversify: ceiling=0.00, value=23430.0
    [iter 8252478] reheat + diversify: ceiling=0.00, value=20055.0
    [iter 8258231] reheat + diversify: ceiling=0.00, value=20567.0
    [iter 8263984] reheat + diversify: ceiling=0.00, value=15591.0
    [iter 8269737] reheat + diversify: ceiling=0.00, value=17622.0
    [iter 8275490] reheat + diversify: ceiling=0.00, value=17121.0
    [iter 8281243] reheat + diversify: ceiling=0.00, value=13476.0
    [iter 8286996] reheat + diversify: ceiling=0.00, value=24479.0
    [iter 8292749] reheat + diversify: ceiling=0.00, value=15155.0
    [iter 8298502] reheat + diversify: ceiling=0.00, value=18789.0
    [iter 8304255] reheat + diversify: ceiling=0.00, value=14475.0
    [iter 8310008] reheat + diversify: ceiling=0.00, value=23123.0
    [iter 8315761] reheat + diversify: ceiling=0.00, value=14537.0
    [iter 8321514] reheat + diversify: ceiling=0.00, value=10578.0
    [iter 8327267] reheat + diversify: ceiling=0.00, value=11711.0
    [iter 8333020] reheat + diversify: ceiling=0.00, value=13596.0
    [iter 8338773] reheat + diversify: ceiling=0.00, value=10979.0
    [iter 8344526] reheat + diversify: ceiling=0.00, value=17901.0
    [iter 8350279] reheat + diversify: ceiling=0.00, value=14144.0
    [iter 8356032] reheat + diversify: ceiling=0.00, value=18058.0
    [iter 8361785] reheat + diversify: ceiling=0.00, value=17190.0
    [iter 8367538] reheat + diversify: ceiling=0.00, value=19320.0
    [iter 8373291] reheat + diversify: ceiling=0.00, value=18363.0
    [iter 8379044] reheat + diversify: ceiling=0.00, value=12938.0
    [iter 8384797] reheat + diversify: ceiling=0.00, value=20619.0
    [iter 8390550] reheat + diversify: ceiling=0.00, value=23398.0
    [iter 8396303] reheat + diversify: ceiling=0.00, value=9949.0
    [iter 8402056] reheat + diversify: ceiling=0.00, value=13301.0
    [iter 8407809] reheat + diversify: ceiling=0.00, value=20481.0
    [iter 8413562] reheat + diversify: ceiling=0.00, value=23073.0
    [iter 8419315] reheat + diversify: ceiling=0.00, value=13548.0
    [iter 8425068] reheat + diversify: ceiling=0.00, value=17862.0
    [iter 8430821] reheat + diversify: ceiling=0.00, value=24018.0
    [iter 8436574] reheat + diversify: ceiling=0.00, value=20193.0
    [iter 8442327] reheat + diversify: ceiling=0.00, value=19831.0
    [iter 8448080] reheat + diversify: ceiling=0.00, value=19003.0
    [iter 8453833] reheat + diversify: ceiling=0.00, value=19435.0
    [iter 8459586] reheat + diversify: ceiling=0.00, value=18662.0
    [iter 8465339] reheat + diversify: ceiling=0.00, value=13148.0
    [iter 8471092] reheat + diversify: ceiling=0.00, value=15327.0
    [iter 8476845] reheat + diversify: ceiling=0.00, value=12896.0
    [iter 8482598] reheat + diversify: ceiling=0.00, value=23849.0
    [iter 8488351] reheat + diversify: ceiling=0.00, value=18374.0
    [iter 8494104] reheat + diversify: ceiling=0.00, value=15476.0
    [iter 8499857] reheat + diversify: ceiling=0.00, value=19435.0
    [iter 8505610] reheat + diversify: ceiling=0.00, value=21559.0
    [iter 8511363] reheat + diversify: ceiling=0.00, value=14031.0
    [iter 8517116] reheat + diversify: ceiling=0.00, value=20619.0
    [iter 8522869] reheat + diversify: ceiling=0.00, value=17353.0
    [iter 8528622] reheat + diversify: ceiling=0.00, value=22685.0
    [iter 8534375] reheat + diversify: ceiling=0.00, value=17560.0
    [iter 8540128] reheat + diversify: ceiling=0.00, value=17440.0
    [iter 8545881] reheat + diversify: ceiling=0.00, value=23231.0
    [iter 8551634] reheat + diversify: ceiling=0.00, value=14055.0
    [iter 8557387] reheat + diversify: ceiling=0.00, value=16089.0
    [iter 8563140] reheat + diversify: ceiling=0.00, value=18107.0
    [iter 8568893] reheat + diversify: ceiling=0.00, value=18309.0
    [iter 8574646] reheat + diversify: ceiling=0.00, value=12531.0
    [iter 8580399] reheat + diversify: ceiling=0.00, value=24019.0
    [iter 8586152] reheat + diversify: ceiling=0.00, value=24051.0
    [iter 8591905] reheat + diversify: ceiling=0.00, value=11805.0
    [iter 8597658] reheat + diversify: ceiling=0.00, value=16803.0
    [iter 8603411] reheat + diversify: ceiling=0.00, value=17033.0
    [iter 8609164] reheat + diversify: ceiling=0.00, value=21835.0
    [iter 8614917] reheat + diversify: ceiling=0.00, value=15898.0
    [iter 8620670] reheat + diversify: ceiling=0.00, value=17622.0
    [iter 8626423] reheat + diversify: ceiling=0.00, value=21295.0
    [iter 8632176] reheat + diversify: ceiling=0.00, value=23505.0
    [iter 8637929] reheat + diversify: ceiling=0.00, value=17554.0
    [iter 8643682] reheat + diversify: ceiling=0.00, value=14385.0
    [iter 8649435] reheat + diversify: ceiling=0.00, value=17871.0
    [iter 8655188] reheat + diversify: ceiling=0.00, value=24019.0
    [iter 8660941] reheat + diversify: ceiling=0.00, value=13855.0
    [iter 8666694] reheat + diversify: ceiling=0.00, value=19832.0
    [iter 8672447] reheat + diversify: ceiling=0.00, value=24124.0
    [iter 8678200] reheat + diversify: ceiling=0.00, value=23430.0
    [iter 8683953] reheat + diversify: ceiling=0.00, value=19259.0
    [iter 8689706] reheat + diversify: ceiling=0.00, value=22455.0
    [iter 8695459] reheat + diversify: ceiling=0.00, value=19409.0
    [iter 8701212] reheat + diversify: ceiling=0.00, value=19003.0
    [iter 8706965] reheat + diversify: ceiling=0.00, value=13344.0
    [iter 8712718] reheat + diversify: ceiling=0.00, value=19409.0
    [iter 8718471] reheat + diversify: ceiling=0.00, value=24806.0
    [iter 8724224] reheat + diversify: ceiling=0.00, value=23849.0
    [iter 8729977] reheat + diversify: ceiling=0.00, value=10532.0
    [iter 8735730] reheat + diversify: ceiling=0.00, value=11097.0
    [iter 8741483] reheat + diversify: ceiling=0.00, value=23389.0
    [iter 8747236] reheat + diversify: ceiling=0.00, value=21867.0
    [iter 8752989] reheat + diversify: ceiling=0.00, value=19937.0
    [iter 8758742] reheat + diversify: ceiling=0.00, value=22633.0
    [iter 8764495] reheat + diversify: ceiling=0.00, value=23743.0
    [iter 8770248] reheat + diversify: ceiling=0.00, value=19004.0
    [iter 8776001] reheat + diversify: ceiling=0.00, value=22487.0
    [iter 8781754] reheat + diversify: ceiling=0.00, value=18058.0
    [iter 8787507] reheat + diversify: ceiling=0.00, value=23461.0
    [iter 8793260] reheat + diversify: ceiling=0.00, value=23964.0
    [iter 8799013] reheat + diversify: ceiling=0.00, value=11968.0
    [iter 8804766] reheat + diversify: ceiling=0.00, value=13483.0
    [iter 8810519] reheat + diversify: ceiling=0.00, value=23967.0
    [iter 8816272] reheat + diversify: ceiling=0.00, value=20046.0
    [iter 8822025] reheat + diversify: ceiling=0.00, value=23463.0
    [iter 8827778] reheat + diversify: ceiling=0.00, value=18727.0
    [iter 8833531] reheat + diversify: ceiling=0.00, value=12387.0
    [iter 8839284] reheat + diversify: ceiling=0.00, value=14566.0
    [iter 8845037] reheat + diversify: ceiling=0.00, value=19685.0
    [iter 8850790] reheat + diversify: ceiling=0.00, value=16348.0
    [iter 8856543] reheat + diversify: ceiling=0.00, value=19717.0
    [iter 8862296] reheat + diversify: ceiling=0.00, value=23228.0
    [iter 8868049] reheat + diversify: ceiling=0.00, value=17097.0
    [iter 8873802] reheat + diversify: ceiling=0.00, value=13001.0
    [iter 8879555] reheat + diversify: ceiling=0.00, value=12020.0
    [iter 8885308] reheat + diversify: ceiling=0.00, value=16982.0
    [iter 8891061] reheat + diversify: ceiling=0.00, value=23743.0
    [iter 8896814] reheat + diversify: ceiling=0.00, value=22951.0
    [iter 8902567] reheat + diversify: ceiling=0.00, value=15974.0
    [iter 8908320] reheat + diversify: ceiling=0.00, value=16408.0
    [iter 8914073] reheat + diversify: ceiling=0.00, value=18897.0
    [iter 8919826] reheat + diversify: ceiling=0.00, value=23849.0
    [iter 8925579] reheat + diversify: ceiling=0.00, value=22561.0
    [iter 8931332] reheat + diversify: ceiling=0.00, value=14202.0
    [iter 8937085] reheat + diversify: ceiling=0.00, value=12637.0
    [iter 8942838] reheat + diversify: ceiling=0.00, value=18363.0
    [iter 8948591] reheat + diversify: ceiling=0.00, value=12577.0
    [iter 8954344] reheat + diversify: ceiling=0.00, value=19412.0
    [iter 8960097] reheat + diversify: ceiling=0.00, value=18647.0
    [iter 8965850] reheat + diversify: ceiling=0.00, value=20760.0
    [iter 8971603] reheat + diversify: ceiling=0.00, value=19196.0
    [iter 8977356] reheat + diversify: ceiling=0.00, value=17514.0
    [iter 8983109] reheat + diversify: ceiling=0.00, value=17641.0
    [iter 8988862] reheat + diversify: ceiling=0.00, value=12586.0
    [iter 8994615] reheat + diversify: ceiling=0.00, value=24166.0
    [iter 9000368] reheat + diversify: ceiling=0.00, value=18867.0
    [iter 9006121] reheat + diversify: ceiling=0.00, value=14111.0
    [iter 9011874] reheat + diversify: ceiling=0.00, value=24530.0
    [iter 9017627] reheat + diversify: ceiling=0.00, value=19937.0
    [iter 9023380] reheat + diversify: ceiling=0.00, value=15591.0
    [iter 9029133] reheat + diversify: ceiling=0.00, value=20875.0
    [iter 9034886] reheat + diversify: ceiling=0.00, value=19403.0
    [iter 9040639] reheat + diversify: ceiling=0.00, value=18492.0
    [iter 9046392] reheat + diversify: ceiling=0.00, value=14426.0
    [iter 9052145] reheat + diversify: ceiling=0.00, value=24953.0
    [iter 9057898] reheat + diversify: ceiling=0.00, value=12025.0
    [iter 9063651] reheat + diversify: ceiling=0.00, value=16321.0
    [iter 9069404] reheat + diversify: ceiling=0.00, value=23430.0
    [iter 9075157] reheat + diversify: ceiling=0.00, value=11472.0
    [iter 9080910] reheat + diversify: ceiling=0.00, value=14833.0
    [iter 9086663] reheat + diversify: ceiling=0.00, value=12853.0
    [iter 9092416] reheat + diversify: ceiling=0.00, value=24249.0
    [iter 9098169] reheat + diversify: ceiling=0.00, value=11905.0
    [iter 9103922] reheat + diversify: ceiling=0.00, value=18727.0
    [iter 9109675] reheat + diversify: ceiling=0.00, value=22527.0
    [iter 9115428] reheat + diversify: ceiling=0.00, value=11123.0
    [iter 9121181] reheat + diversify: ceiling=0.00, value=19236.0
    [iter 9126934] reheat + diversify: ceiling=0.00, value=23123.0
    [iter 9132687] reheat + diversify: ceiling=0.00, value=23743.0
    [iter 9138440] reheat + diversify: ceiling=0.00, value=11621.0
    [iter 9144193] reheat + diversify: ceiling=0.00, value=15281.0
    [iter 9149946] reheat + diversify: ceiling=0.00, value=21867.0
    [iter 9155699] reheat + diversify: ceiling=0.00, value=17097.0
    [iter 9161452] reheat + diversify: ceiling=0.00, value=24953.0
    [iter 9167205] reheat + diversify: ceiling=0.00, value=22765.0
    [iter 9172958] reheat + diversify: ceiling=0.00, value=24051.0
    [iter 9178711] reheat + diversify: ceiling=0.00, value=22691.0
    [iter 9184464] reheat + diversify: ceiling=0.00, value=14770.0
    [iter 9190217] reheat + diversify: ceiling=0.00, value=16716.0
    [iter 9195970] reheat + diversify: ceiling=0.00, value=19515.0
    [iter 9201723] reheat + diversify: ceiling=0.00, value=20673.0
    [iter 9207476] reheat + diversify: ceiling=0.00, value=24838.0
    [iter 9213229] reheat + diversify: ceiling=0.00, value=18753.0
    [iter 9218982] reheat + diversify: ceiling=0.00, value=15713.0
    [iter 9224735] reheat + diversify: ceiling=0.00, value=16857.0
    [iter 9230488] reheat + diversify: ceiling=0.00, value=11705.0
    [iter 9236241] reheat + diversify: ceiling=0.00, value=12731.0
    [iter 9241994] reheat + diversify: ceiling=0.00, value=22561.0
    [iter 9247747] reheat + diversify: ceiling=0.00, value=18381.0
    [iter 9253500] reheat + diversify: ceiling=0.00, value=19055.0
    [iter 9259253] reheat + diversify: ceiling=0.00, value=18615.0
    [iter 9265006] reheat + diversify: ceiling=0.00, value=19952.0
    [iter 9270759] reheat + diversify: ceiling=0.00, value=24636.0
    [iter 9276512] reheat + diversify: ceiling=0.00, value=19799.0
    [iter 9282265] reheat + diversify: ceiling=0.00, value=13216.0
    [iter 9288018] reheat + diversify: ceiling=0.00, value=18225.0
    [iter 9293771] reheat + diversify: ceiling=0.00, value=23711.0
    [iter 9299524] reheat + diversify: ceiling=0.00, value=18359.0
    [iter 9305277] reheat + diversify: ceiling=0.00, value=18236.0
    [iter 9311030] reheat + diversify: ceiling=0.00, value=24531.0
    [iter 9316783] reheat + diversify: ceiling=0.00, value=16100.0
    [iter 9322536] reheat + diversify: ceiling=0.00, value=21633.0
    [iter 9328289] reheat + diversify: ceiling=0.00, value=22691.0
    [iter 9334042] reheat + diversify: ceiling=0.00, value=18945.0
    [iter 9339795] reheat + diversify: ceiling=0.00, value=20219.0
    [iter 9345548] reheat + diversify: ceiling=0.00, value=24479.0
    [iter 9351301] reheat + diversify: ceiling=0.00, value=12809.0
    [iter 9357054] reheat + diversify: ceiling=0.00, value=24636.0
    [iter 9362807] reheat + diversify: ceiling=0.00, value=18340.0
    [iter 9368560] reheat + diversify: ceiling=0.00, value=23849.0
    [iter 9374313] reheat + diversify: ceiling=0.00, value=12704.0
    [iter 9380066] reheat + diversify: ceiling=0.00, value=24755.0
    [iter 9385819] reheat + diversify: ceiling=0.00, value=13200.0
    [iter 9391572] reheat + diversify: ceiling=0.00, value=21664.0
    [iter 9397325] reheat + diversify: ceiling=0.00, value=20088.0
    [iter 9403078] reheat + diversify: ceiling=0.00, value=24105.0
    [iter 9408831] reheat + diversify: ceiling=0.00, value=23039.0
    [iter 9414584] reheat + diversify: ceiling=0.00, value=20526.0
    [iter 9420337] reheat + diversify: ceiling=0.00, value=12720.0
    [iter 9426090] reheat + diversify: ceiling=0.00, value=20814.0
    [iter 9431843] reheat + diversify: ceiling=0.00, value=24050.0
    [iter 9437596] reheat + diversify: ceiling=0.00, value=20567.0
    [iter 9443349] reheat + diversify: ceiling=0.00, value=23398.0
    [iter 9449102] reheat + diversify: ceiling=0.00, value=24787.0
    [iter 9454855] reheat + diversify: ceiling=0.00, value=15014.0
    [iter 9460608] reheat + diversify: ceiling=0.00, value=15531.0
    [iter 9466361] reheat + diversify: ceiling=0.00, value=23346.0
    [iter 9472114] reheat + diversify: ceiling=0.00, value=18727.0
    [iter 9477867] reheat + diversify: ceiling=0.00, value=24806.0
    [iter 9483620] reheat + diversify: ceiling=0.00, value=23122.0
    [iter 9489373] reheat + diversify: ceiling=0.00, value=23176.0
    [iter 9495126] reheat + diversify: ceiling=0.00, value=22455.0
    [iter 9500879] reheat + diversify: ceiling=0.00, value=11957.0
    [iter 9506632] reheat + diversify: ceiling=0.00, value=13209.0
    [iter 9512385] reheat + diversify: ceiling=0.00, value=19117.0
    [iter 9518138] reheat + diversify: ceiling=0.00, value=15895.0
    [iter 9523891] reheat + diversify: ceiling=0.00, value=12957.0
    [iter 9529644] reheat + diversify: ceiling=0.00, value=13632.0
    [iter 9535397] reheat + diversify: ceiling=0.00, value=12613.0
    [iter 9541150] reheat + diversify: ceiling=0.00, value=15074.0
    [iter 9546903] reheat + diversify: ceiling=0.00, value=11792.0
    [iter 9552656] reheat + diversify: ceiling=0.00, value=19003.0
    [iter 9558409] reheat + diversify: ceiling=0.00, value=15017.0
    [iter 9564162] reheat + diversify: ceiling=0.00, value=20875.0
    [iter 9569915] reheat + diversify: ceiling=0.00, value=15519.0
    [iter 9575668] reheat + diversify: ceiling=0.00, value=13125.0
    [iter 9581421] reheat + diversify: ceiling=0.00, value=15281.0
    [iter 9587174] reheat + diversify: ceiling=0.00, value=12485.0
    [iter 9592927] reheat + diversify: ceiling=0.00, value=12516.0
    [iter 9598680] reheat + diversify: ceiling=0.00, value=12701.0
    [iter 9604433] reheat + diversify: ceiling=0.00, value=13295.0
    [iter 9610186] reheat + diversify: ceiling=0.00, value=23743.0
    [iter 9615939] reheat + diversify: ceiling=0.00, value=19952.0
    [iter 9621692] reheat + diversify: ceiling=0.00, value=24530.0
    [iter 9627445] reheat + diversify: ceiling=0.00, value=24019.0
    [iter 9633198] reheat + diversify: ceiling=0.00, value=17228.0
    [iter 9638951] reheat + diversify: ceiling=0.00, value=15702.0
    [iter 9644704] reheat + diversify: ceiling=0.00, value=15107.0
    [iter 9650457] reheat + diversify: ceiling=0.00, value=16652.0
    [iter 9656210] reheat + diversify: ceiling=0.00, value=11074.0
    [iter 9661963] reheat + diversify: ceiling=0.00, value=15382.0
    [iter 9667716] reheat + diversify: ceiling=0.00, value=14068.0
    [iter 9673469] reheat + diversify: ceiling=0.00, value=19940.0
    [iter 9679222] reheat + diversify: ceiling=0.00, value=21547.0
    [iter 9684975] reheat + diversify: ceiling=0.00, value=19937.0
    [iter 9690728] reheat + diversify: ceiling=0.00, value=18543.0
    [iter 9696481] reheat + diversify: ceiling=0.00, value=16424.0
    [iter 9702234] reheat + diversify: ceiling=0.00, value=23243.0
    [iter 9707987] reheat + diversify: ceiling=0.00, value=13462.0
    [iter 9713740] reheat + diversify: ceiling=0.00, value=18365.0
    [iter 9719493] reheat + diversify: ceiling=0.00, value=11823.0
    [iter 9725246] reheat + diversify: ceiling=0.00, value=20619.0
    [iter 9730999] reheat + diversify: ceiling=0.00, value=20833.0
    [iter 9736752] reheat + diversify: ceiling=0.00, value=15014.0
    [iter 9742505] reheat + diversify: ceiling=0.00, value=22890.0
    [iter 9748258] reheat + diversify: ceiling=0.00, value=16566.0
    [iter 9754011] reheat + diversify: ceiling=0.00, value=23743.0
    [iter 9759764] reheat + diversify: ceiling=0.00, value=19268.0
    [iter 9765517] reheat + diversify: ceiling=0.00, value=18789.0
    [iter 9771270] reheat + diversify: ceiling=0.00, value=19003.0
    [iter 9777023] reheat + diversify: ceiling=0.00, value=23910.0
    [iter 9782776] reheat + diversify: ceiling=0.00, value=24051.0
    [iter 9788529] reheat + diversify: ceiling=0.00, value=17208.0
    [iter 9794282] reheat + diversify: ceiling=0.00, value=19780.0
    [iter 9800035] reheat + diversify: ceiling=0.00, value=19066.0
    [iter 9805788] reheat + diversify: ceiling=0.00, value=24166.0
    [iter 9811541] reheat + diversify: ceiling=0.00, value=21345.0
    [iter 9817294] reheat + diversify: ceiling=0.00, value=15788.0
    [iter 9823047] reheat + diversify: ceiling=0.00, value=15444.0
    [iter 9828800] reheat + diversify: ceiling=0.00, value=19363.0
    [iter 9834553] reheat + diversify: ceiling=0.00, value=20055.0
    [iter 9840306] reheat + diversify: ceiling=0.00, value=11677.0
    [iter 9846059] reheat + diversify: ceiling=0.00, value=24953.0
    [iter 9851812] reheat + diversify: ceiling=0.00, value=14557.0
    [iter 9857565] reheat + diversify: ceiling=0.00, value=19515.0
    [iter 9863318] reheat + diversify: ceiling=0.00, value=10049.0
    [iter 9869071] reheat + diversify: ceiling=0.00, value=19608.0
    [iter 9874824] reheat + diversify: ceiling=0.00, value=19886.0
    [iter 9880577] reheat + diversify: ceiling=0.00, value=17554.0
    [iter 9886330] reheat + diversify: ceiling=0.00, value=24530.0
    [iter 9892083] reheat + diversify: ceiling=0.00, value=19035.0
    [iter 9897836] reheat + diversify: ceiling=0.00, value=24051.0
    [iter 9903589] reheat + diversify: ceiling=0.00, value=20567.0
    [iter 9909342] reheat + diversify: ceiling=0.00, value=19056.0
    [iter 9915095] reheat + diversify: ceiling=0.00, value=13866.0
    [iter 9920848] reheat + diversify: ceiling=0.00, value=23743.0
    [iter 9926601] reheat + diversify: ceiling=0.00, value=24806.0
    [iter 9932354] reheat + diversify: ceiling=0.00, value=12762.0
    [iter 9938107] reheat + diversify: ceiling=0.00, value=14531.0
    [iter 9943860] reheat + diversify: ceiling=0.00, value=19654.0
    [iter 9949613] reheat + diversify: ceiling=0.00, value=19892.0
    [iter 9955366] reheat + diversify: ceiling=0.00, value=13031.0
    [iter 9961119] reheat + diversify: ceiling=0.00, value=21780.0
    [iter 9966872] reheat + diversify: ceiling=0.00, value=15327.0
    [iter 9972625] reheat + diversify: ceiling=0.00, value=11399.0
    [iter 9978378] reheat + diversify: ceiling=0.00, value=20760.0
    [iter 9984131] reheat + diversify: ceiling=0.00, value=23849.0
    [iter 9989884] reheat + diversify: ceiling=0.00, value=13104.0
    [iter 9995637] reheat + diversify: ceiling=0.00, value=24531.0
    [iter 10001390] reheat + diversify: ceiling=0.00, value=18301.0
    [iter 10007143] reheat + diversify: ceiling=0.00, value=13216.0
    [iter 10012896] reheat + diversify: ceiling=0.00, value=20760.0
    [iter 10018649] reheat + diversify: ceiling=0.00, value=13119.0
    [iter 10024402] reheat + diversify: ceiling=0.00, value=12081.0
    [iter 10030155] reheat + diversify: ceiling=0.00, value=24636.0
    [iter 10035908] reheat + diversify: ceiling=0.00, value=11486.0
    [iter 10041661] reheat + diversify: ceiling=0.00, value=19239.0
    [iter 10047414] reheat + diversify: ceiling=0.00, value=24787.0
    [iter 10053167] reheat + diversify: ceiling=0.00, value=24051.0
    [iter 10058920] reheat + diversify: ceiling=0.00, value=20139.0
    [iter 10064673] reheat + diversify: ceiling=0.00, value=21906.0
    [iter 10070426] reheat + diversify: ceiling=0.00, value=19886.0
    [iter 10076179] reheat + diversify: ceiling=0.00, value=16972.0
    [iter 10081932] reheat + diversify: ceiling=0.00, value=15577.0
    [iter 10087685] reheat + diversify: ceiling=0.00, value=12921.0
    [iter 10093438] reheat + diversify: ceiling=0.00, value=18737.0
    [iter 10099191] reheat + diversify: ceiling=0.00, value=21665.0
    [iter 10104944] reheat + diversify: ceiling=0.00, value=16180.0
    [iter 10110697] reheat + diversify: ceiling=0.00, value=26361.0
    [iter 10116450] reheat + diversify: ceiling=0.00, value=23389.0
    [iter 10122203] reheat + diversify: ceiling=0.00, value=24531.0
    [iter 10127956] reheat + diversify: ceiling=0.00, value=19201.0
    [iter 10133709] reheat + diversify: ceiling=0.00, value=16101.0
    [iter 10139462] reheat + diversify: ceiling=0.00, value=13520.0
    [iter 10145215] reheat + diversify: ceiling=0.00, value=11717.0
    [iter 10150968] reheat + diversify: ceiling=0.00, value=15083.0
    [iter 10156721] reheat + diversify: ceiling=0.00, value=19409.0
    [iter 10162474] reheat + diversify: ceiling=0.00, value=18001.0
    [iter 10168227] reheat + diversify: ceiling=0.00, value=23379.0
    [iter 10173980] reheat + diversify: ceiling=0.00, value=18505.0
    [iter 10179733] reheat + diversify: ceiling=0.00, value=12762.0
    [iter 10185486] reheat + diversify: ceiling=0.00, value=18929.0
    [iter 10191239] reheat + diversify: ceiling=0.00, value=13447.0
    [iter 10196992] reheat + diversify: ceiling=0.00, value=19425.0
    [iter 10202745] reheat + diversify: ceiling=0.00, value=18374.0
    [iter 10208498] reheat + diversify: ceiling=0.00, value=11673.0
    [iter 10214251] reheat + diversify: ceiling=0.00, value=17565.0
    [iter 10220004] reheat + diversify: ceiling=0.00, value=15247.0
    [iter 10225757] reheat + diversify: ceiling=0.00, value=12436.0
    [iter 10231510] reheat + diversify: ceiling=0.00, value=23122.0
    [iter 10237263] reheat + diversify: ceiling=0.00, value=12428.0
    [iter 10243016] reheat + diversify: ceiling=0.00, value=23452.0
    [iter 10248769] reheat + diversify: ceiling=0.00, value=19661.0
    [iter 10254522] reheat + diversify: ceiling=0.00, value=17565.0
    [iter 10260275] reheat + diversify: ceiling=0.00, value=13776.0
    [iter 10266028] reheat + diversify: ceiling=0.00, value=18309.0
    [iter 10271781] reheat + diversify: ceiling=0.00, value=22295.0
    [iter 10277534] reheat + diversify: ceiling=0.00, value=13663.0
    [iter 10283287] reheat + diversify: ceiling=0.00, value=15476.0
    [iter 10289040] reheat + diversify: ceiling=0.00, value=12477.0
    [iter 10294793] reheat + diversify: ceiling=0.00, value=23452.0
    [iter 10300546] reheat + diversify: ceiling=0.00, value=23430.0
    [iter 10306299] reheat + diversify: ceiling=0.00, value=10968.0
    [iter 10312052] reheat + diversify: ceiling=0.00, value=20760.0
    [iter 10317805] reheat + diversify: ceiling=0.00, value=15465.0
    [iter 10323558] reheat + diversify: ceiling=0.00, value=22487.0
    [iter 10329311] reheat + diversify: ceiling=0.00, value=13125.0
    [iter 10335064] reheat + diversify: ceiling=0.00, value=23398.0
    [iter 10340817] reheat + diversify: ceiling=0.00, value=18417.0
    [iter 10346570] reheat + diversify: ceiling=0.00, value=24124.0
    [iter 10352323] reheat + diversify: ceiling=0.00, value=24530.0
    [iter 10358076] reheat + diversify: ceiling=0.00, value=16404.0
    [iter 10363829] reheat + diversify: ceiling=0.00, value=11972.0
    [iter 10369582] reheat + diversify: ceiling=0.00, value=18789.0
    [iter 10375335] reheat + diversify: ceiling=0.00, value=12729.0
    [iter 10381088] reheat + diversify: ceiling=0.00, value=24073.0
    [iter 10386841] reheat + diversify: ceiling=0.00, value=21834.0
    [iter 10392594] reheat + diversify: ceiling=0.00, value=10687.0
    [iter 10398347] reheat + diversify: ceiling=0.00, value=13231.0
    [iter 10404100] reheat + diversify: ceiling=0.00, value=13016.0
    [iter 10409853] reheat + diversify: ceiling=0.00, value=24050.0
    [iter 10415606] reheat + diversify: ceiling=0.00, value=17982.0
    [iter 10421359] reheat + diversify: ceiling=0.00, value=22487.0
    [iter 10427112] reheat + diversify: ceiling=0.00, value=10799.0
    [iter 10432865] reheat + diversify: ceiling=0.00, value=13124.0
    [iter 10438618] reheat + diversify: ceiling=0.00, value=18615.0
    [iter 10444371] reheat + diversify: ceiling=0.00, value=19035.0
    [iter 10450124] reheat + diversify: ceiling=0.00, value=9335.0
    [iter 10455877] reheat + diversify: ceiling=0.00, value=14443.0
    [iter 10461630] reheat + diversify: ceiling=0.00, value=18737.0
    [iter 10467383] reheat + diversify: ceiling=0.00, value=10719.0
    [iter 10473136] reheat + diversify: ceiling=0.00, value=10777.0
    [iter 10478889] reheat + diversify: ceiling=0.00, value=11717.0
    [iter 10484642] reheat + diversify: ceiling=0.00, value=23711.0
    [iter 10490395] reheat + diversify: ceiling=0.00, value=19000.0
    [iter 10496148] reheat + diversify: ceiling=0.00, value=19886.0
    [iter 10501901] reheat + diversify: ceiling=0.00, value=13356.0
    [iter 10507654] reheat + diversify: ceiling=0.00, value=19717.0
    [iter 10513407] reheat + diversify: ceiling=0.00, value=20452.0
    [iter 10519160] reheat + diversify: ceiling=0.00, value=23347.0
    [iter 10524913] reheat + diversify: ceiling=0.00, value=19319.0
    [iter 10530666] reheat + diversify: ceiling=0.00, value=20075.0
    [iter 10536419] reheat + diversify: ceiling=0.00, value=14514.0
    [iter 10542172] reheat + diversify: ceiling=0.00, value=20139.0
    [iter 10547925] reheat + diversify: ceiling=0.00, value=15533.0
    [iter 10553678] reheat + diversify: ceiling=0.00, value=20136.0
    [iter 10559431] reheat + diversify: ceiling=0.00, value=16182.0
    [iter 10565184] reheat + diversify: ceiling=0.00, value=23123.0
    [iter 10570937] reheat + diversify: ceiling=0.00, value=17468.0
    [iter 10576690] reheat + diversify: ceiling=0.00, value=21889.0
    [iter 10582443] reheat + diversify: ceiling=0.00, value=15480.0
    [iter 10588196] reheat + diversify: ceiling=0.00, value=24177.0
    [iter 10593949] reheat + diversify: ceiling=0.00, value=21835.0
    [iter 10599702] reheat + diversify: ceiling=0.00, value=15000.0
    [iter 10605455] reheat + diversify: ceiling=0.00, value=23743.0
    [iter 10611208] reheat + diversify: ceiling=0.00, value=12214.0
    [iter 10616961] reheat + diversify: ceiling=0.00, value=18929.0
    [iter 10622714] reheat + diversify: ceiling=0.00, value=21345.0
    [iter 10628467] reheat + diversify: ceiling=0.00, value=23513.0
    [iter 10634220] reheat + diversify: ceiling=0.00, value=23379.0
    [iter 10639973] reheat + diversify: ceiling=0.00, value=20320.0
    [iter 10645726] reheat + diversify: ceiling=0.00, value=19748.0
    [iter 10651479] reheat + diversify: ceiling=0.00, value=23711.0
    [iter 10657232] reheat + diversify: ceiling=0.00, value=19312.0
    [iter 10662985] reheat + diversify: ceiling=0.00, value=18843.0
    [iter 10668738] reheat + diversify: ceiling=0.00, value=24051.0
    [iter 10674491] reheat + diversify: ceiling=0.00, value=11369.0
    [iter 10680244] reheat + diversify: ceiling=0.00, value=22347.0
    [iter 10685997] reheat + diversify: ceiling=0.00, value=14801.0
    [iter 10691750] reheat + diversify: ceiling=0.00, value=23743.0
    [iter 10697503] reheat + diversify: ceiling=0.00, value=23123.0
    [iter 10703256] reheat + diversify: ceiling=0.00, value=18416.0
    [iter 10709009] reheat + diversify: ceiling=0.00, value=13578.0
    [iter 10714762] reheat + diversify: ceiling=0.00, value=23910.0
    [iter 10720515] reheat + diversify: ceiling=0.00, value=11675.0
    [iter 10726268] reheat + diversify: ceiling=0.00, value=14112.0
    [iter 10732021] reheat + diversify: ceiling=0.00, value=17114.0
    [iter 10737774] reheat + diversify: ceiling=0.00, value=24479.0
    [iter 10743527] reheat + diversify: ceiling=0.00, value=15913.0
    [iter 10749280] reheat + diversify: ceiling=0.00, value=23849.0
    [iter 10755033] reheat + diversify: ceiling=0.00, value=12747.0
    [iter 10760786] reheat + diversify: ceiling=0.00, value=18414.0
    [iter 10766539] reheat + diversify: ceiling=0.00, value=13088.0
    [iter 10772292] reheat + diversify: ceiling=0.00, value=23743.0
    [iter 10778045] reheat + diversify: ceiling=0.00, value=15623.0
    [iter 10783798] reheat + diversify: ceiling=0.00, value=12720.0
    [iter 10789551] reheat + diversify: ceiling=0.00, value=23123.0
    [iter 10795304] reheat + diversify: ceiling=0.00, value=15926.0
    [iter 10801057] reheat + diversify: ceiling=0.00, value=18107.0
    [iter 10806810] reheat + diversify: ceiling=0.00, value=19515.0
    [iter 10812563] reheat + diversify: ceiling=0.00, value=23849.0
    [iter 10818316] reheat + diversify: ceiling=0.00, value=14460.0
    [iter 10824069] reheat + diversify: ceiling=0.00, value=14476.0
    [iter 10829822] reheat + diversify: ceiling=0.00, value=18327.0
    [iter 10835575] reheat + diversify: ceiling=0.00, value=24051.0
    [iter 10841328] reheat + diversify: ceiling=0.00, value=13565.0
    [iter 10847081] reheat + diversify: ceiling=0.00, value=15395.0
    [iter 10852834] reheat + diversify: ceiling=0.00, value=13657.0
    [iter 10858587] reheat + diversify: ceiling=0.00, value=13915.0
    [iter 10864340] reheat + diversify: ceiling=0.00, value=18929.0
    [iter 10870093] reheat + diversify: ceiling=0.00, value=19940.0
    [iter 10875846] reheat + diversify: ceiling=0.00, value=24531.0
    [iter 10881599] reheat + diversify: ceiling=0.00, value=14508.0
    [iter 10887352] reheat + diversify: ceiling=0.00, value=17537.0
    [iter 10893105] reheat + diversify: ceiling=0.00, value=23243.0
    [iter 10898858] reheat + diversify: ceiling=0.00, value=12379.0
    [iter 10904611] reheat + diversify: ceiling=0.00, value=23849.0
    [iter 10910364] reheat + diversify: ceiling=0.00, value=21345.0
    [iter 10916117] reheat + diversify: ceiling=0.00, value=23346.0
    [iter 10921870] reheat + diversify: ceiling=0.00, value=23196.0
    [iter 10927623] reheat + diversify: ceiling=0.00, value=21665.0
    [iter 10933376] reheat + diversify: ceiling=0.00, value=11516.0
    [iter 10939129] reheat + diversify: ceiling=0.00, value=23228.0
    [iter 10944882] reheat + diversify: ceiling=0.00, value=23398.0
    [iter 10950635] reheat + diversify: ceiling=0.00, value=11199.0
    [iter 10956388] reheat + diversify: ceiling=0.00, value=14140.0
    [iter 10962141] reheat + diversify: ceiling=0.00, value=20139.0
    [iter 10967894] reheat + diversify: ceiling=0.00, value=14822.0
    [iter 10973647] reheat + diversify: ceiling=0.00, value=24105.0
    [iter 10979400] reheat + diversify: ceiling=0.00, value=19885.0
    [iter 10985153] reheat + diversify: ceiling=0.00, value=20814.0
    [iter 10990906] reheat + diversify: ceiling=0.00, value=14620.0
    [iter 10996659] reheat + diversify: ceiling=0.00, value=24019.0
    [iter 11002412] reheat + diversify: ceiling=0.00, value=20452.0
    [iter 11008165] reheat + diversify: ceiling=0.00, value=19831.0
    [iter 11013918] reheat + diversify: ceiling=0.00, value=23858.0
    [iter 11019671] reheat + diversify: ceiling=0.00, value=19196.0
    [iter 11025424] reheat + diversify: ceiling=0.00, value=22452.0
    [iter 11031177] reheat + diversify: ceiling=0.00, value=24018.0
    [iter 11036930] reheat + diversify: ceiling=0.00, value=21559.0
    [iter 11042683] reheat + diversify: ceiling=0.00, value=12577.0
    [iter 11048436] reheat + diversify: ceiling=0.00, value=19085.0
    [iter 11054189] reheat + diversify: ceiling=0.00, value=18575.0
    [iter 11059942] reheat + diversify: ceiling=0.00, value=17459.0
  time limit reached at iteration 11064824
  SA finished: 11064824 iterations in 900.0s (12294 it/s), accepted 9074990 (82.0%), rejected 1989833, neutral 6143908 (55.5%), worsening accepted 59.6%, no-move draws 0, reheats 1921
  SA: value 26361.0 (greedy 24479.0, +1882.0), bound 31415.0, gap 16.09%, util 85.0%
  report -> /home/mcaspar/3DMHKP/results_3DMHKP_ep3/ep3-20-L-R-50-3DMHKP-SA-a0.999-r0.25-t900s.txt

================================================================================================
SUMMARY
================================================================================================
instance      boxes  packed       greedy     SA value        bound      gap    util    iters    time
------------------------------------------------------------------------------------------------
ep3-20-L-R-50     20       9      24479.0      26361.0      31415.0   16.1%   85.0% 11064824  900.0s
------------------------------------------------------------------------------------------------
proven optimal (value reaches the upper bound): 0/1
improved over greedy: 1/1 (total value 24479.0 -> 26361.0, +7.69%)
mean gap to 0-1 knapsack bound: 16.1%
mean volume utilization: 85.0%
