============================================================
  Solver:     3DMHKP-SA.py
  Instance:   /home/mcaspar/3DMHKP/Egeblad/ep3-20-C-C-90.txt
  Value mode: flat
  Timelimit:  900s
  Reports:    /home/mcaspar/3DMHKP/results_3DMHKP_ep3
  CPUs:       1
============================================================
======================================================================
3DMHKP Simulated Annealing (random single-neighbour, sequence decoder)
SA params: T0=5% of f(S_0), alpha=0.999, T_min=0.001, reheat_threshold=5753, reheat_fraction=0.25
Move weights: {'relocate': 0.0, 'swap': 1.0, '2opt': 0.0, 'promote': 1.5, 'demote': 1.5, 'orient': 1.0, 'container': 0.5}
Time limit: 900.0s per instance, seed 1747983496
======================================================================

======================================================================
ep3-20-C-C-90: 20 boxes (5 types), 1 containers (1 types)
  0-1 knapsack bound: 155222.0 (continuous relaxation: 156253.7)
  initial (value-density) decode: value 59978.0 (13/20 boxes)
  T0 = 13764.2 (calibrated, 228 worsening draws, target accept 35%)
  schedule: time-based, T0 -> 3137.78 over 900s
    [iter 1] *** NEW BEST: value 62826.0, boxes 13/20, T=13764.2, elapsed=0.1s
    [iter 13] *** NEW BEST: value 74428.0, boxes 14/20, T=13762.3, elapsed=0.1s
    [iter 59] *** NEW BEST: value 77276.0, boxes 14/20, T=13762.3, elapsed=0.1s
    [iter 144] *** NEW BEST: value 80124.0, boxes 14/20, T=13762.1, elapsed=0.1s
    [iter 5897] reheat + diversify: ceiling=3441.06, value=77276.0
    [iter 11650] reheat + diversify: ceiling=3096.95, value=55814.0
    [iter 17403] reheat + diversify: ceiling=2787.26, value=55814.0
    [iter 23156] reheat + diversify: ceiling=2508.53, value=74428.0
    [iter 28909] reheat + diversify: ceiling=2257.68, value=58662.0
    [iter 34662] reheat + diversify: ceiling=2031.91, value=77276.0
    [iter 40415] reheat + diversify: ceiling=1828.72, value=71146.0
    [iter 46168] reheat + diversify: ceiling=1645.85, value=59320.0
    [iter 51921] reheat + diversify: ceiling=1481.26, value=55814.0
    [iter 57674] reheat + diversify: ceiling=1333.14, value=80124.0
    [iter 63427] reheat + diversify: ceiling=1199.82, value=77276.0
    [iter 69180] reheat + diversify: ceiling=1079.84, value=55814.0
    [iter 74933] reheat + diversify: ceiling=971.86, value=58662.0
    [iter 80686] reheat + diversify: ceiling=874.67, value=59320.0
    [iter 86439] reheat + diversify: ceiling=787.20, value=58662.0
    [iter 92192] reheat + diversify: ceiling=708.48, value=77276.0
    [iter 97945] reheat + diversify: ceiling=637.64, value=77276.0
    [iter 103698] reheat + diversify: ceiling=573.87, value=77276.0
    [iter 109451] reheat + diversify: ceiling=516.48, value=77276.0
    [iter 115204] reheat + diversify: ceiling=464.84, value=77276.0
    [iter 120957] reheat + diversify: ceiling=418.35, value=77276.0
    [iter 126710] reheat + diversify: ceiling=376.52, value=58662.0
    [iter 132463] reheat + diversify: ceiling=338.87, value=68298.0
    [iter 138216] reheat + diversify: ceiling=304.98, value=55814.0
    [iter 143969] reheat + diversify: ceiling=274.48, value=58662.0
    [iter 149722] reheat + diversify: ceiling=247.03, value=58662.0
    [iter 155475] reheat + diversify: ceiling=222.33, value=55814.0
    [iter 161228] reheat + diversify: ceiling=200.10, value=65450.0
    [iter 166981] reheat + diversify: ceiling=180.09, value=58662.0
    [iter 172734] reheat + diversify: ceiling=162.08, value=71146.0
    [iter 178487] reheat + diversify: ceiling=145.87, value=80124.0
    [iter 184240] reheat + diversify: ceiling=131.28, value=77276.0
    [iter 189993] reheat + diversify: ceiling=118.16, value=59320.0
    [iter 195746] reheat + diversify: ceiling=106.34, value=58662.0
    [iter 201499] reheat + diversify: ceiling=95.71, value=55814.0
    [iter 207252] reheat + diversify: ceiling=86.14, value=58662.0
    [iter 213005] reheat + diversify: ceiling=77.52, value=55814.0
    [iter 218758] reheat + diversify: ceiling=69.77, value=56472.0
    [iter 224511] reheat + diversify: ceiling=62.79, value=62168.0
    [iter 230264] reheat + diversify: ceiling=56.51, value=58662.0
    [iter 236017] reheat + diversify: ceiling=50.86, value=80124.0
    [iter 241770] reheat + diversify: ceiling=45.78, value=80124.0
    [iter 247523] reheat + diversify: ceiling=41.20, value=55814.0
    [iter 253276] reheat + diversify: ceiling=37.08, value=77276.0
    [iter 259029] reheat + diversify: ceiling=33.37, value=74428.0
    [iter 264782] reheat + diversify: ceiling=30.03, value=61510.0
    [iter 270535] reheat + diversify: ceiling=27.03, value=68298.0
    [iter 276288] reheat + diversify: ceiling=24.33, value=74428.0
    [iter 282041] reheat + diversify: ceiling=21.89, value=55814.0
    [iter 287794] reheat + diversify: ceiling=19.70, value=74428.0
    [iter 293547] reheat + diversify: ceiling=17.73, value=77276.0
    [iter 299300] reheat + diversify: ceiling=15.96, value=80124.0
    [iter 305053] reheat + diversify: ceiling=14.36, value=77276.0
    [iter 310806] reheat + diversify: ceiling=12.93, value=77276.0
    [iter 316559] reheat + diversify: ceiling=11.64, value=58662.0
    [iter 322312] reheat + diversify: ceiling=10.47, value=77276.0
    [iter 328065] reheat + diversify: ceiling=9.42, value=80124.0
    [iter 333818] reheat + diversify: ceiling=8.48, value=55814.0
    [iter 339571] reheat + diversify: ceiling=7.63, value=58662.0
    [iter 345324] reheat + diversify: ceiling=6.87, value=61510.0
    [iter 351077] reheat + diversify: ceiling=6.18, value=80124.0
    [iter 356830] reheat + diversify: ceiling=5.57, value=77276.0
    [iter 362583] reheat + diversify: ceiling=5.01, value=65450.0
    [iter 368336] reheat + diversify: ceiling=4.51, value=77276.0
    [iter 374089] reheat + diversify: ceiling=4.06, value=80124.0
    [iter 379842] reheat + diversify: ceiling=3.65, value=55814.0
    [iter 385595] reheat + diversify: ceiling=3.29, value=58662.0
    [iter 391348] reheat + diversify: ceiling=2.96, value=68298.0
    [iter 397101] reheat + diversify: ceiling=2.66, value=71146.0
    [iter 402854] reheat + diversify: ceiling=2.40, value=55814.0
    [iter 408607] reheat + diversify: ceiling=2.16, value=55814.0
    [iter 414360] reheat + diversify: ceiling=1.94, value=77276.0
    [iter 420113] reheat + diversify: ceiling=1.75, value=61510.0
    [iter 425866] reheat + diversify: ceiling=1.57, value=80124.0
    [iter 431619] reheat + diversify: ceiling=1.41, value=58662.0
    [iter 437372] reheat + diversify: ceiling=1.27, value=58662.0
    [iter 443125] reheat + diversify: ceiling=1.15, value=77276.0
    [iter 448878] reheat + diversify: ceiling=1.03, value=77276.0
    [iter 454631] reheat + diversify: ceiling=0.93, value=58662.0
    [iter 460384] reheat + diversify: ceiling=0.84, value=74428.0
    [iter 466137] reheat + diversify: ceiling=0.75, value=58662.0
    [iter 471890] reheat + diversify: ceiling=0.68, value=58662.0
    [iter 477643] reheat + diversify: ceiling=0.61, value=58662.0
    [iter 483396] reheat + diversify: ceiling=0.55, value=62168.0
    [iter 489149] reheat + diversify: ceiling=0.49, value=58662.0
    [iter 494902] reheat + diversify: ceiling=0.44, value=58662.0
    [iter 500655] reheat + diversify: ceiling=0.40, value=68298.0
    [iter 506408] reheat + diversify: ceiling=0.36, value=58662.0
    [iter 512161] reheat + diversify: ceiling=0.32, value=58662.0
    [iter 517914] reheat + diversify: ceiling=0.29, value=71146.0
    [iter 523667] reheat + diversify: ceiling=0.26, value=55814.0
    [iter 529420] reheat + diversify: ceiling=0.24, value=77276.0
    [iter 535173] reheat + diversify: ceiling=0.21, value=65450.0
    [iter 540926] reheat + diversify: ceiling=0.19, value=59320.0
    [iter 546679] reheat + diversify: ceiling=0.17, value=77276.0
    [iter 552432] reheat + diversify: ceiling=0.15, value=68298.0
    [iter 558185] reheat + diversify: ceiling=0.14, value=77276.0
    [iter 563938] reheat + diversify: ceiling=0.13, value=58662.0
    [iter 569691] reheat + diversify: ceiling=0.11, value=58662.0
    [iter 575444] reheat + diversify: ceiling=0.10, value=80124.0
    [iter 581197] reheat + diversify: ceiling=0.09, value=55814.0
    [iter 586950] reheat + diversify: ceiling=0.08, value=68298.0
    [iter 592703] reheat + diversify: ceiling=0.07, value=68298.0
    [iter 598456] reheat + diversify: ceiling=0.07, value=58662.0
    [iter 604209] reheat + diversify: ceiling=0.06, value=80124.0
    [iter 609962] reheat + diversify: ceiling=0.05, value=77276.0
    [iter 615715] reheat + diversify: ceiling=0.05, value=58662.0
    [iter 621468] reheat + diversify: ceiling=0.04, value=77276.0
    [iter 627221] reheat + diversify: ceiling=0.04, value=77276.0
    [iter 632974] reheat + diversify: ceiling=0.04, value=80124.0
    [iter 638727] reheat + diversify: ceiling=0.03, value=61510.0
    [iter 644480] reheat + diversify: ceiling=0.03, value=77276.0
    [iter 650233] reheat + diversify: ceiling=0.03, value=77276.0
    [iter 655986] reheat + diversify: ceiling=0.02, value=58662.0
    [iter 661739] reheat + diversify: ceiling=0.02, value=58662.0
    [iter 667492] reheat + diversify: ceiling=0.02, value=55814.0
    [iter 673245] reheat + diversify: ceiling=0.02, value=80124.0
    [iter 678998] reheat + diversify: ceiling=0.02, value=68298.0
    [iter 684751] reheat + diversify: ceiling=0.01, value=77276.0
    [iter 690504] reheat + diversify: ceiling=0.01, value=58662.0
    [iter 696257] reheat + diversify: ceiling=0.01, value=55814.0
    [iter 702010] reheat + diversify: ceiling=0.01, value=74428.0
    [iter 707763] reheat + diversify: ceiling=0.01, value=77276.0
    [iter 713516] reheat + diversify: ceiling=0.01, value=58662.0
    [iter 719269] reheat + diversify: ceiling=0.01, value=77276.0
    [iter 725022] reheat + diversify: ceiling=0.01, value=58662.0
    [iter 730775] reheat + diversify: ceiling=0.01, value=77276.0
    [iter 736528] reheat + diversify: ceiling=0.01, value=58662.0
    [iter 742281] reheat + diversify: ceiling=0.00, value=55814.0
    [iter 748034] reheat + diversify: ceiling=0.00, value=80124.0
    [iter 753787] reheat + diversify: ceiling=0.00, value=77276.0
    [iter 759540] reheat + diversify: ceiling=0.00, value=61510.0
    [iter 765293] reheat + diversify: ceiling=0.00, value=77276.0
    [iter 771046] reheat + diversify: ceiling=0.00, value=59320.0
    [iter 776799] reheat + diversify: ceiling=0.00, value=77276.0
    [iter 782552] reheat + diversify: ceiling=0.00, value=77276.0
    [iter 788305] reheat + diversify: ceiling=0.00, value=55814.0
    [iter 794058] reheat + diversify: ceiling=0.00, value=58662.0
    [iter 799811] reheat + diversify: ceiling=0.00, value=55814.0
    [iter 805564] reheat + diversify: ceiling=0.00, value=77276.0
    [iter 811317] reheat + diversify: ceiling=0.00, value=77276.0
    [iter 817070] reheat + diversify: ceiling=0.00, value=74428.0
    [iter 822823] reheat + diversify: ceiling=0.00, value=74428.0
    [iter 828576] reheat + diversify: ceiling=0.00, value=62168.0
    [iter 834329] reheat + diversify: ceiling=0.00, value=77276.0
    [iter 840082] reheat + diversify: ceiling=0.00, value=80124.0
    [iter 845835] reheat + diversify: ceiling=0.00, value=62168.0
    [iter 851588] reheat + diversify: ceiling=0.00, value=80124.0
    [iter 857341] reheat + diversify: ceiling=0.00, value=56472.0
    [iter 863094] reheat + diversify: ceiling=0.00, value=55814.0
    [iter 868847] reheat + diversify: ceiling=0.00, value=55814.0
    [iter 874600] reheat + diversify: ceiling=0.00, value=77276.0
    [iter 880353] reheat + diversify: ceiling=0.00, value=58662.0
    [iter 886106] reheat + diversify: ceiling=0.00, value=58662.0
    [iter 891859] reheat + diversify: ceiling=0.00, value=58662.0
    [iter 897612] reheat + diversify: ceiling=0.00, value=77276.0
    [iter 903365] reheat + diversify: ceiling=0.00, value=58662.0
    [iter 909118] reheat + diversify: ceiling=0.00, value=58662.0
    [iter 914871] reheat + diversify: ceiling=0.00, value=58662.0
    [iter 920624] reheat + diversify: ceiling=0.00, value=58662.0
    [iter 926377] reheat + diversify: ceiling=0.00, value=55814.0
    [iter 932130] reheat + diversify: ceiling=0.00, value=80124.0
    [iter 937883] reheat + diversify: ceiling=0.00, value=77276.0
    [iter 943636] reheat + diversify: ceiling=0.00, value=55814.0
    [iter 949389] reheat + diversify: ceiling=0.00, value=61510.0
    [iter 955142] reheat + diversify: ceiling=0.00, value=80124.0
    [iter 960895] reheat + diversify: ceiling=0.00, value=58662.0
    [iter 966648] reheat + diversify: ceiling=0.00, value=77276.0
    [iter 972401] reheat + diversify: ceiling=0.00, value=65450.0
    [iter 978154] reheat + diversify: ceiling=0.00, value=68298.0
    [iter 983907] reheat + diversify: ceiling=0.00, value=77276.0
    [iter 989660] reheat + diversify: ceiling=0.00, value=58662.0
    [iter 995413] reheat + diversify: ceiling=0.00, value=58662.0
    [iter 1001166] reheat + diversify: ceiling=0.00, value=77276.0
    [iter 1006919] reheat + diversify: ceiling=0.00, value=61510.0
    [iter 1012672] reheat + diversify: ceiling=0.00, value=77276.0
    [iter 1018425] reheat + diversify: ceiling=0.00, value=55814.0
    [iter 1024178] reheat + diversify: ceiling=0.00, value=55814.0
    [iter 1029931] reheat + diversify: ceiling=0.00, value=77276.0
    [iter 1035684] reheat + diversify: ceiling=0.00, value=77276.0
    [iter 1041437] reheat + diversify: ceiling=0.00, value=58662.0
    [iter 1047190] reheat + diversify: ceiling=0.00, value=58662.0
    [iter 1052943] reheat + diversify: ceiling=0.00, value=58662.0
    [iter 1058696] reheat + diversify: ceiling=0.00, value=77276.0
    [iter 1064449] reheat + diversify: ceiling=0.00, value=77276.0
    [iter 1070202] reheat + diversify: ceiling=0.00, value=65450.0
    [iter 1075955] reheat + diversify: ceiling=0.00, value=58662.0
    [iter 1081708] reheat + diversify: ceiling=0.00, value=74428.0
    [iter 1087461] reheat + diversify: ceiling=0.00, value=58662.0
    [iter 1093214] reheat + diversify: ceiling=0.00, value=55814.0
    [iter 1098967] reheat + diversify: ceiling=0.00, value=80124.0
    [iter 1104720] reheat + diversify: ceiling=0.00, value=61510.0
    [iter 1110473] reheat + diversify: ceiling=0.00, value=77276.0
    [iter 1116226] reheat + diversify: ceiling=0.00, value=55814.0
    [iter 1121979] reheat + diversify: ceiling=0.00, value=68298.0
    [iter 1127732] reheat + diversify: ceiling=0.00, value=77276.0
    [iter 1133485] reheat + diversify: ceiling=0.00, value=77276.0
    [iter 1139238] reheat + diversify: ceiling=0.00, value=55814.0
    [iter 1144991] reheat + diversify: ceiling=0.00, value=58662.0
    [iter 1150744] reheat + diversify: ceiling=0.00, value=74428.0
    [iter 1156497] reheat + diversify: ceiling=0.00, value=61510.0
    [iter 1162250] reheat + diversify: ceiling=0.00, value=77276.0
    [iter 1168003] reheat + diversify: ceiling=0.00, value=55814.0
    [iter 1173756] reheat + diversify: ceiling=0.00, value=58662.0
    [iter 1179509] reheat + diversify: ceiling=0.00, value=77276.0
    [iter 1185262] reheat + diversify: ceiling=0.00, value=52966.0
    [iter 1191015] reheat + diversify: ceiling=0.00, value=58662.0
    [iter 1196768] reheat + diversify: ceiling=0.00, value=58662.0
    [iter 1202521] reheat + diversify: ceiling=0.00, value=58662.0
    [iter 1208274] reheat + diversify: ceiling=0.00, value=71146.0
    [iter 1214027] reheat + diversify: ceiling=0.00, value=58662.0
    [iter 1219780] reheat + diversify: ceiling=0.00, value=77276.0
    [iter 1225533] reheat + diversify: ceiling=0.00, value=58662.0
    [iter 1231286] reheat + diversify: ceiling=0.00, value=55814.0
    [iter 1237039] reheat + diversify: ceiling=0.00, value=77276.0
    [iter 1242792] reheat + diversify: ceiling=0.00, value=65450.0
    [iter 1248545] reheat + diversify: ceiling=0.00, value=61510.0
    [iter 1254298] reheat + diversify: ceiling=0.00, value=61510.0
    [iter 1260051] reheat + diversify: ceiling=0.00, value=58662.0
    [iter 1265804] reheat + diversify: ceiling=0.00, value=61510.0
    [iter 1271557] reheat + diversify: ceiling=0.00, value=68298.0
    [iter 1277310] reheat + diversify: ceiling=0.00, value=74428.0
    [iter 1283063] reheat + diversify: ceiling=0.00, value=58662.0
    [iter 1288816] reheat + diversify: ceiling=0.00, value=55814.0
    [iter 1294569] reheat + diversify: ceiling=0.00, value=58662.0
    [iter 1300322] reheat + diversify: ceiling=0.00, value=58662.0
    [iter 1306075] reheat + diversify: ceiling=0.00, value=80124.0
    [iter 1311828] reheat + diversify: ceiling=0.00, value=59978.0
    [iter 1317581] reheat + diversify: ceiling=0.00, value=74428.0
    [iter 1323334] reheat + diversify: ceiling=0.00, value=58662.0
    [iter 1329087] reheat + diversify: ceiling=0.00, value=80124.0
    [iter 1334840] reheat + diversify: ceiling=0.00, value=58662.0
    [iter 1340593] reheat + diversify: ceiling=0.00, value=55814.0
    [iter 1346346] reheat + diversify: ceiling=0.00, value=74428.0
    [iter 1352099] reheat + diversify: ceiling=0.00, value=68298.0
    [iter 1357852] reheat + diversify: ceiling=0.00, value=52966.0
    [iter 1363605] reheat + diversify: ceiling=0.00, value=62168.0
    [iter 1369358] reheat + diversify: ceiling=0.00, value=55814.0
    [iter 1375111] reheat + diversify: ceiling=0.00, value=80124.0
    [iter 1380864] reheat + diversify: ceiling=0.00, value=55814.0
    [iter 1386617] reheat + diversify: ceiling=0.00, value=80124.0
    [iter 1392370] reheat + diversify: ceiling=0.00, value=55814.0
    [iter 1398123] reheat + diversify: ceiling=0.00, value=68298.0
    [iter 1403876] reheat + diversify: ceiling=0.00, value=77276.0
    [iter 1409629] reheat + diversify: ceiling=0.00, value=80124.0
    [iter 1415382] reheat + diversify: ceiling=0.00, value=74428.0
    [iter 1421135] reheat + diversify: ceiling=0.00, value=77276.0
    [iter 1426888] reheat + diversify: ceiling=0.00, value=77276.0
    [iter 1432641] reheat + diversify: ceiling=0.00, value=68298.0
    [iter 1438394] reheat + diversify: ceiling=0.00, value=77276.0
    [iter 1444147] reheat + diversify: ceiling=0.00, value=58662.0
    [iter 1449900] reheat + diversify: ceiling=0.00, value=62168.0
    [iter 1455653] reheat + diversify: ceiling=0.00, value=77276.0
    [iter 1461406] reheat + diversify: ceiling=0.00, value=56472.0
    [iter 1467159] reheat + diversify: ceiling=0.00, value=55814.0
    [iter 1472912] reheat + diversify: ceiling=0.00, value=61510.0
    [iter 1478665] reheat + diversify: ceiling=0.00, value=59320.0
    [iter 1484418] reheat + diversify: ceiling=0.00, value=80124.0
    [iter 1490171] reheat + diversify: ceiling=0.00, value=77276.0
    [iter 1495924] reheat + diversify: ceiling=0.00, value=77276.0
    [iter 1501677] reheat + diversify: ceiling=0.00, value=58662.0
    [iter 1507430] reheat + diversify: ceiling=0.00, value=77276.0
    [iter 1513183] reheat + diversify: ceiling=0.00, value=55814.0
    [iter 1518936] reheat + diversify: ceiling=0.00, value=71146.0
    [iter 1524689] reheat + diversify: ceiling=0.00, value=55814.0
    [iter 1530442] reheat + diversify: ceiling=0.00, value=58662.0
    [iter 1536195] reheat + diversify: ceiling=0.00, value=58662.0
    [iter 1541948] reheat + diversify: ceiling=0.00, value=74428.0
    [iter 1547701] reheat + diversify: ceiling=0.00, value=58662.0
    [iter 1553454] reheat + diversify: ceiling=0.00, value=77276.0
    [iter 1559207] reheat + diversify: ceiling=0.00, value=55814.0
    [iter 1564960] reheat + diversify: ceiling=0.00, value=77276.0
    [iter 1570713] reheat + diversify: ceiling=0.00, value=77276.0
    [iter 1576466] reheat + diversify: ceiling=0.00, value=68298.0
    [iter 1582219] reheat + diversify: ceiling=0.00, value=61510.0
    [iter 1587972] reheat + diversify: ceiling=0.00, value=58662.0
    [iter 1593725] reheat + diversify: ceiling=0.00, value=74428.0
    [iter 1599478] reheat + diversify: ceiling=0.00, value=80124.0
    [iter 1605231] reheat + diversify: ceiling=0.00, value=74428.0
    [iter 1610984] reheat + diversify: ceiling=0.00, value=58662.0
    [iter 1616737] reheat + diversify: ceiling=0.00, value=80124.0
    [iter 1622490] reheat + diversify: ceiling=0.00, value=55814.0
    [iter 1628243] reheat + diversify: ceiling=0.00, value=80124.0
    [iter 1633996] reheat + diversify: ceiling=0.00, value=58662.0
    [iter 1639749] reheat + diversify: ceiling=0.00, value=77276.0
    [iter 1645502] reheat + diversify: ceiling=0.00, value=68298.0
    [iter 1651255] reheat + diversify: ceiling=0.00, value=77276.0
    [iter 1657008] reheat + diversify: ceiling=0.00, value=74428.0
    [iter 1662761] reheat + diversify: ceiling=0.00, value=58662.0
    [iter 1668514] reheat + diversify: ceiling=0.00, value=58662.0
    [iter 1674267] reheat + diversify: ceiling=0.00, value=68298.0
    [iter 1680020] reheat + diversify: ceiling=0.00, value=77276.0
    [iter 1685773] reheat + diversify: ceiling=0.00, value=58662.0
    [iter 1691526] reheat + diversify: ceiling=0.00, value=58662.0
    [iter 1697279] reheat + diversify: ceiling=0.00, value=80124.0
    [iter 1703032] reheat + diversify: ceiling=0.00, value=77276.0
    [iter 1708785] reheat + diversify: ceiling=0.00, value=68298.0
    [iter 1714538] reheat + diversify: ceiling=0.00, value=59320.0
    [iter 1720291] reheat + diversify: ceiling=0.00, value=58662.0
    [iter 1726044] reheat + diversify: ceiling=0.00, value=77276.0
    [iter 1731797] reheat + diversify: ceiling=0.00, value=77276.0
    [iter 1737550] reheat + diversify: ceiling=0.00, value=80124.0
    [iter 1743303] reheat + diversify: ceiling=0.00, value=58662.0
    [iter 1749056] reheat + diversify: ceiling=0.00, value=58662.0
    [iter 1754809] reheat + diversify: ceiling=0.00, value=68298.0
    [iter 1760562] reheat + diversify: ceiling=0.00, value=77276.0
    [iter 1766315] reheat + diversify: ceiling=0.00, value=74428.0
    [iter 1772068] reheat + diversify: ceiling=0.00, value=55814.0
    [iter 1777821] reheat + diversify: ceiling=0.00, value=80124.0
    [iter 1783574] reheat + diversify: ceiling=0.00, value=65450.0
    [iter 1789327] reheat + diversify: ceiling=0.00, value=77276.0
    [iter 1795080] reheat + diversify: ceiling=0.00, value=74428.0
    [iter 1800833] reheat + diversify: ceiling=0.00, value=74428.0
    [iter 1806586] reheat + diversify: ceiling=0.00, value=68298.0
    [iter 1812339] reheat + diversify: ceiling=0.00, value=55814.0
    [iter 1818092] reheat + diversify: ceiling=0.00, value=80124.0
    [iter 1823845] reheat + diversify: ceiling=0.00, value=58662.0
    [iter 1829598] reheat + diversify: ceiling=0.00, value=58662.0
    [iter 1835351] reheat + diversify: ceiling=0.00, value=55814.0
    [iter 1841104] reheat + diversify: ceiling=0.00, value=77276.0
    [iter 1846857] reheat + diversify: ceiling=0.00, value=58662.0
    [iter 1852610] reheat + diversify: ceiling=0.00, value=61510.0
    [iter 1858363] reheat + diversify: ceiling=0.00, value=52966.0
    [iter 1864116] reheat + diversify: ceiling=0.00, value=77276.0
    [iter 1869869] reheat + diversify: ceiling=0.00, value=74428.0
    [iter 1875622] reheat + diversify: ceiling=0.00, value=77276.0
    [iter 1881375] reheat + diversify: ceiling=0.00, value=68298.0
    [iter 1887128] reheat + diversify: ceiling=0.00, value=58662.0
    [iter 1892881] reheat + diversify: ceiling=0.00, value=58662.0
    [iter 1898634] reheat + diversify: ceiling=0.00, value=62168.0
    [iter 1904387] reheat + diversify: ceiling=0.00, value=61510.0
    [iter 1910140] reheat + diversify: ceiling=0.00, value=77276.0
    [iter 1915893] reheat + diversify: ceiling=0.00, value=80124.0
    [iter 1921646] reheat + diversify: ceiling=0.00, value=77276.0
    [iter 1927399] reheat + diversify: ceiling=0.00, value=77276.0
    [iter 1933152] reheat + diversify: ceiling=0.00, value=58662.0
    [iter 1938905] reheat + diversify: ceiling=0.00, value=77276.0
    [iter 1944658] reheat + diversify: ceiling=0.00, value=59320.0
    [iter 1950411] reheat + diversify: ceiling=0.00, value=58662.0
    [iter 1956164] reheat + diversify: ceiling=0.00, value=80124.0
    [iter 1961917] reheat + diversify: ceiling=0.00, value=55814.0
    [iter 1967670] reheat + diversify: ceiling=0.00, value=55814.0
    [iter 1973423] reheat + diversify: ceiling=0.00, value=74428.0
    [iter 1979176] reheat + diversify: ceiling=0.00, value=80124.0
    [iter 1984929] reheat + diversify: ceiling=0.00, value=77276.0
    [iter 1990682] reheat + diversify: ceiling=0.00, value=55814.0
    [iter 1996435] reheat + diversify: ceiling=0.00, value=61510.0
    [iter 2002188] reheat + diversify: ceiling=0.00, value=77276.0
    [iter 2007941] reheat + diversify: ceiling=0.00, value=55814.0
    [iter 2013694] reheat + diversify: ceiling=0.00, value=77276.0
    [iter 2019447] reheat + diversify: ceiling=0.00, value=80124.0
    [iter 2025200] reheat + diversify: ceiling=0.00, value=77276.0
    [iter 2030953] reheat + diversify: ceiling=0.00, value=52966.0
    [iter 2036706] reheat + diversify: ceiling=0.00, value=52966.0
    [iter 2042459] reheat + diversify: ceiling=0.00, value=65450.0
    [iter 2048212] reheat + diversify: ceiling=0.00, value=55814.0
    [iter 2053965] reheat + diversify: ceiling=0.00, value=77276.0
    [iter 2059718] reheat + diversify: ceiling=0.00, value=55814.0
    [iter 2065471] reheat + diversify: ceiling=0.00, value=58662.0
    [iter 2071224] reheat + diversify: ceiling=0.00, value=77276.0
    [iter 2076977] reheat + diversify: ceiling=0.00, value=80124.0
    [iter 2082730] reheat + diversify: ceiling=0.00, value=68298.0
    [iter 2088483] reheat + diversify: ceiling=0.00, value=55814.0
    [iter 2094236] reheat + diversify: ceiling=0.00, value=58662.0
    [iter 2099989] reheat + diversify: ceiling=0.00, value=74428.0
    [iter 2105742] reheat + diversify: ceiling=0.00, value=80124.0
    [iter 2111495] reheat + diversify: ceiling=0.00, value=77276.0
    [iter 2117248] reheat + diversify: ceiling=0.00, value=58662.0
    [iter 2123001] reheat + diversify: ceiling=0.00, value=58662.0
    [iter 2128754] reheat + diversify: ceiling=0.00, value=58662.0
    [iter 2134507] reheat + diversify: ceiling=0.00, value=61510.0
    [iter 2140260] reheat + diversify: ceiling=0.00, value=58662.0
    [iter 2146013] reheat + diversify: ceiling=0.00, value=80124.0
    [iter 2151766] reheat + diversify: ceiling=0.00, value=80124.0
    [iter 2157519] reheat + diversify: ceiling=0.00, value=58662.0
    [iter 2163272] reheat + diversify: ceiling=0.00, value=77276.0
    [iter 2169025] reheat + diversify: ceiling=0.00, value=77276.0
    [iter 2174778] reheat + diversify: ceiling=0.00, value=71146.0
    [iter 2180531] reheat + diversify: ceiling=0.00, value=58662.0
    [iter 2186284] reheat + diversify: ceiling=0.00, value=77276.0
    [iter 2192037] reheat + diversify: ceiling=0.00, value=52966.0
    [iter 2197790] reheat + diversify: ceiling=0.00, value=58662.0
    [iter 2203543] reheat + diversify: ceiling=0.00, value=77276.0
    [iter 2209296] reheat + diversify: ceiling=0.00, value=58662.0
    [iter 2215049] reheat + diversify: ceiling=0.00, value=80124.0
    [iter 2220802] reheat + diversify: ceiling=0.00, value=77276.0
    [iter 2226555] reheat + diversify: ceiling=0.00, value=58662.0
    [iter 2232308] reheat + diversify: ceiling=0.00, value=68298.0
    [iter 2238061] reheat + diversify: ceiling=0.00, value=68298.0
    [iter 2243814] reheat + diversify: ceiling=0.00, value=74428.0
    [iter 2249567] reheat + diversify: ceiling=0.00, value=77276.0
    [iter 2255320] reheat + diversify: ceiling=0.00, value=80124.0
    [iter 2261073] reheat + diversify: ceiling=0.00, value=77276.0
    [iter 2266826] reheat + diversify: ceiling=0.00, value=71146.0
    [iter 2272579] reheat + diversify: ceiling=0.00, value=77276.0
    [iter 2278332] reheat + diversify: ceiling=0.00, value=61510.0
    [iter 2284085] reheat + diversify: ceiling=0.00, value=55814.0
    [iter 2289838] reheat + diversify: ceiling=0.00, value=55814.0
    [iter 2295591] reheat + diversify: ceiling=0.00, value=74428.0
    [iter 2301344] reheat + diversify: ceiling=0.00, value=55814.0
    [iter 2307097] reheat + diversify: ceiling=0.00, value=80124.0
    [iter 2312850] reheat + diversify: ceiling=0.00, value=58662.0
    [iter 2318603] reheat + diversify: ceiling=0.00, value=52966.0
    [iter 2324356] reheat + diversify: ceiling=0.00, value=74428.0
    [iter 2330109] reheat + diversify: ceiling=0.00, value=77276.0
    [iter 2335862] reheat + diversify: ceiling=0.00, value=55814.0
    [iter 2341615] reheat + diversify: ceiling=0.00, value=74428.0
    [iter 2347368] reheat + diversify: ceiling=0.00, value=58662.0
    [iter 2353121] reheat + diversify: ceiling=0.00, value=77276.0
    [iter 2358874] reheat + diversify: ceiling=0.00, value=74428.0
    [iter 2364627] reheat + diversify: ceiling=0.00, value=55814.0
    [iter 2370380] reheat + diversify: ceiling=0.00, value=55814.0
    [iter 2376133] reheat + diversify: ceiling=0.00, value=58662.0
    [iter 2381886] reheat + diversify: ceiling=0.00, value=80124.0
    [iter 2387639] reheat + diversify: ceiling=0.00, value=62826.0
    [iter 2393392] reheat + diversify: ceiling=0.00, value=77276.0
    [iter 2399145] reheat + diversify: ceiling=0.00, value=52966.0
    [iter 2404898] reheat + diversify: ceiling=0.00, value=55814.0
    [iter 2410651] reheat + diversify: ceiling=0.00, value=62168.0
    [iter 2416404] reheat + diversify: ceiling=0.00, value=77276.0
    [iter 2422157] reheat + diversify: ceiling=0.00, value=80124.0
    [iter 2427910] reheat + diversify: ceiling=0.00, value=59320.0
    [iter 2433663] reheat + diversify: ceiling=0.00, value=55814.0
    [iter 2439416] reheat + diversify: ceiling=0.00, value=58662.0
    [iter 2445169] reheat + diversify: ceiling=0.00, value=58662.0
    [iter 2450922] reheat + diversify: ceiling=0.00, value=55814.0
    [iter 2456675] reheat + diversify: ceiling=0.00, value=58662.0
    [iter 2462428] reheat + diversify: ceiling=0.00, value=55814.0
    [iter 2468181] reheat + diversify: ceiling=0.00, value=74428.0
    [iter 2473934] reheat + diversify: ceiling=0.00, value=74428.0
    [iter 2479687] reheat + diversify: ceiling=0.00, value=58662.0
    [iter 2485440] reheat + diversify: ceiling=0.00, value=55814.0
    [iter 2491193] reheat + diversify: ceiling=0.00, value=61510.0
    [iter 2496946] reheat + diversify: ceiling=0.00, value=58662.0
    [iter 2502699] reheat + diversify: ceiling=0.00, value=77276.0
    [iter 2508452] reheat + diversify: ceiling=0.00, value=58662.0
    [iter 2514205] reheat + diversify: ceiling=0.00, value=58662.0
    [iter 2519958] reheat + diversify: ceiling=0.00, value=55814.0
    [iter 2525711] reheat + diversify: ceiling=0.00, value=58662.0
    [iter 2531464] reheat + diversify: ceiling=0.00, value=58662.0
    [iter 2537217] reheat + diversify: ceiling=0.00, value=77276.0
    [iter 2542970] reheat + diversify: ceiling=0.00, value=80124.0
    [iter 2548723] reheat + diversify: ceiling=0.00, value=77276.0
    [iter 2554476] reheat + diversify: ceiling=0.00, value=55814.0
    [iter 2560229] reheat + diversify: ceiling=0.00, value=58662.0
    [iter 2565982] reheat + diversify: ceiling=0.00, value=58662.0
    [iter 2571735] reheat + diversify: ceiling=0.00, value=59320.0
    [iter 2577488] reheat + diversify: ceiling=0.00, value=77276.0
    [iter 2583241] reheat + diversify: ceiling=0.00, value=77276.0
    [iter 2588994] reheat + diversify: ceiling=0.00, value=77276.0
    [iter 2594747] reheat + diversify: ceiling=0.00, value=77276.0
    [iter 2600500] reheat + diversify: ceiling=0.00, value=55814.0
    [iter 2606253] reheat + diversify: ceiling=0.00, value=77276.0
    [iter 2612006] reheat + diversify: ceiling=0.00, value=55814.0
    [iter 2617759] reheat + diversify: ceiling=0.00, value=59320.0
    [iter 2623512] reheat + diversify: ceiling=0.00, value=77276.0
    [iter 2629265] reheat + diversify: ceiling=0.00, value=52966.0
    [iter 2635018] reheat + diversify: ceiling=0.00, value=58662.0
    [iter 2640771] reheat + diversify: ceiling=0.00, value=58662.0
    [iter 2646524] reheat + diversify: ceiling=0.00, value=65450.0
    [iter 2652277] reheat + diversify: ceiling=0.00, value=58662.0
    [iter 2658030] reheat + diversify: ceiling=0.00, value=80124.0
    [iter 2663783] reheat + diversify: ceiling=0.00, value=55814.0
    [iter 2669536] reheat + diversify: ceiling=0.00, value=68298.0
    [iter 2675289] reheat + diversify: ceiling=0.00, value=55814.0
    [iter 2681042] reheat + diversify: ceiling=0.00, value=55814.0
    [iter 2686795] reheat + diversify: ceiling=0.00, value=77276.0
    [iter 2692548] reheat + diversify: ceiling=0.00, value=58662.0
    [iter 2698301] reheat + diversify: ceiling=0.00, value=68298.0
    [iter 2704054] reheat + diversify: ceiling=0.00, value=77276.0
    [iter 2709807] reheat + diversify: ceiling=0.00, value=77276.0
    [iter 2715560] reheat + diversify: ceiling=0.00, value=58662.0
    [iter 2721313] reheat + diversify: ceiling=0.00, value=61510.0
    [iter 2727066] reheat + diversify: ceiling=0.00, value=77276.0
    [iter 2732819] reheat + diversify: ceiling=0.00, value=58662.0
    [iter 2738572] reheat + diversify: ceiling=0.00, value=55814.0
    [iter 2744325] reheat + diversify: ceiling=0.00, value=77276.0
    [iter 2750078] reheat + diversify: ceiling=0.00, value=52966.0
    [iter 2755831] reheat + diversify: ceiling=0.00, value=55814.0
    [iter 2761584] reheat + diversify: ceiling=0.00, value=74428.0
    [iter 2767337] reheat + diversify: ceiling=0.00, value=68298.0
    [iter 2773090] reheat + diversify: ceiling=0.00, value=55814.0
    [iter 2778843] reheat + diversify: ceiling=0.00, value=58662.0
    [iter 2784596] reheat + diversify: ceiling=0.00, value=77276.0
    [iter 2790349] reheat + diversify: ceiling=0.00, value=55814.0
    [iter 2796102] reheat + diversify: ceiling=0.00, value=77276.0
    [iter 2801855] reheat + diversify: ceiling=0.00, value=68298.0
    [iter 2807608] reheat + diversify: ceiling=0.00, value=55814.0
    [iter 2813361] reheat + diversify: ceiling=0.00, value=68298.0
    [iter 2819114] reheat + diversify: ceiling=0.00, value=68298.0
    [iter 2824867] reheat + diversify: ceiling=0.00, value=55814.0
    [iter 2830620] reheat + diversify: ceiling=0.00, value=55814.0
    [iter 2836373] reheat + diversify: ceiling=0.00, value=58662.0
    [iter 2842126] reheat + diversify: ceiling=0.00, value=58662.0
    [iter 2847879] reheat + diversify: ceiling=0.00, value=77276.0
    [iter 2853632] reheat + diversify: ceiling=0.00, value=68298.0
    [iter 2859385] reheat + diversify: ceiling=0.00, value=58662.0
    [iter 2865138] reheat + diversify: ceiling=0.00, value=62168.0
    [iter 2870891] reheat + diversify: ceiling=0.00, value=80124.0
    [iter 2876644] reheat + diversify: ceiling=0.00, value=65450.0
    [iter 2882397] reheat + diversify: ceiling=0.00, value=55814.0
    [iter 2888150] reheat + diversify: ceiling=0.00, value=59320.0
    [iter 2893903] reheat + diversify: ceiling=0.00, value=68298.0
    [iter 2899656] reheat + diversify: ceiling=0.00, value=77276.0
    [iter 2905409] reheat + diversify: ceiling=0.00, value=58662.0
    [iter 2911162] reheat + diversify: ceiling=0.00, value=77276.0
    [iter 2916915] reheat + diversify: ceiling=0.00, value=80124.0
    [iter 2922668] reheat + diversify: ceiling=0.00, value=77276.0
    [iter 2928421] reheat + diversify: ceiling=0.00, value=80124.0
    [iter 2934174] reheat + diversify: ceiling=0.00, value=77276.0
    [iter 2939927] reheat + diversify: ceiling=0.00, value=77276.0
    [iter 2945680] reheat + diversify: ceiling=0.00, value=68298.0
    [iter 2951433] reheat + diversify: ceiling=0.00, value=55814.0
    [iter 2957186] reheat + diversify: ceiling=0.00, value=55814.0
    [iter 2962939] reheat + diversify: ceiling=0.00, value=77276.0
    [iter 2968692] reheat + diversify: ceiling=0.00, value=58662.0
    [iter 2974445] reheat + diversify: ceiling=0.00, value=58662.0
    [iter 2980198] reheat + diversify: ceiling=0.00, value=74428.0
    [iter 2985951] reheat + diversify: ceiling=0.00, value=80124.0
    [iter 2991704] reheat + diversify: ceiling=0.00, value=77276.0
    [iter 2997457] reheat + diversify: ceiling=0.00, value=59320.0
    [iter 3003210] reheat + diversify: ceiling=0.00, value=77276.0
    [iter 3008963] reheat + diversify: ceiling=0.00, value=80124.0
    [iter 3014716] reheat + diversify: ceiling=0.00, value=55814.0
    [iter 3020469] reheat + diversify: ceiling=0.00, value=80124.0
    [iter 3026222] reheat + diversify: ceiling=0.00, value=77276.0
    [iter 3031975] reheat + diversify: ceiling=0.00, value=58662.0
    [iter 3037728] reheat + diversify: ceiling=0.00, value=80124.0
    [iter 3043481] reheat + diversify: ceiling=0.00, value=77276.0
    [iter 3049234] reheat + diversify: ceiling=0.00, value=55814.0
    [iter 3054987] reheat + diversify: ceiling=0.00, value=68298.0
    [iter 3060740] reheat + diversify: ceiling=0.00, value=55814.0
    [iter 3066493] reheat + diversify: ceiling=0.00, value=77276.0
    [iter 3072246] reheat + diversify: ceiling=0.00, value=77276.0
    [iter 3077999] reheat + diversify: ceiling=0.00, value=55814.0
    [iter 3083752] reheat + diversify: ceiling=0.00, value=58662.0
    [iter 3089505] reheat + diversify: ceiling=0.00, value=59320.0
    [iter 3095258] reheat + diversify: ceiling=0.00, value=77276.0
    [iter 3101011] reheat + diversify: ceiling=0.00, value=58662.0
    [iter 3106764] reheat + diversify: ceiling=0.00, value=58662.0
    [iter 3112517] reheat + diversify: ceiling=0.00, value=58662.0
    [iter 3118270] reheat + diversify: ceiling=0.00, value=55814.0
    [iter 3124023] reheat + diversify: ceiling=0.00, value=58662.0
    [iter 3129776] reheat + diversify: ceiling=0.00, value=68298.0
    [iter 3135529] reheat + diversify: ceiling=0.00, value=77276.0
    [iter 3141282] reheat + diversify: ceiling=0.00, value=68298.0
    [iter 3147035] reheat + diversify: ceiling=0.00, value=77276.0
    [iter 3152788] reheat + diversify: ceiling=0.00, value=58662.0
    [iter 3158541] reheat + diversify: ceiling=0.00, value=77276.0
    [iter 3164294] reheat + diversify: ceiling=0.00, value=55814.0
    [iter 3170047] reheat + diversify: ceiling=0.00, value=77276.0
    [iter 3175800] reheat + diversify: ceiling=0.00, value=80124.0
    [iter 3181553] reheat + diversify: ceiling=0.00, value=52966.0
    [iter 3187306] reheat + diversify: ceiling=0.00, value=71146.0
    [iter 3193059] reheat + diversify: ceiling=0.00, value=77276.0
    [iter 3198812] reheat + diversify: ceiling=0.00, value=80124.0
    [iter 3204565] reheat + diversify: ceiling=0.00, value=55814.0
    [iter 3210318] reheat + diversify: ceiling=0.00, value=77276.0
    [iter 3216071] reheat + diversify: ceiling=0.00, value=55814.0
    [iter 3221824] reheat + diversify: ceiling=0.00, value=74428.0
    [iter 3227577] reheat + diversify: ceiling=0.00, value=77276.0
    [iter 3233330] reheat + diversify: ceiling=0.00, value=61510.0
    [iter 3239083] reheat + diversify: ceiling=0.00, value=77276.0
    [iter 3244836] reheat + diversify: ceiling=0.00, value=71146.0
    [iter 3250589] reheat + diversify: ceiling=0.00, value=58662.0
    [iter 3256342] reheat + diversify: ceiling=0.00, value=77276.0
    [iter 3262095] reheat + diversify: ceiling=0.00, value=55814.0
    [iter 3267848] reheat + diversify: ceiling=0.00, value=77276.0
    [iter 3273601] reheat + diversify: ceiling=0.00, value=77276.0
    [iter 3279354] reheat + diversify: ceiling=0.00, value=58662.0
    [iter 3285107] reheat + diversify: ceiling=0.00, value=77276.0
    [iter 3290860] reheat + diversify: ceiling=0.00, value=58662.0
    [iter 3296613] reheat + diversify: ceiling=0.00, value=77276.0
    [iter 3302366] reheat + diversify: ceiling=0.00, value=55814.0
    [iter 3308119] reheat + diversify: ceiling=0.00, value=58662.0
    [iter 3313872] reheat + diversify: ceiling=0.00, value=74428.0
    [iter 3319625] reheat + diversify: ceiling=0.00, value=77276.0
    [iter 3325378] reheat + diversify: ceiling=0.00, value=52966.0
    [iter 3331131] reheat + diversify: ceiling=0.00, value=74428.0
    [iter 3336884] reheat + diversify: ceiling=0.00, value=58662.0
    [iter 3342637] reheat + diversify: ceiling=0.00, value=71146.0
    [iter 3348390] reheat + diversify: ceiling=0.00, value=55814.0
    [iter 3354143] reheat + diversify: ceiling=0.00, value=77276.0
    [iter 3359896] reheat + diversify: ceiling=0.00, value=77276.0
    [iter 3365649] reheat + diversify: ceiling=0.00, value=58662.0
    [iter 3371402] reheat + diversify: ceiling=0.00, value=55814.0
    [iter 3377155] reheat + diversify: ceiling=0.00, value=55814.0
    [iter 3382908] reheat + diversify: ceiling=0.00, value=77276.0
    [iter 3388661] reheat + diversify: ceiling=0.00, value=80124.0
    [iter 3394414] reheat + diversify: ceiling=0.00, value=77276.0
    [iter 3400167] reheat + diversify: ceiling=0.00, value=55814.0
    [iter 3405920] reheat + diversify: ceiling=0.00, value=55814.0
    [iter 3411673] reheat + diversify: ceiling=0.00, value=58662.0
    [iter 3417426] reheat + diversify: ceiling=0.00, value=58662.0
    [iter 3423179] reheat + diversify: ceiling=0.00, value=74428.0
    [iter 3428932] reheat + diversify: ceiling=0.00, value=74428.0
    [iter 3434685] reheat + diversify: ceiling=0.00, value=77276.0
    [iter 3440438] reheat + diversify: ceiling=0.00, value=55814.0
    [iter 3446191] reheat + diversify: ceiling=0.00, value=55814.0
    [iter 3451944] reheat + diversify: ceiling=0.00, value=58662.0
    [iter 3457697] reheat + diversify: ceiling=0.00, value=74428.0
    [iter 3463450] reheat + diversify: ceiling=0.00, value=58662.0
    [iter 3469203] reheat + diversify: ceiling=0.00, value=74428.0
    [iter 3474956] reheat + diversify: ceiling=0.00, value=58662.0
    [iter 3480709] reheat + diversify: ceiling=0.00, value=61510.0
    [iter 3486462] reheat + diversify: ceiling=0.00, value=80124.0
    [iter 3492215] reheat + diversify: ceiling=0.00, value=65450.0
    [iter 3497968] reheat + diversify: ceiling=0.00, value=77276.0
    [iter 3503721] reheat + diversify: ceiling=0.00, value=61510.0
    [iter 3509474] reheat + diversify: ceiling=0.00, value=80124.0
    [iter 3515227] reheat + diversify: ceiling=0.00, value=77276.0
    [iter 3520980] reheat + diversify: ceiling=0.00, value=58662.0
    [iter 3526733] reheat + diversify: ceiling=0.00, value=55814.0
    [iter 3532486] reheat + diversify: ceiling=0.00, value=58662.0
    [iter 3538239] reheat + diversify: ceiling=0.00, value=74428.0
    [iter 3543992] reheat + diversify: ceiling=0.00, value=52966.0
    [iter 3549745] reheat + diversify: ceiling=0.00, value=59320.0
    [iter 3555498] reheat + diversify: ceiling=0.00, value=77276.0
    [iter 3561251] reheat + diversify: ceiling=0.00, value=80124.0
    [iter 3567004] reheat + diversify: ceiling=0.00, value=74428.0
    [iter 3572757] reheat + diversify: ceiling=0.00, value=61510.0
    [iter 3578510] reheat + diversify: ceiling=0.00, value=61510.0
    [iter 3584263] reheat + diversify: ceiling=0.00, value=77276.0
    [iter 3590016] reheat + diversify: ceiling=0.00, value=55814.0
    [iter 3595769] reheat + diversify: ceiling=0.00, value=68298.0
    [iter 3601522] reheat + diversify: ceiling=0.00, value=80124.0
    [iter 3607275] reheat + diversify: ceiling=0.00, value=55814.0
    [iter 3613028] reheat + diversify: ceiling=0.00, value=77276.0
    [iter 3618781] reheat + diversify: ceiling=0.00, value=58662.0
    [iter 3624534] reheat + diversify: ceiling=0.00, value=80124.0
    [iter 3630287] reheat + diversify: ceiling=0.00, value=80124.0
    [iter 3636040] reheat + diversify: ceiling=0.00, value=58662.0
    [iter 3641793] reheat + diversify: ceiling=0.00, value=77276.0
    [iter 3647546] reheat + diversify: ceiling=0.00, value=80124.0
    [iter 3653299] reheat + diversify: ceiling=0.00, value=80124.0
    [iter 3659052] reheat + diversify: ceiling=0.00, value=77276.0
    [iter 3664805] reheat + diversify: ceiling=0.00, value=58662.0
    [iter 3670558] reheat + diversify: ceiling=0.00, value=55814.0
    [iter 3676311] reheat + diversify: ceiling=0.00, value=55814.0
    [iter 3682064] reheat + diversify: ceiling=0.00, value=71146.0
    [iter 3687817] reheat + diversify: ceiling=0.00, value=77276.0
    [iter 3693570] reheat + diversify: ceiling=0.00, value=77276.0
    [iter 3699323] reheat + diversify: ceiling=0.00, value=58662.0
    [iter 3705076] reheat + diversify: ceiling=0.00, value=55814.0
    [iter 3710829] reheat + diversify: ceiling=0.00, value=80124.0
    [iter 3716582] reheat + diversify: ceiling=0.00, value=56472.0
    [iter 3722335] reheat + diversify: ceiling=0.00, value=77276.0
    [iter 3728088] reheat + diversify: ceiling=0.00, value=77276.0
    [iter 3733841] reheat + diversify: ceiling=0.00, value=77276.0
    [iter 3739594] reheat + diversify: ceiling=0.00, value=58662.0
    [iter 3745347] reheat + diversify: ceiling=0.00, value=65450.0
    [iter 3751100] reheat + diversify: ceiling=0.00, value=58662.0
    [iter 3756853] reheat + diversify: ceiling=0.00, value=58662.0
    [iter 3762606] reheat + diversify: ceiling=0.00, value=55814.0
    [iter 3768359] reheat + diversify: ceiling=0.00, value=58662.0
    [iter 3774112] reheat + diversify: ceiling=0.00, value=55814.0
    [iter 3779865] reheat + diversify: ceiling=0.00, value=55814.0
    [iter 3785618] reheat + diversify: ceiling=0.00, value=55814.0
    [iter 3791371] reheat + diversify: ceiling=0.00, value=58662.0
    [iter 3797124] reheat + diversify: ceiling=0.00, value=58662.0
    [iter 3802877] reheat + diversify: ceiling=0.00, value=55814.0
    [iter 3808630] reheat + diversify: ceiling=0.00, value=58662.0
    [iter 3814383] reheat + diversify: ceiling=0.00, value=59320.0
    [iter 3820136] reheat + diversify: ceiling=0.00, value=77276.0
    [iter 3825889] reheat + diversify: ceiling=0.00, value=55814.0
    [iter 3831642] reheat + diversify: ceiling=0.00, value=61510.0
    [iter 3837395] reheat + diversify: ceiling=0.00, value=58662.0
    [iter 3843148] reheat + diversify: ceiling=0.00, value=61510.0
    [iter 3848901] reheat + diversify: ceiling=0.00, value=58662.0
    [iter 3854654] reheat + diversify: ceiling=0.00, value=58662.0
    [iter 3860407] reheat + diversify: ceiling=0.00, value=55814.0
    [iter 3866160] reheat + diversify: ceiling=0.00, value=55814.0
    [iter 3871913] reheat + diversify: ceiling=0.00, value=77276.0
    [iter 3877666] reheat + diversify: ceiling=0.00, value=58662.0
    [iter 3883419] reheat + diversify: ceiling=0.00, value=77276.0
    [iter 3889172] reheat + diversify: ceiling=0.00, value=58662.0
    [iter 3894925] reheat + diversify: ceiling=0.00, value=74428.0
    [iter 3900678] reheat + diversify: ceiling=0.00, value=77276.0
    [iter 3906431] reheat + diversify: ceiling=0.00, value=80124.0
    [iter 3912184] reheat + diversify: ceiling=0.00, value=77276.0
    [iter 3917937] reheat + diversify: ceiling=0.00, value=55814.0
    [iter 3923690] reheat + diversify: ceiling=0.00, value=77276.0
    [iter 3929443] reheat + diversify: ceiling=0.00, value=77276.0
    [iter 3935196] reheat + diversify: ceiling=0.00, value=77276.0
    [iter 3940949] reheat + diversify: ceiling=0.00, value=77276.0
    [iter 3946702] reheat + diversify: ceiling=0.00, value=77276.0
    [iter 3952455] reheat + diversify: ceiling=0.00, value=71146.0
    [iter 3958208] reheat + diversify: ceiling=0.00, value=77276.0
    [iter 3963961] reheat + diversify: ceiling=0.00, value=80124.0
    [iter 3969714] reheat + diversify: ceiling=0.00, value=58662.0
    [iter 3975467] reheat + diversify: ceiling=0.00, value=59320.0
    [iter 3981220] reheat + diversify: ceiling=0.00, value=77276.0
    [iter 3986973] reheat + diversify: ceiling=0.00, value=55814.0
    [iter 3992726] reheat + diversify: ceiling=0.00, value=58662.0
    [iter 3998479] reheat + diversify: ceiling=0.00, value=80124.0
    [iter 4004232] reheat + diversify: ceiling=0.00, value=52966.0
    [iter 4009985] reheat + diversify: ceiling=0.00, value=77276.0
    [iter 4015738] reheat + diversify: ceiling=0.00, value=74428.0
    [iter 4021491] reheat + diversify: ceiling=0.00, value=61510.0
    [iter 4027244] reheat + diversify: ceiling=0.00, value=55814.0
    [iter 4032997] reheat + diversify: ceiling=0.00, value=74428.0
    [iter 4038750] reheat + diversify: ceiling=0.00, value=80124.0
    [iter 4044503] reheat + diversify: ceiling=0.00, value=55814.0
    [iter 4050256] reheat + diversify: ceiling=0.00, value=77276.0
    [iter 4056009] reheat + diversify: ceiling=0.00, value=58662.0
    [iter 4061762] reheat + diversify: ceiling=0.00, value=59320.0
    [iter 4067515] reheat + diversify: ceiling=0.00, value=68298.0
    [iter 4073268] reheat + diversify: ceiling=0.00, value=58662.0
    [iter 4079021] reheat + diversify: ceiling=0.00, value=58662.0
    [iter 4084774] reheat + diversify: ceiling=0.00, value=80124.0
    [iter 4090527] reheat + diversify: ceiling=0.00, value=77276.0
    [iter 4096280] reheat + diversify: ceiling=0.00, value=59320.0
    [iter 4102033] reheat + diversify: ceiling=0.00, value=58662.0
    [iter 4107786] reheat + diversify: ceiling=0.00, value=74428.0
    [iter 4113539] reheat + diversify: ceiling=0.00, value=55814.0
    [iter 4119292] reheat + diversify: ceiling=0.00, value=62168.0
    [iter 4125045] reheat + diversify: ceiling=0.00, value=74428.0
    [iter 4130798] reheat + diversify: ceiling=0.00, value=68298.0
    [iter 4136551] reheat + diversify: ceiling=0.00, value=55814.0
    [iter 4142304] reheat + diversify: ceiling=0.00, value=74428.0
    [iter 4148057] reheat + diversify: ceiling=0.00, value=77276.0
    [iter 4153810] reheat + diversify: ceiling=0.00, value=55814.0
    [iter 4159563] reheat + diversify: ceiling=0.00, value=55814.0
    [iter 4165316] reheat + diversify: ceiling=0.00, value=77276.0
    [iter 4171069] reheat + diversify: ceiling=0.00, value=56472.0
    [iter 4176822] reheat + diversify: ceiling=0.00, value=59320.0
    [iter 4182575] reheat + diversify: ceiling=0.00, value=80124.0
    [iter 4188328] reheat + diversify: ceiling=0.00, value=74428.0
    [iter 4194081] reheat + diversify: ceiling=0.00, value=80124.0
    [iter 4199834] reheat + diversify: ceiling=0.00, value=68298.0
    [iter 4205587] reheat + diversify: ceiling=0.00, value=77276.0
    [iter 4211340] reheat + diversify: ceiling=0.00, value=62168.0
    [iter 4217093] reheat + diversify: ceiling=0.00, value=68298.0
    [iter 4222846] reheat + diversify: ceiling=0.00, value=80124.0
    [iter 4228599] reheat + diversify: ceiling=0.00, value=58662.0
    [iter 4234352] reheat + diversify: ceiling=0.00, value=80124.0
    [iter 4240105] reheat + diversify: ceiling=0.00, value=55814.0
    [iter 4245858] reheat + diversify: ceiling=0.00, value=74428.0
    [iter 4251611] reheat + diversify: ceiling=0.00, value=59320.0
    [iter 4257364] reheat + diversify: ceiling=0.00, value=77276.0
    [iter 4263117] reheat + diversify: ceiling=0.00, value=55814.0
    [iter 4268870] reheat + diversify: ceiling=0.00, value=58662.0
    [iter 4274623] reheat + diversify: ceiling=0.00, value=74428.0
    [iter 4280376] reheat + diversify: ceiling=0.00, value=74428.0
    [iter 4286129] reheat + diversify: ceiling=0.00, value=55814.0
    [iter 4291882] reheat + diversify: ceiling=0.00, value=77276.0
    [iter 4297635] reheat + diversify: ceiling=0.00, value=77276.0
    [iter 4303388] reheat + diversify: ceiling=0.00, value=77276.0
    [iter 4309141] reheat + diversify: ceiling=0.00, value=74428.0
    [iter 4314894] reheat + diversify: ceiling=0.00, value=77276.0
    [iter 4320647] reheat + diversify: ceiling=0.00, value=74428.0
    [iter 4326400] reheat + diversify: ceiling=0.00, value=80124.0
    [iter 4332153] reheat + diversify: ceiling=0.00, value=74428.0
    [iter 4337906] reheat + diversify: ceiling=0.00, value=52966.0
    [iter 4343659] reheat + diversify: ceiling=0.00, value=77276.0
    [iter 4349412] reheat + diversify: ceiling=0.00, value=80124.0
    [iter 4355165] reheat + diversify: ceiling=0.00, value=80124.0
    [iter 4360918] reheat + diversify: ceiling=0.00, value=74428.0
    [iter 4366671] reheat + diversify: ceiling=0.00, value=59320.0
    [iter 4372424] reheat + diversify: ceiling=0.00, value=71146.0
    [iter 4378177] reheat + diversify: ceiling=0.00, value=77276.0
    [iter 4383930] reheat + diversify: ceiling=0.00, value=80124.0
    [iter 4389683] reheat + diversify: ceiling=0.00, value=77276.0
    [iter 4395436] reheat + diversify: ceiling=0.00, value=58662.0
    [iter 4401189] reheat + diversify: ceiling=0.00, value=58662.0
    [iter 4406942] reheat + diversify: ceiling=0.00, value=77276.0
    [iter 4412695] reheat + diversify: ceiling=0.00, value=55814.0
    [iter 4418448] reheat + diversify: ceiling=0.00, value=80124.0
    [iter 4424201] reheat + diversify: ceiling=0.00, value=80124.0
    [iter 4429954] reheat + diversify: ceiling=0.00, value=61510.0
    [iter 4435707] reheat + diversify: ceiling=0.00, value=77276.0
    [iter 4441460] reheat + diversify: ceiling=0.00, value=77276.0
    [iter 4447213] reheat + diversify: ceiling=0.00, value=58662.0
    [iter 4452966] reheat + diversify: ceiling=0.00, value=77276.0
    [iter 4458719] reheat + diversify: ceiling=0.00, value=74428.0
    [iter 4464472] reheat + diversify: ceiling=0.00, value=58662.0
    [iter 4470225] reheat + diversify: ceiling=0.00, value=55814.0
    [iter 4475978] reheat + diversify: ceiling=0.00, value=55814.0
    [iter 4481731] reheat + diversify: ceiling=0.00, value=55814.0
    [iter 4487484] reheat + diversify: ceiling=0.00, value=58662.0
    [iter 4493237] reheat + diversify: ceiling=0.00, value=58662.0
    [iter 4498990] reheat + diversify: ceiling=0.00, value=77276.0
    [iter 4504743] reheat + diversify: ceiling=0.00, value=58662.0
    [iter 4510496] reheat + diversify: ceiling=0.00, value=55814.0
    [iter 4516249] reheat + diversify: ceiling=0.00, value=58662.0
    [iter 4522002] reheat + diversify: ceiling=0.00, value=52966.0
    [iter 4527755] reheat + diversify: ceiling=0.00, value=58662.0
    [iter 4533508] reheat + diversify: ceiling=0.00, value=55814.0
    [iter 4539261] reheat + diversify: ceiling=0.00, value=71146.0
    [iter 4545014] reheat + diversify: ceiling=0.00, value=74428.0
    [iter 4550767] reheat + diversify: ceiling=0.00, value=58662.0
    [iter 4556520] reheat + diversify: ceiling=0.00, value=77276.0
    [iter 4562273] reheat + diversify: ceiling=0.00, value=80124.0
    [iter 4568026] reheat + diversify: ceiling=0.00, value=80124.0
    [iter 4573779] reheat + diversify: ceiling=0.00, value=55814.0
    [iter 4579532] reheat + diversify: ceiling=0.00, value=68298.0
    [iter 4585285] reheat + diversify: ceiling=0.00, value=77276.0
    [iter 4591038] reheat + diversify: ceiling=0.00, value=61510.0
    [iter 4596791] reheat + diversify: ceiling=0.00, value=55814.0
    [iter 4602544] reheat + diversify: ceiling=0.00, value=74428.0
    [iter 4608297] reheat + diversify: ceiling=0.00, value=77276.0
    [iter 4614050] reheat + diversify: ceiling=0.00, value=77276.0
    [iter 4619803] reheat + diversify: ceiling=0.00, value=52966.0
    [iter 4625556] reheat + diversify: ceiling=0.00, value=56472.0
    [iter 4631309] reheat + diversify: ceiling=0.00, value=55814.0
    [iter 4637062] reheat + diversify: ceiling=0.00, value=58662.0
    [iter 4642815] reheat + diversify: ceiling=0.00, value=58662.0
    [iter 4648568] reheat + diversify: ceiling=0.00, value=55814.0
    [iter 4654321] reheat + diversify: ceiling=0.00, value=58662.0
    [iter 4660074] reheat + diversify: ceiling=0.00, value=58662.0
    [iter 4665827] reheat + diversify: ceiling=0.00, value=59320.0
    [iter 4671580] reheat + diversify: ceiling=0.00, value=71146.0
    [iter 4677333] reheat + diversify: ceiling=0.00, value=74428.0
    [iter 4683086] reheat + diversify: ceiling=0.00, value=77276.0
    [iter 4688839] reheat + diversify: ceiling=0.00, value=55814.0
    [iter 4694592] reheat + diversify: ceiling=0.00, value=74428.0
    [iter 4700345] reheat + diversify: ceiling=0.00, value=80124.0
    [iter 4706098] reheat + diversify: ceiling=0.00, value=80124.0
    [iter 4711851] reheat + diversify: ceiling=0.00, value=58662.0
    [iter 4717604] reheat + diversify: ceiling=0.00, value=71146.0
    [iter 4723357] reheat + diversify: ceiling=0.00, value=62168.0
    [iter 4729110] reheat + diversify: ceiling=0.00, value=59320.0
    [iter 4734863] reheat + diversify: ceiling=0.00, value=77276.0
    [iter 4740616] reheat + diversify: ceiling=0.00, value=58662.0
    [iter 4746369] reheat + diversify: ceiling=0.00, value=77276.0
    [iter 4752122] reheat + diversify: ceiling=0.00, value=77276.0
    [iter 4757875] reheat + diversify: ceiling=0.00, value=80124.0
    [iter 4763628] reheat + diversify: ceiling=0.00, value=55814.0
    [iter 4769381] reheat + diversify: ceiling=0.00, value=80124.0
    [iter 4775134] reheat + diversify: ceiling=0.00, value=77276.0
    [iter 4780887] reheat + diversify: ceiling=0.00, value=77276.0
    [iter 4786640] reheat + diversify: ceiling=0.00, value=58662.0
    [iter 4792393] reheat + diversify: ceiling=0.00, value=80124.0
    [iter 4798146] reheat + diversify: ceiling=0.00, value=80124.0
    [iter 4803899] reheat + diversify: ceiling=0.00, value=77276.0
    [iter 4809652] reheat + diversify: ceiling=0.00, value=80124.0
    [iter 4815405] reheat + diversify: ceiling=0.00, value=58662.0
    [iter 4821158] reheat + diversify: ceiling=0.00, value=77276.0
    [iter 4826911] reheat + diversify: ceiling=0.00, value=55814.0
    [iter 4832664] reheat + diversify: ceiling=0.00, value=80124.0
    [iter 4838417] reheat + diversify: ceiling=0.00, value=77276.0
    [iter 4844170] reheat + diversify: ceiling=0.00, value=80124.0
    [iter 4849923] reheat + diversify: ceiling=0.00, value=55814.0
    [iter 4855676] reheat + diversify: ceiling=0.00, value=55814.0
    [iter 4861429] reheat + diversify: ceiling=0.00, value=58662.0
    [iter 4867182] reheat + diversify: ceiling=0.00, value=77276.0
    [iter 4872935] reheat + diversify: ceiling=0.00, value=55814.0
    [iter 4878688] reheat + diversify: ceiling=0.00, value=58662.0
    [iter 4884441] reheat + diversify: ceiling=0.00, value=58662.0
    [iter 4890194] reheat + diversify: ceiling=0.00, value=80124.0
    [iter 4895947] reheat + diversify: ceiling=0.00, value=58662.0
    [iter 4901700] reheat + diversify: ceiling=0.00, value=77276.0
    [iter 4907453] reheat + diversify: ceiling=0.00, value=55814.0
    [iter 4913206] reheat + diversify: ceiling=0.00, value=77276.0
    [iter 4918959] reheat + diversify: ceiling=0.00, value=77276.0
    [iter 4924712] reheat + diversify: ceiling=0.00, value=55814.0
    [iter 4930465] reheat + diversify: ceiling=0.00, value=74428.0
    [iter 4936218] reheat + diversify: ceiling=0.00, value=77276.0
    [iter 4941971] reheat + diversify: ceiling=0.00, value=77276.0
    [iter 4947724] reheat + diversify: ceiling=0.00, value=59320.0
    [iter 4953477] reheat + diversify: ceiling=0.00, value=58662.0
    [iter 4959230] reheat + diversify: ceiling=0.00, value=58662.0
    [iter 4964983] reheat + diversify: ceiling=0.00, value=80124.0
    [iter 4970736] reheat + diversify: ceiling=0.00, value=77276.0
    [iter 4976489] reheat + diversify: ceiling=0.00, value=58662.0
    [iter 4982242] reheat + diversify: ceiling=0.00, value=80124.0
    [iter 4987995] reheat + diversify: ceiling=0.00, value=58662.0
    [iter 4993748] reheat + diversify: ceiling=0.00, value=61510.0
    [iter 4999501] reheat + diversify: ceiling=0.00, value=77276.0
    [iter 5005254] reheat + diversify: ceiling=0.00, value=55814.0
    [iter 5011007] reheat + diversify: ceiling=0.00, value=58662.0
    [iter 5016760] reheat + diversify: ceiling=0.00, value=58662.0
    [iter 5022513] reheat + diversify: ceiling=0.00, value=77276.0
    [iter 5028266] reheat + diversify: ceiling=0.00, value=74428.0
    [iter 5034019] reheat + diversify: ceiling=0.00, value=55814.0
    [iter 5039772] reheat + diversify: ceiling=0.00, value=77276.0
    [iter 5045525] reheat + diversify: ceiling=0.00, value=59978.0
    [iter 5051278] reheat + diversify: ceiling=0.00, value=58662.0
    [iter 5057031] reheat + diversify: ceiling=0.00, value=58662.0
    [iter 5062784] reheat + diversify: ceiling=0.00, value=55814.0
    [iter 5068537] reheat + diversify: ceiling=0.00, value=58662.0
    [iter 5074290] reheat + diversify: ceiling=0.00, value=55814.0
    [iter 5080043] reheat + diversify: ceiling=0.00, value=59320.0
    [iter 5085796] reheat + diversify: ceiling=0.00, value=80124.0
    [iter 5091549] reheat + diversify: ceiling=0.00, value=55814.0
    [iter 5097302] reheat + diversify: ceiling=0.00, value=77276.0
    [iter 5103055] reheat + diversify: ceiling=0.00, value=55814.0
    [iter 5108808] reheat + diversify: ceiling=0.00, value=77276.0
    [iter 5114561] reheat + diversify: ceiling=0.00, value=55814.0
    [iter 5120314] reheat + diversify: ceiling=0.00, value=77276.0
    [iter 5126067] reheat + diversify: ceiling=0.00, value=77276.0
    [iter 5131820] reheat + diversify: ceiling=0.00, value=68298.0
    [iter 5137573] reheat + diversify: ceiling=0.00, value=77276.0
    [iter 5143326] reheat + diversify: ceiling=0.00, value=55814.0
    [iter 5149079] reheat + diversify: ceiling=0.00, value=77276.0
    [iter 5154832] reheat + diversify: ceiling=0.00, value=56472.0
    [iter 5160585] reheat + diversify: ceiling=0.00, value=58662.0
    [iter 5166338] reheat + diversify: ceiling=0.00, value=55814.0
    [iter 5172091] reheat + diversify: ceiling=0.00, value=71146.0
    [iter 5177844] reheat + diversify: ceiling=0.00, value=61510.0
    [iter 5183597] reheat + diversify: ceiling=0.00, value=58662.0
    [iter 5189350] reheat + diversify: ceiling=0.00, value=58662.0
    [iter 5195103] reheat + diversify: ceiling=0.00, value=58662.0
    [iter 5200856] reheat + diversify: ceiling=0.00, value=55814.0
    [iter 5206609] reheat + diversify: ceiling=0.00, value=61510.0
    [iter 5212362] reheat + diversify: ceiling=0.00, value=77276.0
    [iter 5218115] reheat + diversify: ceiling=0.00, value=58662.0
    [iter 5223868] reheat + diversify: ceiling=0.00, value=80124.0
    [iter 5229621] reheat + diversify: ceiling=0.00, value=68298.0
    [iter 5235374] reheat + diversify: ceiling=0.00, value=65450.0
    [iter 5241127] reheat + diversify: ceiling=0.00, value=58662.0
    [iter 5246880] reheat + diversify: ceiling=0.00, value=77276.0
    [iter 5252633] reheat + diversify: ceiling=0.00, value=55814.0
    [iter 5258386] reheat + diversify: ceiling=0.00, value=77276.0
    [iter 5264139] reheat + diversify: ceiling=0.00, value=80124.0
    [iter 5269892] reheat + diversify: ceiling=0.00, value=58662.0
    [iter 5275645] reheat + diversify: ceiling=0.00, value=74428.0
    [iter 5281398] reheat + diversify: ceiling=0.00, value=55814.0
    [iter 5287151] reheat + diversify: ceiling=0.00, value=77276.0
    [iter 5292904] reheat + diversify: ceiling=0.00, value=55814.0
    [iter 5298657] reheat + diversify: ceiling=0.00, value=55814.0
    [iter 5304410] reheat + diversify: ceiling=0.00, value=77276.0
    [iter 5310163] reheat + diversify: ceiling=0.00, value=55814.0
    [iter 5315916] reheat + diversify: ceiling=0.00, value=55814.0
    [iter 5321669] reheat + diversify: ceiling=0.00, value=58662.0
    [iter 5327422] reheat + diversify: ceiling=0.00, value=77276.0
    [iter 5333175] reheat + diversify: ceiling=0.00, value=80124.0
    [iter 5338928] reheat + diversify: ceiling=0.00, value=58662.0
    [iter 5344681] reheat + diversify: ceiling=0.00, value=80124.0
    [iter 5350434] reheat + diversify: ceiling=0.00, value=58662.0
    [iter 5356187] reheat + diversify: ceiling=0.00, value=58662.0
    [iter 5361940] reheat + diversify: ceiling=0.00, value=74428.0
    [iter 5367693] reheat + diversify: ceiling=0.00, value=74428.0
    [iter 5373446] reheat + diversify: ceiling=0.00, value=80124.0
    [iter 5379199] reheat + diversify: ceiling=0.00, value=58662.0
    [iter 5384952] reheat + diversify: ceiling=0.00, value=77276.0
    [iter 5390705] reheat + diversify: ceiling=0.00, value=65450.0
    [iter 5396458] reheat + diversify: ceiling=0.00, value=77276.0
    [iter 5402211] reheat + diversify: ceiling=0.00, value=77276.0
    [iter 5407964] reheat + diversify: ceiling=0.00, value=77276.0
    [iter 5413717] reheat + diversify: ceiling=0.00, value=58662.0
    [iter 5419470] reheat + diversify: ceiling=0.00, value=58662.0
    [iter 5425223] reheat + diversify: ceiling=0.00, value=58662.0
    [iter 5430976] reheat + diversify: ceiling=0.00, value=80124.0
    [iter 5436729] reheat + diversify: ceiling=0.00, value=77276.0
    [iter 5442482] reheat + diversify: ceiling=0.00, value=55814.0
    [iter 5448235] reheat + diversify: ceiling=0.00, value=68298.0
    [iter 5453988] reheat + diversify: ceiling=0.00, value=55814.0
    [iter 5459741] reheat + diversify: ceiling=0.00, value=59320.0
    [iter 5465494] reheat + diversify: ceiling=0.00, value=77276.0
    [iter 5471247] reheat + diversify: ceiling=0.00, value=58662.0
    [iter 5477000] reheat + diversify: ceiling=0.00, value=65450.0
    [iter 5482753] reheat + diversify: ceiling=0.00, value=52966.0
    [iter 5488506] reheat + diversify: ceiling=0.00, value=55814.0
    [iter 5494259] reheat + diversify: ceiling=0.00, value=58662.0
    [iter 5500012] reheat + diversify: ceiling=0.00, value=58662.0
    [iter 5505765] reheat + diversify: ceiling=0.00, value=77276.0
    [iter 5511518] reheat + diversify: ceiling=0.00, value=80124.0
    [iter 5517271] reheat + diversify: ceiling=0.00, value=77276.0
    [iter 5523024] reheat + diversify: ceiling=0.00, value=55814.0
    [iter 5528777] reheat + diversify: ceiling=0.00, value=55814.0
    [iter 5534530] reheat + diversify: ceiling=0.00, value=68298.0
    [iter 5540283] reheat + diversify: ceiling=0.00, value=55814.0
    [iter 5546036] reheat + diversify: ceiling=0.00, value=80124.0
    [iter 5551789] reheat + diversify: ceiling=0.00, value=77276.0
    [iter 5557542] reheat + diversify: ceiling=0.00, value=77276.0
    [iter 5563295] reheat + diversify: ceiling=0.00, value=77276.0
    [iter 5569048] reheat + diversify: ceiling=0.00, value=61510.0
    [iter 5574801] reheat + diversify: ceiling=0.00, value=80124.0
    [iter 5580554] reheat + diversify: ceiling=0.00, value=58662.0
    [iter 5586307] reheat + diversify: ceiling=0.00, value=77276.0
    [iter 5592060] reheat + diversify: ceiling=0.00, value=55814.0
    [iter 5597813] reheat + diversify: ceiling=0.00, value=58662.0
    [iter 5603566] reheat + diversify: ceiling=0.00, value=55814.0
    [iter 5609319] reheat + diversify: ceiling=0.00, value=59320.0
    [iter 5615072] reheat + diversify: ceiling=0.00, value=77276.0
    [iter 5620825] reheat + diversify: ceiling=0.00, value=68298.0
    [iter 5626578] reheat + diversify: ceiling=0.00, value=74428.0
    [iter 5632331] reheat + diversify: ceiling=0.00, value=55814.0
    [iter 5638084] reheat + diversify: ceiling=0.00, value=77276.0
    [iter 5643837] reheat + diversify: ceiling=0.00, value=77276.0
    [iter 5649590] reheat + diversify: ceiling=0.00, value=80124.0
    [iter 5655343] reheat + diversify: ceiling=0.00, value=58662.0
    [iter 5661096] reheat + diversify: ceiling=0.00, value=55814.0
    [iter 5666849] reheat + diversify: ceiling=0.00, value=77276.0
    [iter 5672602] reheat + diversify: ceiling=0.00, value=58662.0
    [iter 5678355] reheat + diversify: ceiling=0.00, value=77276.0
    [iter 5684108] reheat + diversify: ceiling=0.00, value=80124.0
    [iter 5689861] reheat + diversify: ceiling=0.00, value=77276.0
    [iter 5695614] reheat + diversify: ceiling=0.00, value=74428.0
    [iter 5701367] reheat + diversify: ceiling=0.00, value=55814.0
    [iter 5707120] reheat + diversify: ceiling=0.00, value=77276.0
    [iter 5712873] reheat + diversify: ceiling=0.00, value=80124.0
    [iter 5718626] reheat + diversify: ceiling=0.00, value=58662.0
    [iter 5724379] reheat + diversify: ceiling=0.00, value=77276.0
    [iter 5730132] reheat + diversify: ceiling=0.00, value=77276.0
    [iter 5735885] reheat + diversify: ceiling=0.00, value=55814.0
    [iter 5741638] reheat + diversify: ceiling=0.00, value=55814.0
    [iter 5747391] reheat + diversify: ceiling=0.00, value=58662.0
    [iter 5753144] reheat + diversify: ceiling=0.00, value=77276.0
    [iter 5758897] reheat + diversify: ceiling=0.00, value=80124.0
    [iter 5764650] reheat + diversify: ceiling=0.00, value=77276.0
    [iter 5770403] reheat + diversify: ceiling=0.00, value=77276.0
    [iter 5776156] reheat + diversify: ceiling=0.00, value=55814.0
    [iter 5781909] reheat + diversify: ceiling=0.00, value=77276.0
    [iter 5787662] reheat + diversify: ceiling=0.00, value=77276.0
    [iter 5793415] reheat + diversify: ceiling=0.00, value=61510.0
    [iter 5799168] reheat + diversify: ceiling=0.00, value=61510.0
    [iter 5804921] reheat + diversify: ceiling=0.00, value=80124.0
    [iter 5810674] reheat + diversify: ceiling=0.00, value=55814.0
    [iter 5816427] reheat + diversify: ceiling=0.00, value=59320.0
    [iter 5822180] reheat + diversify: ceiling=0.00, value=58662.0
    [iter 5827933] reheat + diversify: ceiling=0.00, value=56472.0
    [iter 5833686] reheat + diversify: ceiling=0.00, value=77276.0
    [iter 5839439] reheat + diversify: ceiling=0.00, value=58662.0
    [iter 5845192] reheat + diversify: ceiling=0.00, value=58662.0
    [iter 5850945] reheat + diversify: ceiling=0.00, value=58662.0
    [iter 5856698] reheat + diversify: ceiling=0.00, value=77276.0
    [iter 5862451] reheat + diversify: ceiling=0.00, value=77276.0
    [iter 5868204] reheat + diversify: ceiling=0.00, value=58662.0
    [iter 5873957] reheat + diversify: ceiling=0.00, value=80124.0
    [iter 5879710] reheat + diversify: ceiling=0.00, value=58662.0
    [iter 5885463] reheat + diversify: ceiling=0.00, value=58662.0
    [iter 5891216] reheat + diversify: ceiling=0.00, value=80124.0
    [iter 5896969] reheat + diversify: ceiling=0.00, value=77276.0
    [iter 5902722] reheat + diversify: ceiling=0.00, value=77276.0
    [iter 5908475] reheat + diversify: ceiling=0.00, value=55814.0
    [iter 5914228] reheat + diversify: ceiling=0.00, value=55814.0
    [iter 5919981] reheat + diversify: ceiling=0.00, value=80124.0
    [iter 5925734] reheat + diversify: ceiling=0.00, value=58662.0
    [iter 5931487] reheat + diversify: ceiling=0.00, value=77276.0
    [iter 5937240] reheat + diversify: ceiling=0.00, value=80124.0
    [iter 5942993] reheat + diversify: ceiling=0.00, value=77276.0
    [iter 5948746] reheat + diversify: ceiling=0.00, value=61510.0
    [iter 5954499] reheat + diversify: ceiling=0.00, value=52966.0
    [iter 5960252] reheat + diversify: ceiling=0.00, value=74428.0
    [iter 5966005] reheat + diversify: ceiling=0.00, value=56472.0
    [iter 5971758] reheat + diversify: ceiling=0.00, value=80124.0
    [iter 5977511] reheat + diversify: ceiling=0.00, value=55814.0
    [iter 5983264] reheat + diversify: ceiling=0.00, value=77276.0
    [iter 5989017] reheat + diversify: ceiling=0.00, value=58662.0
    [iter 5994770] reheat + diversify: ceiling=0.00, value=58662.0
    [iter 6000523] reheat + diversify: ceiling=0.00, value=58662.0
    [iter 6006276] reheat + diversify: ceiling=0.00, value=58662.0
    [iter 6012029] reheat + diversify: ceiling=0.00, value=59978.0
    [iter 6017782] reheat + diversify: ceiling=0.00, value=65450.0
    [iter 6023535] reheat + diversify: ceiling=0.00, value=80124.0
    [iter 6029288] reheat + diversify: ceiling=0.00, value=77276.0
    [iter 6035041] reheat + diversify: ceiling=0.00, value=74428.0
    [iter 6040794] reheat + diversify: ceiling=0.00, value=58662.0
    [iter 6046547] reheat + diversify: ceiling=0.00, value=77276.0
    [iter 6052300] reheat + diversify: ceiling=0.00, value=74428.0
    [iter 6058053] reheat + diversify: ceiling=0.00, value=80124.0
    [iter 6063806] reheat + diversify: ceiling=0.00, value=77276.0
    [iter 6069559] reheat + diversify: ceiling=0.00, value=77276.0
    [iter 6075312] reheat + diversify: ceiling=0.00, value=58662.0
    [iter 6081065] reheat + diversify: ceiling=0.00, value=65450.0
    [iter 6086818] reheat + diversify: ceiling=0.00, value=58662.0
    [iter 6092571] reheat + diversify: ceiling=0.00, value=77276.0
    [iter 6098324] reheat + diversify: ceiling=0.00, value=58662.0
    [iter 6104077] reheat + diversify: ceiling=0.00, value=77276.0
    [iter 6109830] reheat + diversify: ceiling=0.00, value=55814.0
    [iter 6115583] reheat + diversify: ceiling=0.00, value=77276.0
    [iter 6121336] reheat + diversify: ceiling=0.00, value=58662.0
    [iter 6127089] reheat + diversify: ceiling=0.00, value=58662.0
    [iter 6132842] reheat + diversify: ceiling=0.00, value=58662.0
    [iter 6138595] reheat + diversify: ceiling=0.00, value=55814.0
    [iter 6144348] reheat + diversify: ceiling=0.00, value=77276.0
    [iter 6150101] reheat + diversify: ceiling=0.00, value=62168.0
    [iter 6155854] reheat + diversify: ceiling=0.00, value=77276.0
    [iter 6161607] reheat + diversify: ceiling=0.00, value=58662.0
    [iter 6167360] reheat + diversify: ceiling=0.00, value=55814.0
    [iter 6173113] reheat + diversify: ceiling=0.00, value=58662.0
    [iter 6178866] reheat + diversify: ceiling=0.00, value=65450.0
    [iter 6184619] reheat + diversify: ceiling=0.00, value=77276.0
    [iter 6190372] reheat + diversify: ceiling=0.00, value=77276.0
    [iter 6196125] reheat + diversify: ceiling=0.00, value=52966.0
    [iter 6201878] reheat + diversify: ceiling=0.00, value=74428.0
    [iter 6207631] reheat + diversify: ceiling=0.00, value=68298.0
    [iter 6213384] reheat + diversify: ceiling=0.00, value=59320.0
    [iter 6219137] reheat + diversify: ceiling=0.00, value=77276.0
    [iter 6224890] reheat + diversify: ceiling=0.00, value=74428.0
    [iter 6230643] reheat + diversify: ceiling=0.00, value=77276.0
    [iter 6236396] reheat + diversify: ceiling=0.00, value=77276.0
    [iter 6242149] reheat + diversify: ceiling=0.00, value=74428.0
    [iter 6247902] reheat + diversify: ceiling=0.00, value=62168.0
    [iter 6253655] reheat + diversify: ceiling=0.00, value=80124.0
    [iter 6259408] reheat + diversify: ceiling=0.00, value=55814.0
    [iter 6265161] reheat + diversify: ceiling=0.00, value=55814.0
    [iter 6270914] reheat + diversify: ceiling=0.00, value=58662.0
    [iter 6276667] reheat + diversify: ceiling=0.00, value=77276.0
    [iter 6282420] reheat + diversify: ceiling=0.00, value=58662.0
    [iter 6288173] reheat + diversify: ceiling=0.00, value=58662.0
    [iter 6293926] reheat + diversify: ceiling=0.00, value=55814.0
    [iter 6299679] reheat + diversify: ceiling=0.00, value=80124.0
    [iter 6305432] reheat + diversify: ceiling=0.00, value=55814.0
    [iter 6311185] reheat + diversify: ceiling=0.00, value=58662.0
    [iter 6316938] reheat + diversify: ceiling=0.00, value=55814.0
    [iter 6322691] reheat + diversify: ceiling=0.00, value=52966.0
    [iter 6328444] reheat + diversify: ceiling=0.00, value=55814.0
    [iter 6334197] reheat + diversify: ceiling=0.00, value=55814.0
    [iter 6339950] reheat + diversify: ceiling=0.00, value=59320.0
    [iter 6345703] reheat + diversify: ceiling=0.00, value=58662.0
    [iter 6351456] reheat + diversify: ceiling=0.00, value=58662.0
    [iter 6357209] reheat + diversify: ceiling=0.00, value=58662.0
    [iter 6362962] reheat + diversify: ceiling=0.00, value=58662.0
    [iter 6368715] reheat + diversify: ceiling=0.00, value=59320.0
    [iter 6374468] reheat + diversify: ceiling=0.00, value=55814.0
    [iter 6380221] reheat + diversify: ceiling=0.00, value=74428.0
    [iter 6385974] reheat + diversify: ceiling=0.00, value=58662.0
    [iter 6391727] reheat + diversify: ceiling=0.00, value=80124.0
    [iter 6397480] reheat + diversify: ceiling=0.00, value=58662.0
    [iter 6403233] reheat + diversify: ceiling=0.00, value=55814.0
    [iter 6408986] reheat + diversify: ceiling=0.00, value=55814.0
    [iter 6414739] reheat + diversify: ceiling=0.00, value=58662.0
    [iter 6420492] reheat + diversify: ceiling=0.00, value=55814.0
    [iter 6426245] reheat + diversify: ceiling=0.00, value=61510.0
    [iter 6431998] reheat + diversify: ceiling=0.00, value=77276.0
    [iter 6437751] reheat + diversify: ceiling=0.00, value=55814.0
    [iter 6443504] reheat + diversify: ceiling=0.00, value=80124.0
    [iter 6449257] reheat + diversify: ceiling=0.00, value=77276.0
    [iter 6455010] reheat + diversify: ceiling=0.00, value=77276.0
    [iter 6460763] reheat + diversify: ceiling=0.00, value=55814.0
    [iter 6466516] reheat + diversify: ceiling=0.00, value=58662.0
    [iter 6472269] reheat + diversify: ceiling=0.00, value=61510.0
    [iter 6478022] reheat + diversify: ceiling=0.00, value=58662.0
    [iter 6483775] reheat + diversify: ceiling=0.00, value=77276.0
    [iter 6489528] reheat + diversify: ceiling=0.00, value=52966.0
    [iter 6495281] reheat + diversify: ceiling=0.00, value=77276.0
    [iter 6501034] reheat + diversify: ceiling=0.00, value=77276.0
    [iter 6506787] reheat + diversify: ceiling=0.00, value=58662.0
    [iter 6512540] reheat + diversify: ceiling=0.00, value=61510.0
    [iter 6518293] reheat + diversify: ceiling=0.00, value=77276.0
    [iter 6524046] reheat + diversify: ceiling=0.00, value=58662.0
    [iter 6529799] reheat + diversify: ceiling=0.00, value=58662.0
    [iter 6535552] reheat + diversify: ceiling=0.00, value=58662.0
    [iter 6541305] reheat + diversify: ceiling=0.00, value=80124.0
    [iter 6547058] reheat + diversify: ceiling=0.00, value=55814.0
    [iter 6552811] reheat + diversify: ceiling=0.00, value=80124.0
    [iter 6558564] reheat + diversify: ceiling=0.00, value=74428.0
    [iter 6564317] reheat + diversify: ceiling=0.00, value=58662.0
    [iter 6570070] reheat + diversify: ceiling=0.00, value=77276.0
    [iter 6575823] reheat + diversify: ceiling=0.00, value=58662.0
    [iter 6581576] reheat + diversify: ceiling=0.00, value=58662.0
    [iter 6587329] reheat + diversify: ceiling=0.00, value=77276.0
    [iter 6593082] reheat + diversify: ceiling=0.00, value=77276.0
    [iter 6598835] reheat + diversify: ceiling=0.00, value=77276.0
    [iter 6604588] reheat + diversify: ceiling=0.00, value=58662.0
    [iter 6610341] reheat + diversify: ceiling=0.00, value=68298.0
    [iter 6616094] reheat + diversify: ceiling=0.00, value=77276.0
    [iter 6621847] reheat + diversify: ceiling=0.00, value=80124.0
    [iter 6627600] reheat + diversify: ceiling=0.00, value=77276.0
    [iter 6633353] reheat + diversify: ceiling=0.00, value=80124.0
    [iter 6639106] reheat + diversify: ceiling=0.00, value=58662.0
    [iter 6644859] reheat + diversify: ceiling=0.00, value=80124.0
    [iter 6650612] reheat + diversify: ceiling=0.00, value=77276.0
    [iter 6656365] reheat + diversify: ceiling=0.00, value=77276.0
    [iter 6662118] reheat + diversify: ceiling=0.00, value=58662.0
    [iter 6667871] reheat + diversify: ceiling=0.00, value=74428.0
    [iter 6673624] reheat + diversify: ceiling=0.00, value=77276.0
    [iter 6679377] reheat + diversify: ceiling=0.00, value=74428.0
    [iter 6685130] reheat + diversify: ceiling=0.00, value=55814.0
    [iter 6690883] reheat + diversify: ceiling=0.00, value=58662.0
    [iter 6696636] reheat + diversify: ceiling=0.00, value=80124.0
    [iter 6702389] reheat + diversify: ceiling=0.00, value=77276.0
    [iter 6708142] reheat + diversify: ceiling=0.00, value=58662.0
    [iter 6713895] reheat + diversify: ceiling=0.00, value=58662.0
    [iter 6719648] reheat + diversify: ceiling=0.00, value=77276.0
    [iter 6725401] reheat + diversify: ceiling=0.00, value=80124.0
    [iter 6731154] reheat + diversify: ceiling=0.00, value=77276.0
    [iter 6736907] reheat + diversify: ceiling=0.00, value=77276.0
    [iter 6742660] reheat + diversify: ceiling=0.00, value=55814.0
    [iter 6748413] reheat + diversify: ceiling=0.00, value=58662.0
    [iter 6754166] reheat + diversify: ceiling=0.00, value=77276.0
    [iter 6759919] reheat + diversify: ceiling=0.00, value=58662.0
    [iter 6765672] reheat + diversify: ceiling=0.00, value=77276.0
    [iter 6771425] reheat + diversify: ceiling=0.00, value=74428.0
    [iter 6777178] reheat + diversify: ceiling=0.00, value=55814.0
    [iter 6782931] reheat + diversify: ceiling=0.00, value=77276.0
    [iter 6788684] reheat + diversify: ceiling=0.00, value=80124.0
    [iter 6794437] reheat + diversify: ceiling=0.00, value=74428.0
    [iter 6800190] reheat + diversify: ceiling=0.00, value=58662.0
    [iter 6805943] reheat + diversify: ceiling=0.00, value=55814.0
    [iter 6811696] reheat + diversify: ceiling=0.00, value=55814.0
    [iter 6817449] reheat + diversify: ceiling=0.00, value=55814.0
    [iter 6823202] reheat + diversify: ceiling=0.00, value=80124.0
    [iter 6828955] reheat + diversify: ceiling=0.00, value=55814.0
    [iter 6834708] reheat + diversify: ceiling=0.00, value=61510.0
    [iter 6840461] reheat + diversify: ceiling=0.00, value=77276.0
    [iter 6846214] reheat + diversify: ceiling=0.00, value=58662.0
    [iter 6851967] reheat + diversify: ceiling=0.00, value=58662.0
    [iter 6857720] reheat + diversify: ceiling=0.00, value=77276.0
    [iter 6863473] reheat + diversify: ceiling=0.00, value=80124.0
    [iter 6869226] reheat + diversify: ceiling=0.00, value=55814.0
    [iter 6874979] reheat + diversify: ceiling=0.00, value=58662.0
    [iter 6880732] reheat + diversify: ceiling=0.00, value=80124.0
    [iter 6886485] reheat + diversify: ceiling=0.00, value=80124.0
    [iter 6892238] reheat + diversify: ceiling=0.00, value=61510.0
    [iter 6897991] reheat + diversify: ceiling=0.00, value=80124.0
    [iter 6903744] reheat + diversify: ceiling=0.00, value=55814.0
    [iter 6909497] reheat + diversify: ceiling=0.00, value=74428.0
    [iter 6915250] reheat + diversify: ceiling=0.00, value=80124.0
    [iter 6921003] reheat + diversify: ceiling=0.00, value=61510.0
    [iter 6926756] reheat + diversify: ceiling=0.00, value=58662.0
    [iter 6932509] reheat + diversify: ceiling=0.00, value=61510.0
    [iter 6938262] reheat + diversify: ceiling=0.00, value=68298.0
    [iter 6944015] reheat + diversify: ceiling=0.00, value=77276.0
    [iter 6949768] reheat + diversify: ceiling=0.00, value=55814.0
    [iter 6955521] reheat + diversify: ceiling=0.00, value=80124.0
    [iter 6961274] reheat + diversify: ceiling=0.00, value=77276.0
    [iter 6967027] reheat + diversify: ceiling=0.00, value=77276.0
    [iter 6972780] reheat + diversify: ceiling=0.00, value=55814.0
    [iter 6978533] reheat + diversify: ceiling=0.00, value=74428.0
    [iter 6984286] reheat + diversify: ceiling=0.00, value=55814.0
    [iter 6990039] reheat + diversify: ceiling=0.00, value=77276.0
    [iter 6995792] reheat + diversify: ceiling=0.00, value=55814.0
    [iter 7001545] reheat + diversify: ceiling=0.00, value=59320.0
    [iter 7007298] reheat + diversify: ceiling=0.00, value=74428.0
    [iter 7013051] reheat + diversify: ceiling=0.00, value=71146.0
    [iter 7018804] reheat + diversify: ceiling=0.00, value=58662.0
    [iter 7024557] reheat + diversify: ceiling=0.00, value=55814.0
    [iter 7030310] reheat + diversify: ceiling=0.00, value=55814.0
    [iter 7036063] reheat + diversify: ceiling=0.00, value=61510.0
    [iter 7041816] reheat + diversify: ceiling=0.00, value=55814.0
    [iter 7047569] reheat + diversify: ceiling=0.00, value=58662.0
    [iter 7053322] reheat + diversify: ceiling=0.00, value=55814.0
    [iter 7059075] reheat + diversify: ceiling=0.00, value=55814.0
    [iter 7064828] reheat + diversify: ceiling=0.00, value=77276.0
    [iter 7070581] reheat + diversify: ceiling=0.00, value=77276.0
    [iter 7076334] reheat + diversify: ceiling=0.00, value=58662.0
    [iter 7082087] reheat + diversify: ceiling=0.00, value=80124.0
    [iter 7087840] reheat + diversify: ceiling=0.00, value=77276.0
    [iter 7093593] reheat + diversify: ceiling=0.00, value=77276.0
    [iter 7099346] reheat + diversify: ceiling=0.00, value=80124.0
    [iter 7105099] reheat + diversify: ceiling=0.00, value=77276.0
    [iter 7110852] reheat + diversify: ceiling=0.00, value=58662.0
    [iter 7116605] reheat + diversify: ceiling=0.00, value=68298.0
    [iter 7122358] reheat + diversify: ceiling=0.00, value=80124.0
    [iter 7128111] reheat + diversify: ceiling=0.00, value=77276.0
    [iter 7133864] reheat + diversify: ceiling=0.00, value=58662.0
    [iter 7139617] reheat + diversify: ceiling=0.00, value=55814.0
    [iter 7145370] reheat + diversify: ceiling=0.00, value=58662.0
    [iter 7151123] reheat + diversify: ceiling=0.00, value=58662.0
    [iter 7156876] reheat + diversify: ceiling=0.00, value=77276.0
    [iter 7162629] reheat + diversify: ceiling=0.00, value=55814.0
    [iter 7168382] reheat + diversify: ceiling=0.00, value=80124.0
    [iter 7174135] reheat + diversify: ceiling=0.00, value=58662.0
    [iter 7179888] reheat + diversify: ceiling=0.00, value=80124.0
    [iter 7185641] reheat + diversify: ceiling=0.00, value=58662.0
    [iter 7191394] reheat + diversify: ceiling=0.00, value=77276.0
    [iter 7197147] reheat + diversify: ceiling=0.00, value=55814.0
    [iter 7202900] reheat + diversify: ceiling=0.00, value=77276.0
    [iter 7208653] reheat + diversify: ceiling=0.00, value=55814.0
    [iter 7214406] reheat + diversify: ceiling=0.00, value=58662.0
    [iter 7220159] reheat + diversify: ceiling=0.00, value=80124.0
    [iter 7225912] reheat + diversify: ceiling=0.00, value=80124.0
    [iter 7231665] reheat + diversify: ceiling=0.00, value=55814.0
    [iter 7237418] reheat + diversify: ceiling=0.00, value=74428.0
    [iter 7243171] reheat + diversify: ceiling=0.00, value=61510.0
    [iter 7248924] reheat + diversify: ceiling=0.00, value=80124.0
    [iter 7254677] reheat + diversify: ceiling=0.00, value=58662.0
    [iter 7260430] reheat + diversify: ceiling=0.00, value=58662.0
    [iter 7266183] reheat + diversify: ceiling=0.00, value=55814.0
    [iter 7271936] reheat + diversify: ceiling=0.00, value=55814.0
    [iter 7277689] reheat + diversify: ceiling=0.00, value=77276.0
    [iter 7283442] reheat + diversify: ceiling=0.00, value=74428.0
    [iter 7289195] reheat + diversify: ceiling=0.00, value=55814.0
    [iter 7294948] reheat + diversify: ceiling=0.00, value=55814.0
    [iter 7300701] reheat + diversify: ceiling=0.00, value=77276.0
    [iter 7306454] reheat + diversify: ceiling=0.00, value=58662.0
    [iter 7312207] reheat + diversify: ceiling=0.00, value=55814.0
    [iter 7317960] reheat + diversify: ceiling=0.00, value=80124.0
    [iter 7323713] reheat + diversify: ceiling=0.00, value=77276.0
    [iter 7329466] reheat + diversify: ceiling=0.00, value=58662.0
    [iter 7335219] reheat + diversify: ceiling=0.00, value=55814.0
    [iter 7340972] reheat + diversify: ceiling=0.00, value=58662.0
    [iter 7346725] reheat + diversify: ceiling=0.00, value=58662.0
    [iter 7352478] reheat + diversify: ceiling=0.00, value=77276.0
    [iter 7358231] reheat + diversify: ceiling=0.00, value=80124.0
    [iter 7363984] reheat + diversify: ceiling=0.00, value=77276.0
    [iter 7369737] reheat + diversify: ceiling=0.00, value=58662.0
    [iter 7375490] reheat + diversify: ceiling=0.00, value=71146.0
    [iter 7381243] reheat + diversify: ceiling=0.00, value=58662.0
    [iter 7386996] reheat + diversify: ceiling=0.00, value=55814.0
    [iter 7392749] reheat + diversify: ceiling=0.00, value=55814.0
    [iter 7398502] reheat + diversify: ceiling=0.00, value=61510.0
    [iter 7404255] reheat + diversify: ceiling=0.00, value=77276.0
    [iter 7410008] reheat + diversify: ceiling=0.00, value=77276.0
    [iter 7415761] reheat + diversify: ceiling=0.00, value=61510.0
    [iter 7421514] reheat + diversify: ceiling=0.00, value=80124.0
    [iter 7427267] reheat + diversify: ceiling=0.00, value=58662.0
    [iter 7433020] reheat + diversify: ceiling=0.00, value=80124.0
    [iter 7438773] reheat + diversify: ceiling=0.00, value=77276.0
    [iter 7444526] reheat + diversify: ceiling=0.00, value=80124.0
    [iter 7450279] reheat + diversify: ceiling=0.00, value=58662.0
    [iter 7456032] reheat + diversify: ceiling=0.00, value=59320.0
    [iter 7461785] reheat + diversify: ceiling=0.00, value=68298.0
    [iter 7467538] reheat + diversify: ceiling=0.00, value=80124.0
    [iter 7473291] reheat + diversify: ceiling=0.00, value=80124.0
    [iter 7479044] reheat + diversify: ceiling=0.00, value=65450.0
    [iter 7484797] reheat + diversify: ceiling=0.00, value=80124.0
    [iter 7490550] reheat + diversify: ceiling=0.00, value=52966.0
    [iter 7496303] reheat + diversify: ceiling=0.00, value=80124.0
    [iter 7502056] reheat + diversify: ceiling=0.00, value=80124.0
    [iter 7507809] reheat + diversify: ceiling=0.00, value=71146.0
    [iter 7513562] reheat + diversify: ceiling=0.00, value=68298.0
    [iter 7519315] reheat + diversify: ceiling=0.00, value=55814.0
    [iter 7525068] reheat + diversify: ceiling=0.00, value=80124.0
    [iter 7530821] reheat + diversify: ceiling=0.00, value=77276.0
    [iter 7536574] reheat + diversify: ceiling=0.00, value=80124.0
    [iter 7542327] reheat + diversify: ceiling=0.00, value=80124.0
    [iter 7548080] reheat + diversify: ceiling=0.00, value=77276.0
    [iter 7553833] reheat + diversify: ceiling=0.00, value=55814.0
    [iter 7559586] reheat + diversify: ceiling=0.00, value=58662.0
    [iter 7565339] reheat + diversify: ceiling=0.00, value=68298.0
    [iter 7571092] reheat + diversify: ceiling=0.00, value=55814.0
    [iter 7576845] reheat + diversify: ceiling=0.00, value=58662.0
    [iter 7582598] reheat + diversify: ceiling=0.00, value=80124.0
    [iter 7588351] reheat + diversify: ceiling=0.00, value=61510.0
    [iter 7594104] reheat + diversify: ceiling=0.00, value=77276.0
    [iter 7599857] reheat + diversify: ceiling=0.00, value=58662.0
    [iter 7605610] reheat + diversify: ceiling=0.00, value=52966.0
    [iter 7611363] reheat + diversify: ceiling=0.00, value=61510.0
    [iter 7617116] reheat + diversify: ceiling=0.00, value=77276.0
    [iter 7622869] reheat + diversify: ceiling=0.00, value=55814.0
    [iter 7628622] reheat + diversify: ceiling=0.00, value=58662.0
    [iter 7634375] reheat + diversify: ceiling=0.00, value=77276.0
    [iter 7640128] reheat + diversify: ceiling=0.00, value=58662.0
    [iter 7645881] reheat + diversify: ceiling=0.00, value=61510.0
    [iter 7651634] reheat + diversify: ceiling=0.00, value=58662.0
    [iter 7657387] reheat + diversify: ceiling=0.00, value=77276.0
    [iter 7663140] reheat + diversify: ceiling=0.00, value=74428.0
    [iter 7668893] reheat + diversify: ceiling=0.00, value=77276.0
    [iter 7674646] reheat + diversify: ceiling=0.00, value=80124.0
    [iter 7680399] reheat + diversify: ceiling=0.00, value=80124.0
    [iter 7686152] reheat + diversify: ceiling=0.00, value=58662.0
    [iter 7691905] reheat + diversify: ceiling=0.00, value=80124.0
    [iter 7697658] reheat + diversify: ceiling=0.00, value=58662.0
    [iter 7703411] reheat + diversify: ceiling=0.00, value=55814.0
    [iter 7709164] reheat + diversify: ceiling=0.00, value=58662.0
    [iter 7714917] reheat + diversify: ceiling=0.00, value=65450.0
    [iter 7720670] reheat + diversify: ceiling=0.00, value=80124.0
    [iter 7726423] reheat + diversify: ceiling=0.00, value=58662.0
    [iter 7732176] reheat + diversify: ceiling=0.00, value=58662.0
    [iter 7737929] reheat + diversify: ceiling=0.00, value=58662.0
    [iter 7743682] reheat + diversify: ceiling=0.00, value=55814.0
    [iter 7749435] reheat + diversify: ceiling=0.00, value=77276.0
    [iter 7755188] reheat + diversify: ceiling=0.00, value=58662.0
    [iter 7760941] reheat + diversify: ceiling=0.00, value=77276.0
    [iter 7766694] reheat + diversify: ceiling=0.00, value=58662.0
    [iter 7772447] reheat + diversify: ceiling=0.00, value=80124.0
    [iter 7778200] reheat + diversify: ceiling=0.00, value=74428.0
    [iter 7783953] reheat + diversify: ceiling=0.00, value=80124.0
    [iter 7789706] reheat + diversify: ceiling=0.00, value=77276.0
    [iter 7795459] reheat + diversify: ceiling=0.00, value=55814.0
    [iter 7801212] reheat + diversify: ceiling=0.00, value=68298.0
    [iter 7806965] reheat + diversify: ceiling=0.00, value=58662.0
    [iter 7812718] reheat + diversify: ceiling=0.00, value=80124.0
    [iter 7818471] reheat + diversify: ceiling=0.00, value=77276.0
    [iter 7824224] reheat + diversify: ceiling=0.00, value=77276.0
    [iter 7829977] reheat + diversify: ceiling=0.00, value=80124.0
    [iter 7835730] reheat + diversify: ceiling=0.00, value=77276.0
    [iter 7841483] reheat + diversify: ceiling=0.00, value=58662.0
    [iter 7847236] reheat + diversify: ceiling=0.00, value=55814.0
    [iter 7852989] reheat + diversify: ceiling=0.00, value=74428.0
    [iter 7858742] reheat + diversify: ceiling=0.00, value=68298.0
    [iter 7864495] reheat + diversify: ceiling=0.00, value=55814.0
    [iter 7870248] reheat + diversify: ceiling=0.00, value=77276.0
    [iter 7876001] reheat + diversify: ceiling=0.00, value=80124.0
    [iter 7881754] reheat + diversify: ceiling=0.00, value=55814.0
    [iter 7887507] reheat + diversify: ceiling=0.00, value=55814.0
    [iter 7893260] reheat + diversify: ceiling=0.00, value=80124.0
    [iter 7899013] reheat + diversify: ceiling=0.00, value=55814.0
    [iter 7904766] reheat + diversify: ceiling=0.00, value=58662.0
    [iter 7910519] reheat + diversify: ceiling=0.00, value=77276.0
    [iter 7916272] reheat + diversify: ceiling=0.00, value=58662.0
    [iter 7922025] reheat + diversify: ceiling=0.00, value=77276.0
    [iter 7927778] reheat + diversify: ceiling=0.00, value=52966.0
    [iter 7933531] reheat + diversify: ceiling=0.00, value=55814.0
    [iter 7939284] reheat + diversify: ceiling=0.00, value=58662.0
    [iter 7945037] reheat + diversify: ceiling=0.00, value=77276.0
    [iter 7950790] reheat + diversify: ceiling=0.00, value=55814.0
    [iter 7956543] reheat + diversify: ceiling=0.00, value=77276.0
    [iter 7962296] reheat + diversify: ceiling=0.00, value=55814.0
    [iter 7968049] reheat + diversify: ceiling=0.00, value=74428.0
    [iter 7973802] reheat + diversify: ceiling=0.00, value=80124.0
    [iter 7979555] reheat + diversify: ceiling=0.00, value=68298.0
    [iter 7985308] reheat + diversify: ceiling=0.00, value=55814.0
    [iter 7991061] reheat + diversify: ceiling=0.00, value=58662.0
    [iter 7996814] reheat + diversify: ceiling=0.00, value=59320.0
    [iter 8002567] reheat + diversify: ceiling=0.00, value=68298.0
    [iter 8008320] reheat + diversify: ceiling=0.00, value=77276.0
    [iter 8014073] reheat + diversify: ceiling=0.00, value=58662.0
    [iter 8019826] reheat + diversify: ceiling=0.00, value=58662.0
    [iter 8025579] reheat + diversify: ceiling=0.00, value=68298.0
    [iter 8031332] reheat + diversify: ceiling=0.00, value=80124.0
    [iter 8037085] reheat + diversify: ceiling=0.00, value=55814.0
    [iter 8042838] reheat + diversify: ceiling=0.00, value=55814.0
    [iter 8048591] reheat + diversify: ceiling=0.00, value=74428.0
    [iter 8054344] reheat + diversify: ceiling=0.00, value=80124.0
    [iter 8060097] reheat + diversify: ceiling=0.00, value=58662.0
    [iter 8065850] reheat + diversify: ceiling=0.00, value=80124.0
    [iter 8071603] reheat + diversify: ceiling=0.00, value=52966.0
    [iter 8077356] reheat + diversify: ceiling=0.00, value=55814.0
    [iter 8083109] reheat + diversify: ceiling=0.00, value=77276.0
    [iter 8088862] reheat + diversify: ceiling=0.00, value=55814.0
    [iter 8094615] reheat + diversify: ceiling=0.00, value=77276.0
    [iter 8100368] reheat + diversify: ceiling=0.00, value=77276.0
    [iter 8106121] reheat + diversify: ceiling=0.00, value=77276.0
    [iter 8111874] reheat + diversify: ceiling=0.00, value=68298.0
    [iter 8117627] reheat + diversify: ceiling=0.00, value=52966.0
    [iter 8123380] reheat + diversify: ceiling=0.00, value=58662.0
    [iter 8129133] reheat + diversify: ceiling=0.00, value=80124.0
    [iter 8134886] reheat + diversify: ceiling=0.00, value=77276.0
    [iter 8140639] reheat + diversify: ceiling=0.00, value=55814.0
    [iter 8146392] reheat + diversify: ceiling=0.00, value=61510.0
    [iter 8152145] reheat + diversify: ceiling=0.00, value=58662.0
    [iter 8157898] reheat + diversify: ceiling=0.00, value=77276.0
    [iter 8163651] reheat + diversify: ceiling=0.00, value=74428.0
    [iter 8169404] reheat + diversify: ceiling=0.00, value=58662.0
    [iter 8175157] reheat + diversify: ceiling=0.00, value=55814.0
    [iter 8180910] reheat + diversify: ceiling=0.00, value=74428.0
    [iter 8186663] reheat + diversify: ceiling=0.00, value=77276.0
    [iter 8192416] reheat + diversify: ceiling=0.00, value=58662.0
    [iter 8198169] reheat + diversify: ceiling=0.00, value=68298.0
    [iter 8203922] reheat + diversify: ceiling=0.00, value=55814.0
    [iter 8209675] reheat + diversify: ceiling=0.00, value=61510.0
    [iter 8215428] reheat + diversify: ceiling=0.00, value=77276.0
    [iter 8221181] reheat + diversify: ceiling=0.00, value=59320.0
    [iter 8226934] reheat + diversify: ceiling=0.00, value=55814.0
    [iter 8232687] reheat + diversify: ceiling=0.00, value=55814.0
    [iter 8238440] reheat + diversify: ceiling=0.00, value=55814.0
    [iter 8244193] reheat + diversify: ceiling=0.00, value=65450.0
    [iter 8249946] reheat + diversify: ceiling=0.00, value=55814.0
    [iter 8255699] reheat + diversify: ceiling=0.00, value=74428.0
    [iter 8261452] reheat + diversify: ceiling=0.00, value=58662.0
    [iter 8267205] reheat + diversify: ceiling=0.00, value=80124.0
    [iter 8272958] reheat + diversify: ceiling=0.00, value=55814.0
    [iter 8278711] reheat + diversify: ceiling=0.00, value=68298.0
    [iter 8284464] reheat + diversify: ceiling=0.00, value=58662.0
    [iter 8290217] reheat + diversify: ceiling=0.00, value=77276.0
    [iter 8295970] reheat + diversify: ceiling=0.00, value=58662.0
    [iter 8301723] reheat + diversify: ceiling=0.00, value=80124.0
    [iter 8307476] reheat + diversify: ceiling=0.00, value=55814.0
    [iter 8313229] reheat + diversify: ceiling=0.00, value=74428.0
    [iter 8318982] reheat + diversify: ceiling=0.00, value=55814.0
    [iter 8324735] reheat + diversify: ceiling=0.00, value=77276.0
    [iter 8330488] reheat + diversify: ceiling=0.00, value=58662.0
    [iter 8336241] reheat + diversify: ceiling=0.00, value=68298.0
    [iter 8341994] reheat + diversify: ceiling=0.00, value=61510.0
    [iter 8347747] reheat + diversify: ceiling=0.00, value=58662.0
    [iter 8353500] reheat + diversify: ceiling=0.00, value=80124.0
    [iter 8359253] reheat + diversify: ceiling=0.00, value=55814.0
    [iter 8365006] reheat + diversify: ceiling=0.00, value=55814.0
    [iter 8370759] reheat + diversify: ceiling=0.00, value=80124.0
    [iter 8376512] reheat + diversify: ceiling=0.00, value=77276.0
    [iter 8382265] reheat + diversify: ceiling=0.00, value=68298.0
    [iter 8388018] reheat + diversify: ceiling=0.00, value=80124.0
    [iter 8393771] reheat + diversify: ceiling=0.00, value=55814.0
    [iter 8399524] reheat + diversify: ceiling=0.00, value=55814.0
    [iter 8405277] reheat + diversify: ceiling=0.00, value=55814.0
    [iter 8411030] reheat + diversify: ceiling=0.00, value=77276.0
    [iter 8416783] reheat + diversify: ceiling=0.00, value=58662.0
    [iter 8422536] reheat + diversify: ceiling=0.00, value=77276.0
    [iter 8428289] reheat + diversify: ceiling=0.00, value=55814.0
    [iter 8434042] reheat + diversify: ceiling=0.00, value=77276.0
    [iter 8439795] reheat + diversify: ceiling=0.00, value=77276.0
    [iter 8445548] reheat + diversify: ceiling=0.00, value=58662.0
    [iter 8451301] reheat + diversify: ceiling=0.00, value=65450.0
    [iter 8457054] reheat + diversify: ceiling=0.00, value=65450.0
    [iter 8462807] reheat + diversify: ceiling=0.00, value=58662.0
    [iter 8468560] reheat + diversify: ceiling=0.00, value=74428.0
    [iter 8474313] reheat + diversify: ceiling=0.00, value=58662.0
    [iter 8480066] reheat + diversify: ceiling=0.00, value=58662.0
    [iter 8485819] reheat + diversify: ceiling=0.00, value=58662.0
    [iter 8491572] reheat + diversify: ceiling=0.00, value=80124.0
    [iter 8497325] reheat + diversify: ceiling=0.00, value=74428.0
    [iter 8503078] reheat + diversify: ceiling=0.00, value=55814.0
    [iter 8508831] reheat + diversify: ceiling=0.00, value=55814.0
    [iter 8514584] reheat + diversify: ceiling=0.00, value=80124.0
    [iter 8520337] reheat + diversify: ceiling=0.00, value=80124.0
    [iter 8526090] reheat + diversify: ceiling=0.00, value=80124.0
    [iter 8531843] reheat + diversify: ceiling=0.00, value=74428.0
    [iter 8537596] reheat + diversify: ceiling=0.00, value=55814.0
    [iter 8543349] reheat + diversify: ceiling=0.00, value=77276.0
    [iter 8549102] reheat + diversify: ceiling=0.00, value=77276.0
    [iter 8554855] reheat + diversify: ceiling=0.00, value=55814.0
    [iter 8560608] reheat + diversify: ceiling=0.00, value=77276.0
    [iter 8566361] reheat + diversify: ceiling=0.00, value=58662.0
    [iter 8572114] reheat + diversify: ceiling=0.00, value=58662.0
    [iter 8577867] reheat + diversify: ceiling=0.00, value=74428.0
    [iter 8583620] reheat + diversify: ceiling=0.00, value=74428.0
    [iter 8589373] reheat + diversify: ceiling=0.00, value=58662.0
    [iter 8595126] reheat + diversify: ceiling=0.00, value=77276.0
    [iter 8600879] reheat + diversify: ceiling=0.00, value=61510.0
    [iter 8606632] reheat + diversify: ceiling=0.00, value=58662.0
    [iter 8612385] reheat + diversify: ceiling=0.00, value=58662.0
    [iter 8618138] reheat + diversify: ceiling=0.00, value=77276.0
    [iter 8623891] reheat + diversify: ceiling=0.00, value=56472.0
    [iter 8629644] reheat + diversify: ceiling=0.00, value=58662.0
    [iter 8635397] reheat + diversify: ceiling=0.00, value=77276.0
    [iter 8641150] reheat + diversify: ceiling=0.00, value=77276.0
    [iter 8646903] reheat + diversify: ceiling=0.00, value=74428.0
    [iter 8652656] reheat + diversify: ceiling=0.00, value=65450.0
    [iter 8658409] reheat + diversify: ceiling=0.00, value=59320.0
    [iter 8664162] reheat + diversify: ceiling=0.00, value=58662.0
    [iter 8669915] reheat + diversify: ceiling=0.00, value=74428.0
    [iter 8675668] reheat + diversify: ceiling=0.00, value=55814.0
    [iter 8681421] reheat + diversify: ceiling=0.00, value=77276.0
    [iter 8687174] reheat + diversify: ceiling=0.00, value=77276.0
    [iter 8692927] reheat + diversify: ceiling=0.00, value=55814.0
    [iter 8698680] reheat + diversify: ceiling=0.00, value=58662.0
    [iter 8704433] reheat + diversify: ceiling=0.00, value=61510.0
    [iter 8710186] reheat + diversify: ceiling=0.00, value=61510.0
    [iter 8715939] reheat + diversify: ceiling=0.00, value=61510.0
    [iter 8721692] reheat + diversify: ceiling=0.00, value=55814.0
    [iter 8727445] reheat + diversify: ceiling=0.00, value=80124.0
    [iter 8733198] reheat + diversify: ceiling=0.00, value=77276.0
    [iter 8738951] reheat + diversify: ceiling=0.00, value=55814.0
    [iter 8744704] reheat + diversify: ceiling=0.00, value=77276.0
    [iter 8750457] reheat + diversify: ceiling=0.00, value=77276.0
    [iter 8756210] reheat + diversify: ceiling=0.00, value=74428.0
    [iter 8761963] reheat + diversify: ceiling=0.00, value=55814.0
    [iter 8767716] reheat + diversify: ceiling=0.00, value=80124.0
    [iter 8773469] reheat + diversify: ceiling=0.00, value=58662.0
    [iter 8779222] reheat + diversify: ceiling=0.00, value=77276.0
    [iter 8784975] reheat + diversify: ceiling=0.00, value=80124.0
    [iter 8790728] reheat + diversify: ceiling=0.00, value=58662.0
    [iter 8796481] reheat + diversify: ceiling=0.00, value=65450.0
    [iter 8802234] reheat + diversify: ceiling=0.00, value=58662.0
    [iter 8807987] reheat + diversify: ceiling=0.00, value=55814.0
    [iter 8813740] reheat + diversify: ceiling=0.00, value=80124.0
    [iter 8819493] reheat + diversify: ceiling=0.00, value=74428.0
    [iter 8825246] reheat + diversify: ceiling=0.00, value=55814.0
    [iter 8830999] reheat + diversify: ceiling=0.00, value=68298.0
    [iter 8836752] reheat + diversify: ceiling=0.00, value=77276.0
    [iter 8842505] reheat + diversify: ceiling=0.00, value=61510.0
    [iter 8848258] reheat + diversify: ceiling=0.00, value=55814.0
    [iter 8854011] reheat + diversify: ceiling=0.00, value=77276.0
    [iter 8859764] reheat + diversify: ceiling=0.00, value=80124.0
    [iter 8865517] reheat + diversify: ceiling=0.00, value=74428.0
    [iter 8871270] reheat + diversify: ceiling=0.00, value=74428.0
    [iter 8877023] reheat + diversify: ceiling=0.00, value=77276.0
    [iter 8882776] reheat + diversify: ceiling=0.00, value=55814.0
    [iter 8888529] reheat + diversify: ceiling=0.00, value=58662.0
    [iter 8894282] reheat + diversify: ceiling=0.00, value=55814.0
    [iter 8900035] reheat + diversify: ceiling=0.00, value=80124.0
    [iter 8905788] reheat + diversify: ceiling=0.00, value=58662.0
    [iter 8911541] reheat + diversify: ceiling=0.00, value=80124.0
    [iter 8917294] reheat + diversify: ceiling=0.00, value=55814.0
    [iter 8923047] reheat + diversify: ceiling=0.00, value=77276.0
    [iter 8928800] reheat + diversify: ceiling=0.00, value=80124.0
    [iter 8934553] reheat + diversify: ceiling=0.00, value=77276.0
    [iter 8940306] reheat + diversify: ceiling=0.00, value=77276.0
    [iter 8946059] reheat + diversify: ceiling=0.00, value=58662.0
    [iter 8951812] reheat + diversify: ceiling=0.00, value=77276.0
    [iter 8957565] reheat + diversify: ceiling=0.00, value=77276.0
    [iter 8963318] reheat + diversify: ceiling=0.00, value=55814.0
    [iter 8969071] reheat + diversify: ceiling=0.00, value=58662.0
    [iter 8974824] reheat + diversify: ceiling=0.00, value=61510.0
    [iter 8980577] reheat + diversify: ceiling=0.00, value=77276.0
    [iter 8986330] reheat + diversify: ceiling=0.00, value=80124.0
    [iter 8992083] reheat + diversify: ceiling=0.00, value=77276.0
    [iter 8997836] reheat + diversify: ceiling=0.00, value=58662.0
    [iter 9003589] reheat + diversify: ceiling=0.00, value=58662.0
    [iter 9009342] reheat + diversify: ceiling=0.00, value=77276.0
    [iter 9015095] reheat + diversify: ceiling=0.00, value=80124.0
    [iter 9020848] reheat + diversify: ceiling=0.00, value=74428.0
    [iter 9026601] reheat + diversify: ceiling=0.00, value=59320.0
    [iter 9032354] reheat + diversify: ceiling=0.00, value=55814.0
    [iter 9038107] reheat + diversify: ceiling=0.00, value=61510.0
    [iter 9043860] reheat + diversify: ceiling=0.00, value=58662.0
    [iter 9049613] reheat + diversify: ceiling=0.00, value=74428.0
    [iter 9055366] reheat + diversify: ceiling=0.00, value=55814.0
    [iter 9061119] reheat + diversify: ceiling=0.00, value=58662.0
    [iter 9066872] reheat + diversify: ceiling=0.00, value=58662.0
    [iter 9072625] reheat + diversify: ceiling=0.00, value=58662.0
    [iter 9078378] reheat + diversify: ceiling=0.00, value=52966.0
    [iter 9084131] reheat + diversify: ceiling=0.00, value=58662.0
    [iter 9089884] reheat + diversify: ceiling=0.00, value=80124.0
    [iter 9095637] reheat + diversify: ceiling=0.00, value=52966.0
    [iter 9101390] reheat + diversify: ceiling=0.00, value=80124.0
    [iter 9107143] reheat + diversify: ceiling=0.00, value=77276.0
    [iter 9112896] reheat + diversify: ceiling=0.00, value=58662.0
    [iter 9118649] reheat + diversify: ceiling=0.00, value=77276.0
    [iter 9124402] reheat + diversify: ceiling=0.00, value=77276.0
    [iter 9130155] reheat + diversify: ceiling=0.00, value=55814.0
    [iter 9135908] reheat + diversify: ceiling=0.00, value=77276.0
    [iter 9141661] reheat + diversify: ceiling=0.00, value=68298.0
    [iter 9147414] reheat + diversify: ceiling=0.00, value=58662.0
    [iter 9153167] reheat + diversify: ceiling=0.00, value=61510.0
    [iter 9158920] reheat + diversify: ceiling=0.00, value=58662.0
    [iter 9164673] reheat + diversify: ceiling=0.00, value=77276.0
    [iter 9170426] reheat + diversify: ceiling=0.00, value=77276.0
    [iter 9176179] reheat + diversify: ceiling=0.00, value=55814.0
    [iter 9181932] reheat + diversify: ceiling=0.00, value=80124.0
    [iter 9187685] reheat + diversify: ceiling=0.00, value=61510.0
    [iter 9193438] reheat + diversify: ceiling=0.00, value=80124.0
    [iter 9199191] reheat + diversify: ceiling=0.00, value=55814.0
    [iter 9204944] reheat + diversify: ceiling=0.00, value=80124.0
    [iter 9210697] reheat + diversify: ceiling=0.00, value=58662.0
    [iter 9216450] reheat + diversify: ceiling=0.00, value=58662.0
    [iter 9222203] reheat + diversify: ceiling=0.00, value=58662.0
    [iter 9227956] reheat + diversify: ceiling=0.00, value=58662.0
    [iter 9233709] reheat + diversify: ceiling=0.00, value=80124.0
    [iter 9239462] reheat + diversify: ceiling=0.00, value=77276.0
    [iter 9245215] reheat + diversify: ceiling=0.00, value=58662.0
    [iter 9250968] reheat + diversify: ceiling=0.00, value=61510.0
    [iter 9256721] reheat + diversify: ceiling=0.00, value=58662.0
    [iter 9262474] reheat + diversify: ceiling=0.00, value=80124.0
    [iter 9268227] reheat + diversify: ceiling=0.00, value=55814.0
    [iter 9273980] reheat + diversify: ceiling=0.00, value=55814.0
    [iter 9279733] reheat + diversify: ceiling=0.00, value=71146.0
    [iter 9285486] reheat + diversify: ceiling=0.00, value=80124.0
    [iter 9291239] reheat + diversify: ceiling=0.00, value=74428.0
    [iter 9296992] reheat + diversify: ceiling=0.00, value=55814.0
    [iter 9302745] reheat + diversify: ceiling=0.00, value=55814.0
    [iter 9308498] reheat + diversify: ceiling=0.00, value=80124.0
    [iter 9314251] reheat + diversify: ceiling=0.00, value=55814.0
    [iter 9320004] reheat + diversify: ceiling=0.00, value=58662.0
    [iter 9325757] reheat + diversify: ceiling=0.00, value=80124.0
    [iter 9331510] reheat + diversify: ceiling=0.00, value=55814.0
    [iter 9337263] reheat + diversify: ceiling=0.00, value=58662.0
    [iter 9343016] reheat + diversify: ceiling=0.00, value=58662.0
    [iter 9348769] reheat + diversify: ceiling=0.00, value=77276.0
    [iter 9354522] reheat + diversify: ceiling=0.00, value=61510.0
    [iter 9360275] reheat + diversify: ceiling=0.00, value=77276.0
    [iter 9366028] reheat + diversify: ceiling=0.00, value=80124.0
    [iter 9371781] reheat + diversify: ceiling=0.00, value=55814.0
    [iter 9377534] reheat + diversify: ceiling=0.00, value=80124.0
    [iter 9383287] reheat + diversify: ceiling=0.00, value=74428.0
    [iter 9389040] reheat + diversify: ceiling=0.00, value=80124.0
    [iter 9394793] reheat + diversify: ceiling=0.00, value=55814.0
    [iter 9400546] reheat + diversify: ceiling=0.00, value=58662.0
    [iter 9406299] reheat + diversify: ceiling=0.00, value=74428.0
    [iter 9412052] reheat + diversify: ceiling=0.00, value=58662.0
    [iter 9417805] reheat + diversify: ceiling=0.00, value=58662.0
    [iter 9423558] reheat + diversify: ceiling=0.00, value=77276.0
    [iter 9429311] reheat + diversify: ceiling=0.00, value=80124.0
    [iter 9435064] reheat + diversify: ceiling=0.00, value=77276.0
    [iter 9440817] reheat + diversify: ceiling=0.00, value=58662.0
    [iter 9446570] reheat + diversify: ceiling=0.00, value=58662.0
    [iter 9452323] reheat + diversify: ceiling=0.00, value=55814.0
    [iter 9458076] reheat + diversify: ceiling=0.00, value=77276.0
    [iter 9463829] reheat + diversify: ceiling=0.00, value=58662.0
    [iter 9469582] reheat + diversify: ceiling=0.00, value=55814.0
    [iter 9475335] reheat + diversify: ceiling=0.00, value=55814.0
    [iter 9481088] reheat + diversify: ceiling=0.00, value=74428.0
    [iter 9486841] reheat + diversify: ceiling=0.00, value=55814.0
    [iter 9492594] reheat + diversify: ceiling=0.00, value=55814.0
    [iter 9498347] reheat + diversify: ceiling=0.00, value=77276.0
    [iter 9504100] reheat + diversify: ceiling=0.00, value=80124.0
    [iter 9509853] reheat + diversify: ceiling=0.00, value=55814.0
    [iter 9515606] reheat + diversify: ceiling=0.00, value=80124.0
    [iter 9521359] reheat + diversify: ceiling=0.00, value=77276.0
    [iter 9527112] reheat + diversify: ceiling=0.00, value=55814.0
    [iter 9532865] reheat + diversify: ceiling=0.00, value=58662.0
    [iter 9538618] reheat + diversify: ceiling=0.00, value=55814.0
    [iter 9544371] reheat + diversify: ceiling=0.00, value=61510.0
    [iter 9550124] reheat + diversify: ceiling=0.00, value=77276.0
    [iter 9555877] reheat + diversify: ceiling=0.00, value=77276.0
    [iter 9561630] reheat + diversify: ceiling=0.00, value=77276.0
    [iter 9567383] reheat + diversify: ceiling=0.00, value=77276.0
    [iter 9573136] reheat + diversify: ceiling=0.00, value=80124.0
    [iter 9578889] reheat + diversify: ceiling=0.00, value=55814.0
    [iter 9584642] reheat + diversify: ceiling=0.00, value=74428.0
    [iter 9590395] reheat + diversify: ceiling=0.00, value=77276.0
    [iter 9596148] reheat + diversify: ceiling=0.00, value=58662.0
    [iter 9601901] reheat + diversify: ceiling=0.00, value=77276.0
    [iter 9607654] reheat + diversify: ceiling=0.00, value=61510.0
    [iter 9613407] reheat + diversify: ceiling=0.00, value=68298.0
    [iter 9619160] reheat + diversify: ceiling=0.00, value=58662.0
    [iter 9624913] reheat + diversify: ceiling=0.00, value=77276.0
    [iter 9630666] reheat + diversify: ceiling=0.00, value=77276.0
    [iter 9636419] reheat + diversify: ceiling=0.00, value=55814.0
    [iter 9642172] reheat + diversify: ceiling=0.00, value=80124.0
    [iter 9647925] reheat + diversify: ceiling=0.00, value=62168.0
    [iter 9653678] reheat + diversify: ceiling=0.00, value=80124.0
    [iter 9659431] reheat + diversify: ceiling=0.00, value=55814.0
    [iter 9665184] reheat + diversify: ceiling=0.00, value=77276.0
    [iter 9670937] reheat + diversify: ceiling=0.00, value=61510.0
    [iter 9676690] reheat + diversify: ceiling=0.00, value=80124.0
    [iter 9682443] reheat + diversify: ceiling=0.00, value=55814.0
    [iter 9688196] reheat + diversify: ceiling=0.00, value=58662.0
    [iter 9693949] reheat + diversify: ceiling=0.00, value=58662.0
    [iter 9699702] reheat + diversify: ceiling=0.00, value=77276.0
    [iter 9705455] reheat + diversify: ceiling=0.00, value=80124.0
    [iter 9711208] reheat + diversify: ceiling=0.00, value=77276.0
    [iter 9716961] reheat + diversify: ceiling=0.00, value=61510.0
    [iter 9722714] reheat + diversify: ceiling=0.00, value=58662.0
    [iter 9728467] reheat + diversify: ceiling=0.00, value=58662.0
    [iter 9734220] reheat + diversify: ceiling=0.00, value=77276.0
    [iter 9739973] reheat + diversify: ceiling=0.00, value=80124.0
    [iter 9745726] reheat + diversify: ceiling=0.00, value=80124.0
    [iter 9751479] reheat + diversify: ceiling=0.00, value=74428.0
    [iter 9757232] reheat + diversify: ceiling=0.00, value=58662.0
    [iter 9762985] reheat + diversify: ceiling=0.00, value=58662.0
    [iter 9768738] reheat + diversify: ceiling=0.00, value=58662.0
    [iter 9774491] reheat + diversify: ceiling=0.00, value=80124.0
    [iter 9780244] reheat + diversify: ceiling=0.00, value=58662.0
    [iter 9785997] reheat + diversify: ceiling=0.00, value=77276.0
    [iter 9791750] reheat + diversify: ceiling=0.00, value=77276.0
    [iter 9797503] reheat + diversify: ceiling=0.00, value=55814.0
    [iter 9803256] reheat + diversify: ceiling=0.00, value=77276.0
    [iter 9809009] reheat + diversify: ceiling=0.00, value=74428.0
    [iter 9814762] reheat + diversify: ceiling=0.00, value=77276.0
    [iter 9820515] reheat + diversify: ceiling=0.00, value=58662.0
    [iter 9826268] reheat + diversify: ceiling=0.00, value=68298.0
    [iter 9832021] reheat + diversify: ceiling=0.00, value=80124.0
    [iter 9837774] reheat + diversify: ceiling=0.00, value=58662.0
    [iter 9843527] reheat + diversify: ceiling=0.00, value=58662.0
    [iter 9849280] reheat + diversify: ceiling=0.00, value=71146.0
    [iter 9855033] reheat + diversify: ceiling=0.00, value=55814.0
    [iter 9860786] reheat + diversify: ceiling=0.00, value=80124.0
    [iter 9866539] reheat + diversify: ceiling=0.00, value=80124.0
    [iter 9872292] reheat + diversify: ceiling=0.00, value=77276.0
    [iter 9878045] reheat + diversify: ceiling=0.00, value=77276.0
    [iter 9883798] reheat + diversify: ceiling=0.00, value=59320.0
    [iter 9889551] reheat + diversify: ceiling=0.00, value=77276.0
    [iter 9895304] reheat + diversify: ceiling=0.00, value=77276.0
    [iter 9901057] reheat + diversify: ceiling=0.00, value=77276.0
    [iter 9906810] reheat + diversify: ceiling=0.00, value=77276.0
    [iter 9912563] reheat + diversify: ceiling=0.00, value=61510.0
    [iter 9918316] reheat + diversify: ceiling=0.00, value=61510.0
    [iter 9924069] reheat + diversify: ceiling=0.00, value=71146.0
    [iter 9929822] reheat + diversify: ceiling=0.00, value=77276.0
    [iter 9935575] reheat + diversify: ceiling=0.00, value=65450.0
    [iter 9941328] reheat + diversify: ceiling=0.00, value=80124.0
    [iter 9947081] reheat + diversify: ceiling=0.00, value=77276.0
    [iter 9952834] reheat + diversify: ceiling=0.00, value=61510.0
    [iter 9958587] reheat + diversify: ceiling=0.00, value=55814.0
    [iter 9964340] reheat + diversify: ceiling=0.00, value=58662.0
    [iter 9970093] reheat + diversify: ceiling=0.00, value=58662.0
    [iter 9975846] reheat + diversify: ceiling=0.00, value=58662.0
    [iter 9981599] reheat + diversify: ceiling=0.00, value=58662.0
    [iter 9987352] reheat + diversify: ceiling=0.00, value=77276.0
    [iter 9993105] reheat + diversify: ceiling=0.00, value=55814.0
    [iter 9998858] reheat + diversify: ceiling=0.00, value=71146.0
    [iter 10004611] reheat + diversify: ceiling=0.00, value=77276.0
    [iter 10010364] reheat + diversify: ceiling=0.00, value=80124.0
    [iter 10016117] reheat + diversify: ceiling=0.00, value=80124.0
    [iter 10021870] reheat + diversify: ceiling=0.00, value=55814.0
    [iter 10027623] reheat + diversify: ceiling=0.00, value=59320.0
    [iter 10033376] reheat + diversify: ceiling=0.00, value=80124.0
    [iter 10039129] reheat + diversify: ceiling=0.00, value=55814.0
    [iter 10044882] reheat + diversify: ceiling=0.00, value=55814.0
    [iter 10050635] reheat + diversify: ceiling=0.00, value=55814.0
    [iter 10056388] reheat + diversify: ceiling=0.00, value=55814.0
    [iter 10062141] reheat + diversify: ceiling=0.00, value=58662.0
    [iter 10067894] reheat + diversify: ceiling=0.00, value=52966.0
    [iter 10073647] reheat + diversify: ceiling=0.00, value=77276.0
    [iter 10079400] reheat + diversify: ceiling=0.00, value=58662.0
    [iter 10085153] reheat + diversify: ceiling=0.00, value=58662.0
    [iter 10090906] reheat + diversify: ceiling=0.00, value=58662.0
    [iter 10096659] reheat + diversify: ceiling=0.00, value=58662.0
    [iter 10102412] reheat + diversify: ceiling=0.00, value=80124.0
    [iter 10108165] reheat + diversify: ceiling=0.00, value=80124.0
    [iter 10113918] reheat + diversify: ceiling=0.00, value=55814.0
    [iter 10119671] reheat + diversify: ceiling=0.00, value=77276.0
    [iter 10125424] reheat + diversify: ceiling=0.00, value=58662.0
    [iter 10131177] reheat + diversify: ceiling=0.00, value=61510.0
    [iter 10136930] reheat + diversify: ceiling=0.00, value=55814.0
    [iter 10142683] reheat + diversify: ceiling=0.00, value=55814.0
    [iter 10148436] reheat + diversify: ceiling=0.00, value=80124.0
    [iter 10154189] reheat + diversify: ceiling=0.00, value=55814.0
    [iter 10159942] reheat + diversify: ceiling=0.00, value=77276.0
    [iter 10165695] reheat + diversify: ceiling=0.00, value=58662.0
    [iter 10171448] reheat + diversify: ceiling=0.00, value=80124.0
    [iter 10177201] reheat + diversify: ceiling=0.00, value=77276.0
    [iter 10182954] reheat + diversify: ceiling=0.00, value=77276.0
    [iter 10188707] reheat + diversify: ceiling=0.00, value=61510.0
    [iter 10194460] reheat + diversify: ceiling=0.00, value=55814.0
    [iter 10200213] reheat + diversify: ceiling=0.00, value=61510.0
    [iter 10205966] reheat + diversify: ceiling=0.00, value=77276.0
    [iter 10211719] reheat + diversify: ceiling=0.00, value=55814.0
    [iter 10217472] reheat + diversify: ceiling=0.00, value=77276.0
    [iter 10223225] reheat + diversify: ceiling=0.00, value=52966.0
    [iter 10228978] reheat + diversify: ceiling=0.00, value=58662.0
    [iter 10234731] reheat + diversify: ceiling=0.00, value=55814.0
    [iter 10240484] reheat + diversify: ceiling=0.00, value=77276.0
    [iter 10246237] reheat + diversify: ceiling=0.00, value=71146.0
    [iter 10251990] reheat + diversify: ceiling=0.00, value=58662.0
    [iter 10257743] reheat + diversify: ceiling=0.00, value=55814.0
    [iter 10263496] reheat + diversify: ceiling=0.00, value=77276.0
    [iter 10269249] reheat + diversify: ceiling=0.00, value=52966.0
    [iter 10275002] reheat + diversify: ceiling=0.00, value=80124.0
    [iter 10280755] reheat + diversify: ceiling=0.00, value=77276.0
    [iter 10286508] reheat + diversify: ceiling=0.00, value=55814.0
    [iter 10292261] reheat + diversify: ceiling=0.00, value=58662.0
    [iter 10298014] reheat + diversify: ceiling=0.00, value=55814.0
    [iter 10303767] reheat + diversify: ceiling=0.00, value=80124.0
    [iter 10309520] reheat + diversify: ceiling=0.00, value=55814.0
    [iter 10315273] reheat + diversify: ceiling=0.00, value=58662.0
    [iter 10321026] reheat + diversify: ceiling=0.00, value=58662.0
    [iter 10326779] reheat + diversify: ceiling=0.00, value=74428.0
    [iter 10332532] reheat + diversify: ceiling=0.00, value=77276.0
    [iter 10338285] reheat + diversify: ceiling=0.00, value=77276.0
    [iter 10344038] reheat + diversify: ceiling=0.00, value=68298.0
    [iter 10349791] reheat + diversify: ceiling=0.00, value=55814.0
    [iter 10355544] reheat + diversify: ceiling=0.00, value=77276.0
    [iter 10361297] reheat + diversify: ceiling=0.00, value=77276.0
    [iter 10367050] reheat + diversify: ceiling=0.00, value=58662.0
    [iter 10372803] reheat + diversify: ceiling=0.00, value=61510.0
    [iter 10378556] reheat + diversify: ceiling=0.00, value=61510.0
    [iter 10384309] reheat + diversify: ceiling=0.00, value=52966.0
    [iter 10390062] reheat + diversify: ceiling=0.00, value=77276.0
    [iter 10395815] reheat + diversify: ceiling=0.00, value=77276.0
    [iter 10401568] reheat + diversify: ceiling=0.00, value=74428.0
    [iter 10407321] reheat + diversify: ceiling=0.00, value=80124.0
    [iter 10413074] reheat + diversify: ceiling=0.00, value=77276.0
    [iter 10418827] reheat + diversify: ceiling=0.00, value=55814.0
    [iter 10424580] reheat + diversify: ceiling=0.00, value=58662.0
    [iter 10430333] reheat + diversify: ceiling=0.00, value=80124.0
    [iter 10436086] reheat + diversify: ceiling=0.00, value=55814.0
    [iter 10441839] reheat + diversify: ceiling=0.00, value=74428.0
    [iter 10447592] reheat + diversify: ceiling=0.00, value=58662.0
    [iter 10453345] reheat + diversify: ceiling=0.00, value=74428.0
    [iter 10459098] reheat + diversify: ceiling=0.00, value=55814.0
    [iter 10464851] reheat + diversify: ceiling=0.00, value=80124.0
    [iter 10470604] reheat + diversify: ceiling=0.00, value=58662.0
    [iter 10476357] reheat + diversify: ceiling=0.00, value=58662.0
    [iter 10482110] reheat + diversify: ceiling=0.00, value=77276.0
    [iter 10487863] reheat + diversify: ceiling=0.00, value=80124.0
    [iter 10493616] reheat + diversify: ceiling=0.00, value=77276.0
    [iter 10499369] reheat + diversify: ceiling=0.00, value=74428.0
    [iter 10505122] reheat + diversify: ceiling=0.00, value=58662.0
    [iter 10510875] reheat + diversify: ceiling=0.00, value=61510.0
    [iter 10516628] reheat + diversify: ceiling=0.00, value=80124.0
    [iter 10522381] reheat + diversify: ceiling=0.00, value=58662.0
    [iter 10528134] reheat + diversify: ceiling=0.00, value=80124.0
    [iter 10533887] reheat + diversify: ceiling=0.00, value=59320.0
    [iter 10539640] reheat + diversify: ceiling=0.00, value=80124.0
    [iter 10545393] reheat + diversify: ceiling=0.00, value=80124.0
    [iter 10551146] reheat + diversify: ceiling=0.00, value=52966.0
    [iter 10556899] reheat + diversify: ceiling=0.00, value=61510.0
    [iter 10562652] reheat + diversify: ceiling=0.00, value=58662.0
    [iter 10568405] reheat + diversify: ceiling=0.00, value=68298.0
    [iter 10574158] reheat + diversify: ceiling=0.00, value=58662.0
    [iter 10579911] reheat + diversify: ceiling=0.00, value=58662.0
    [iter 10585664] reheat + diversify: ceiling=0.00, value=55814.0
    [iter 10591417] reheat + diversify: ceiling=0.00, value=74428.0
    [iter 10597170] reheat + diversify: ceiling=0.00, value=77276.0
    [iter 10602923] reheat + diversify: ceiling=0.00, value=58662.0
    [iter 10608676] reheat + diversify: ceiling=0.00, value=77276.0
    [iter 10614429] reheat + diversify: ceiling=0.00, value=80124.0
    [iter 10620182] reheat + diversify: ceiling=0.00, value=58662.0
    [iter 10625935] reheat + diversify: ceiling=0.00, value=58662.0
    [iter 10631688] reheat + diversify: ceiling=0.00, value=80124.0
    [iter 10637441] reheat + diversify: ceiling=0.00, value=77276.0
    [iter 10643194] reheat + diversify: ceiling=0.00, value=77276.0
    [iter 10648947] reheat + diversify: ceiling=0.00, value=58662.0
    [iter 10654700] reheat + diversify: ceiling=0.00, value=58662.0
    [iter 10660453] reheat + diversify: ceiling=0.00, value=58662.0
    [iter 10666206] reheat + diversify: ceiling=0.00, value=77276.0
    [iter 10671959] reheat + diversify: ceiling=0.00, value=58662.0
    [iter 10677712] reheat + diversify: ceiling=0.00, value=55814.0
    [iter 10683465] reheat + diversify: ceiling=0.00, value=55814.0
    [iter 10689218] reheat + diversify: ceiling=0.00, value=77276.0
    [iter 10694971] reheat + diversify: ceiling=0.00, value=58662.0
    [iter 10700724] reheat + diversify: ceiling=0.00, value=58662.0
    [iter 10706477] reheat + diversify: ceiling=0.00, value=58662.0
    [iter 10712230] reheat + diversify: ceiling=0.00, value=58662.0
    [iter 10717983] reheat + diversify: ceiling=0.00, value=58662.0
    [iter 10723736] reheat + diversify: ceiling=0.00, value=77276.0
    [iter 10729489] reheat + diversify: ceiling=0.00, value=65450.0
    [iter 10735242] reheat + diversify: ceiling=0.00, value=55814.0
    [iter 10740995] reheat + diversify: ceiling=0.00, value=61510.0
    [iter 10746748] reheat + diversify: ceiling=0.00, value=58662.0
    [iter 10752501] reheat + diversify: ceiling=0.00, value=55814.0
    [iter 10758254] reheat + diversify: ceiling=0.00, value=55814.0
    [iter 10764007] reheat + diversify: ceiling=0.00, value=77276.0
    [iter 10769760] reheat + diversify: ceiling=0.00, value=58662.0
    [iter 10775513] reheat + diversify: ceiling=0.00, value=58662.0
    [iter 10781266] reheat + diversify: ceiling=0.00, value=74428.0
    [iter 10787019] reheat + diversify: ceiling=0.00, value=77276.0
    [iter 10792772] reheat + diversify: ceiling=0.00, value=58662.0
    [iter 10798525] reheat + diversify: ceiling=0.00, value=77276.0
    [iter 10804278] reheat + diversify: ceiling=0.00, value=58662.0
    [iter 10810031] reheat + diversify: ceiling=0.00, value=61510.0
    [iter 10815784] reheat + diversify: ceiling=0.00, value=80124.0
    [iter 10821537] reheat + diversify: ceiling=0.00, value=58662.0
    [iter 10827290] reheat + diversify: ceiling=0.00, value=55814.0
    [iter 10833043] reheat + diversify: ceiling=0.00, value=55814.0
    [iter 10838796] reheat + diversify: ceiling=0.00, value=77276.0
    [iter 10844549] reheat + diversify: ceiling=0.00, value=77276.0
    [iter 10850302] reheat + diversify: ceiling=0.00, value=77276.0
    [iter 10856055] reheat + diversify: ceiling=0.00, value=52966.0
    [iter 10861808] reheat + diversify: ceiling=0.00, value=58662.0
    [iter 10867561] reheat + diversify: ceiling=0.00, value=77276.0
    [iter 10873314] reheat + diversify: ceiling=0.00, value=55814.0
    [iter 10879067] reheat + diversify: ceiling=0.00, value=58662.0
    [iter 10884820] reheat + diversify: ceiling=0.00, value=74428.0
    [iter 10890573] reheat + diversify: ceiling=0.00, value=80124.0
    [iter 10896326] reheat + diversify: ceiling=0.00, value=80124.0
    [iter 10902079] reheat + diversify: ceiling=0.00, value=55814.0
    [iter 10907832] reheat + diversify: ceiling=0.00, value=80124.0
    [iter 10913585] reheat + diversify: ceiling=0.00, value=80124.0
    [iter 10919338] reheat + diversify: ceiling=0.00, value=77276.0
    [iter 10925091] reheat + diversify: ceiling=0.00, value=77276.0
    [iter 10930844] reheat + diversify: ceiling=0.00, value=58662.0
    [iter 10936597] reheat + diversify: ceiling=0.00, value=55814.0
    [iter 10942350] reheat + diversify: ceiling=0.00, value=74428.0
    [iter 10948103] reheat + diversify: ceiling=0.00, value=80124.0
    [iter 10953856] reheat + diversify: ceiling=0.00, value=80124.0
    [iter 10959609] reheat + diversify: ceiling=0.00, value=58662.0
    [iter 10965362] reheat + diversify: ceiling=0.00, value=77276.0
    [iter 10971115] reheat + diversify: ceiling=0.00, value=58662.0
    [iter 10976868] reheat + diversify: ceiling=0.00, value=58662.0
    [iter 10982621] reheat + diversify: ceiling=0.00, value=80124.0
    [iter 10988374] reheat + diversify: ceiling=0.00, value=55814.0
    [iter 10994127] reheat + diversify: ceiling=0.00, value=61510.0
    [iter 10999880] reheat + diversify: ceiling=0.00, value=61510.0
    [iter 11005633] reheat + diversify: ceiling=0.00, value=77276.0
    [iter 11011386] reheat + diversify: ceiling=0.00, value=55814.0
    [iter 11017139] reheat + diversify: ceiling=0.00, value=55814.0
    [iter 11022892] reheat + diversify: ceiling=0.00, value=55814.0
    [iter 11028645] reheat + diversify: ceiling=0.00, value=77276.0
    [iter 11034398] reheat + diversify: ceiling=0.00, value=77276.0
    [iter 11040151] reheat + diversify: ceiling=0.00, value=77276.0
    [iter 11045904] reheat + diversify: ceiling=0.00, value=55814.0
    [iter 11051657] reheat + diversify: ceiling=0.00, value=55814.0
    [iter 11057410] reheat + diversify: ceiling=0.00, value=80124.0
    [iter 11063163] reheat + diversify: ceiling=0.00, value=55814.0
    [iter 11068916] reheat + diversify: ceiling=0.00, value=77276.0
    [iter 11074669] reheat + diversify: ceiling=0.00, value=77276.0
    [iter 11080422] reheat + diversify: ceiling=0.00, value=77276.0
    [iter 11086175] reheat + diversify: ceiling=0.00, value=77276.0
    [iter 11091928] reheat + diversify: ceiling=0.00, value=74428.0
    [iter 11097681] reheat + diversify: ceiling=0.00, value=55814.0
    [iter 11103434] reheat + diversify: ceiling=0.00, value=68298.0
    [iter 11109187] reheat + diversify: ceiling=0.00, value=55814.0
    [iter 11114940] reheat + diversify: ceiling=0.00, value=80124.0
    [iter 11120693] reheat + diversify: ceiling=0.00, value=77276.0
    [iter 11126446] reheat + diversify: ceiling=0.00, value=77276.0
    [iter 11132199] reheat + diversify: ceiling=0.00, value=77276.0
    [iter 11137952] reheat + diversify: ceiling=0.00, value=80124.0
    [iter 11143705] reheat + diversify: ceiling=0.00, value=77276.0
    [iter 11149458] reheat + diversify: ceiling=0.00, value=80124.0
    [iter 11155211] reheat + diversify: ceiling=0.00, value=58662.0
    [iter 11160964] reheat + diversify: ceiling=0.00, value=58662.0
    [iter 11166717] reheat + diversify: ceiling=0.00, value=52966.0
    [iter 11172470] reheat + diversify: ceiling=0.00, value=58662.0
    [iter 11178223] reheat + diversify: ceiling=0.00, value=77276.0
    [iter 11183976] reheat + diversify: ceiling=0.00, value=58662.0
    [iter 11189729] reheat + diversify: ceiling=0.00, value=55814.0
    [iter 11195482] reheat + diversify: ceiling=0.00, value=77276.0
    [iter 11201235] reheat + diversify: ceiling=0.00, value=58662.0
    [iter 11206988] reheat + diversify: ceiling=0.00, value=58662.0
    [iter 11212741] reheat + diversify: ceiling=0.00, value=55814.0
    [iter 11218494] reheat + diversify: ceiling=0.00, value=74428.0
    [iter 11224247] reheat + diversify: ceiling=0.00, value=77276.0
    [iter 11230000] reheat + diversify: ceiling=0.00, value=74428.0
    [iter 11235753] reheat + diversify: ceiling=0.00, value=68298.0
    [iter 11241506] reheat + diversify: ceiling=0.00, value=77276.0
    [iter 11247259] reheat + diversify: ceiling=0.00, value=55814.0
    [iter 11253012] reheat + diversify: ceiling=0.00, value=58662.0
    [iter 11258765] reheat + diversify: ceiling=0.00, value=77276.0
    [iter 11264518] reheat + diversify: ceiling=0.00, value=61510.0
    [iter 11270271] reheat + diversify: ceiling=0.00, value=58662.0
    [iter 11276024] reheat + diversify: ceiling=0.00, value=58662.0
    [iter 11281777] reheat + diversify: ceiling=0.00, value=74428.0
    [iter 11287530] reheat + diversify: ceiling=0.00, value=58662.0
    [iter 11293283] reheat + diversify: ceiling=0.00, value=77276.0
    [iter 11299036] reheat + diversify: ceiling=0.00, value=80124.0
    [iter 11304789] reheat + diversify: ceiling=0.00, value=55814.0
    [iter 11310542] reheat + diversify: ceiling=0.00, value=80124.0
    [iter 11316295] reheat + diversify: ceiling=0.00, value=77276.0
    [iter 11322048] reheat + diversify: ceiling=0.00, value=77276.0
    [iter 11327801] reheat + diversify: ceiling=0.00, value=71146.0
    [iter 11333554] reheat + diversify: ceiling=0.00, value=77276.0
    [iter 11339307] reheat + diversify: ceiling=0.00, value=77276.0
    [iter 11345060] reheat + diversify: ceiling=0.00, value=58662.0
    [iter 11350813] reheat + diversify: ceiling=0.00, value=58662.0
    [iter 11356566] reheat + diversify: ceiling=0.00, value=58662.0
    [iter 11362319] reheat + diversify: ceiling=0.00, value=74428.0
    [iter 11368072] reheat + diversify: ceiling=0.00, value=58662.0
    [iter 11373825] reheat + diversify: ceiling=0.00, value=77276.0
    [iter 11379578] reheat + diversify: ceiling=0.00, value=77276.0
    [iter 11385331] reheat + diversify: ceiling=0.00, value=74428.0
    [iter 11391084] reheat + diversify: ceiling=0.00, value=77276.0
    [iter 11396837] reheat + diversify: ceiling=0.00, value=58662.0
    [iter 11402590] reheat + diversify: ceiling=0.00, value=74428.0
    [iter 11408343] reheat + diversify: ceiling=0.00, value=80124.0
    [iter 11414096] reheat + diversify: ceiling=0.00, value=62168.0
    [iter 11419849] reheat + diversify: ceiling=0.00, value=55814.0
    [iter 11425602] reheat + diversify: ceiling=0.00, value=80124.0
    [iter 11431355] reheat + diversify: ceiling=0.00, value=77276.0
    [iter 11437108] reheat + diversify: ceiling=0.00, value=55814.0
    [iter 11442861] reheat + diversify: ceiling=0.00, value=52966.0
    [iter 11448614] reheat + diversify: ceiling=0.00, value=58662.0
    [iter 11454367] reheat + diversify: ceiling=0.00, value=55814.0
    [iter 11460120] reheat + diversify: ceiling=0.00, value=58662.0
    [iter 11465873] reheat + diversify: ceiling=0.00, value=58662.0
    [iter 11471626] reheat + diversify: ceiling=0.00, value=77276.0
    [iter 11477379] reheat + diversify: ceiling=0.00, value=55814.0
    [iter 11483132] reheat + diversify: ceiling=0.00, value=80124.0
    [iter 11488885] reheat + diversify: ceiling=0.00, value=77276.0
    [iter 11494638] reheat + diversify: ceiling=0.00, value=55814.0
    [iter 11500391] reheat + diversify: ceiling=0.00, value=56472.0
    [iter 11506144] reheat + diversify: ceiling=0.00, value=77276.0
    [iter 11511897] reheat + diversify: ceiling=0.00, value=80124.0
    [iter 11517650] reheat + diversify: ceiling=0.00, value=58662.0
    [iter 11523403] reheat + diversify: ceiling=0.00, value=55814.0
    [iter 11529156] reheat + diversify: ceiling=0.00, value=77276.0
    [iter 11534909] reheat + diversify: ceiling=0.00, value=58662.0
    [iter 11540662] reheat + diversify: ceiling=0.00, value=77276.0
    [iter 11546415] reheat + diversify: ceiling=0.00, value=68298.0
    [iter 11552168] reheat + diversify: ceiling=0.00, value=55814.0
    [iter 11557921] reheat + diversify: ceiling=0.00, value=77276.0
    [iter 11563674] reheat + diversify: ceiling=0.00, value=58662.0
    [iter 11569427] reheat + diversify: ceiling=0.00, value=74428.0
    [iter 11575180] reheat + diversify: ceiling=0.00, value=55814.0
    [iter 11580933] reheat + diversify: ceiling=0.00, value=77276.0
    [iter 11586686] reheat + diversify: ceiling=0.00, value=55814.0
    [iter 11592439] reheat + diversify: ceiling=0.00, value=55814.0
    [iter 11598192] reheat + diversify: ceiling=0.00, value=74428.0
    [iter 11603945] reheat + diversify: ceiling=0.00, value=58662.0
    [iter 11609698] reheat + diversify: ceiling=0.00, value=80124.0
    [iter 11615451] reheat + diversify: ceiling=0.00, value=80124.0
    [iter 11621204] reheat + diversify: ceiling=0.00, value=74428.0
    [iter 11626957] reheat + diversify: ceiling=0.00, value=80124.0
    [iter 11632710] reheat + diversify: ceiling=0.00, value=80124.0
    [iter 11638463] reheat + diversify: ceiling=0.00, value=77276.0
    [iter 11644216] reheat + diversify: ceiling=0.00, value=59320.0
    [iter 11649969] reheat + diversify: ceiling=0.00, value=55814.0
    [iter 11655722] reheat + diversify: ceiling=0.00, value=58662.0
    [iter 11661475] reheat + diversify: ceiling=0.00, value=55814.0
    [iter 11667228] reheat + diversify: ceiling=0.00, value=58662.0
    [iter 11672981] reheat + diversify: ceiling=0.00, value=77276.0
    [iter 11678734] reheat + diversify: ceiling=0.00, value=58662.0
    [iter 11684487] reheat + diversify: ceiling=0.00, value=58662.0
    [iter 11690240] reheat + diversify: ceiling=0.00, value=80124.0
    [iter 11695993] reheat + diversify: ceiling=0.00, value=58662.0
    [iter 11701746] reheat + diversify: ceiling=0.00, value=77276.0
    [iter 11707499] reheat + diversify: ceiling=0.00, value=77276.0
    [iter 11713252] reheat + diversify: ceiling=0.00, value=59320.0
    [iter 11719005] reheat + diversify: ceiling=0.00, value=58662.0
    [iter 11724758] reheat + diversify: ceiling=0.00, value=55814.0
    [iter 11730511] reheat + diversify: ceiling=0.00, value=77276.0
    [iter 11736264] reheat + diversify: ceiling=0.00, value=58662.0
    [iter 11742017] reheat + diversify: ceiling=0.00, value=77276.0
    [iter 11747770] reheat + diversify: ceiling=0.00, value=77276.0
    [iter 11753523] reheat + diversify: ceiling=0.00, value=77276.0
    [iter 11759276] reheat + diversify: ceiling=0.00, value=80124.0
    [iter 11765029] reheat + diversify: ceiling=0.00, value=58662.0
    [iter 11770782] reheat + diversify: ceiling=0.00, value=80124.0
    [iter 11776535] reheat + diversify: ceiling=0.00, value=61510.0
    [iter 11782288] reheat + diversify: ceiling=0.00, value=61510.0
    [iter 11788041] reheat + diversify: ceiling=0.00, value=68298.0
    [iter 11793794] reheat + diversify: ceiling=0.00, value=74428.0
    [iter 11799547] reheat + diversify: ceiling=0.00, value=58662.0
    [iter 11805300] reheat + diversify: ceiling=0.00, value=55814.0
    [iter 11811053] reheat + diversify: ceiling=0.00, value=77276.0
    [iter 11816806] reheat + diversify: ceiling=0.00, value=77276.0
    [iter 11822559] reheat + diversify: ceiling=0.00, value=74428.0
    [iter 11828312] reheat + diversify: ceiling=0.00, value=55814.0
    [iter 11834065] reheat + diversify: ceiling=0.00, value=58662.0
    [iter 11839818] reheat + diversify: ceiling=0.00, value=77276.0
    [iter 11845571] reheat + diversify: ceiling=0.00, value=77276.0
    [iter 11851324] reheat + diversify: ceiling=0.00, value=74428.0
    [iter 11857077] reheat + diversify: ceiling=0.00, value=55814.0
    [iter 11862830] reheat + diversify: ceiling=0.00, value=61510.0
    [iter 11868583] reheat + diversify: ceiling=0.00, value=61510.0
    [iter 11874336] reheat + diversify: ceiling=0.00, value=74428.0
    [iter 11880089] reheat + diversify: ceiling=0.00, value=55814.0
    [iter 11885842] reheat + diversify: ceiling=0.00, value=80124.0
    [iter 11891595] reheat + diversify: ceiling=0.00, value=71146.0
    [iter 11897348] reheat + diversify: ceiling=0.00, value=77276.0
    [iter 11903101] reheat + diversify: ceiling=0.00, value=58662.0
    [iter 11908854] reheat + diversify: ceiling=0.00, value=55814.0
    [iter 11914607] reheat + diversify: ceiling=0.00, value=77276.0
    [iter 11920360] reheat + diversify: ceiling=0.00, value=61510.0
    [iter 11926113] reheat + diversify: ceiling=0.00, value=77276.0
    [iter 11931866] reheat + diversify: ceiling=0.00, value=77276.0
    [iter 11937619] reheat + diversify: ceiling=0.00, value=55814.0
    [iter 11943372] reheat + diversify: ceiling=0.00, value=58662.0
    [iter 11949125] reheat + diversify: ceiling=0.00, value=58662.0
    [iter 11954878] reheat + diversify: ceiling=0.00, value=62168.0
    [iter 11960631] reheat + diversify: ceiling=0.00, value=80124.0
    [iter 11966384] reheat + diversify: ceiling=0.00, value=55814.0
    [iter 11972137] reheat + diversify: ceiling=0.00, value=77276.0
    [iter 11977890] reheat + diversify: ceiling=0.00, value=80124.0
    [iter 11983643] reheat + diversify: ceiling=0.00, value=58662.0
    [iter 11989396] reheat + diversify: ceiling=0.00, value=80124.0
    [iter 11995149] reheat + diversify: ceiling=0.00, value=77276.0
    [iter 12000902] reheat + diversify: ceiling=0.00, value=74428.0
    [iter 12006655] reheat + diversify: ceiling=0.00, value=55814.0
    [iter 12012408] reheat + diversify: ceiling=0.00, value=52966.0
    [iter 12018161] reheat + diversify: ceiling=0.00, value=58662.0
    [iter 12023914] reheat + diversify: ceiling=0.00, value=55814.0
    [iter 12029667] reheat + diversify: ceiling=0.00, value=80124.0
    [iter 12035420] reheat + diversify: ceiling=0.00, value=55814.0
    [iter 12041173] reheat + diversify: ceiling=0.00, value=55814.0
    [iter 12046926] reheat + diversify: ceiling=0.00, value=58662.0
    [iter 12052679] reheat + diversify: ceiling=0.00, value=61510.0
    [iter 12058432] reheat + diversify: ceiling=0.00, value=55814.0
    [iter 12064185] reheat + diversify: ceiling=0.00, value=77276.0
    [iter 12069938] reheat + diversify: ceiling=0.00, value=58662.0
    [iter 12075691] reheat + diversify: ceiling=0.00, value=55814.0
    [iter 12081444] reheat + diversify: ceiling=0.00, value=61510.0
    [iter 12087197] reheat + diversify: ceiling=0.00, value=74428.0
    [iter 12092950] reheat + diversify: ceiling=0.00, value=58662.0
    [iter 12098703] reheat + diversify: ceiling=0.00, value=55814.0
    [iter 12104456] reheat + diversify: ceiling=0.00, value=58662.0
    [iter 12110209] reheat + diversify: ceiling=0.00, value=77276.0
    [iter 12115962] reheat + diversify: ceiling=0.00, value=62168.0
    [iter 12121715] reheat + diversify: ceiling=0.00, value=52966.0
    [iter 12127468] reheat + diversify: ceiling=0.00, value=77276.0
    [iter 12133221] reheat + diversify: ceiling=0.00, value=55814.0
    [iter 12138974] reheat + diversify: ceiling=0.00, value=80124.0
    [iter 12144727] reheat + diversify: ceiling=0.00, value=58662.0
    [iter 12150480] reheat + diversify: ceiling=0.00, value=55814.0
    [iter 12156233] reheat + diversify: ceiling=0.00, value=58662.0
    [iter 12161986] reheat + diversify: ceiling=0.00, value=58662.0
    [iter 12167739] reheat + diversify: ceiling=0.00, value=55814.0
    [iter 12173492] reheat + diversify: ceiling=0.00, value=55814.0
    [iter 12179245] reheat + diversify: ceiling=0.00, value=55814.0
    [iter 12184998] reheat + diversify: ceiling=0.00, value=80124.0
    [iter 12190751] reheat + diversify: ceiling=0.00, value=55814.0
    [iter 12196504] reheat + diversify: ceiling=0.00, value=61510.0
    [iter 12202257] reheat + diversify: ceiling=0.00, value=74428.0
    [iter 12208010] reheat + diversify: ceiling=0.00, value=58662.0
    [iter 12213763] reheat + diversify: ceiling=0.00, value=77276.0
    [iter 12219516] reheat + diversify: ceiling=0.00, value=58662.0
    [iter 12225269] reheat + diversify: ceiling=0.00, value=74428.0
    [iter 12231022] reheat + diversify: ceiling=0.00, value=62168.0
    [iter 12236775] reheat + diversify: ceiling=0.00, value=58662.0
    [iter 12242528] reheat + diversify: ceiling=0.00, value=74428.0
    [iter 12248281] reheat + diversify: ceiling=0.00, value=77276.0
    [iter 12254034] reheat + diversify: ceiling=0.00, value=55814.0
    [iter 12259787] reheat + diversify: ceiling=0.00, value=55814.0
    [iter 12265540] reheat + diversify: ceiling=0.00, value=77276.0
    [iter 12271293] reheat + diversify: ceiling=0.00, value=55814.0
    [iter 12277046] reheat + diversify: ceiling=0.00, value=58662.0
    [iter 12282799] reheat + diversify: ceiling=0.00, value=58662.0
    [iter 12288552] reheat + diversify: ceiling=0.00, value=77276.0
    [iter 12294305] reheat + diversify: ceiling=0.00, value=55814.0
    [iter 12300058] reheat + diversify: ceiling=0.00, value=52966.0
    [iter 12305811] reheat + diversify: ceiling=0.00, value=77276.0
    [iter 12311564] reheat + diversify: ceiling=0.00, value=58662.0
    [iter 12317317] reheat + diversify: ceiling=0.00, value=61510.0
    [iter 12323070] reheat + diversify: ceiling=0.00, value=58662.0
    [iter 12328823] reheat + diversify: ceiling=0.00, value=77276.0
    [iter 12334576] reheat + diversify: ceiling=0.00, value=77276.0
    [iter 12340329] reheat + diversify: ceiling=0.00, value=58662.0
    [iter 12346082] reheat + diversify: ceiling=0.00, value=55814.0
    [iter 12351835] reheat + diversify: ceiling=0.00, value=77276.0
    [iter 12357588] reheat + diversify: ceiling=0.00, value=80124.0
    [iter 12363341] reheat + diversify: ceiling=0.00, value=80124.0
    [iter 12369094] reheat + diversify: ceiling=0.00, value=77276.0
    [iter 12374847] reheat + diversify: ceiling=0.00, value=61510.0
    [iter 12380600] reheat + diversify: ceiling=0.00, value=52966.0
    [iter 12386353] reheat + diversify: ceiling=0.00, value=61510.0
    [iter 12392106] reheat + diversify: ceiling=0.00, value=80124.0
    [iter 12397859] reheat + diversify: ceiling=0.00, value=55814.0
    [iter 12403612] reheat + diversify: ceiling=0.00, value=77276.0
    [iter 12409365] reheat + diversify: ceiling=0.00, value=80124.0
    [iter 12415118] reheat + diversify: ceiling=0.00, value=77276.0
    [iter 12420871] reheat + diversify: ceiling=0.00, value=55814.0
    [iter 12426624] reheat + diversify: ceiling=0.00, value=77276.0
    [iter 12432377] reheat + diversify: ceiling=0.00, value=77276.0
    [iter 12438130] reheat + diversify: ceiling=0.00, value=58662.0
    [iter 12443883] reheat + diversify: ceiling=0.00, value=55814.0
    [iter 12449636] reheat + diversify: ceiling=0.00, value=74428.0
    [iter 12455389] reheat + diversify: ceiling=0.00, value=52966.0
    [iter 12461142] reheat + diversify: ceiling=0.00, value=52966.0
    [iter 12466895] reheat + diversify: ceiling=0.00, value=77276.0
    [iter 12472648] reheat + diversify: ceiling=0.00, value=58662.0
    [iter 12478401] reheat + diversify: ceiling=0.00, value=58662.0
    [iter 12484154] reheat + diversify: ceiling=0.00, value=55814.0
    [iter 12489907] reheat + diversify: ceiling=0.00, value=80124.0
    [iter 12495660] reheat + diversify: ceiling=0.00, value=62168.0
    [iter 12501413] reheat + diversify: ceiling=0.00, value=58662.0
    [iter 12507166] reheat + diversify: ceiling=0.00, value=74428.0
    [iter 12512919] reheat + diversify: ceiling=0.00, value=58662.0
    [iter 12518672] reheat + diversify: ceiling=0.00, value=58662.0
    [iter 12524425] reheat + diversify: ceiling=0.00, value=58662.0
    [iter 12530178] reheat + diversify: ceiling=0.00, value=58662.0
    [iter 12535931] reheat + diversify: ceiling=0.00, value=58662.0
    [iter 12541684] reheat + diversify: ceiling=0.00, value=68298.0
    [iter 12547437] reheat + diversify: ceiling=0.00, value=55814.0
    [iter 12553190] reheat + diversify: ceiling=0.00, value=77276.0
    [iter 12558943] reheat + diversify: ceiling=0.00, value=55814.0
    [iter 12564696] reheat + diversify: ceiling=0.00, value=52966.0
    [iter 12570449] reheat + diversify: ceiling=0.00, value=55814.0
    [iter 12576202] reheat + diversify: ceiling=0.00, value=71146.0
    [iter 12581955] reheat + diversify: ceiling=0.00, value=65450.0
    [iter 12587708] reheat + diversify: ceiling=0.00, value=52966.0
    [iter 12593461] reheat + diversify: ceiling=0.00, value=58662.0
    [iter 12599214] reheat + diversify: ceiling=0.00, value=58662.0
    [iter 12604967] reheat + diversify: ceiling=0.00, value=55814.0
    [iter 12610720] reheat + diversify: ceiling=0.00, value=77276.0
    [iter 12616473] reheat + diversify: ceiling=0.00, value=59320.0
    [iter 12622226] reheat + diversify: ceiling=0.00, value=80124.0
    [iter 12627979] reheat + diversify: ceiling=0.00, value=74428.0
    [iter 12633732] reheat + diversify: ceiling=0.00, value=55814.0
    [iter 12639485] reheat + diversify: ceiling=0.00, value=65450.0
    [iter 12645238] reheat + diversify: ceiling=0.00, value=58662.0
    [iter 12650991] reheat + diversify: ceiling=0.00, value=61510.0
    [iter 12656744] reheat + diversify: ceiling=0.00, value=77276.0
    [iter 12662497] reheat + diversify: ceiling=0.00, value=58662.0
    [iter 12668250] reheat + diversify: ceiling=0.00, value=80124.0
    [iter 12674003] reheat + diversify: ceiling=0.00, value=80124.0
    [iter 12679756] reheat + diversify: ceiling=0.00, value=55814.0
    [iter 12685509] reheat + diversify: ceiling=0.00, value=77276.0
    [iter 12691262] reheat + diversify: ceiling=0.00, value=74428.0
    [iter 12697015] reheat + diversify: ceiling=0.00, value=61510.0
    [iter 12702768] reheat + diversify: ceiling=0.00, value=55814.0
    [iter 12708521] reheat + diversify: ceiling=0.00, value=58662.0
    [iter 12714274] reheat + diversify: ceiling=0.00, value=61510.0
    [iter 12720027] reheat + diversify: ceiling=0.00, value=80124.0
    [iter 12725780] reheat + diversify: ceiling=0.00, value=80124.0
    [iter 12731533] reheat + diversify: ceiling=0.00, value=77276.0
    [iter 12737286] reheat + diversify: ceiling=0.00, value=58662.0
    [iter 12743039] reheat + diversify: ceiling=0.00, value=58662.0
    [iter 12748792] reheat + diversify: ceiling=0.00, value=74428.0
    [iter 12754545] reheat + diversify: ceiling=0.00, value=74428.0
    [iter 12760298] reheat + diversify: ceiling=0.00, value=58662.0
    [iter 12766051] reheat + diversify: ceiling=0.00, value=58662.0
    [iter 12771804] reheat + diversify: ceiling=0.00, value=55814.0
    [iter 12777557] reheat + diversify: ceiling=0.00, value=55814.0
    [iter 12783310] reheat + diversify: ceiling=0.00, value=58662.0
    [iter 12789063] reheat + diversify: ceiling=0.00, value=58662.0
    [iter 12794816] reheat + diversify: ceiling=0.00, value=77276.0
    [iter 12800569] reheat + diversify: ceiling=0.00, value=77276.0
    [iter 12806322] reheat + diversify: ceiling=0.00, value=55814.0
    [iter 12812075] reheat + diversify: ceiling=0.00, value=58662.0
    [iter 12817828] reheat + diversify: ceiling=0.00, value=77276.0
    [iter 12823581] reheat + diversify: ceiling=0.00, value=77276.0
    [iter 12829334] reheat + diversify: ceiling=0.00, value=77276.0
    [iter 12835087] reheat + diversify: ceiling=0.00, value=77276.0
    [iter 12840840] reheat + diversify: ceiling=0.00, value=80124.0
    [iter 12846593] reheat + diversify: ceiling=0.00, value=58662.0
    [iter 12852346] reheat + diversify: ceiling=0.00, value=52966.0
    [iter 12858099] reheat + diversify: ceiling=0.00, value=77276.0
    [iter 12863852] reheat + diversify: ceiling=0.00, value=61510.0
    [iter 12869605] reheat + diversify: ceiling=0.00, value=77276.0
    [iter 12875358] reheat + diversify: ceiling=0.00, value=55814.0
    [iter 12881111] reheat + diversify: ceiling=0.00, value=55814.0
    [iter 12886864] reheat + diversify: ceiling=0.00, value=58662.0
    [iter 12892617] reheat + diversify: ceiling=0.00, value=58662.0
    [iter 12898370] reheat + diversify: ceiling=0.00, value=55814.0
    [iter 12904123] reheat + diversify: ceiling=0.00, value=80124.0
    [iter 12909876] reheat + diversify: ceiling=0.00, value=58662.0
    [iter 12915629] reheat + diversify: ceiling=0.00, value=65450.0
    [iter 12921382] reheat + diversify: ceiling=0.00, value=58662.0
    [iter 12927135] reheat + diversify: ceiling=0.00, value=55814.0
    [iter 12932888] reheat + diversify: ceiling=0.00, value=74428.0
    [iter 12938641] reheat + diversify: ceiling=0.00, value=55814.0
    [iter 12944394] reheat + diversify: ceiling=0.00, value=52966.0
    [iter 12950147] reheat + diversify: ceiling=0.00, value=77276.0
    [iter 12955900] reheat + diversify: ceiling=0.00, value=74428.0
    [iter 12961653] reheat + diversify: ceiling=0.00, value=77276.0
    [iter 12967406] reheat + diversify: ceiling=0.00, value=77276.0
    [iter 12973159] reheat + diversify: ceiling=0.00, value=80124.0
    [iter 12978912] reheat + diversify: ceiling=0.00, value=77276.0
    [iter 12984665] reheat + diversify: ceiling=0.00, value=58662.0
    [iter 12990418] reheat + diversify: ceiling=0.00, value=77276.0
    [iter 12996171] reheat + diversify: ceiling=0.00, value=58662.0
    [iter 13001924] reheat + diversify: ceiling=0.00, value=80124.0
    [iter 13007677] reheat + diversify: ceiling=0.00, value=77276.0
    [iter 13013430] reheat + diversify: ceiling=0.00, value=55814.0
    [iter 13019183] reheat + diversify: ceiling=0.00, value=80124.0
    [iter 13024936] reheat + diversify: ceiling=0.00, value=59320.0
    [iter 13030689] reheat + diversify: ceiling=0.00, value=77276.0
    [iter 13036442] reheat + diversify: ceiling=0.00, value=80124.0
    [iter 13042195] reheat + diversify: ceiling=0.00, value=77276.0
    [iter 13047948] reheat + diversify: ceiling=0.00, value=77276.0
    [iter 13053701] reheat + diversify: ceiling=0.00, value=80124.0
    [iter 13059454] reheat + diversify: ceiling=0.00, value=77276.0
    [iter 13065207] reheat + diversify: ceiling=0.00, value=58662.0
    [iter 13070960] reheat + diversify: ceiling=0.00, value=77276.0
    [iter 13076713] reheat + diversify: ceiling=0.00, value=77276.0
    [iter 13082466] reheat + diversify: ceiling=0.00, value=77276.0
    [iter 13088219] reheat + diversify: ceiling=0.00, value=77276.0
    [iter 13093972] reheat + diversify: ceiling=0.00, value=80124.0
    [iter 13099725] reheat + diversify: ceiling=0.00, value=80124.0
    [iter 13105478] reheat + diversify: ceiling=0.00, value=58662.0
    [iter 13111231] reheat + diversify: ceiling=0.00, value=80124.0
    [iter 13116984] reheat + diversify: ceiling=0.00, value=77276.0
    [iter 13122737] reheat + diversify: ceiling=0.00, value=58662.0
    [iter 13128490] reheat + diversify: ceiling=0.00, value=58662.0
    [iter 13134243] reheat + diversify: ceiling=0.00, value=77276.0
    [iter 13139996] reheat + diversify: ceiling=0.00, value=77276.0
    [iter 13145749] reheat + diversify: ceiling=0.00, value=77276.0
    [iter 13151502] reheat + diversify: ceiling=0.00, value=55814.0
    [iter 13157255] reheat + diversify: ceiling=0.00, value=55814.0
    [iter 13163008] reheat + diversify: ceiling=0.00, value=58662.0
    [iter 13168761] reheat + diversify: ceiling=0.00, value=58662.0
    [iter 13174514] reheat + diversify: ceiling=0.00, value=55814.0
    [iter 13180267] reheat + diversify: ceiling=0.00, value=77276.0
    [iter 13186020] reheat + diversify: ceiling=0.00, value=61510.0
    [iter 13191773] reheat + diversify: ceiling=0.00, value=58662.0
    [iter 13197526] reheat + diversify: ceiling=0.00, value=58662.0
    [iter 13203279] reheat + diversify: ceiling=0.00, value=55814.0
    [iter 13209032] reheat + diversify: ceiling=0.00, value=80124.0
    [iter 13214785] reheat + diversify: ceiling=0.00, value=80124.0
    [iter 13220538] reheat + diversify: ceiling=0.00, value=77276.0
    [iter 13226291] reheat + diversify: ceiling=0.00, value=58662.0
    [iter 13232044] reheat + diversify: ceiling=0.00, value=58662.0
    [iter 13237797] reheat + diversify: ceiling=0.00, value=58662.0
    [iter 13243550] reheat + diversify: ceiling=0.00, value=55814.0
    [iter 13249303] reheat + diversify: ceiling=0.00, value=80124.0
    [iter 13255056] reheat + diversify: ceiling=0.00, value=58662.0
    [iter 13260809] reheat + diversify: ceiling=0.00, value=58662.0
    [iter 13266562] reheat + diversify: ceiling=0.00, value=58662.0
    [iter 13272315] reheat + diversify: ceiling=0.00, value=80124.0
    [iter 13278068] reheat + diversify: ceiling=0.00, value=58662.0
    [iter 13283821] reheat + diversify: ceiling=0.00, value=80124.0
    [iter 13289574] reheat + diversify: ceiling=0.00, value=55814.0
    [iter 13295327] reheat + diversify: ceiling=0.00, value=77276.0
    [iter 13301080] reheat + diversify: ceiling=0.00, value=80124.0
    [iter 13306833] reheat + diversify: ceiling=0.00, value=61510.0
    [iter 13312586] reheat + diversify: ceiling=0.00, value=55814.0
    [iter 13318339] reheat + diversify: ceiling=0.00, value=58662.0
    [iter 13324092] reheat + diversify: ceiling=0.00, value=58662.0
    [iter 13329845] reheat + diversify: ceiling=0.00, value=80124.0
    [iter 13335598] reheat + diversify: ceiling=0.00, value=77276.0
    [iter 13341351] reheat + diversify: ceiling=0.00, value=55814.0
    [iter 13347104] reheat + diversify: ceiling=0.00, value=58662.0
    [iter 13352857] reheat + diversify: ceiling=0.00, value=74428.0
    [iter 13358610] reheat + diversify: ceiling=0.00, value=58662.0
    [iter 13364363] reheat + diversify: ceiling=0.00, value=80124.0
    [iter 13370116] reheat + diversify: ceiling=0.00, value=65450.0
    [iter 13375869] reheat + diversify: ceiling=0.00, value=77276.0
    [iter 13381622] reheat + diversify: ceiling=0.00, value=58662.0
    [iter 13387375] reheat + diversify: ceiling=0.00, value=55814.0
    [iter 13393128] reheat + diversify: ceiling=0.00, value=58662.0
    [iter 13398881] reheat + diversify: ceiling=0.00, value=77276.0
    [iter 13404634] reheat + diversify: ceiling=0.00, value=71146.0
    [iter 13410387] reheat + diversify: ceiling=0.00, value=80124.0
    [iter 13416140] reheat + diversify: ceiling=0.00, value=55814.0
    [iter 13421893] reheat + diversify: ceiling=0.00, value=77276.0
    [iter 13427646] reheat + diversify: ceiling=0.00, value=77276.0
    [iter 13433399] reheat + diversify: ceiling=0.00, value=55814.0
    [iter 13439152] reheat + diversify: ceiling=0.00, value=77276.0
    [iter 13444905] reheat + diversify: ceiling=0.00, value=55814.0
    [iter 13450658] reheat + diversify: ceiling=0.00, value=77276.0
    [iter 13456411] reheat + diversify: ceiling=0.00, value=55814.0
    [iter 13462164] reheat + diversify: ceiling=0.00, value=55814.0
    [iter 13467917] reheat + diversify: ceiling=0.00, value=58662.0
    [iter 13473670] reheat + diversify: ceiling=0.00, value=77276.0
    [iter 13479423] reheat + diversify: ceiling=0.00, value=55814.0
    [iter 13485176] reheat + diversify: ceiling=0.00, value=80124.0
    [iter 13490929] reheat + diversify: ceiling=0.00, value=80124.0
    [iter 13496682] reheat + diversify: ceiling=0.00, value=58662.0
    [iter 13502435] reheat + diversify: ceiling=0.00, value=74428.0
    [iter 13508188] reheat + diversify: ceiling=0.00, value=77276.0
    [iter 13513941] reheat + diversify: ceiling=0.00, value=58662.0
    [iter 13519694] reheat + diversify: ceiling=0.00, value=58662.0
    [iter 13525447] reheat + diversify: ceiling=0.00, value=77276.0
    [iter 13531200] reheat + diversify: ceiling=0.00, value=71146.0
    [iter 13536953] reheat + diversify: ceiling=0.00, value=55814.0
    [iter 13542706] reheat + diversify: ceiling=0.00, value=80124.0
    [iter 13548459] reheat + diversify: ceiling=0.00, value=77276.0
    [iter 13554212] reheat + diversify: ceiling=0.00, value=55814.0
    [iter 13559965] reheat + diversify: ceiling=0.00, value=68298.0
    [iter 13565718] reheat + diversify: ceiling=0.00, value=80124.0
    [iter 13571471] reheat + diversify: ceiling=0.00, value=77276.0
    [iter 13577224] reheat + diversify: ceiling=0.00, value=80124.0
    [iter 13582977] reheat + diversify: ceiling=0.00, value=61510.0
    [iter 13588730] reheat + diversify: ceiling=0.00, value=77276.0
    [iter 13594483] reheat + diversify: ceiling=0.00, value=55814.0
    [iter 13600236] reheat + diversify: ceiling=0.00, value=58662.0
    [iter 13605989] reheat + diversify: ceiling=0.00, value=61510.0
    [iter 13611742] reheat + diversify: ceiling=0.00, value=77276.0
    [iter 13617495] reheat + diversify: ceiling=0.00, value=58662.0
    [iter 13623248] reheat + diversify: ceiling=0.00, value=80124.0
    [iter 13629001] reheat + diversify: ceiling=0.00, value=71146.0
    [iter 13634754] reheat + diversify: ceiling=0.00, value=74428.0
    [iter 13640507] reheat + diversify: ceiling=0.00, value=80124.0
    [iter 13646260] reheat + diversify: ceiling=0.00, value=80124.0
    [iter 13652013] reheat + diversify: ceiling=0.00, value=77276.0
    [iter 13657766] reheat + diversify: ceiling=0.00, value=55814.0
    [iter 13663519] reheat + diversify: ceiling=0.00, value=55814.0
    [iter 13669272] reheat + diversify: ceiling=0.00, value=80124.0
    [iter 13675025] reheat + diversify: ceiling=0.00, value=80124.0
    [iter 13680778] reheat + diversify: ceiling=0.00, value=71146.0
    [iter 13686531] reheat + diversify: ceiling=0.00, value=59978.0
    [iter 13692284] reheat + diversify: ceiling=0.00, value=61510.0
    [iter 13698037] reheat + diversify: ceiling=0.00, value=77276.0
    [iter 13703790] reheat + diversify: ceiling=0.00, value=77276.0
    [iter 13709543] reheat + diversify: ceiling=0.00, value=55814.0
    [iter 13715296] reheat + diversify: ceiling=0.00, value=58662.0
    [iter 13721049] reheat + diversify: ceiling=0.00, value=55814.0
    [iter 13726802] reheat + diversify: ceiling=0.00, value=58662.0
    [iter 13732555] reheat + diversify: ceiling=0.00, value=80124.0
    [iter 13738308] reheat + diversify: ceiling=0.00, value=77276.0
    [iter 13744061] reheat + diversify: ceiling=0.00, value=55814.0
    [iter 13749814] reheat + diversify: ceiling=0.00, value=77276.0
    [iter 13755567] reheat + diversify: ceiling=0.00, value=80124.0
    [iter 13761320] reheat + diversify: ceiling=0.00, value=58662.0
    [iter 13767073] reheat + diversify: ceiling=0.00, value=80124.0
    [iter 13772826] reheat + diversify: ceiling=0.00, value=58662.0
    [iter 13778579] reheat + diversify: ceiling=0.00, value=77276.0
    [iter 13784332] reheat + diversify: ceiling=0.00, value=55814.0
    [iter 13790085] reheat + diversify: ceiling=0.00, value=77276.0
    [iter 13795838] reheat + diversify: ceiling=0.00, value=58662.0
    [iter 13801591] reheat + diversify: ceiling=0.00, value=58662.0
    [iter 13807344] reheat + diversify: ceiling=0.00, value=58662.0
    [iter 13813097] reheat + diversify: ceiling=0.00, value=55814.0
    [iter 13818850] reheat + diversify: ceiling=0.00, value=77276.0
    [iter 13824603] reheat + diversify: ceiling=0.00, value=58662.0
    [iter 13830356] reheat + diversify: ceiling=0.00, value=77276.0
    [iter 13836109] reheat + diversify: ceiling=0.00, value=58662.0
    [iter 13841862] reheat + diversify: ceiling=0.00, value=80124.0
    [iter 13847615] reheat + diversify: ceiling=0.00, value=58662.0
    [iter 13853368] reheat + diversify: ceiling=0.00, value=58662.0
    [iter 13859121] reheat + diversify: ceiling=0.00, value=55814.0
    [iter 13864874] reheat + diversify: ceiling=0.00, value=74428.0
    [iter 13870627] reheat + diversify: ceiling=0.00, value=77276.0
    [iter 13876380] reheat + diversify: ceiling=0.00, value=77276.0
    [iter 13882133] reheat + diversify: ceiling=0.00, value=77276.0
    [iter 13887886] reheat + diversify: ceiling=0.00, value=77276.0
    [iter 13893639] reheat + diversify: ceiling=0.00, value=80124.0
    [iter 13899392] reheat + diversify: ceiling=0.00, value=58662.0
    [iter 13905145] reheat + diversify: ceiling=0.00, value=58662.0
    [iter 13910898] reheat + diversify: ceiling=0.00, value=55814.0
    [iter 13916651] reheat + diversify: ceiling=0.00, value=77276.0
    [iter 13922404] reheat + diversify: ceiling=0.00, value=80124.0
    [iter 13928157] reheat + diversify: ceiling=0.00, value=77276.0
    [iter 13933910] reheat + diversify: ceiling=0.00, value=58662.0
    [iter 13939663] reheat + diversify: ceiling=0.00, value=74428.0
    [iter 13945416] reheat + diversify: ceiling=0.00, value=77276.0
    [iter 13951169] reheat + diversify: ceiling=0.00, value=58662.0
    [iter 13956922] reheat + diversify: ceiling=0.00, value=58662.0
    [iter 13962675] reheat + diversify: ceiling=0.00, value=58662.0
    [iter 13968428] reheat + diversify: ceiling=0.00, value=80124.0
    [iter 13974181] reheat + diversify: ceiling=0.00, value=52966.0
    [iter 13979934] reheat + diversify: ceiling=0.00, value=77276.0
    [iter 13985687] reheat + diversify: ceiling=0.00, value=80124.0
    [iter 13991440] reheat + diversify: ceiling=0.00, value=77276.0
    [iter 13997193] reheat + diversify: ceiling=0.00, value=58662.0
    [iter 14002946] reheat + diversify: ceiling=0.00, value=77276.0
    [iter 14008699] reheat + diversify: ceiling=0.00, value=55814.0
    [iter 14014452] reheat + diversify: ceiling=0.00, value=61510.0
    [iter 14020205] reheat + diversify: ceiling=0.00, value=74428.0
    [iter 14025958] reheat + diversify: ceiling=0.00, value=77276.0
    [iter 14031711] reheat + diversify: ceiling=0.00, value=77276.0
    [iter 14037464] reheat + diversify: ceiling=0.00, value=77276.0
    [iter 14043217] reheat + diversify: ceiling=0.00, value=58662.0
    [iter 14048970] reheat + diversify: ceiling=0.00, value=74428.0
    [iter 14054723] reheat + diversify: ceiling=0.00, value=58662.0
    [iter 14060476] reheat + diversify: ceiling=0.00, value=74428.0
    [iter 14066229] reheat + diversify: ceiling=0.00, value=58662.0
    [iter 14071982] reheat + diversify: ceiling=0.00, value=58662.0
    [iter 14077735] reheat + diversify: ceiling=0.00, value=58662.0
    [iter 14083488] reheat + diversify: ceiling=0.00, value=58662.0
    [iter 14089241] reheat + diversify: ceiling=0.00, value=55814.0
    [iter 14094994] reheat + diversify: ceiling=0.00, value=74428.0
    [iter 14100747] reheat + diversify: ceiling=0.00, value=58662.0
    [iter 14106500] reheat + diversify: ceiling=0.00, value=58662.0
    [iter 14112253] reheat + diversify: ceiling=0.00, value=55814.0
    [iter 14118006] reheat + diversify: ceiling=0.00, value=58662.0
    [iter 14123759] reheat + diversify: ceiling=0.00, value=58662.0
    [iter 14129512] reheat + diversify: ceiling=0.00, value=77276.0
    [iter 14135265] reheat + diversify: ceiling=0.00, value=77276.0
    [iter 14141018] reheat + diversify: ceiling=0.00, value=80124.0
    [iter 14146771] reheat + diversify: ceiling=0.00, value=77276.0
    [iter 14152524] reheat + diversify: ceiling=0.00, value=55814.0
    [iter 14158277] reheat + diversify: ceiling=0.00, value=58662.0
    [iter 14164030] reheat + diversify: ceiling=0.00, value=58662.0
    [iter 14169783] reheat + diversify: ceiling=0.00, value=77276.0
    [iter 14175536] reheat + diversify: ceiling=0.00, value=58662.0
    [iter 14181289] reheat + diversify: ceiling=0.00, value=55814.0
    [iter 14187042] reheat + diversify: ceiling=0.00, value=58662.0
    [iter 14192795] reheat + diversify: ceiling=0.00, value=58662.0
    [iter 14198548] reheat + diversify: ceiling=0.00, value=55814.0
    [iter 14204301] reheat + diversify: ceiling=0.00, value=58662.0
    [iter 14210054] reheat + diversify: ceiling=0.00, value=61510.0
    [iter 14215807] reheat + diversify: ceiling=0.00, value=55814.0
    [iter 14221560] reheat + diversify: ceiling=0.00, value=58662.0
    [iter 14227313] reheat + diversify: ceiling=0.00, value=74428.0
    [iter 14233066] reheat + diversify: ceiling=0.00, value=61510.0
    [iter 14238819] reheat + diversify: ceiling=0.00, value=80124.0
    [iter 14244572] reheat + diversify: ceiling=0.00, value=74428.0
    [iter 14250325] reheat + diversify: ceiling=0.00, value=58662.0
    [iter 14256078] reheat + diversify: ceiling=0.00, value=77276.0
    [iter 14261831] reheat + diversify: ceiling=0.00, value=77276.0
    [iter 14267584] reheat + diversify: ceiling=0.00, value=77276.0
    [iter 14273337] reheat + diversify: ceiling=0.00, value=77276.0
    [iter 14279090] reheat + diversify: ceiling=0.00, value=58662.0
    [iter 14284843] reheat + diversify: ceiling=0.00, value=58662.0
    [iter 14290596] reheat + diversify: ceiling=0.00, value=77276.0
    [iter 14296349] reheat + diversify: ceiling=0.00, value=74428.0
    [iter 14302102] reheat + diversify: ceiling=0.00, value=80124.0
    [iter 14307855] reheat + diversify: ceiling=0.00, value=77276.0
    [iter 14313608] reheat + diversify: ceiling=0.00, value=52966.0
    [iter 14319361] reheat + diversify: ceiling=0.00, value=58662.0
    [iter 14325114] reheat + diversify: ceiling=0.00, value=77276.0
    [iter 14330867] reheat + diversify: ceiling=0.00, value=58662.0
    [iter 14336620] reheat + diversify: ceiling=0.00, value=80124.0
    [iter 14342373] reheat + diversify: ceiling=0.00, value=55814.0
    [iter 14348126] reheat + diversify: ceiling=0.00, value=58662.0
    [iter 14353879] reheat + diversify: ceiling=0.00, value=80124.0
    [iter 14359632] reheat + diversify: ceiling=0.00, value=58662.0
    [iter 14365385] reheat + diversify: ceiling=0.00, value=77276.0
    [iter 14371138] reheat + diversify: ceiling=0.00, value=80124.0
    [iter 14376891] reheat + diversify: ceiling=0.00, value=77276.0
    [iter 14382644] reheat + diversify: ceiling=0.00, value=61510.0
    [iter 14388397] reheat + diversify: ceiling=0.00, value=77276.0
    [iter 14394150] reheat + diversify: ceiling=0.00, value=80124.0
    [iter 14399903] reheat + diversify: ceiling=0.00, value=52966.0
    [iter 14405656] reheat + diversify: ceiling=0.00, value=58662.0
    [iter 14411409] reheat + diversify: ceiling=0.00, value=77276.0
    [iter 14417162] reheat + diversify: ceiling=0.00, value=80124.0
    [iter 14422915] reheat + diversify: ceiling=0.00, value=80124.0
    [iter 14428668] reheat + diversify: ceiling=0.00, value=58662.0
    [iter 14434421] reheat + diversify: ceiling=0.00, value=55814.0
    [iter 14440174] reheat + diversify: ceiling=0.00, value=80124.0
    [iter 14445927] reheat + diversify: ceiling=0.00, value=58662.0
    [iter 14451680] reheat + diversify: ceiling=0.00, value=55814.0
    [iter 14457433] reheat + diversify: ceiling=0.00, value=58662.0
    [iter 14463186] reheat + diversify: ceiling=0.00, value=77276.0
    [iter 14468939] reheat + diversify: ceiling=0.00, value=58662.0
    [iter 14474692] reheat + diversify: ceiling=0.00, value=58662.0
    [iter 14480445] reheat + diversify: ceiling=0.00, value=55814.0
    [iter 14486198] reheat + diversify: ceiling=0.00, value=77276.0
    [iter 14491951] reheat + diversify: ceiling=0.00, value=80124.0
    [iter 14497704] reheat + diversify: ceiling=0.00, value=58662.0
    [iter 14503457] reheat + diversify: ceiling=0.00, value=74428.0
    [iter 14509210] reheat + diversify: ceiling=0.00, value=58662.0
    [iter 14514963] reheat + diversify: ceiling=0.00, value=58662.0
    [iter 14520716] reheat + diversify: ceiling=0.00, value=77276.0
    [iter 14526469] reheat + diversify: ceiling=0.00, value=58662.0
    [iter 14532222] reheat + diversify: ceiling=0.00, value=77276.0
    [iter 14537975] reheat + diversify: ceiling=0.00, value=80124.0
    [iter 14543728] reheat + diversify: ceiling=0.00, value=80124.0
    [iter 14549481] reheat + diversify: ceiling=0.00, value=74428.0
    [iter 14555234] reheat + diversify: ceiling=0.00, value=58662.0
    [iter 14560987] reheat + diversify: ceiling=0.00, value=61510.0
    [iter 14566740] reheat + diversify: ceiling=0.00, value=80124.0
    [iter 14572493] reheat + diversify: ceiling=0.00, value=77276.0
    [iter 14578246] reheat + diversify: ceiling=0.00, value=80124.0
    [iter 14583999] reheat + diversify: ceiling=0.00, value=80124.0
    [iter 14589752] reheat + diversify: ceiling=0.00, value=58662.0
    [iter 14595505] reheat + diversify: ceiling=0.00, value=61510.0
    [iter 14601258] reheat + diversify: ceiling=0.00, value=61510.0
    [iter 14607011] reheat + diversify: ceiling=0.00, value=77276.0
    [iter 14612764] reheat + diversify: ceiling=0.00, value=55814.0
    [iter 14618517] reheat + diversify: ceiling=0.00, value=61510.0
    [iter 14624270] reheat + diversify: ceiling=0.00, value=71146.0
    [iter 14630023] reheat + diversify: ceiling=0.00, value=77276.0
    [iter 14635776] reheat + diversify: ceiling=0.00, value=55814.0
    [iter 14641529] reheat + diversify: ceiling=0.00, value=58662.0
    [iter 14647282] reheat + diversify: ceiling=0.00, value=77276.0
    [iter 14653035] reheat + diversify: ceiling=0.00, value=77276.0
    [iter 14658788] reheat + diversify: ceiling=0.00, value=55814.0
    [iter 14664541] reheat + diversify: ceiling=0.00, value=61510.0
    [iter 14670294] reheat + diversify: ceiling=0.00, value=77276.0
    [iter 14676047] reheat + diversify: ceiling=0.00, value=58662.0
    [iter 14681800] reheat + diversify: ceiling=0.00, value=77276.0
    [iter 14687553] reheat + diversify: ceiling=0.00, value=55814.0
    [iter 14693306] reheat + diversify: ceiling=0.00, value=55814.0
    [iter 14699059] reheat + diversify: ceiling=0.00, value=55814.0
    [iter 14704812] reheat + diversify: ceiling=0.00, value=58662.0
    [iter 14710565] reheat + diversify: ceiling=0.00, value=61510.0
    [iter 14716318] reheat + diversify: ceiling=0.00, value=55814.0
    [iter 14722071] reheat + diversify: ceiling=0.00, value=58662.0
    [iter 14727824] reheat + diversify: ceiling=0.00, value=55814.0
    [iter 14733577] reheat + diversify: ceiling=0.00, value=61510.0
    [iter 14739330] reheat + diversify: ceiling=0.00, value=55814.0
    [iter 14745083] reheat + diversify: ceiling=0.00, value=77276.0
    [iter 14750836] reheat + diversify: ceiling=0.00, value=80124.0
    [iter 14756589] reheat + diversify: ceiling=0.00, value=58662.0
    [iter 14762342] reheat + diversify: ceiling=0.00, value=55814.0
    [iter 14768095] reheat + diversify: ceiling=0.00, value=80124.0
    [iter 14773848] reheat + diversify: ceiling=0.00, value=61510.0
    [iter 14779601] reheat + diversify: ceiling=0.00, value=55814.0
    [iter 14785354] reheat + diversify: ceiling=0.00, value=52966.0
    [iter 14791107] reheat + diversify: ceiling=0.00, value=80124.0
    [iter 14796860] reheat + diversify: ceiling=0.00, value=58662.0
    [iter 14802613] reheat + diversify: ceiling=0.00, value=55814.0
    [iter 14808366] reheat + diversify: ceiling=0.00, value=74428.0
    [iter 14814119] reheat + diversify: ceiling=0.00, value=55814.0
    [iter 14819872] reheat + diversify: ceiling=0.00, value=74428.0
    [iter 14825625] reheat + diversify: ceiling=0.00, value=58662.0
    [iter 14831378] reheat + diversify: ceiling=0.00, value=74428.0
    [iter 14837131] reheat + diversify: ceiling=0.00, value=80124.0
    [iter 14842884] reheat + diversify: ceiling=0.00, value=61510.0
    [iter 14848637] reheat + diversify: ceiling=0.00, value=77276.0
    [iter 14854390] reheat + diversify: ceiling=0.00, value=58662.0
    [iter 14860143] reheat + diversify: ceiling=0.00, value=61510.0
    [iter 14865896] reheat + diversify: ceiling=0.00, value=58662.0
    [iter 14871649] reheat + diversify: ceiling=0.00, value=52966.0
    [iter 14877402] reheat + diversify: ceiling=0.00, value=61510.0
    [iter 14883155] reheat + diversify: ceiling=0.00, value=58662.0
    [iter 14888908] reheat + diversify: ceiling=0.00, value=77276.0
    [iter 14894661] reheat + diversify: ceiling=0.00, value=77276.0
    [iter 14900414] reheat + diversify: ceiling=0.00, value=77276.0
    [iter 14906167] reheat + diversify: ceiling=0.00, value=55814.0
    [iter 14911920] reheat + diversify: ceiling=0.00, value=77276.0
    [iter 14917673] reheat + diversify: ceiling=0.00, value=80124.0
    [iter 14923426] reheat + diversify: ceiling=0.00, value=74428.0
    [iter 14929179] reheat + diversify: ceiling=0.00, value=77276.0
    [iter 14934932] reheat + diversify: ceiling=0.00, value=80124.0
    [iter 14940685] reheat + diversify: ceiling=0.00, value=55814.0
    [iter 14946438] reheat + diversify: ceiling=0.00, value=55814.0
    [iter 14952191] reheat + diversify: ceiling=0.00, value=61510.0
    [iter 14957944] reheat + diversify: ceiling=0.00, value=80124.0
    [iter 14963697] reheat + diversify: ceiling=0.00, value=58662.0
    [iter 14969450] reheat + diversify: ceiling=0.00, value=77276.0
    [iter 14975203] reheat + diversify: ceiling=0.00, value=77276.0
    [iter 14980956] reheat + diversify: ceiling=0.00, value=58662.0
    [iter 14986709] reheat + diversify: ceiling=0.00, value=77276.0
    [iter 14992462] reheat + diversify: ceiling=0.00, value=80124.0
    [iter 14998215] reheat + diversify: ceiling=0.00, value=77276.0
    [iter 15003968] reheat + diversify: ceiling=0.00, value=55814.0
    [iter 15009721] reheat + diversify: ceiling=0.00, value=58662.0
    [iter 15015474] reheat + diversify: ceiling=0.00, value=58662.0
    [iter 15021227] reheat + diversify: ceiling=0.00, value=61510.0
    [iter 15026980] reheat + diversify: ceiling=0.00, value=58662.0
    [iter 15032733] reheat + diversify: ceiling=0.00, value=58662.0
    [iter 15038486] reheat + diversify: ceiling=0.00, value=52966.0
    [iter 15044239] reheat + diversify: ceiling=0.00, value=62168.0
    [iter 15049992] reheat + diversify: ceiling=0.00, value=77276.0
    [iter 15055745] reheat + diversify: ceiling=0.00, value=58662.0
    [iter 15061498] reheat + diversify: ceiling=0.00, value=58662.0
    [iter 15067251] reheat + diversify: ceiling=0.00, value=77276.0
    [iter 15073004] reheat + diversify: ceiling=0.00, value=80124.0
    [iter 15078757] reheat + diversify: ceiling=0.00, value=55814.0
    [iter 15084510] reheat + diversify: ceiling=0.00, value=58662.0
    [iter 15090263] reheat + diversify: ceiling=0.00, value=55814.0
    [iter 15096016] reheat + diversify: ceiling=0.00, value=77276.0
    [iter 15101769] reheat + diversify: ceiling=0.00, value=55814.0
    [iter 15107522] reheat + diversify: ceiling=0.00, value=61510.0
    [iter 15113275] reheat + diversify: ceiling=0.00, value=55814.0
    [iter 15119028] reheat + diversify: ceiling=0.00, value=80124.0
    [iter 15124781] reheat + diversify: ceiling=0.00, value=74428.0
    [iter 15130534] reheat + diversify: ceiling=0.00, value=80124.0
    [iter 15136287] reheat + diversify: ceiling=0.00, value=80124.0
    [iter 15142040] reheat + diversify: ceiling=0.00, value=77276.0
    [iter 15147793] reheat + diversify: ceiling=0.00, value=58662.0
    [iter 15153546] reheat + diversify: ceiling=0.00, value=77276.0
    [iter 15159299] reheat + diversify: ceiling=0.00, value=58662.0
    [iter 15165052] reheat + diversify: ceiling=0.00, value=77276.0
    [iter 15170805] reheat + diversify: ceiling=0.00, value=74428.0
    [iter 15176558] reheat + diversify: ceiling=0.00, value=52966.0
    [iter 15182311] reheat + diversify: ceiling=0.00, value=74428.0
    [iter 15188064] reheat + diversify: ceiling=0.00, value=58662.0
    [iter 15193817] reheat + diversify: ceiling=0.00, value=74428.0
    [iter 15199570] reheat + diversify: ceiling=0.00, value=61510.0
    [iter 15205323] reheat + diversify: ceiling=0.00, value=58662.0
    [iter 15211076] reheat + diversify: ceiling=0.00, value=58662.0
    [iter 15216829] reheat + diversify: ceiling=0.00, value=58662.0
    [iter 15222582] reheat + diversify: ceiling=0.00, value=74428.0
    [iter 15228335] reheat + diversify: ceiling=0.00, value=58662.0
    [iter 15234088] reheat + diversify: ceiling=0.00, value=58662.0
    [iter 15239841] reheat + diversify: ceiling=0.00, value=77276.0
    [iter 15245594] reheat + diversify: ceiling=0.00, value=61510.0
    [iter 15251347] reheat + diversify: ceiling=0.00, value=58662.0
    [iter 15257100] reheat + diversify: ceiling=0.00, value=80124.0
    [iter 15262853] reheat + diversify: ceiling=0.00, value=58662.0
    [iter 15268606] reheat + diversify: ceiling=0.00, value=58662.0
    [iter 15274359] reheat + diversify: ceiling=0.00, value=55814.0
    [iter 15280112] reheat + diversify: ceiling=0.00, value=55814.0
    [iter 15285865] reheat + diversify: ceiling=0.00, value=80124.0
    [iter 15291618] reheat + diversify: ceiling=0.00, value=58662.0
    [iter 15297371] reheat + diversify: ceiling=0.00, value=77276.0
    [iter 15303124] reheat + diversify: ceiling=0.00, value=58662.0
    [iter 15308877] reheat + diversify: ceiling=0.00, value=80124.0
    [iter 15314630] reheat + diversify: ceiling=0.00, value=77276.0
  time limit reached at iteration 15319822
  SA finished: 15319822 iterations in 900.0s (17022 it/s), accepted 12404868 (81.0%), rejected 2914953, neutral 10701261 (69.9%), worsening accepted 36.9%, no-move draws 0, reheats 2662
  SA: value 80124.0 (greedy 59978.0, +20146.0), bound 155222.0, gap 48.38%, util 47.0%
  report -> /home/mcaspar/3DMHKP/results_3DMHKP_ep3/ep3-20-C-C-90-3DMHKP-SA-a0.999-r0.25-t900s.txt

================================================================================================
SUMMARY
================================================================================================
instance      boxes  packed       greedy     SA value        bound      gap    util    iters    time
------------------------------------------------------------------------------------------------
ep3-20-C-C-90     20      14      59978.0      80124.0     155222.0   48.4%   47.0% 15319822  900.0s
------------------------------------------------------------------------------------------------
proven optimal (value reaches the upper bound): 0/1
improved over greedy: 1/1 (total value 59978.0 -> 80124.0, +33.59%)
mean gap to 0-1 knapsack bound: 48.4%
mean volume utilization: 47.0%
