============================================================
  Solver:     3DMHKP-SA.py
  Instance:   /home/mcaspar/3DMHKP/Egeblad/ep3-20-C-R-90.txt
  Value mode: flat
  Timelimit:  900s
  Reports:    /home/mcaspar/3DMHKP/results_3DMHKP_ep3
  CPUs:       1
============================================================
======================================================================
3DMHKP Simulated Annealing (random single-neighbour, sequence decoder)
SA params: T0=5% of f(S_0), alpha=0.999, T_min=0.001, reheat_threshold=5753, reheat_fraction=0.25
Move weights: {'relocate': 0.0, 'swap': 1.0, '2opt': 0.0, 'promote': 1.5, 'demote': 1.5, 'orient': 1.0, 'container': 0.5}
Time limit: 900.0s per instance, seed 232774495
======================================================================

======================================================================
ep3-20-C-R-90: 20 boxes (18 types), 1 containers (1 types)
  0-1 knapsack bound: 118927.0 (continuous relaxation: 119984.7)
  initial (value-density) decode: value 29162.0 (12/20 boxes)
  T0 = 12827.9 (calibrated, 36 worsening draws, target accept 35%)
  schedule: time-based, T0 -> 2924.32 over 900s
    [iter 5] *** NEW BEST: value 53039.0, boxes 13/20, T=12825.7, elapsed=0.1s
    [iter 7] *** NEW BEST: value 63025.0, boxes 13/20, T=12825.7, elapsed=0.1s
    [iter 10] *** NEW BEST: value 66506.0, boxes 14/20, T=12825.7, elapsed=0.1s
    [iter 159] *** NEW BEST: value 66844.0, boxes 14/20, T=12825.5, elapsed=0.1s
    [iter 5912] reheat + diversify: ceiling=3206.97, value=51923.0
    [iter 11665] reheat + diversify: ceiling=2886.27, value=39903.0
    [iter 17418] reheat + diversify: ceiling=2597.65, value=44372.0
    [iter 23171] reheat + diversify: ceiling=2337.88, value=66844.0
    [iter 28924] reheat + diversify: ceiling=2104.09, value=52076.0
    [iter 34677] reheat + diversify: ceiling=1893.68, value=60287.0
    [iter 40430] reheat + diversify: ceiling=1704.32, value=44257.0
    [iter 46183] reheat + diversify: ceiling=1533.88, value=66844.0
    [iter 51936] reheat + diversify: ceiling=1380.50, value=39903.0
    [iter 57689] reheat + diversify: ceiling=1242.45, value=60287.0
    [iter 63442] reheat + diversify: ceiling=1118.20, value=43670.0
    [iter 69195] reheat + diversify: ceiling=1006.38, value=28847.0
    [iter 74948] reheat + diversify: ceiling=905.74, value=48442.0
    [iter 80701] reheat + diversify: ceiling=815.17, value=51167.0
    [iter 86454] reheat + diversify: ceiling=733.65, value=38609.0
    [iter 92207] reheat + diversify: ceiling=660.29, value=48838.0
    [iter 97960] reheat + diversify: ceiling=594.26, value=35833.0
    [iter 103713] reheat + diversify: ceiling=534.83, value=45704.0
    [iter 109466] reheat + diversify: ceiling=481.35, value=54301.0
    [iter 115219] reheat + diversify: ceiling=433.21, value=50173.0
    [iter 120972] reheat + diversify: ceiling=389.89, value=46460.0
    [iter 126725] reheat + diversify: ceiling=350.90, value=51167.0
    [iter 132478] reheat + diversify: ceiling=315.81, value=54639.0
    [iter 138231] reheat + diversify: ceiling=284.23, value=60287.0
    [iter 143984] reheat + diversify: ceiling=255.81, value=45366.0
    [iter 149737] reheat + diversify: ceiling=230.23, value=60858.0
    [iter 155490] reheat + diversify: ceiling=207.21, value=54824.0
    [iter 161243] reheat + diversify: ceiling=186.48, value=51923.0
    [iter 166996] reheat + diversify: ceiling=167.84, value=41634.0
    [iter 172749] reheat + diversify: ceiling=151.05, value=44372.0
    [iter 178502] reheat + diversify: ceiling=135.95, value=59949.0
    [iter 184255] reheat + diversify: ceiling=122.35, value=43919.0
    [iter 190008] reheat + diversify: ceiling=110.12, value=53039.0
    [iter 195761] reheat + diversify: ceiling=99.11, value=57724.0
    [iter 201514] reheat + diversify: ceiling=89.19, value=49835.0
    [iter 207267] reheat + diversify: ceiling=80.28, value=54639.0
    [iter 213020] reheat + diversify: ceiling=72.25, value=55879.0
    [iter 218773] reheat + diversify: ceiling=65.02, value=54301.0
    [iter 224526] reheat + diversify: ceiling=58.52, value=49835.0
    [iter 230279] reheat + diversify: ceiling=52.67, value=54824.0
    [iter 236032] reheat + diversify: ceiling=47.40, value=66844.0
    [iter 241785] reheat + diversify: ceiling=42.66, value=55879.0
    [iter 247538] reheat + diversify: ceiling=38.40, value=54301.0
    [iter 253291] reheat + diversify: ceiling=34.56, value=49835.0
    [iter 259044] reheat + diversify: ceiling=31.10, value=45366.0
    [iter 264797] reheat + diversify: ceiling=27.99, value=51923.0
    [iter 270550] reheat + diversify: ceiling=25.19, value=51738.0
    [iter 276303] reheat + diversify: ceiling=22.67, value=61043.0
    [iter 282056] reheat + diversify: ceiling=20.40, value=50416.0
    [iter 287809] reheat + diversify: ceiling=18.36, value=59949.0
    [iter 293562] reheat + diversify: ceiling=16.53, value=45519.0
    [iter 299315] reheat + diversify: ceiling=14.88, value=50173.0
    [iter 305068] reheat + diversify: ceiling=13.39, value=50231.0
    [iter 310821] reheat + diversify: ceiling=12.05, value=44187.0
    [iter 316574] reheat + diversify: ceiling=10.84, value=40056.0
    [iter 322327] reheat + diversify: ceiling=9.76, value=54301.0
    [iter 328080] reheat + diversify: ceiling=8.78, value=35723.0
    [iter 333833] reheat + diversify: ceiling=7.91, value=54639.0
    [iter 339586] reheat + diversify: ceiling=7.11, value=66506.0
    [iter 345339] reheat + diversify: ceiling=6.40, value=45181.0
    [iter 351092] reheat + diversify: ceiling=5.76, value=38794.0
    [iter 356845] reheat + diversify: ceiling=5.19, value=49318.0
    [iter 362598] reheat + diversify: ceiling=4.67, value=30905.0
    [iter 368351] reheat + diversify: ceiling=4.20, value=50416.0
    [iter 374104] reheat + diversify: ceiling=3.78, value=40198.0
    [iter 379857] reheat + diversify: ceiling=3.40, value=60858.0
    [iter 385610] reheat + diversify: ceiling=3.06, value=52261.0
    [iter 391363] reheat + diversify: ceiling=2.76, value=49835.0
    [iter 397116] reheat + diversify: ceiling=2.48, value=40056.0
    [iter 402869] reheat + diversify: ceiling=2.23, value=55879.0
    [iter 408622] reheat + diversify: ceiling=2.01, value=51923.0
    [iter 414375] reheat + diversify: ceiling=1.81, value=54486.0
    [iter 420128] reheat + diversify: ceiling=1.63, value=34550.0
    [iter 425881] reheat + diversify: ceiling=1.46, value=54486.0
    [iter 431634] reheat + diversify: ceiling=1.32, value=50173.0
    [iter 437387] reheat + diversify: ceiling=1.19, value=54486.0
    [iter 443140] reheat + diversify: ceiling=1.07, value=50416.0
    [iter 448893] reheat + diversify: ceiling=0.96, value=59949.0
    [iter 454646] reheat + diversify: ceiling=0.86, value=50416.0
    [iter 460399] reheat + diversify: ceiling=0.78, value=60287.0
    [iter 466152] reheat + diversify: ceiling=0.70, value=52261.0
    [iter 471905] reheat + diversify: ceiling=0.63, value=57724.0
    [iter 477658] reheat + diversify: ceiling=0.57, value=55879.0
    [iter 483411] reheat + diversify: ceiling=0.51, value=51923.0
    [iter 489164] reheat + diversify: ceiling=0.46, value=57724.0
    [iter 494917] reheat + diversify: ceiling=0.41, value=54486.0
    [iter 500670] reheat + diversify: ceiling=0.37, value=27184.0
    [iter 506423] reheat + diversify: ceiling=0.34, value=49835.0
    [iter 512176] reheat + diversify: ceiling=0.30, value=66844.0
    [iter 517929] reheat + diversify: ceiling=0.27, value=40536.0
    [iter 523682] reheat + diversify: ceiling=0.24, value=39718.0
    [iter 529435] reheat + diversify: ceiling=0.22, value=52261.0
    [iter 535188] reheat + diversify: ceiling=0.20, value=57724.0
    [iter 540941] reheat + diversify: ceiling=0.18, value=43855.0
    [iter 546694] reheat + diversify: ceiling=0.16, value=52076.0
    [iter 552447] reheat + diversify: ceiling=0.14, value=47391.0
    [iter 558200] reheat + diversify: ceiling=0.13, value=54639.0
    [iter 563953] reheat + diversify: ceiling=0.12, value=54486.0
    [iter 569706] reheat + diversify: ceiling=0.11, value=54301.0
    [iter 575459] reheat + diversify: ceiling=0.09, value=66506.0
    [iter 581212] reheat + diversify: ceiling=0.09, value=60287.0
    [iter 586965] reheat + diversify: ceiling=0.08, value=47097.0
    [iter 592718] reheat + diversify: ceiling=0.07, value=54486.0
    [iter 598471] reheat + diversify: ceiling=0.06, value=51923.0
    [iter 604224] reheat + diversify: ceiling=0.06, value=38456.0
    [iter 609977] reheat + diversify: ceiling=0.05, value=54824.0
    [iter 615730] reheat + diversify: ceiling=0.05, value=46275.0
    [iter 621483] reheat + diversify: ceiling=0.04, value=40241.0
    [iter 627236] reheat + diversify: ceiling=0.04, value=47097.0
    [iter 632989] reheat + diversify: ceiling=0.03, value=61043.0
    [iter 638742] reheat + diversify: ceiling=0.03, value=45366.0
    [iter 644495] reheat + diversify: ceiling=0.03, value=54301.0
    [iter 650248] reheat + diversify: ceiling=0.02, value=41296.0
    [iter 656001] reheat + diversify: ceiling=0.02, value=46759.0
    [iter 661754] reheat + diversify: ceiling=0.02, value=50416.0
    [iter 667507] reheat + diversify: ceiling=0.02, value=60858.0
    [iter 673260] reheat + diversify: ceiling=0.02, value=54486.0
    [iter 679013] reheat + diversify: ceiling=0.01, value=37811.0
    [iter 684766] reheat + diversify: ceiling=0.01, value=60287.0
    [iter 690519] reheat + diversify: ceiling=0.01, value=39903.0
    [iter 696272] reheat + diversify: ceiling=0.01, value=48838.0
    [iter 702025] reheat + diversify: ceiling=0.01, value=45704.0
    [iter 707778] reheat + diversify: ceiling=0.01, value=49835.0
    [iter 713531] reheat + diversify: ceiling=0.01, value=54301.0
    [iter 719284] reheat + diversify: ceiling=0.01, value=40056.0
    [iter 725037] reheat + diversify: ceiling=0.01, value=36368.0
    [iter 730790] reheat + diversify: ceiling=0.01, value=29162.0
    [iter 736543] reheat + diversify: ceiling=0.00, value=28847.0
    [iter 742296] reheat + diversify: ceiling=0.00, value=60858.0
    [iter 748049] reheat + diversify: ceiling=0.00, value=66844.0
    [iter 753802] reheat + diversify: ceiling=0.00, value=54486.0
    [iter 759555] reheat + diversify: ceiling=0.00, value=32993.0
    [iter 765308] reheat + diversify: ceiling=0.00, value=50416.0
    [iter 771061] reheat + diversify: ceiling=0.00, value=38456.0
    [iter 776814] reheat + diversify: ceiling=0.00, value=66506.0
    [iter 782567] reheat + diversify: ceiling=0.00, value=51167.0
    [iter 788320] reheat + diversify: ceiling=0.00, value=48838.0
    [iter 794073] reheat + diversify: ceiling=0.00, value=38271.0
    [iter 799826] reheat + diversify: ceiling=0.00, value=54824.0
    [iter 805579] reheat + diversify: ceiling=0.00, value=53039.0
    [iter 811332] reheat + diversify: ceiling=0.00, value=51738.0
    [iter 817085] reheat + diversify: ceiling=0.00, value=66506.0
    [iter 822838] reheat + diversify: ceiling=0.00, value=51923.0
    [iter 828591] reheat + diversify: ceiling=0.00, value=48838.0
    [iter 834344] reheat + diversify: ceiling=0.00, value=45366.0
    [iter 840097] reheat + diversify: ceiling=0.00, value=55879.0
    [iter 845850] reheat + diversify: ceiling=0.00, value=58955.0
    [iter 851603] reheat + diversify: ceiling=0.00, value=45519.0
    [iter 857356] reheat + diversify: ceiling=0.00, value=50173.0
    [iter 863109] reheat + diversify: ceiling=0.00, value=40536.0
    [iter 868862] reheat + diversify: ceiling=0.00, value=46460.0
    [iter 874615] reheat + diversify: ceiling=0.00, value=55879.0
    [iter 880368] reheat + diversify: ceiling=0.00, value=43855.0
    [iter 886121] reheat + diversify: ceiling=0.00, value=51923.0
    [iter 891874] reheat + diversify: ceiling=0.00, value=48838.0
    [iter 897627] reheat + diversify: ceiling=0.00, value=52076.0
    [iter 903380] reheat + diversify: ceiling=0.00, value=61043.0
    [iter 909133] reheat + diversify: ceiling=0.00, value=38794.0
    [iter 914886] reheat + diversify: ceiling=0.00, value=59949.0
    [iter 920639] reheat + diversify: ceiling=0.00, value=44372.0
    [iter 926392] reheat + diversify: ceiling=0.00, value=44187.0
    [iter 932145] reheat + diversify: ceiling=0.00, value=51167.0
    [iter 937898] reheat + diversify: ceiling=0.00, value=51923.0
    [iter 943651] reheat + diversify: ceiling=0.00, value=40198.0
    [iter 949404] reheat + diversify: ceiling=0.00, value=54486.0
    [iter 955157] reheat + diversify: ceiling=0.00, value=34550.0
    [iter 960910] reheat + diversify: ceiling=0.00, value=49656.0
    [iter 966663] reheat + diversify: ceiling=0.00, value=54486.0
    [iter 972416] reheat + diversify: ceiling=0.00, value=66844.0
    [iter 978169] reheat + diversify: ceiling=0.00, value=57724.0
    [iter 983922] reheat + diversify: ceiling=0.00, value=41634.0
    [iter 989675] reheat + diversify: ceiling=0.00, value=57386.0
    [iter 995428] reheat + diversify: ceiling=0.00, value=43670.0
    [iter 1001181] reheat + diversify: ceiling=0.00, value=61043.0
    [iter 1006934] reheat + diversify: ceiling=0.00, value=54639.0
    [iter 1012687] reheat + diversify: ceiling=0.00, value=50231.0
    [iter 1018440] reheat + diversify: ceiling=0.00, value=54486.0
    [iter 1024193] reheat + diversify: ceiling=0.00, value=54824.0
    [iter 1029946] reheat + diversify: ceiling=0.00, value=49023.0
    [iter 1035699] reheat + diversify: ceiling=0.00, value=66844.0
    [iter 1041452] reheat + diversify: ceiling=0.00, value=58955.0
    [iter 1047205] reheat + diversify: ceiling=0.00, value=51923.0
    [iter 1052958] reheat + diversify: ceiling=0.00, value=28847.0
    [iter 1058711] reheat + diversify: ceiling=0.00, value=51738.0
    [iter 1064464] reheat + diversify: ceiling=0.00, value=55879.0
    [iter 1070217] reheat + diversify: ceiling=0.00, value=54486.0
    [iter 1075970] reheat + diversify: ceiling=0.00, value=46460.0
    [iter 1081723] reheat + diversify: ceiling=0.00, value=44187.0
    [iter 1087476] reheat + diversify: ceiling=0.00, value=54486.0
    [iter 1093229] reheat + diversify: ceiling=0.00, value=63025.0
    [iter 1098982] reheat + diversify: ceiling=0.00, value=61043.0
    [iter 1104735] reheat + diversify: ceiling=0.00, value=47097.0
    [iter 1110488] reheat + diversify: ceiling=0.00, value=47576.0
    [iter 1116241] reheat + diversify: ceiling=0.00, value=58955.0
    [iter 1121994] reheat + diversify: ceiling=0.00, value=57386.0
    [iter 1127747] reheat + diversify: ceiling=0.00, value=39718.0
    [iter 1133500] reheat + diversify: ceiling=0.00, value=47576.0
    [iter 1139253] reheat + diversify: ceiling=0.00, value=54639.0
    [iter 1145006] reheat + diversify: ceiling=0.00, value=35648.0
    [iter 1150759] reheat + diversify: ceiling=0.00, value=55879.0
    [iter 1156512] reheat + diversify: ceiling=0.00, value=58955.0
    [iter 1162265] reheat + diversify: ceiling=0.00, value=58955.0
    [iter 1168018] reheat + diversify: ceiling=0.00, value=35648.0
    [iter 1173771] reheat + diversify: ceiling=0.00, value=49835.0
    [iter 1179524] reheat + diversify: ceiling=0.00, value=54824.0
    [iter 1185277] reheat + diversify: ceiling=0.00, value=45704.0
    [iter 1191030] reheat + diversify: ceiling=0.00, value=59949.0
    [iter 1196783] reheat + diversify: ceiling=0.00, value=66506.0
    [iter 1202536] reheat + diversify: ceiling=0.00, value=55879.0
    [iter 1208289] reheat + diversify: ceiling=0.00, value=44257.0
    [iter 1214042] reheat + diversify: ceiling=0.00, value=50416.0
    [iter 1219795] reheat + diversify: ceiling=0.00, value=56217.0
    [iter 1225548] reheat + diversify: ceiling=0.00, value=36368.0
    [iter 1231301] reheat + diversify: ceiling=0.00, value=44372.0
    [iter 1237054] reheat + diversify: ceiling=0.00, value=66844.0
    [iter 1242807] reheat + diversify: ceiling=0.00, value=54824.0
    [iter 1248560] reheat + diversify: ceiling=0.00, value=35648.0
    [iter 1254313] reheat + diversify: ceiling=0.00, value=58955.0
    [iter 1260066] reheat + diversify: ceiling=0.00, value=52261.0
    [iter 1265819] reheat + diversify: ceiling=0.00, value=41296.0
    [iter 1271572] reheat + diversify: ceiling=0.00, value=49835.0
    [iter 1277325] reheat + diversify: ceiling=0.00, value=49835.0
    [iter 1283078] reheat + diversify: ceiling=0.00, value=47391.0
    [iter 1288831] reheat + diversify: ceiling=0.00, value=46759.0
    [iter 1294584] reheat + diversify: ceiling=0.00, value=45704.0
    [iter 1300337] reheat + diversify: ceiling=0.00, value=56217.0
    [iter 1306090] reheat + diversify: ceiling=0.00, value=41296.0
    [iter 1311843] reheat + diversify: ceiling=0.00, value=50416.0
    [iter 1317596] reheat + diversify: ceiling=0.00, value=30720.0
    [iter 1323349] reheat + diversify: ceiling=0.00, value=50173.0
    [iter 1329102] reheat + diversify: ceiling=0.00, value=48838.0
    [iter 1334855] reheat + diversify: ceiling=0.00, value=51738.0
    [iter 1340608] reheat + diversify: ceiling=0.00, value=40867.0
    [iter 1346361] reheat + diversify: ceiling=0.00, value=41296.0
    [iter 1352114] reheat + diversify: ceiling=0.00, value=50173.0
    [iter 1357867] reheat + diversify: ceiling=0.00, value=39718.0
    [iter 1363620] reheat + diversify: ceiling=0.00, value=54639.0
    [iter 1369373] reheat + diversify: ceiling=0.00, value=49023.0
    [iter 1375126] reheat + diversify: ceiling=0.00, value=54301.0
    [iter 1380879] reheat + diversify: ceiling=0.00, value=66844.0
    [iter 1386632] reheat + diversify: ceiling=0.00, value=60287.0
    [iter 1392385] reheat + diversify: ceiling=0.00, value=50173.0
    [iter 1398138] reheat + diversify: ceiling=0.00, value=57724.0
    [iter 1403891] reheat + diversify: ceiling=0.00, value=54824.0
    [iter 1409644] reheat + diversify: ceiling=0.00, value=56217.0
    [iter 1415397] reheat + diversify: ceiling=0.00, value=54639.0
    [iter 1421150] reheat + diversify: ceiling=0.00, value=44187.0
    [iter 1426903] reheat + diversify: ceiling=0.00, value=46275.0
    [iter 1432656] reheat + diversify: ceiling=0.00, value=48838.0
    [iter 1438409] reheat + diversify: ceiling=0.00, value=50173.0
    [iter 1444162] reheat + diversify: ceiling=0.00, value=66506.0
    [iter 1449915] reheat + diversify: ceiling=0.00, value=45704.0
    [iter 1455668] reheat + diversify: ceiling=0.00, value=47576.0
    [iter 1461421] reheat + diversify: ceiling=0.00, value=60287.0
    [iter 1467174] reheat + diversify: ceiling=0.00, value=61043.0
    [iter 1472927] reheat + diversify: ceiling=0.00, value=61043.0
    [iter 1478680] reheat + diversify: ceiling=0.00, value=60287.0
    [iter 1484433] reheat + diversify: ceiling=0.00, value=57724.0
    [iter 1490186] reheat + diversify: ceiling=0.00, value=54486.0
    [iter 1495939] reheat + diversify: ceiling=0.00, value=52261.0
    [iter 1501692] reheat + diversify: ceiling=0.00, value=40056.0
    [iter 1507445] reheat + diversify: ceiling=0.00, value=50416.0
    [iter 1513198] reheat + diversify: ceiling=0.00, value=41634.0
    [iter 1518951] reheat + diversify: ceiling=0.00, value=61043.0
    [iter 1524704] reheat + diversify: ceiling=0.00, value=54486.0
    [iter 1530457] reheat + diversify: ceiling=0.00, value=39718.0
    [iter 1536210] reheat + diversify: ceiling=0.00, value=58955.0
    [iter 1541963] reheat + diversify: ceiling=0.00, value=48838.0
    [iter 1547716] reheat + diversify: ceiling=0.00, value=51923.0
    [iter 1553469] reheat + diversify: ceiling=0.00, value=61043.0
    [iter 1559222] reheat + diversify: ceiling=0.00, value=45366.0
    [iter 1564975] reheat + diversify: ceiling=0.00, value=52076.0
    [iter 1570728] reheat + diversify: ceiling=0.00, value=53377.0
    [iter 1576481] reheat + diversify: ceiling=0.00, value=49318.0
    [iter 1582234] reheat + diversify: ceiling=0.00, value=52076.0
    [iter 1587987] reheat + diversify: ceiling=0.00, value=51923.0
    [iter 1593740] reheat + diversify: ceiling=0.00, value=58955.0
    [iter 1599493] reheat + diversify: ceiling=0.00, value=41296.0
    [iter 1605246] reheat + diversify: ceiling=0.00, value=56217.0
    [iter 1610999] reheat + diversify: ceiling=0.00, value=60858.0
    [iter 1616752] reheat + diversify: ceiling=0.00, value=39903.0
    [iter 1622505] reheat + diversify: ceiling=0.00, value=46275.0
    [iter 1628258] reheat + diversify: ceiling=0.00, value=54301.0
    [iter 1634011] reheat + diversify: ceiling=0.00, value=45704.0
    [iter 1639764] reheat + diversify: ceiling=0.00, value=60287.0
    [iter 1645517] reheat + diversify: ceiling=0.00, value=50416.0
    [iter 1651270] reheat + diversify: ceiling=0.00, value=41111.0
    [iter 1657023] reheat + diversify: ceiling=0.00, value=45704.0
    [iter 1662776] reheat + diversify: ceiling=0.00, value=47576.0
    [iter 1668529] reheat + diversify: ceiling=0.00, value=51923.0
    [iter 1674282] reheat + diversify: ceiling=0.00, value=44372.0
    [iter 1680035] reheat + diversify: ceiling=0.00, value=39718.0
    [iter 1685788] reheat + diversify: ceiling=0.00, value=41449.0
    [iter 1691541] reheat + diversify: ceiling=0.00, value=46460.0
    [iter 1697294] reheat + diversify: ceiling=0.00, value=61043.0
    [iter 1703047] reheat + diversify: ceiling=0.00, value=66844.0
    [iter 1708800] reheat + diversify: ceiling=0.00, value=49023.0
    [iter 1714553] reheat + diversify: ceiling=0.00, value=51923.0
    [iter 1720306] reheat + diversify: ceiling=0.00, value=43670.0
    [iter 1726059] reheat + diversify: ceiling=0.00, value=39903.0
    [iter 1731812] reheat + diversify: ceiling=0.00, value=15695.0
    [iter 1737565] reheat + diversify: ceiling=0.00, value=31592.0
    [iter 1743318] reheat + diversify: ceiling=0.00, value=47576.0
    [iter 1749071] reheat + diversify: ceiling=0.00, value=57724.0
    [iter 1754824] reheat + diversify: ceiling=0.00, value=46275.0
    [iter 1760577] reheat + diversify: ceiling=0.00, value=46759.0
    [iter 1766330] reheat + diversify: ceiling=0.00, value=57386.0
    [iter 1772083] reheat + diversify: ceiling=0.00, value=51923.0
    [iter 1777836] reheat + diversify: ceiling=0.00, value=53039.0
    [iter 1783589] reheat + diversify: ceiling=0.00, value=57724.0
    [iter 1789342] reheat + diversify: ceiling=0.00, value=54824.0
    [iter 1795095] reheat + diversify: ceiling=0.00, value=54301.0
    [iter 1800848] reheat + diversify: ceiling=0.00, value=66506.0
    [iter 1806601] reheat + diversify: ceiling=0.00, value=51738.0
    [iter 1812354] reheat + diversify: ceiling=0.00, value=61043.0
    [iter 1818107] reheat + diversify: ceiling=0.00, value=63025.0
    [iter 1823860] reheat + diversify: ceiling=0.00, value=56217.0
    [iter 1829613] reheat + diversify: ceiling=0.00, value=46275.0
    [iter 1835366] reheat + diversify: ceiling=0.00, value=36706.0
    [iter 1841119] reheat + diversify: ceiling=0.00, value=58955.0
    [iter 1846872] reheat + diversify: ceiling=0.00, value=45366.0
    [iter 1852625] reheat + diversify: ceiling=0.00, value=35833.0
    [iter 1858378] reheat + diversify: ceiling=0.00, value=45181.0
    [iter 1864131] reheat + diversify: ceiling=0.00, value=57137.0
    [iter 1869884] reheat + diversify: ceiling=0.00, value=41296.0
    [iter 1875637] reheat + diversify: ceiling=0.00, value=56217.0
    [iter 1881390] reheat + diversify: ceiling=0.00, value=36706.0
    [iter 1887143] reheat + diversify: ceiling=0.00, value=41449.0
    [iter 1892896] reheat + diversify: ceiling=0.00, value=39903.0
    [iter 1898649] reheat + diversify: ceiling=0.00, value=54301.0
    [iter 1904402] reheat + diversify: ceiling=0.00, value=54301.0
    [iter 1910155] reheat + diversify: ceiling=0.00, value=59949.0
    [iter 1915908] reheat + diversify: ceiling=0.00, value=56217.0
    [iter 1921661] reheat + diversify: ceiling=0.00, value=57724.0
    [iter 1927414] reheat + diversify: ceiling=0.00, value=60287.0
    [iter 1933167] reheat + diversify: ceiling=0.00, value=54486.0
    [iter 1938920] reheat + diversify: ceiling=0.00, value=53039.0
    [iter 1944673] reheat + diversify: ceiling=0.00, value=55879.0
    [iter 1950426] reheat + diversify: ceiling=0.00, value=55879.0
    [iter 1956179] reheat + diversify: ceiling=0.00, value=60287.0
    [iter 1961932] reheat + diversify: ceiling=0.00, value=49835.0
    [iter 1967685] reheat + diversify: ceiling=0.00, value=57724.0
    [iter 1973438] reheat + diversify: ceiling=0.00, value=48017.0
    [iter 1979191] reheat + diversify: ceiling=0.00, value=66506.0
    [iter 1984944] reheat + diversify: ceiling=0.00, value=51738.0
    [iter 1990697] reheat + diversify: ceiling=0.00, value=38794.0
    [iter 1996450] reheat + diversify: ceiling=0.00, value=66506.0
    [iter 2002203] reheat + diversify: ceiling=0.00, value=49023.0
    [iter 2007956] reheat + diversify: ceiling=0.00, value=51738.0
    [iter 2013709] reheat + diversify: ceiling=0.00, value=39903.0
    [iter 2019462] reheat + diversify: ceiling=0.00, value=40241.0
    [iter 2025215] reheat + diversify: ceiling=0.00, value=54486.0
    [iter 2030968] reheat + diversify: ceiling=0.00, value=51923.0
    [iter 2036721] reheat + diversify: ceiling=0.00, value=52076.0
    [iter 2042474] reheat + diversify: ceiling=0.00, value=48355.0
    [iter 2048227] reheat + diversify: ceiling=0.00, value=45366.0
    [iter 2053980] reheat + diversify: ceiling=0.00, value=60858.0
    [iter 2059733] reheat + diversify: ceiling=0.00, value=54301.0
    [iter 2065486] reheat + diversify: ceiling=0.00, value=55879.0
    [iter 2071239] reheat + diversify: ceiling=0.00, value=51923.0
    [iter 2076992] reheat + diversify: ceiling=0.00, value=54003.0
    [iter 2082745] reheat + diversify: ceiling=0.00, value=54824.0
    [iter 2088498] reheat + diversify: ceiling=0.00, value=54486.0
    [iter 2094251] reheat + diversify: ceiling=0.00, value=38271.0
    [iter 2100004] reheat + diversify: ceiling=0.00, value=41296.0
    [iter 2105757] reheat + diversify: ceiling=0.00, value=45704.0
    [iter 2111510] reheat + diversify: ceiling=0.00, value=39903.0
    [iter 2117263] reheat + diversify: ceiling=0.00, value=41111.0
    [iter 2123016] reheat + diversify: ceiling=0.00, value=59949.0
    [iter 2128769] reheat + diversify: ceiling=0.00, value=45704.0
    [iter 2134522] reheat + diversify: ceiling=0.00, value=55879.0
    [iter 2140275] reheat + diversify: ceiling=0.00, value=62785.0
    [iter 2146028] reheat + diversify: ceiling=0.00, value=39903.0
    [iter 2151781] reheat + diversify: ceiling=0.00, value=50173.0
    [iter 2157534] reheat + diversify: ceiling=0.00, value=41296.0
    [iter 2163287] reheat + diversify: ceiling=0.00, value=51923.0
    [iter 2169040] reheat + diversify: ceiling=0.00, value=44187.0
    [iter 2174793] reheat + diversify: ceiling=0.00, value=45704.0
    [iter 2180546] reheat + diversify: ceiling=0.00, value=47576.0
    [iter 2186299] reheat + diversify: ceiling=0.00, value=50416.0
    [iter 2192052] reheat + diversify: ceiling=0.00, value=41634.0
    [iter 2197805] reheat + diversify: ceiling=0.00, value=36368.0
    [iter 2203558] reheat + diversify: ceiling=0.00, value=48257.0
    [iter 2209311] reheat + diversify: ceiling=0.00, value=49835.0
    [iter 2215064] reheat + diversify: ceiling=0.00, value=54486.0
    [iter 2220817] reheat + diversify: ceiling=0.00, value=47097.0
    [iter 2226570] reheat + diversify: ceiling=0.00, value=57724.0
    [iter 2232323] reheat + diversify: ceiling=0.00, value=39718.0
    [iter 2238076] reheat + diversify: ceiling=0.00, value=35073.0
    [iter 2243829] reheat + diversify: ceiling=0.00, value=38456.0
    [iter 2249582] reheat + diversify: ceiling=0.00, value=58955.0
    [iter 2255335] reheat + diversify: ceiling=0.00, value=43670.0
    [iter 2261088] reheat + diversify: ceiling=0.00, value=43855.0
    [iter 2266841] reheat + diversify: ceiling=0.00, value=58955.0
    [iter 2272594] reheat + diversify: ceiling=0.00, value=41296.0
    [iter 2278347] reheat + diversify: ceiling=0.00, value=35833.0
    [iter 2284100] reheat + diversify: ceiling=0.00, value=39903.0
    [iter 2289853] reheat + diversify: ceiling=0.00, value=66844.0
    [iter 2295606] reheat + diversify: ceiling=0.00, value=39718.0
    [iter 2301359] reheat + diversify: ceiling=0.00, value=58955.0
    [iter 2307112] reheat + diversify: ceiling=0.00, value=45519.0
    [iter 2312865] reheat + diversify: ceiling=0.00, value=54486.0
    [iter 2318618] reheat + diversify: ceiling=0.00, value=46460.0
    [iter 2324371] reheat + diversify: ceiling=0.00, value=59949.0
    [iter 2330124] reheat + diversify: ceiling=0.00, value=51923.0
    [iter 2335877] reheat + diversify: ceiling=0.00, value=51923.0
    [iter 2341630] reheat + diversify: ceiling=0.00, value=35073.0
    [iter 2347383] reheat + diversify: ceiling=0.00, value=47097.0
    [iter 2353136] reheat + diversify: ceiling=0.00, value=54824.0
    [iter 2358889] reheat + diversify: ceiling=0.00, value=54301.0
    [iter 2364642] reheat + diversify: ceiling=0.00, value=37626.0
    [iter 2370395] reheat + diversify: ceiling=0.00, value=38456.0
    [iter 2376148] reheat + diversify: ceiling=0.00, value=66506.0
    [iter 2381901] reheat + diversify: ceiling=0.00, value=46759.0
    [iter 2387654] reheat + diversify: ceiling=0.00, value=50173.0
    [iter 2393407] reheat + diversify: ceiling=0.00, value=39903.0
    [iter 2399160] reheat + diversify: ceiling=0.00, value=49023.0
    [iter 2404913] reheat + diversify: ceiling=0.00, value=45704.0
    [iter 2410666] reheat + diversify: ceiling=0.00, value=50416.0
    [iter 2416419] reheat + diversify: ceiling=0.00, value=57724.0
    [iter 2422172] reheat + diversify: ceiling=0.00, value=61043.0
    [iter 2427925] reheat + diversify: ceiling=0.00, value=54301.0
    [iter 2433678] reheat + diversify: ceiling=0.00, value=51738.0
    [iter 2439431] reheat + diversify: ceiling=0.00, value=54301.0
    [iter 2445184] reheat + diversify: ceiling=0.00, value=49835.0
    [iter 2450937] reheat + diversify: ceiling=0.00, value=54486.0
    [iter 2456690] reheat + diversify: ceiling=0.00, value=49023.0
    [iter 2462443] reheat + diversify: ceiling=0.00, value=49023.0
    [iter 2468196] reheat + diversify: ceiling=0.00, value=59949.0
    [iter 2473949] reheat + diversify: ceiling=0.00, value=66844.0
    [iter 2479702] reheat + diversify: ceiling=0.00, value=52261.0
    [iter 2485455] reheat + diversify: ceiling=0.00, value=45519.0
    [iter 2491208] reheat + diversify: ceiling=0.00, value=48838.0
    [iter 2496961] reheat + diversify: ceiling=0.00, value=45519.0
    [iter 2502714] reheat + diversify: ceiling=0.00, value=45704.0
    [iter 2508467] reheat + diversify: ceiling=0.00, value=57386.0
    [iter 2514220] reheat + diversify: ceiling=0.00, value=48838.0
    [iter 2519973] reheat + diversify: ceiling=0.00, value=45704.0
    [iter 2525726] reheat + diversify: ceiling=0.00, value=52261.0
    [iter 2531479] reheat + diversify: ceiling=0.00, value=60287.0
    [iter 2537232] reheat + diversify: ceiling=0.00, value=50231.0
    [iter 2542985] reheat + diversify: ceiling=0.00, value=51923.0
    [iter 2548738] reheat + diversify: ceiling=0.00, value=40241.0
    [iter 2554491] reheat + diversify: ceiling=0.00, value=54486.0
    [iter 2560244] reheat + diversify: ceiling=0.00, value=28847.0
    [iter 2565997] reheat + diversify: ceiling=0.00, value=46460.0
    [iter 2571750] reheat + diversify: ceiling=0.00, value=66844.0
    [iter 2577503] reheat + diversify: ceiling=0.00, value=60287.0
    [iter 2583256] reheat + diversify: ceiling=0.00, value=30905.0
    [iter 2589009] reheat + diversify: ceiling=0.00, value=52076.0
    [iter 2594762] reheat + diversify: ceiling=0.00, value=57386.0
    [iter 2600515] reheat + diversify: ceiling=0.00, value=41449.0
    [iter 2606268] reheat + diversify: ceiling=0.00, value=40536.0
    [iter 2612021] reheat + diversify: ceiling=0.00, value=54824.0
    [iter 2617774] reheat + diversify: ceiling=0.00, value=30905.0
    [iter 2623527] reheat + diversify: ceiling=0.00, value=55879.0
    [iter 2629280] reheat + diversify: ceiling=0.00, value=46275.0
    [iter 2635033] reheat + diversify: ceiling=0.00, value=66506.0
    [iter 2640786] reheat + diversify: ceiling=0.00, value=44372.0
    [iter 2646539] reheat + diversify: ceiling=0.00, value=38609.0
    [iter 2652292] reheat + diversify: ceiling=0.00, value=52261.0
    [iter 2658045] reheat + diversify: ceiling=0.00, value=39718.0
    [iter 2663798] reheat + diversify: ceiling=0.00, value=59949.0
    [iter 2669551] reheat + diversify: ceiling=0.00, value=41296.0
    [iter 2675304] reheat + diversify: ceiling=0.00, value=60287.0
    [iter 2681057] reheat + diversify: ceiling=0.00, value=61043.0
    [iter 2686810] reheat + diversify: ceiling=0.00, value=66506.0
    [iter 2692563] reheat + diversify: ceiling=0.00, value=51167.0
    [iter 2698316] reheat + diversify: ceiling=0.00, value=54486.0
    [iter 2704069] reheat + diversify: ceiling=0.00, value=41449.0
    [iter 2709822] reheat + diversify: ceiling=0.00, value=59949.0
    [iter 2715575] reheat + diversify: ceiling=0.00, value=55879.0
    [iter 2721328] reheat + diversify: ceiling=0.00, value=51923.0
    [iter 2727081] reheat + diversify: ceiling=0.00, value=52261.0
    [iter 2732834] reheat + diversify: ceiling=0.00, value=50173.0
    [iter 2738587] reheat + diversify: ceiling=0.00, value=57322.0
    [iter 2744340] reheat + diversify: ceiling=0.00, value=41111.0
    [iter 2750093] reheat + diversify: ceiling=0.00, value=60287.0
    [iter 2755846] reheat + diversify: ceiling=0.00, value=47391.0
    [iter 2761599] reheat + diversify: ceiling=0.00, value=66844.0
    [iter 2767352] reheat + diversify: ceiling=0.00, value=51738.0
    [iter 2773105] reheat + diversify: ceiling=0.00, value=45519.0
    [iter 2778858] reheat + diversify: ceiling=0.00, value=66844.0
    [iter 2784611] reheat + diversify: ceiling=0.00, value=47097.0
    [iter 2790364] reheat + diversify: ceiling=0.00, value=55879.0
    [iter 2796117] reheat + diversify: ceiling=0.00, value=29162.0
    [iter 2801870] reheat + diversify: ceiling=0.00, value=54824.0
    [iter 2807623] reheat + diversify: ceiling=0.00, value=49835.0
    [iter 2813376] reheat + diversify: ceiling=0.00, value=53039.0
    [iter 2819129] reheat + diversify: ceiling=0.00, value=30905.0
    [iter 2824882] reheat + diversify: ceiling=0.00, value=58955.0
    [iter 2830635] reheat + diversify: ceiling=0.00, value=53377.0
    [iter 2836388] reheat + diversify: ceiling=0.00, value=48838.0
    [iter 2842141] reheat + diversify: ceiling=0.00, value=30905.0
    [iter 2847894] reheat + diversify: ceiling=0.00, value=53377.0
    [iter 2853647] reheat + diversify: ceiling=0.00, value=66844.0
    [iter 2859400] reheat + diversify: ceiling=0.00, value=49835.0
    [iter 2865153] reheat + diversify: ceiling=0.00, value=41296.0
    [iter 2870906] reheat + diversify: ceiling=0.00, value=35833.0
    [iter 2876659] reheat + diversify: ceiling=0.00, value=38609.0
    [iter 2882412] reheat + diversify: ceiling=0.00, value=52261.0
    [iter 2888165] reheat + diversify: ceiling=0.00, value=38456.0
    [iter 2893918] reheat + diversify: ceiling=0.00, value=41296.0
    [iter 2899671] reheat + diversify: ceiling=0.00, value=55879.0
    [iter 2905424] reheat + diversify: ceiling=0.00, value=41296.0
    [iter 2911177] reheat + diversify: ceiling=0.00, value=51923.0
    [iter 2916930] reheat + diversify: ceiling=0.00, value=55879.0
    [iter 2922683] reheat + diversify: ceiling=0.00, value=54301.0
    [iter 2928436] reheat + diversify: ceiling=0.00, value=58955.0
    [iter 2934189] reheat + diversify: ceiling=0.00, value=44187.0
    [iter 2939942] reheat + diversify: ceiling=0.00, value=59949.0
    [iter 2945695] reheat + diversify: ceiling=0.00, value=54486.0
    [iter 2951448] reheat + diversify: ceiling=0.00, value=58955.0
    [iter 2957201] reheat + diversify: ceiling=0.00, value=46759.0
    [iter 2962954] reheat + diversify: ceiling=0.00, value=35073.0
    [iter 2968707] reheat + diversify: ceiling=0.00, value=54639.0
    [iter 2974460] reheat + diversify: ceiling=0.00, value=60858.0
    [iter 2980213] reheat + diversify: ceiling=0.00, value=54639.0
    [iter 2985966] reheat + diversify: ceiling=0.00, value=54301.0
    [iter 2991719] reheat + diversify: ceiling=0.00, value=45704.0
    [iter 2997472] reheat + diversify: ceiling=0.00, value=51923.0
    [iter 3003225] reheat + diversify: ceiling=0.00, value=35648.0
    [iter 3008978] reheat + diversify: ceiling=0.00, value=46452.0
    [iter 3014731] reheat + diversify: ceiling=0.00, value=51738.0
    [iter 3020484] reheat + diversify: ceiling=0.00, value=49318.0
    [iter 3026237] reheat + diversify: ceiling=0.00, value=66506.0
    [iter 3031990] reheat + diversify: ceiling=0.00, value=51923.0
    [iter 3037743] reheat + diversify: ceiling=0.00, value=56217.0
    [iter 3043496] reheat + diversify: ceiling=0.00, value=66506.0
    [iter 3049249] reheat + diversify: ceiling=0.00, value=51738.0
    [iter 3055002] reheat + diversify: ceiling=0.00, value=60287.0
    [iter 3060755] reheat + diversify: ceiling=0.00, value=39718.0
    [iter 3066508] reheat + diversify: ceiling=0.00, value=63123.0
    [iter 3072261] reheat + diversify: ceiling=0.00, value=47097.0
    [iter 3078014] reheat + diversify: ceiling=0.00, value=34888.0
    [iter 3083767] reheat + diversify: ceiling=0.00, value=46759.0
    [iter 3089520] reheat + diversify: ceiling=0.00, value=61043.0
    [iter 3095273] reheat + diversify: ceiling=0.00, value=44257.0
    [iter 3101026] reheat + diversify: ceiling=0.00, value=44187.0
    [iter 3106779] reheat + diversify: ceiling=0.00, value=46275.0
    [iter 3112532] reheat + diversify: ceiling=0.00, value=45704.0
    [iter 3118285] reheat + diversify: ceiling=0.00, value=46460.0
    [iter 3124038] reheat + diversify: ceiling=0.00, value=55879.0
    [iter 3129791] reheat + diversify: ceiling=0.00, value=54301.0
    [iter 3135544] reheat + diversify: ceiling=0.00, value=47097.0
    [iter 3141297] reheat + diversify: ceiling=0.00, value=46759.0
    [iter 3147050] reheat + diversify: ceiling=0.00, value=35648.0
    [iter 3152803] reheat + diversify: ceiling=0.00, value=66506.0
    [iter 3158556] reheat + diversify: ceiling=0.00, value=54243.0
    [iter 3164309] reheat + diversify: ceiling=0.00, value=66506.0
    [iter 3170062] reheat + diversify: ceiling=0.00, value=55879.0
    [iter 3175815] reheat + diversify: ceiling=0.00, value=51738.0
    [iter 3181568] reheat + diversify: ceiling=0.00, value=45366.0
    [iter 3187321] reheat + diversify: ceiling=0.00, value=57724.0
    [iter 3193074] reheat + diversify: ceiling=0.00, value=59949.0
    [iter 3198827] reheat + diversify: ceiling=0.00, value=40056.0
    [iter 3204580] reheat + diversify: ceiling=0.00, value=55879.0
    [iter 3210333] reheat + diversify: ceiling=0.00, value=52076.0
    [iter 3216086] reheat + diversify: ceiling=0.00, value=44372.0
    [iter 3221839] reheat + diversify: ceiling=0.00, value=49318.0
    [iter 3227592] reheat + diversify: ceiling=0.00, value=41296.0
    [iter 3233345] reheat + diversify: ceiling=0.00, value=48442.0
    [iter 3239098] reheat + diversify: ceiling=0.00, value=39718.0
    [iter 3244851] reheat + diversify: ceiling=0.00, value=28847.0
    [iter 3250604] reheat + diversify: ceiling=0.00, value=53039.0
    [iter 3256357] reheat + diversify: ceiling=0.00, value=47097.0
    [iter 3262110] reheat + diversify: ceiling=0.00, value=45704.0
    [iter 3267863] reheat + diversify: ceiling=0.00, value=41296.0
    [iter 3273616] reheat + diversify: ceiling=0.00, value=54639.0
    [iter 3279369] reheat + diversify: ceiling=0.00, value=66506.0
    [iter 3285122] reheat + diversify: ceiling=0.00, value=45181.0
    [iter 3290875] reheat + diversify: ceiling=0.00, value=38271.0
    [iter 3296628] reheat + diversify: ceiling=0.00, value=66506.0
    [iter 3302381] reheat + diversify: ceiling=0.00, value=57724.0
    [iter 3308134] reheat + diversify: ceiling=0.00, value=60287.0
    [iter 3313887] reheat + diversify: ceiling=0.00, value=49835.0
    [iter 3319640] reheat + diversify: ceiling=0.00, value=55879.0
    [iter 3325393] reheat + diversify: ceiling=0.00, value=45704.0
    [iter 3331146] reheat + diversify: ceiling=0.00, value=44187.0
    [iter 3336899] reheat + diversify: ceiling=0.00, value=54824.0
    [iter 3342652] reheat + diversify: ceiling=0.00, value=58955.0
    [iter 3348405] reheat + diversify: ceiling=0.00, value=44187.0
    [iter 3354158] reheat + diversify: ceiling=0.00, value=53377.0
    [iter 3359911] reheat + diversify: ceiling=0.00, value=58955.0
    [iter 3365664] reheat + diversify: ceiling=0.00, value=51923.0
    [iter 3371417] reheat + diversify: ceiling=0.00, value=41449.0
    [iter 3377170] reheat + diversify: ceiling=0.00, value=41052.0
    [iter 3382923] reheat + diversify: ceiling=0.00, value=41449.0
    [iter 3388676] reheat + diversify: ceiling=0.00, value=35833.0
    [iter 3394429] reheat + diversify: ceiling=0.00, value=44372.0
    [iter 3400182] reheat + diversify: ceiling=0.00, value=60287.0
    [iter 3405935] reheat + diversify: ceiling=0.00, value=45704.0
    [iter 3411688] reheat + diversify: ceiling=0.00, value=57724.0
    [iter 3417441] reheat + diversify: ceiling=0.00, value=55879.0
    [iter 3423194] reheat + diversify: ceiling=0.00, value=47097.0
    [iter 3428947] reheat + diversify: ceiling=0.00, value=52261.0
    [iter 3434700] reheat + diversify: ceiling=0.00, value=51738.0
    [iter 3440453] reheat + diversify: ceiling=0.00, value=66506.0
    [iter 3446206] reheat + diversify: ceiling=0.00, value=49835.0
    [iter 3451959] reheat + diversify: ceiling=0.00, value=39718.0
    [iter 3457712] reheat + diversify: ceiling=0.00, value=51738.0
    [iter 3463465] reheat + diversify: ceiling=0.00, value=54824.0
    [iter 3469218] reheat + diversify: ceiling=0.00, value=48838.0
    [iter 3474971] reheat + diversify: ceiling=0.00, value=49835.0
    [iter 3480724] reheat + diversify: ceiling=0.00, value=41634.0
    [iter 3486477] reheat + diversify: ceiling=0.00, value=66844.0
    [iter 3492230] reheat + diversify: ceiling=0.00, value=30905.0
    [iter 3497983] reheat + diversify: ceiling=0.00, value=54003.0
    [iter 3503736] reheat + diversify: ceiling=0.00, value=54824.0
    [iter 3509489] reheat + diversify: ceiling=0.00, value=51738.0
    [iter 3515242] reheat + diversify: ceiling=0.00, value=48838.0
    [iter 3520995] reheat + diversify: ceiling=0.00, value=35073.0
    [iter 3526748] reheat + diversify: ceiling=0.00, value=59949.0
    [iter 3532501] reheat + diversify: ceiling=0.00, value=60287.0
    [iter 3538254] reheat + diversify: ceiling=0.00, value=66844.0
    [iter 3544007] reheat + diversify: ceiling=0.00, value=66506.0
    [iter 3549760] reheat + diversify: ceiling=0.00, value=39718.0
    [iter 3555513] reheat + diversify: ceiling=0.00, value=51923.0
    [iter 3561266] reheat + diversify: ceiling=0.00, value=57322.0
    [iter 3567019] reheat + diversify: ceiling=0.00, value=39718.0
    [iter 3572772] reheat + diversify: ceiling=0.00, value=51923.0
    [iter 3578525] reheat + diversify: ceiling=0.00, value=58955.0
    [iter 3584278] reheat + diversify: ceiling=0.00, value=48838.0
    [iter 3590031] reheat + diversify: ceiling=0.00, value=50173.0
    [iter 3595784] reheat + diversify: ceiling=0.00, value=49023.0
    [iter 3601537] reheat + diversify: ceiling=0.00, value=54486.0
    [iter 3607290] reheat + diversify: ceiling=0.00, value=29162.0
    [iter 3613043] reheat + diversify: ceiling=0.00, value=47097.0
    [iter 3618796] reheat + diversify: ceiling=0.00, value=54824.0
    [iter 3624549] reheat + diversify: ceiling=0.00, value=54824.0
    [iter 3630302] reheat + diversify: ceiling=0.00, value=45704.0
    [iter 3636055] reheat + diversify: ceiling=0.00, value=45704.0
    [iter 3641808] reheat + diversify: ceiling=0.00, value=41296.0
    [iter 3647561] reheat + diversify: ceiling=0.00, value=55879.0
    [iter 3653314] reheat + diversify: ceiling=0.00, value=41296.0
    [iter 3659067] reheat + diversify: ceiling=0.00, value=40241.0
    [iter 3664820] reheat + diversify: ceiling=0.00, value=54824.0
    [iter 3670573] reheat + diversify: ceiling=0.00, value=45704.0
    [iter 3676326] reheat + diversify: ceiling=0.00, value=41111.0
    [iter 3682079] reheat + diversify: ceiling=0.00, value=43274.0
    [iter 3687832] reheat + diversify: ceiling=0.00, value=50416.0
    [iter 3693585] reheat + diversify: ceiling=0.00, value=66506.0
    [iter 3699338] reheat + diversify: ceiling=0.00, value=56217.0
    [iter 3705091] reheat + diversify: ceiling=0.00, value=55879.0
    [iter 3710844] reheat + diversify: ceiling=0.00, value=51923.0
    [iter 3716597] reheat + diversify: ceiling=0.00, value=49835.0
    [iter 3722350] reheat + diversify: ceiling=0.00, value=49835.0
    [iter 3728103] reheat + diversify: ceiling=0.00, value=54486.0
    [iter 3733856] reheat + diversify: ceiling=0.00, value=55879.0
    [iter 3739609] reheat + diversify: ceiling=0.00, value=54824.0
    [iter 3745362] reheat + diversify: ceiling=0.00, value=54486.0
    [iter 3751115] reheat + diversify: ceiling=0.00, value=39903.0
    [iter 3756868] reheat + diversify: ceiling=0.00, value=58955.0
    [iter 3762621] reheat + diversify: ceiling=0.00, value=50416.0
    [iter 3768374] reheat + diversify: ceiling=0.00, value=47097.0
    [iter 3774127] reheat + diversify: ceiling=0.00, value=54486.0
    [iter 3779880] reheat + diversify: ceiling=0.00, value=51923.0
    [iter 3785633] reheat + diversify: ceiling=0.00, value=46460.0
    [iter 3791386] reheat + diversify: ceiling=0.00, value=54486.0
    [iter 3797139] reheat + diversify: ceiling=0.00, value=41634.0
    [iter 3802892] reheat + diversify: ceiling=0.00, value=45704.0
    [iter 3808645] reheat + diversify: ceiling=0.00, value=38456.0
    [iter 3814398] reheat + diversify: ceiling=0.00, value=55879.0
    [iter 3820151] reheat + diversify: ceiling=0.00, value=41296.0
    [iter 3825904] reheat + diversify: ceiling=0.00, value=48838.0
    [iter 3831657] reheat + diversify: ceiling=0.00, value=48202.0
    [iter 3837410] reheat + diversify: ceiling=0.00, value=53039.0
    [iter 3843163] reheat + diversify: ceiling=0.00, value=60858.0
    [iter 3848916] reheat + diversify: ceiling=0.00, value=60287.0
    [iter 3854669] reheat + diversify: ceiling=0.00, value=60858.0
    [iter 3860422] reheat + diversify: ceiling=0.00, value=50173.0
    [iter 3866175] reheat + diversify: ceiling=0.00, value=52261.0
    [iter 3871928] reheat + diversify: ceiling=0.00, value=47097.0
    [iter 3877681] reheat + diversify: ceiling=0.00, value=54824.0
    [iter 3883434] reheat + diversify: ceiling=0.00, value=35833.0
    [iter 3889187] reheat + diversify: ceiling=0.00, value=54486.0
    [iter 3894940] reheat + diversify: ceiling=0.00, value=63123.0
    [iter 3900693] reheat + diversify: ceiling=0.00, value=54301.0
    [iter 3906446] reheat + diversify: ceiling=0.00, value=63025.0
    [iter 3912199] reheat + diversify: ceiling=0.00, value=58955.0
    [iter 3917952] reheat + diversify: ceiling=0.00, value=41111.0
    [iter 3923705] reheat + diversify: ceiling=0.00, value=49835.0
    [iter 3929458] reheat + diversify: ceiling=0.00, value=48838.0
    [iter 3935211] reheat + diversify: ceiling=0.00, value=46759.0
    [iter 3940964] reheat + diversify: ceiling=0.00, value=48838.0
    [iter 3946717] reheat + diversify: ceiling=0.00, value=54639.0
    [iter 3952470] reheat + diversify: ceiling=0.00, value=39718.0
    [iter 3958223] reheat + diversify: ceiling=0.00, value=45704.0
    [iter 3963976] reheat + diversify: ceiling=0.00, value=51167.0
    [iter 3969729] reheat + diversify: ceiling=0.00, value=60287.0
    [iter 3975482] reheat + diversify: ceiling=0.00, value=57724.0
    [iter 3981235] reheat + diversify: ceiling=0.00, value=48838.0
    [iter 3986988] reheat + diversify: ceiling=0.00, value=60858.0
    [iter 3992741] reheat + diversify: ceiling=0.00, value=45181.0
    [iter 3998494] reheat + diversify: ceiling=0.00, value=41296.0
    [iter 4004247] reheat + diversify: ceiling=0.00, value=66844.0
    [iter 4010000] reheat + diversify: ceiling=0.00, value=60287.0
    [iter 4015753] reheat + diversify: ceiling=0.00, value=45488.0
    [iter 4021506] reheat + diversify: ceiling=0.00, value=49318.0
    [iter 4027259] reheat + diversify: ceiling=0.00, value=55879.0
    [iter 4033012] reheat + diversify: ceiling=0.00, value=60287.0
    [iter 4038765] reheat + diversify: ceiling=0.00, value=44187.0
    [iter 4044518] reheat + diversify: ceiling=0.00, value=44187.0
    [iter 4050271] reheat + diversify: ceiling=0.00, value=63025.0
    [iter 4056024] reheat + diversify: ceiling=0.00, value=46759.0
    [iter 4061777] reheat + diversify: ceiling=0.00, value=51167.0
    [iter 4067530] reheat + diversify: ceiling=0.00, value=50173.0
    [iter 4073283] reheat + diversify: ceiling=0.00, value=41296.0
    [iter 4079036] reheat + diversify: ceiling=0.00, value=46275.0
    [iter 4084789] reheat + diversify: ceiling=0.00, value=55879.0
    [iter 4090542] reheat + diversify: ceiling=0.00, value=50416.0
    [iter 4096295] reheat + diversify: ceiling=0.00, value=46759.0
    [iter 4102048] reheat + diversify: ceiling=0.00, value=54486.0
    [iter 4107801] reheat + diversify: ceiling=0.00, value=40867.0
    [iter 4113554] reheat + diversify: ceiling=0.00, value=45704.0
    [iter 4119307] reheat + diversify: ceiling=0.00, value=55879.0
    [iter 4125060] reheat + diversify: ceiling=0.00, value=54486.0
    [iter 4130813] reheat + diversify: ceiling=0.00, value=43919.0
    [iter 4136566] reheat + diversify: ceiling=0.00, value=58955.0
    [iter 4142319] reheat + diversify: ceiling=0.00, value=54824.0
    [iter 4148072] reheat + diversify: ceiling=0.00, value=40056.0
    [iter 4153825] reheat + diversify: ceiling=0.00, value=66506.0
    [iter 4159578] reheat + diversify: ceiling=0.00, value=59949.0
    [iter 4165331] reheat + diversify: ceiling=0.00, value=46275.0
    [iter 4171084] reheat + diversify: ceiling=0.00, value=40536.0
    [iter 4176837] reheat + diversify: ceiling=0.00, value=48838.0
    [iter 4182590] reheat + diversify: ceiling=0.00, value=51923.0
    [iter 4188343] reheat + diversify: ceiling=0.00, value=49835.0
    [iter 4194096] reheat + diversify: ceiling=0.00, value=57386.0
    [iter 4199849] reheat + diversify: ceiling=0.00, value=60287.0
    [iter 4205602] reheat + diversify: ceiling=0.00, value=54639.0
    [iter 4211355] reheat + diversify: ceiling=0.00, value=60858.0
    [iter 4217108] reheat + diversify: ceiling=0.00, value=41449.0
    [iter 4222861] reheat + diversify: ceiling=0.00, value=36368.0
    [iter 4228614] reheat + diversify: ceiling=0.00, value=41111.0
    [iter 4234367] reheat + diversify: ceiling=0.00, value=57724.0
    [iter 4240120] reheat + diversify: ceiling=0.00, value=57386.0
    [iter 4245873] reheat + diversify: ceiling=0.00, value=42554.0
    [iter 4251626] reheat + diversify: ceiling=0.00, value=66844.0
    [iter 4257379] reheat + diversify: ceiling=0.00, value=66506.0
    [iter 4263132] reheat + diversify: ceiling=0.00, value=54301.0
    [iter 4268885] reheat + diversify: ceiling=0.00, value=66506.0
    [iter 4274638] reheat + diversify: ceiling=0.00, value=35648.0
    [iter 4280391] reheat + diversify: ceiling=0.00, value=46460.0
    [iter 4286144] reheat + diversify: ceiling=0.00, value=41296.0
    [iter 4291897] reheat + diversify: ceiling=0.00, value=49023.0
    [iter 4297650] reheat + diversify: ceiling=0.00, value=66844.0
    [iter 4303403] reheat + diversify: ceiling=0.00, value=30905.0
    [iter 4309156] reheat + diversify: ceiling=0.00, value=61043.0
    [iter 4314909] reheat + diversify: ceiling=0.00, value=49023.0
    [iter 4320662] reheat + diversify: ceiling=0.00, value=45366.0
    [iter 4326415] reheat + diversify: ceiling=0.00, value=56217.0
    [iter 4332168] reheat + diversify: ceiling=0.00, value=54003.0
    [iter 4337921] reheat + diversify: ceiling=0.00, value=60287.0
    [iter 4343674] reheat + diversify: ceiling=0.00, value=54486.0
    [iter 4349427] reheat + diversify: ceiling=0.00, value=51923.0
    [iter 4355180] reheat + diversify: ceiling=0.00, value=66844.0
    [iter 4360933] reheat + diversify: ceiling=0.00, value=31254.0
    [iter 4366686] reheat + diversify: ceiling=0.00, value=56217.0
    [iter 4372439] reheat + diversify: ceiling=0.00, value=51923.0
    [iter 4378192] reheat + diversify: ceiling=0.00, value=66506.0
    [iter 4383945] reheat + diversify: ceiling=0.00, value=43670.0
    [iter 4389698] reheat + diversify: ceiling=0.00, value=55234.0
    [iter 4395451] reheat + diversify: ceiling=0.00, value=49835.0
    [iter 4401204] reheat + diversify: ceiling=0.00, value=38609.0
    [iter 4406957] reheat + diversify: ceiling=0.00, value=41111.0
    [iter 4412710] reheat + diversify: ceiling=0.00, value=41296.0
    [iter 4418463] reheat + diversify: ceiling=0.00, value=51923.0
    [iter 4424216] reheat + diversify: ceiling=0.00, value=45181.0
    [iter 4429969] reheat + diversify: ceiling=0.00, value=54486.0
    [iter 4435722] reheat + diversify: ceiling=0.00, value=60287.0
    [iter 4441475] reheat + diversify: ceiling=0.00, value=55879.0
    [iter 4447228] reheat + diversify: ceiling=0.00, value=39903.0
    [iter 4452981] reheat + diversify: ceiling=0.00, value=55879.0
    [iter 4458734] reheat + diversify: ceiling=0.00, value=47097.0
    [iter 4464487] reheat + diversify: ceiling=0.00, value=45704.0
    [iter 4470240] reheat + diversify: ceiling=0.00, value=54824.0
    [iter 4475993] reheat + diversify: ceiling=0.00, value=57724.0
    [iter 4481746] reheat + diversify: ceiling=0.00, value=49835.0
    [iter 4487499] reheat + diversify: ceiling=0.00, value=57724.0
    [iter 4493252] reheat + diversify: ceiling=0.00, value=43278.0
    [iter 4499005] reheat + diversify: ceiling=0.00, value=57386.0
    [iter 4504758] reheat + diversify: ceiling=0.00, value=66506.0
    [iter 4510511] reheat + diversify: ceiling=0.00, value=60287.0
    [iter 4516264] reheat + diversify: ceiling=0.00, value=66506.0
    [iter 4522017] reheat + diversify: ceiling=0.00, value=51923.0
    [iter 4527770] reheat + diversify: ceiling=0.00, value=54486.0
    [iter 4533523] reheat + diversify: ceiling=0.00, value=46759.0
    [iter 4539276] reheat + diversify: ceiling=0.00, value=54486.0
    [iter 4545029] reheat + diversify: ceiling=0.00, value=55879.0
    [iter 4550782] reheat + diversify: ceiling=0.00, value=40056.0
    [iter 4556535] reheat + diversify: ceiling=0.00, value=39718.0
    [iter 4562288] reheat + diversify: ceiling=0.00, value=54486.0
    [iter 4568041] reheat + diversify: ceiling=0.00, value=66844.0
    [iter 4573794] reheat + diversify: ceiling=0.00, value=54824.0
    [iter 4579547] reheat + diversify: ceiling=0.00, value=32808.0
    [iter 4585300] reheat + diversify: ceiling=0.00, value=54003.0
    [iter 4591053] reheat + diversify: ceiling=0.00, value=60287.0
    [iter 4596806] reheat + diversify: ceiling=0.00, value=57724.0
    [iter 4602559] reheat + diversify: ceiling=0.00, value=41296.0
    [iter 4608312] reheat + diversify: ceiling=0.00, value=54486.0
    [iter 4614065] reheat + diversify: ceiling=0.00, value=51923.0
    [iter 4619818] reheat + diversify: ceiling=0.00, value=60287.0
    [iter 4625571] reheat + diversify: ceiling=0.00, value=51923.0
    [iter 4631324] reheat + diversify: ceiling=0.00, value=61043.0
    [iter 4637077] reheat + diversify: ceiling=0.00, value=51923.0
    [iter 4642830] reheat + diversify: ceiling=0.00, value=54301.0
    [iter 4648583] reheat + diversify: ceiling=0.00, value=66506.0
    [iter 4654336] reheat + diversify: ceiling=0.00, value=51923.0
    [iter 4660089] reheat + diversify: ceiling=0.00, value=54486.0
    [iter 4665842] reheat + diversify: ceiling=0.00, value=57377.0
    [iter 4671595] reheat + diversify: ceiling=0.00, value=38456.0
    [iter 4677348] reheat + diversify: ceiling=0.00, value=57724.0
    [iter 4683101] reheat + diversify: ceiling=0.00, value=52261.0
    [iter 4688854] reheat + diversify: ceiling=0.00, value=45519.0
    [iter 4694607] reheat + diversify: ceiling=0.00, value=47097.0
    [iter 4700360] reheat + diversify: ceiling=0.00, value=57137.0
    [iter 4706113] reheat + diversify: ceiling=0.00, value=57724.0
    [iter 4711866] reheat + diversify: ceiling=0.00, value=49835.0
    [iter 4717619] reheat + diversify: ceiling=0.00, value=53377.0
    [iter 4723372] reheat + diversify: ceiling=0.00, value=51923.0
    [iter 4729125] reheat + diversify: ceiling=0.00, value=46759.0
    [iter 4734878] reheat + diversify: ceiling=0.00, value=59949.0
    [iter 4740631] reheat + diversify: ceiling=0.00, value=54486.0
    [iter 4746384] reheat + diversify: ceiling=0.00, value=57724.0
    [iter 4752137] reheat + diversify: ceiling=0.00, value=59949.0
    [iter 4757890] reheat + diversify: ceiling=0.00, value=61043.0
    [iter 4763643] reheat + diversify: ceiling=0.00, value=36368.0
    [iter 4769396] reheat + diversify: ceiling=0.00, value=52076.0
    [iter 4775149] reheat + diversify: ceiling=0.00, value=61043.0
    [iter 4780902] reheat + diversify: ceiling=0.00, value=66844.0
    [iter 4786655] reheat + diversify: ceiling=0.00, value=41449.0
    [iter 4792408] reheat + diversify: ceiling=0.00, value=66506.0
    [iter 4798161] reheat + diversify: ceiling=0.00, value=60858.0
    [iter 4803914] reheat + diversify: ceiling=0.00, value=59949.0
    [iter 4809667] reheat + diversify: ceiling=0.00, value=58955.0
    [iter 4815420] reheat + diversify: ceiling=0.00, value=45519.0
    [iter 4821173] reheat + diversify: ceiling=0.00, value=36368.0
    [iter 4826926] reheat + diversify: ceiling=0.00, value=38456.0
    [iter 4832679] reheat + diversify: ceiling=0.00, value=54301.0
    [iter 4838432] reheat + diversify: ceiling=0.00, value=61043.0
    [iter 4844185] reheat + diversify: ceiling=0.00, value=44372.0
    [iter 4849938] reheat + diversify: ceiling=0.00, value=47097.0
    [iter 4855691] reheat + diversify: ceiling=0.00, value=60287.0
    [iter 4861444] reheat + diversify: ceiling=0.00, value=54486.0
    [iter 4867197] reheat + diversify: ceiling=0.00, value=54639.0
    [iter 4872950] reheat + diversify: ceiling=0.00, value=39718.0
    [iter 4878703] reheat + diversify: ceiling=0.00, value=61043.0
    [iter 4884456] reheat + diversify: ceiling=0.00, value=55879.0
    [iter 4890209] reheat + diversify: ceiling=0.00, value=54486.0
    [iter 4895962] reheat + diversify: ceiling=0.00, value=46275.0
    [iter 4901715] reheat + diversify: ceiling=0.00, value=41449.0
    [iter 4907468] reheat + diversify: ceiling=0.00, value=39903.0
    [iter 4913221] reheat + diversify: ceiling=0.00, value=54824.0
    [iter 4918974] reheat + diversify: ceiling=0.00, value=45519.0
    [iter 4924727] reheat + diversify: ceiling=0.00, value=52076.0
    [iter 4930480] reheat + diversify: ceiling=0.00, value=54301.0
    [iter 4936233] reheat + diversify: ceiling=0.00, value=51167.0
    [iter 4941986] reheat + diversify: ceiling=0.00, value=45704.0
    [iter 4947739] reheat + diversify: ceiling=0.00, value=45704.0
    [iter 4953492] reheat + diversify: ceiling=0.00, value=44187.0
    [iter 4959245] reheat + diversify: ceiling=0.00, value=52261.0
    [iter 4964998] reheat + diversify: ceiling=0.00, value=60287.0
    [iter 4970751] reheat + diversify: ceiling=0.00, value=55879.0
    [iter 4976504] reheat + diversify: ceiling=0.00, value=40241.0
    [iter 4982257] reheat + diversify: ceiling=0.00, value=41296.0
    [iter 4988010] reheat + diversify: ceiling=0.00, value=54824.0
    [iter 4993763] reheat + diversify: ceiling=0.00, value=59949.0
    [iter 4999516] reheat + diversify: ceiling=0.00, value=54301.0
    [iter 5005269] reheat + diversify: ceiling=0.00, value=56217.0
    [iter 5011022] reheat + diversify: ceiling=0.00, value=45704.0
    [iter 5016775] reheat + diversify: ceiling=0.00, value=50416.0
    [iter 5022528] reheat + diversify: ceiling=0.00, value=39718.0
    [iter 5028281] reheat + diversify: ceiling=0.00, value=41296.0
    [iter 5034034] reheat + diversify: ceiling=0.00, value=48442.0
    [iter 5039787] reheat + diversify: ceiling=0.00, value=57724.0
    [iter 5045540] reheat + diversify: ceiling=0.00, value=61043.0
    [iter 5051293] reheat + diversify: ceiling=0.00, value=53039.0
    [iter 5057046] reheat + diversify: ceiling=0.00, value=59949.0
    [iter 5062799] reheat + diversify: ceiling=0.00, value=29162.0
    [iter 5068552] reheat + diversify: ceiling=0.00, value=57724.0
    [iter 5074305] reheat + diversify: ceiling=0.00, value=49835.0
    [iter 5080058] reheat + diversify: ceiling=0.00, value=41111.0
    [iter 5085811] reheat + diversify: ceiling=0.00, value=61043.0
    [iter 5091564] reheat + diversify: ceiling=0.00, value=40056.0
    [iter 5097317] reheat + diversify: ceiling=0.00, value=66844.0
    [iter 5103070] reheat + diversify: ceiling=0.00, value=41111.0
    [iter 5108823] reheat + diversify: ceiling=0.00, value=55879.0
    [iter 5114576] reheat + diversify: ceiling=0.00, value=59949.0
    [iter 5120329] reheat + diversify: ceiling=0.00, value=66506.0
    [iter 5126082] reheat + diversify: ceiling=0.00, value=51923.0
    [iter 5131835] reheat + diversify: ceiling=0.00, value=66506.0
    [iter 5137588] reheat + diversify: ceiling=0.00, value=39903.0
    [iter 5143341] reheat + diversify: ceiling=0.00, value=52261.0
    [iter 5149094] reheat + diversify: ceiling=0.00, value=29162.0
    [iter 5154847] reheat + diversify: ceiling=0.00, value=57724.0
    [iter 5160600] reheat + diversify: ceiling=0.00, value=57724.0
    [iter 5166353] reheat + diversify: ceiling=0.00, value=54824.0
    [iter 5172106] reheat + diversify: ceiling=0.00, value=60287.0
    [iter 5177859] reheat + diversify: ceiling=0.00, value=49835.0
    [iter 5183612] reheat + diversify: ceiling=0.00, value=54486.0
    [iter 5189365] reheat + diversify: ceiling=0.00, value=50173.0
    [iter 5195118] reheat + diversify: ceiling=0.00, value=60858.0
    [iter 5200871] reheat + diversify: ceiling=0.00, value=55879.0
    [iter 5206624] reheat + diversify: ceiling=0.00, value=53039.0
    [iter 5212377] reheat + diversify: ceiling=0.00, value=36368.0
    [iter 5218130] reheat + diversify: ceiling=0.00, value=39903.0
    [iter 5223883] reheat + diversify: ceiling=0.00, value=47097.0
    [iter 5229636] reheat + diversify: ceiling=0.00, value=57724.0
    [iter 5235389] reheat + diversify: ceiling=0.00, value=61043.0
    [iter 5241142] reheat + diversify: ceiling=0.00, value=55879.0
    [iter 5246895] reheat + diversify: ceiling=0.00, value=54301.0
    [iter 5252648] reheat + diversify: ceiling=0.00, value=57724.0
    [iter 5258401] reheat + diversify: ceiling=0.00, value=52261.0
    [iter 5264154] reheat + diversify: ceiling=0.00, value=66506.0
    [iter 5269907] reheat + diversify: ceiling=0.00, value=46275.0
    [iter 5275660] reheat + diversify: ceiling=0.00, value=51923.0
    [iter 5281413] reheat + diversify: ceiling=0.00, value=61043.0
    [iter 5287166] reheat + diversify: ceiling=0.00, value=49318.0
    [iter 5292919] reheat + diversify: ceiling=0.00, value=44372.0
    [iter 5298672] reheat + diversify: ceiling=0.00, value=46275.0
    [iter 5304425] reheat + diversify: ceiling=0.00, value=41296.0
    [iter 5310178] reheat + diversify: ceiling=0.00, value=29087.0
    [iter 5315931] reheat + diversify: ceiling=0.00, value=47097.0
    [iter 5321684] reheat + diversify: ceiling=0.00, value=66844.0
    [iter 5327437] reheat + diversify: ceiling=0.00, value=54639.0
    [iter 5333190] reheat + diversify: ceiling=0.00, value=46275.0
    [iter 5338943] reheat + diversify: ceiling=0.00, value=46759.0
    [iter 5344696] reheat + diversify: ceiling=0.00, value=48838.0
    [iter 5350449] reheat + diversify: ceiling=0.00, value=47097.0
    [iter 5356202] reheat + diversify: ceiling=0.00, value=61043.0
    [iter 5361955] reheat + diversify: ceiling=0.00, value=41296.0
    [iter 5367708] reheat + diversify: ceiling=0.00, value=28847.0
    [iter 5373461] reheat + diversify: ceiling=0.00, value=49023.0
    [iter 5379214] reheat + diversify: ceiling=0.00, value=66506.0
    [iter 5384967] reheat + diversify: ceiling=0.00, value=35648.0
    [iter 5390720] reheat + diversify: ceiling=0.00, value=41111.0
    [iter 5396473] reheat + diversify: ceiling=0.00, value=52261.0
    [iter 5402226] reheat + diversify: ceiling=0.00, value=59949.0
    [iter 5407979] reheat + diversify: ceiling=0.00, value=57724.0
    [iter 5413732] reheat + diversify: ceiling=0.00, value=48838.0
    [iter 5419485] reheat + diversify: ceiling=0.00, value=52076.0
    [iter 5425238] reheat + diversify: ceiling=0.00, value=30905.0
    [iter 5430991] reheat + diversify: ceiling=0.00, value=49835.0
    [iter 5436744] reheat + diversify: ceiling=0.00, value=45704.0
    [iter 5442497] reheat + diversify: ceiling=0.00, value=57386.0
    [iter 5448250] reheat + diversify: ceiling=0.00, value=54301.0
    [iter 5454003] reheat + diversify: ceiling=0.00, value=41634.0
    [iter 5459756] reheat + diversify: ceiling=0.00, value=66506.0
    [iter 5465509] reheat + diversify: ceiling=0.00, value=49318.0
    [iter 5471262] reheat + diversify: ceiling=0.00, value=54824.0
    [iter 5477015] reheat + diversify: ceiling=0.00, value=55879.0
    [iter 5482768] reheat + diversify: ceiling=0.00, value=47576.0
    [iter 5488521] reheat + diversify: ceiling=0.00, value=49835.0
    [iter 5494274] reheat + diversify: ceiling=0.00, value=50231.0
    [iter 5500027] reheat + diversify: ceiling=0.00, value=54486.0
    [iter 5505780] reheat + diversify: ceiling=0.00, value=51167.0
    [iter 5511533] reheat + diversify: ceiling=0.00, value=60287.0
    [iter 5517286] reheat + diversify: ceiling=0.00, value=57386.0
    [iter 5523039] reheat + diversify: ceiling=0.00, value=50231.0
    [iter 5528792] reheat + diversify: ceiling=0.00, value=47097.0
    [iter 5534545] reheat + diversify: ceiling=0.00, value=49835.0
    [iter 5540298] reheat + diversify: ceiling=0.00, value=44187.0
    [iter 5546051] reheat + diversify: ceiling=0.00, value=45704.0
    [iter 5551804] reheat + diversify: ceiling=0.00, value=51923.0
    [iter 5557557] reheat + diversify: ceiling=0.00, value=61043.0
    [iter 5563310] reheat + diversify: ceiling=0.00, value=60287.0
    [iter 5569063] reheat + diversify: ceiling=0.00, value=54486.0
    [iter 5574816] reheat + diversify: ceiling=0.00, value=46759.0
    [iter 5580569] reheat + diversify: ceiling=0.00, value=47097.0
    [iter 5586322] reheat + diversify: ceiling=0.00, value=43855.0
    [iter 5592075] reheat + diversify: ceiling=0.00, value=52394.0
    [iter 5597828] reheat + diversify: ceiling=0.00, value=41296.0
    [iter 5603581] reheat + diversify: ceiling=0.00, value=49835.0
    [iter 5609334] reheat + diversify: ceiling=0.00, value=38271.0
    [iter 5615087] reheat + diversify: ceiling=0.00, value=51923.0
    [iter 5620840] reheat + diversify: ceiling=0.00, value=51167.0
    [iter 5626593] reheat + diversify: ceiling=0.00, value=66844.0
    [iter 5632346] reheat + diversify: ceiling=0.00, value=44187.0
    [iter 5638099] reheat + diversify: ceiling=0.00, value=34735.0
    [iter 5643852] reheat + diversify: ceiling=0.00, value=47097.0
    [iter 5649605] reheat + diversify: ceiling=0.00, value=66844.0
    [iter 5655358] reheat + diversify: ceiling=0.00, value=61043.0
    [iter 5661111] reheat + diversify: ceiling=0.00, value=57724.0
    [iter 5666864] reheat + diversify: ceiling=0.00, value=47576.0
    [iter 5672617] reheat + diversify: ceiling=0.00, value=50173.0
    [iter 5678370] reheat + diversify: ceiling=0.00, value=57724.0
    [iter 5684123] reheat + diversify: ceiling=0.00, value=54824.0
    [iter 5689876] reheat + diversify: ceiling=0.00, value=39903.0
    [iter 5695629] reheat + diversify: ceiling=0.00, value=45366.0
    [iter 5701382] reheat + diversify: ceiling=0.00, value=61043.0
    [iter 5707135] reheat + diversify: ceiling=0.00, value=43855.0
    [iter 5712888] reheat + diversify: ceiling=0.00, value=47097.0
    [iter 5718641] reheat + diversify: ceiling=0.00, value=30905.0
    [iter 5724394] reheat + diversify: ceiling=0.00, value=41296.0
    [iter 5730147] reheat + diversify: ceiling=0.00, value=66506.0
    [iter 5735900] reheat + diversify: ceiling=0.00, value=49023.0
    [iter 5741653] reheat + diversify: ceiling=0.00, value=50416.0
    [iter 5747406] reheat + diversify: ceiling=0.00, value=54824.0
    [iter 5753159] reheat + diversify: ceiling=0.00, value=44372.0
    [iter 5758912] reheat + diversify: ceiling=0.00, value=41634.0
    [iter 5764665] reheat + diversify: ceiling=0.00, value=50173.0
    [iter 5770418] reheat + diversify: ceiling=0.00, value=51923.0
    [iter 5776171] reheat + diversify: ceiling=0.00, value=48257.0
    [iter 5781924] reheat + diversify: ceiling=0.00, value=66844.0
    [iter 5787677] reheat + diversify: ceiling=0.00, value=36368.0
    [iter 5793430] reheat + diversify: ceiling=0.00, value=56217.0
    [iter 5799183] reheat + diversify: ceiling=0.00, value=52394.0
    [iter 5804936] reheat + diversify: ceiling=0.00, value=51923.0
    [iter 5810689] reheat + diversify: ceiling=0.00, value=35833.0
    [iter 5816442] reheat + diversify: ceiling=0.00, value=57724.0
    [iter 5822195] reheat + diversify: ceiling=0.00, value=54639.0
    [iter 5827948] reheat + diversify: ceiling=0.00, value=51167.0
    [iter 5833701] reheat + diversify: ceiling=0.00, value=66844.0
    [iter 5839454] reheat + diversify: ceiling=0.00, value=51738.0
    [iter 5845207] reheat + diversify: ceiling=0.00, value=61043.0
    [iter 5850960] reheat + diversify: ceiling=0.00, value=54486.0
    [iter 5856713] reheat + diversify: ceiling=0.00, value=54301.0
    [iter 5862466] reheat + diversify: ceiling=0.00, value=54003.0
    [iter 5868219] reheat + diversify: ceiling=0.00, value=58955.0
    [iter 5873972] reheat + diversify: ceiling=0.00, value=50416.0
    [iter 5879725] reheat + diversify: ceiling=0.00, value=61043.0
    [iter 5885478] reheat + diversify: ceiling=0.00, value=54486.0
    [iter 5891231] reheat + diversify: ceiling=0.00, value=57724.0
    [iter 5896984] reheat + diversify: ceiling=0.00, value=40056.0
    [iter 5902737] reheat + diversify: ceiling=0.00, value=54301.0
    [iter 5908490] reheat + diversify: ceiling=0.00, value=54301.0
    [iter 5914243] reheat + diversify: ceiling=0.00, value=50173.0
    [iter 5919996] reheat + diversify: ceiling=0.00, value=66844.0
    [iter 5925749] reheat + diversify: ceiling=0.00, value=60858.0
    [iter 5931502] reheat + diversify: ceiling=0.00, value=44257.0
    [iter 5937255] reheat + diversify: ceiling=0.00, value=53039.0
    [iter 5943008] reheat + diversify: ceiling=0.00, value=54486.0
    [iter 5948761] reheat + diversify: ceiling=0.00, value=57724.0
    [iter 5954514] reheat + diversify: ceiling=0.00, value=43919.0
    [iter 5960267] reheat + diversify: ceiling=0.00, value=51738.0
    [iter 5966020] reheat + diversify: ceiling=0.00, value=60858.0
    [iter 5971773] reheat + diversify: ceiling=0.00, value=59949.0
    [iter 5977526] reheat + diversify: ceiling=0.00, value=54486.0
    [iter 5983279] reheat + diversify: ceiling=0.00, value=54301.0
    [iter 5989032] reheat + diversify: ceiling=0.00, value=55234.0
    [iter 5994785] reheat + diversify: ceiling=0.00, value=45704.0
    [iter 6000538] reheat + diversify: ceiling=0.00, value=54486.0
    [iter 6006291] reheat + diversify: ceiling=0.00, value=50416.0
    [iter 6012044] reheat + diversify: ceiling=0.00, value=48442.0
    [iter 6017797] reheat + diversify: ceiling=0.00, value=47097.0
    [iter 6023550] reheat + diversify: ceiling=0.00, value=39718.0
    [iter 6029303] reheat + diversify: ceiling=0.00, value=45366.0
    [iter 6035056] reheat + diversify: ceiling=0.00, value=39718.0
    [iter 6040809] reheat + diversify: ceiling=0.00, value=45519.0
    [iter 6046562] reheat + diversify: ceiling=0.00, value=53039.0
    [iter 6052315] reheat + diversify: ceiling=0.00, value=45366.0
    [iter 6058068] reheat + diversify: ceiling=0.00, value=29162.0
    [iter 6063821] reheat + diversify: ceiling=0.00, value=51923.0
    [iter 6069574] reheat + diversify: ceiling=0.00, value=59949.0
    [iter 6075327] reheat + diversify: ceiling=0.00, value=44187.0
    [iter 6081080] reheat + diversify: ceiling=0.00, value=50173.0
    [iter 6086833] reheat + diversify: ceiling=0.00, value=58955.0
    [iter 6092586] reheat + diversify: ceiling=0.00, value=41634.0
    [iter 6098339] reheat + diversify: ceiling=0.00, value=52261.0
    [iter 6104092] reheat + diversify: ceiling=0.00, value=44372.0
    [iter 6109845] reheat + diversify: ceiling=0.00, value=47097.0
    [iter 6115598] reheat + diversify: ceiling=0.00, value=66506.0
    [iter 6121351] reheat + diversify: ceiling=0.00, value=56217.0
    [iter 6127104] reheat + diversify: ceiling=0.00, value=60287.0
    [iter 6132857] reheat + diversify: ceiling=0.00, value=54486.0
    [iter 6138610] reheat + diversify: ceiling=0.00, value=50416.0
    [iter 6144363] reheat + diversify: ceiling=0.00, value=56217.0
    [iter 6150116] reheat + diversify: ceiling=0.00, value=54486.0
    [iter 6155869] reheat + diversify: ceiling=0.00, value=66506.0
    [iter 6161622] reheat + diversify: ceiling=0.00, value=55879.0
    [iter 6167375] reheat + diversify: ceiling=0.00, value=54824.0
    [iter 6173128] reheat + diversify: ceiling=0.00, value=53039.0
    [iter 6178881] reheat + diversify: ceiling=0.00, value=43274.0
    [iter 6184634] reheat + diversify: ceiling=0.00, value=39903.0
    [iter 6190387] reheat + diversify: ceiling=0.00, value=41634.0
    [iter 6196140] reheat + diversify: ceiling=0.00, value=41296.0
    [iter 6201893] reheat + diversify: ceiling=0.00, value=59949.0
    [iter 6207646] reheat + diversify: ceiling=0.00, value=51923.0
    [iter 6213399] reheat + diversify: ceiling=0.00, value=46460.0
    [iter 6219152] reheat + diversify: ceiling=0.00, value=56217.0
    [iter 6224905] reheat + diversify: ceiling=0.00, value=58955.0
    [iter 6230658] reheat + diversify: ceiling=0.00, value=60287.0
    [iter 6236411] reheat + diversify: ceiling=0.00, value=52261.0
    [iter 6242164] reheat + diversify: ceiling=0.00, value=46275.0
    [iter 6247917] reheat + diversify: ceiling=0.00, value=56217.0
    [iter 6253670] reheat + diversify: ceiling=0.00, value=54301.0
    [iter 6259423] reheat + diversify: ceiling=0.00, value=51923.0
    [iter 6265176] reheat + diversify: ceiling=0.00, value=61043.0
    [iter 6270929] reheat + diversify: ceiling=0.00, value=54824.0
    [iter 6276682] reheat + diversify: ceiling=0.00, value=48838.0
    [iter 6282435] reheat + diversify: ceiling=0.00, value=54486.0
    [iter 6288188] reheat + diversify: ceiling=0.00, value=54243.0
    [iter 6293941] reheat + diversify: ceiling=0.00, value=50231.0
    [iter 6299694] reheat + diversify: ceiling=0.00, value=50416.0
    [iter 6305447] reheat + diversify: ceiling=0.00, value=57386.0
    [iter 6311200] reheat + diversify: ceiling=0.00, value=41296.0
    [iter 6316953] reheat + diversify: ceiling=0.00, value=54486.0
    [iter 6322706] reheat + diversify: ceiling=0.00, value=39903.0
    [iter 6328459] reheat + diversify: ceiling=0.00, value=50173.0
    [iter 6334212] reheat + diversify: ceiling=0.00, value=54824.0
    [iter 6339965] reheat + diversify: ceiling=0.00, value=50173.0
    [iter 6345718] reheat + diversify: ceiling=0.00, value=54486.0
    [iter 6351471] reheat + diversify: ceiling=0.00, value=41634.0
    [iter 6357224] reheat + diversify: ceiling=0.00, value=58955.0
    [iter 6362977] reheat + diversify: ceiling=0.00, value=46275.0
    [iter 6368730] reheat + diversify: ceiling=0.00, value=37626.0
    [iter 6374483] reheat + diversify: ceiling=0.00, value=58955.0
    [iter 6380236] reheat + diversify: ceiling=0.00, value=53039.0
    [iter 6385989] reheat + diversify: ceiling=0.00, value=44257.0
    [iter 6391742] reheat + diversify: ceiling=0.00, value=54486.0
    [iter 6397495] reheat + diversify: ceiling=0.00, value=45704.0
    [iter 6403248] reheat + diversify: ceiling=0.00, value=60858.0
    [iter 6409001] reheat + diversify: ceiling=0.00, value=60858.0
    [iter 6414754] reheat + diversify: ceiling=0.00, value=47097.0
    [iter 6420507] reheat + diversify: ceiling=0.00, value=36368.0
    [iter 6426260] reheat + diversify: ceiling=0.00, value=60287.0
    [iter 6432013] reheat + diversify: ceiling=0.00, value=35833.0
    [iter 6437766] reheat + diversify: ceiling=0.00, value=51167.0
    [iter 6443519] reheat + diversify: ceiling=0.00, value=66506.0
    [iter 6449272] reheat + diversify: ceiling=0.00, value=54824.0
    [iter 6455025] reheat + diversify: ceiling=0.00, value=66506.0
    [iter 6460778] reheat + diversify: ceiling=0.00, value=66506.0
    [iter 6466531] reheat + diversify: ceiling=0.00, value=54486.0
    [iter 6472284] reheat + diversify: ceiling=0.00, value=66506.0
    [iter 6478037] reheat + diversify: ceiling=0.00, value=66506.0
    [iter 6483790] reheat + diversify: ceiling=0.00, value=51923.0
    [iter 6489543] reheat + diversify: ceiling=0.00, value=66506.0
    [iter 6495296] reheat + diversify: ceiling=0.00, value=54824.0
    [iter 6501049] reheat + diversify: ceiling=0.00, value=54824.0
    [iter 6506802] reheat + diversify: ceiling=0.00, value=41296.0
    [iter 6512555] reheat + diversify: ceiling=0.00, value=60287.0
    [iter 6518308] reheat + diversify: ceiling=0.00, value=51923.0
    [iter 6524061] reheat + diversify: ceiling=0.00, value=47391.0
    [iter 6529814] reheat + diversify: ceiling=0.00, value=66506.0
    [iter 6535567] reheat + diversify: ceiling=0.00, value=54486.0
    [iter 6541320] reheat + diversify: ceiling=0.00, value=41634.0
    [iter 6547073] reheat + diversify: ceiling=0.00, value=53039.0
    [iter 6552826] reheat + diversify: ceiling=0.00, value=63363.0
    [iter 6558579] reheat + diversify: ceiling=0.00, value=54486.0
    [iter 6564332] reheat + diversify: ceiling=0.00, value=46460.0
    [iter 6570085] reheat + diversify: ceiling=0.00, value=29162.0
    [iter 6575838] reheat + diversify: ceiling=0.00, value=45704.0
    [iter 6581591] reheat + diversify: ceiling=0.00, value=47391.0
    [iter 6587344] reheat + diversify: ceiling=0.00, value=44187.0
    [iter 6593097] reheat + diversify: ceiling=0.00, value=56217.0
    [iter 6598850] reheat + diversify: ceiling=0.00, value=54824.0
    [iter 6604603] reheat + diversify: ceiling=0.00, value=54301.0
    [iter 6610356] reheat + diversify: ceiling=0.00, value=66844.0
    [iter 6616109] reheat + diversify: ceiling=0.00, value=51167.0
    [iter 6621862] reheat + diversify: ceiling=0.00, value=60287.0
    [iter 6627615] reheat + diversify: ceiling=0.00, value=60287.0
    [iter 6633368] reheat + diversify: ceiling=0.00, value=58955.0
    [iter 6639121] reheat + diversify: ceiling=0.00, value=54486.0
    [iter 6644874] reheat + diversify: ceiling=0.00, value=57724.0
    [iter 6650627] reheat + diversify: ceiling=0.00, value=36368.0
    [iter 6656380] reheat + diversify: ceiling=0.00, value=54301.0
    [iter 6662133] reheat + diversify: ceiling=0.00, value=45704.0
    [iter 6667886] reheat + diversify: ceiling=0.00, value=58955.0
    [iter 6673639] reheat + diversify: ceiling=0.00, value=60287.0
    [iter 6679392] reheat + diversify: ceiling=0.00, value=52261.0
    [iter 6685145] reheat + diversify: ceiling=0.00, value=43919.0
    [iter 6690898] reheat + diversify: ceiling=0.00, value=54824.0
    [iter 6696651] reheat + diversify: ceiling=0.00, value=54486.0
    [iter 6702404] reheat + diversify: ceiling=0.00, value=61043.0
    [iter 6708157] reheat + diversify: ceiling=0.00, value=40198.0
    [iter 6713910] reheat + diversify: ceiling=0.00, value=59949.0
    [iter 6719663] reheat + diversify: ceiling=0.00, value=63363.0
    [iter 6725416] reheat + diversify: ceiling=0.00, value=57386.0
    [iter 6731169] reheat + diversify: ceiling=0.00, value=45704.0
    [iter 6736922] reheat + diversify: ceiling=0.00, value=47097.0
    [iter 6742675] reheat + diversify: ceiling=0.00, value=60287.0
    [iter 6748428] reheat + diversify: ceiling=0.00, value=52261.0
    [iter 6754181] reheat + diversify: ceiling=0.00, value=55879.0
    [iter 6759934] reheat + diversify: ceiling=0.00, value=66506.0
    [iter 6765687] reheat + diversify: ceiling=0.00, value=51738.0
    [iter 6771440] reheat + diversify: ceiling=0.00, value=58955.0
    [iter 6777193] reheat + diversify: ceiling=0.00, value=57724.0
    [iter 6782946] reheat + diversify: ceiling=0.00, value=48838.0
    [iter 6788699] reheat + diversify: ceiling=0.00, value=30905.0
    [iter 6794452] reheat + diversify: ceiling=0.00, value=41296.0
    [iter 6800205] reheat + diversify: ceiling=0.00, value=66506.0
    [iter 6805958] reheat + diversify: ceiling=0.00, value=38609.0
    [iter 6811711] reheat + diversify: ceiling=0.00, value=51923.0
    [iter 6817464] reheat + diversify: ceiling=0.00, value=35648.0
    [iter 6823217] reheat + diversify: ceiling=0.00, value=50231.0
    [iter 6828970] reheat + diversify: ceiling=0.00, value=44372.0
    [iter 6834723] reheat + diversify: ceiling=0.00, value=40056.0
    [iter 6840476] reheat + diversify: ceiling=0.00, value=66506.0
    [iter 6846229] reheat + diversify: ceiling=0.00, value=66506.0
    [iter 6851982] reheat + diversify: ceiling=0.00, value=54486.0
    [iter 6857735] reheat + diversify: ceiling=0.00, value=57386.0
    [iter 6863488] reheat + diversify: ceiling=0.00, value=54486.0
    [iter 6869241] reheat + diversify: ceiling=0.00, value=45519.0
    [iter 6874994] reheat + diversify: ceiling=0.00, value=54301.0
    [iter 6880747] reheat + diversify: ceiling=0.00, value=34735.0
    [iter 6886500] reheat + diversify: ceiling=0.00, value=59949.0
    [iter 6892253] reheat + diversify: ceiling=0.00, value=61043.0
    [iter 6898006] reheat + diversify: ceiling=0.00, value=54486.0
    [iter 6903759] reheat + diversify: ceiling=0.00, value=48838.0
    [iter 6909512] reheat + diversify: ceiling=0.00, value=57386.0
    [iter 6915265] reheat + diversify: ceiling=0.00, value=29162.0
    [iter 6921018] reheat + diversify: ceiling=0.00, value=60287.0
    [iter 6926771] reheat + diversify: ceiling=0.00, value=45366.0
    [iter 6932524] reheat + diversify: ceiling=0.00, value=48838.0
    [iter 6938277] reheat + diversify: ceiling=0.00, value=41052.0
    [iter 6944030] reheat + diversify: ceiling=0.00, value=55879.0
    [iter 6949783] reheat + diversify: ceiling=0.00, value=38271.0
    [iter 6955536] reheat + diversify: ceiling=0.00, value=41296.0
    [iter 6961289] reheat + diversify: ceiling=0.00, value=38271.0
    [iter 6967042] reheat + diversify: ceiling=0.00, value=49318.0
    [iter 6972795] reheat + diversify: ceiling=0.00, value=54301.0
    [iter 6978548] reheat + diversify: ceiling=0.00, value=52261.0
    [iter 6984301] reheat + diversify: ceiling=0.00, value=32647.0
    [iter 6990054] reheat + diversify: ceiling=0.00, value=54486.0
    [iter 6995807] reheat + diversify: ceiling=0.00, value=58955.0
    [iter 7001560] reheat + diversify: ceiling=0.00, value=66506.0
    [iter 7007313] reheat + diversify: ceiling=0.00, value=40056.0
    [iter 7013066] reheat + diversify: ceiling=0.00, value=34735.0
    [iter 7018819] reheat + diversify: ceiling=0.00, value=66844.0
    [iter 7024572] reheat + diversify: ceiling=0.00, value=39718.0
    [iter 7030325] reheat + diversify: ceiling=0.00, value=57386.0
    [iter 7036078] reheat + diversify: ceiling=0.00, value=41111.0
    [iter 7041831] reheat + diversify: ceiling=0.00, value=56217.0
    [iter 7047584] reheat + diversify: ceiling=0.00, value=28847.0
    [iter 7053337] reheat + diversify: ceiling=0.00, value=60287.0
    [iter 7059090] reheat + diversify: ceiling=0.00, value=57724.0
    [iter 7064843] reheat + diversify: ceiling=0.00, value=41449.0
    [iter 7070596] reheat + diversify: ceiling=0.00, value=54301.0
    [iter 7076349] reheat + diversify: ceiling=0.00, value=44372.0
    [iter 7082102] reheat + diversify: ceiling=0.00, value=30905.0
    [iter 7087855] reheat + diversify: ceiling=0.00, value=57386.0
    [iter 7093608] reheat + diversify: ceiling=0.00, value=58955.0
    [iter 7099361] reheat + diversify: ceiling=0.00, value=35723.0
    [iter 7105114] reheat + diversify: ceiling=0.00, value=35073.0
    [iter 7110867] reheat + diversify: ceiling=0.00, value=55879.0
    [iter 7116620] reheat + diversify: ceiling=0.00, value=60287.0
    [iter 7122373] reheat + diversify: ceiling=0.00, value=54243.0
    [iter 7128126] reheat + diversify: ceiling=0.00, value=66506.0
    [iter 7133879] reheat + diversify: ceiling=0.00, value=53377.0
    [iter 7139632] reheat + diversify: ceiling=0.00, value=52076.0
    [iter 7145385] reheat + diversify: ceiling=0.00, value=51923.0
    [iter 7151138] reheat + diversify: ceiling=0.00, value=45704.0
    [iter 7156891] reheat + diversify: ceiling=0.00, value=51167.0
    [iter 7162644] reheat + diversify: ceiling=0.00, value=66844.0
    [iter 7168397] reheat + diversify: ceiling=0.00, value=45704.0
    [iter 7174150] reheat + diversify: ceiling=0.00, value=55879.0
    [iter 7179903] reheat + diversify: ceiling=0.00, value=58955.0
    [iter 7185656] reheat + diversify: ceiling=0.00, value=44372.0
    [iter 7191409] reheat + diversify: ceiling=0.00, value=54824.0
    [iter 7197162] reheat + diversify: ceiling=0.00, value=54301.0
    [iter 7202915] reheat + diversify: ceiling=0.00, value=54486.0
    [iter 7208668] reheat + diversify: ceiling=0.00, value=49023.0
    [iter 7214421] reheat + diversify: ceiling=0.00, value=49835.0
    [iter 7220174] reheat + diversify: ceiling=0.00, value=61043.0
    [iter 7225927] reheat + diversify: ceiling=0.00, value=54301.0
    [iter 7231680] reheat + diversify: ceiling=0.00, value=66506.0
    [iter 7237433] reheat + diversify: ceiling=0.00, value=54639.0
    [iter 7243186] reheat + diversify: ceiling=0.00, value=66844.0
    [iter 7248939] reheat + diversify: ceiling=0.00, value=60858.0
    [iter 7254692] reheat + diversify: ceiling=0.00, value=66506.0
    [iter 7260445] reheat + diversify: ceiling=0.00, value=44372.0
    [iter 7266198] reheat + diversify: ceiling=0.00, value=66844.0
    [iter 7271951] reheat + diversify: ceiling=0.00, value=58955.0
    [iter 7277704] reheat + diversify: ceiling=0.00, value=32808.0
    [iter 7283457] reheat + diversify: ceiling=0.00, value=30720.0
    [iter 7289210] reheat + diversify: ceiling=0.00, value=39903.0
    [iter 7294963] reheat + diversify: ceiling=0.00, value=39903.0
    [iter 7300716] reheat + diversify: ceiling=0.00, value=44372.0
    [iter 7306469] reheat + diversify: ceiling=0.00, value=46275.0
    [iter 7312222] reheat + diversify: ceiling=0.00, value=38456.0
    [iter 7317975] reheat + diversify: ceiling=0.00, value=47576.0
    [iter 7323728] reheat + diversify: ceiling=0.00, value=55879.0
    [iter 7329481] reheat + diversify: ceiling=0.00, value=58955.0
    [iter 7335234] reheat + diversify: ceiling=0.00, value=58955.0
    [iter 7340987] reheat + diversify: ceiling=0.00, value=59949.0
    [iter 7346740] reheat + diversify: ceiling=0.00, value=54486.0
    [iter 7352493] reheat + diversify: ceiling=0.00, value=59949.0
    [iter 7358246] reheat + diversify: ceiling=0.00, value=66506.0
    [iter 7363999] reheat + diversify: ceiling=0.00, value=60287.0
    [iter 7369752] reheat + diversify: ceiling=0.00, value=57724.0
    [iter 7375505] reheat + diversify: ceiling=0.00, value=55879.0
    [iter 7381258] reheat + diversify: ceiling=0.00, value=54486.0
    [iter 7387011] reheat + diversify: ceiling=0.00, value=57724.0
    [iter 7392764] reheat + diversify: ceiling=0.00, value=54486.0
    [iter 7398517] reheat + diversify: ceiling=0.00, value=60858.0
    [iter 7404270] reheat + diversify: ceiling=0.00, value=61043.0
    [iter 7410023] reheat + diversify: ceiling=0.00, value=66844.0
    [iter 7415776] reheat + diversify: ceiling=0.00, value=41296.0
    [iter 7421529] reheat + diversify: ceiling=0.00, value=66844.0
    [iter 7427282] reheat + diversify: ceiling=0.00, value=51738.0
    [iter 7433035] reheat + diversify: ceiling=0.00, value=61043.0
    [iter 7438788] reheat + diversify: ceiling=0.00, value=51923.0
    [iter 7444541] reheat + diversify: ceiling=0.00, value=45519.0
    [iter 7450294] reheat + diversify: ceiling=0.00, value=49835.0
    [iter 7456047] reheat + diversify: ceiling=0.00, value=49835.0
    [iter 7461800] reheat + diversify: ceiling=0.00, value=55879.0
    [iter 7467553] reheat + diversify: ceiling=0.00, value=47097.0
    [iter 7473306] reheat + diversify: ceiling=0.00, value=51923.0
    [iter 7479059] reheat + diversify: ceiling=0.00, value=55879.0
    [iter 7484812] reheat + diversify: ceiling=0.00, value=66506.0
    [iter 7490565] reheat + diversify: ceiling=0.00, value=49835.0
    [iter 7496318] reheat + diversify: ceiling=0.00, value=54639.0
    [iter 7502071] reheat + diversify: ceiling=0.00, value=51923.0
    [iter 7507824] reheat + diversify: ceiling=0.00, value=54486.0
    [iter 7513577] reheat + diversify: ceiling=0.00, value=49835.0
    [iter 7519330] reheat + diversify: ceiling=0.00, value=54301.0
    [iter 7525083] reheat + diversify: ceiling=0.00, value=51923.0
    [iter 7530836] reheat + diversify: ceiling=0.00, value=41296.0
    [iter 7536589] reheat + diversify: ceiling=0.00, value=60287.0
    [iter 7542342] reheat + diversify: ceiling=0.00, value=51167.0
    [iter 7548095] reheat + diversify: ceiling=0.00, value=54639.0
    [iter 7553848] reheat + diversify: ceiling=0.00, value=41296.0
    [iter 7559601] reheat + diversify: ceiling=0.00, value=49835.0
    [iter 7565354] reheat + diversify: ceiling=0.00, value=59949.0
    [iter 7571107] reheat + diversify: ceiling=0.00, value=46759.0
    [iter 7576860] reheat + diversify: ceiling=0.00, value=50231.0
    [iter 7582613] reheat + diversify: ceiling=0.00, value=44187.0
    [iter 7588366] reheat + diversify: ceiling=0.00, value=66506.0
    [iter 7594119] reheat + diversify: ceiling=0.00, value=55879.0
    [iter 7599872] reheat + diversify: ceiling=0.00, value=54301.0
    [iter 7605625] reheat + diversify: ceiling=0.00, value=59949.0
    [iter 7611378] reheat + diversify: ceiling=0.00, value=49835.0
    [iter 7617131] reheat + diversify: ceiling=0.00, value=41449.0
    [iter 7622884] reheat + diversify: ceiling=0.00, value=40056.0
    [iter 7628637] reheat + diversify: ceiling=0.00, value=51923.0
    [iter 7634390] reheat + diversify: ceiling=0.00, value=38794.0
    [iter 7640143] reheat + diversify: ceiling=0.00, value=45519.0
    [iter 7645896] reheat + diversify: ceiling=0.00, value=60287.0
    [iter 7651649] reheat + diversify: ceiling=0.00, value=45704.0
    [iter 7657402] reheat + diversify: ceiling=0.00, value=48838.0
    [iter 7663155] reheat + diversify: ceiling=0.00, value=50416.0
    [iter 7668908] reheat + diversify: ceiling=0.00, value=40536.0
    [iter 7674661] reheat + diversify: ceiling=0.00, value=39718.0
    [iter 7680414] reheat + diversify: ceiling=0.00, value=56217.0
    [iter 7686167] reheat + diversify: ceiling=0.00, value=48838.0
    [iter 7691920] reheat + diversify: ceiling=0.00, value=57724.0
    [iter 7697673] reheat + diversify: ceiling=0.00, value=44372.0
    [iter 7703426] reheat + diversify: ceiling=0.00, value=47097.0
    [iter 7709179] reheat + diversify: ceiling=0.00, value=50173.0
    [iter 7714932] reheat + diversify: ceiling=0.00, value=57562.0
    [iter 7720685] reheat + diversify: ceiling=0.00, value=61043.0
    [iter 7726438] reheat + diversify: ceiling=0.00, value=47097.0
    [iter 7732191] reheat + diversify: ceiling=0.00, value=66844.0
    [iter 7737944] reheat + diversify: ceiling=0.00, value=48257.0
    [iter 7743697] reheat + diversify: ceiling=0.00, value=61043.0
    [iter 7749450] reheat + diversify: ceiling=0.00, value=66506.0
    [iter 7755203] reheat + diversify: ceiling=0.00, value=45704.0
    [iter 7760956] reheat + diversify: ceiling=0.00, value=46759.0
    [iter 7766709] reheat + diversify: ceiling=0.00, value=45704.0
    [iter 7772462] reheat + diversify: ceiling=0.00, value=52261.0
    [iter 7778215] reheat + diversify: ceiling=0.00, value=57386.0
    [iter 7783968] reheat + diversify: ceiling=0.00, value=66506.0
    [iter 7789721] reheat + diversify: ceiling=0.00, value=66506.0
    [iter 7795474] reheat + diversify: ceiling=0.00, value=66844.0
    [iter 7801227] reheat + diversify: ceiling=0.00, value=45704.0
    [iter 7806980] reheat + diversify: ceiling=0.00, value=57724.0
    [iter 7812733] reheat + diversify: ceiling=0.00, value=48838.0
    [iter 7818486] reheat + diversify: ceiling=0.00, value=41111.0
    [iter 7824239] reheat + diversify: ceiling=0.00, value=61043.0
    [iter 7829992] reheat + diversify: ceiling=0.00, value=59949.0
    [iter 7835745] reheat + diversify: ceiling=0.00, value=36368.0
    [iter 7841498] reheat + diversify: ceiling=0.00, value=60287.0
    [iter 7847251] reheat + diversify: ceiling=0.00, value=55879.0
    [iter 7853004] reheat + diversify: ceiling=0.00, value=54824.0
    [iter 7858757] reheat + diversify: ceiling=0.00, value=41634.0
    [iter 7864510] reheat + diversify: ceiling=0.00, value=61043.0
    [iter 7870263] reheat + diversify: ceiling=0.00, value=66844.0
    [iter 7876016] reheat + diversify: ceiling=0.00, value=54824.0
    [iter 7881769] reheat + diversify: ceiling=0.00, value=66844.0
    [iter 7887522] reheat + diversify: ceiling=0.00, value=50416.0
    [iter 7893275] reheat + diversify: ceiling=0.00, value=49656.0
    [iter 7899028] reheat + diversify: ceiling=0.00, value=38609.0
    [iter 7904781] reheat + diversify: ceiling=0.00, value=41449.0
    [iter 7910534] reheat + diversify: ceiling=0.00, value=60287.0
    [iter 7916287] reheat + diversify: ceiling=0.00, value=66506.0
    [iter 7922040] reheat + diversify: ceiling=0.00, value=54486.0
    [iter 7927793] reheat + diversify: ceiling=0.00, value=55879.0
    [iter 7933546] reheat + diversify: ceiling=0.00, value=52261.0
    [iter 7939299] reheat + diversify: ceiling=0.00, value=55879.0
    [iter 7945052] reheat + diversify: ceiling=0.00, value=46460.0
    [iter 7950805] reheat + diversify: ceiling=0.00, value=46275.0
    [iter 7956558] reheat + diversify: ceiling=0.00, value=48838.0
    [iter 7962311] reheat + diversify: ceiling=0.00, value=55879.0
    [iter 7968064] reheat + diversify: ceiling=0.00, value=60858.0
    [iter 7973817] reheat + diversify: ceiling=0.00, value=45704.0
    [iter 7979570] reheat + diversify: ceiling=0.00, value=51923.0
    [iter 7985323] reheat + diversify: ceiling=0.00, value=63363.0
    [iter 7991076] reheat + diversify: ceiling=0.00, value=50173.0
    [iter 7996829] reheat + diversify: ceiling=0.00, value=46759.0
    [iter 8002582] reheat + diversify: ceiling=0.00, value=51923.0
    [iter 8008335] reheat + diversify: ceiling=0.00, value=48257.0
    [iter 8014088] reheat + diversify: ceiling=0.00, value=54301.0
    [iter 8019841] reheat + diversify: ceiling=0.00, value=66506.0
    [iter 8025594] reheat + diversify: ceiling=0.00, value=57386.0
    [iter 8031347] reheat + diversify: ceiling=0.00, value=60287.0
    [iter 8037100] reheat + diversify: ceiling=0.00, value=45366.0
    [iter 8042853] reheat + diversify: ceiling=0.00, value=59949.0
    [iter 8048606] reheat + diversify: ceiling=0.00, value=55879.0
    [iter 8054359] reheat + diversify: ceiling=0.00, value=45366.0
    [iter 8060112] reheat + diversify: ceiling=0.00, value=56217.0
    [iter 8065865] reheat + diversify: ceiling=0.00, value=56217.0
    [iter 8071618] reheat + diversify: ceiling=0.00, value=60858.0
    [iter 8077371] reheat + diversify: ceiling=0.00, value=45704.0
    [iter 8083124] reheat + diversify: ceiling=0.00, value=59949.0
    [iter 8088877] reheat + diversify: ceiling=0.00, value=55879.0
    [iter 8094630] reheat + diversify: ceiling=0.00, value=47097.0
    [iter 8100383] reheat + diversify: ceiling=0.00, value=50416.0
    [iter 8106136] reheat + diversify: ceiling=0.00, value=66506.0
    [iter 8111889] reheat + diversify: ceiling=0.00, value=54824.0
    [iter 8117642] reheat + diversify: ceiling=0.00, value=58955.0
    [iter 8123395] reheat + diversify: ceiling=0.00, value=61043.0
    [iter 8129148] reheat + diversify: ceiling=0.00, value=57724.0
    [iter 8134901] reheat + diversify: ceiling=0.00, value=41634.0
    [iter 8140654] reheat + diversify: ceiling=0.00, value=41634.0
    [iter 8146407] reheat + diversify: ceiling=0.00, value=54824.0
    [iter 8152160] reheat + diversify: ceiling=0.00, value=39718.0
    [iter 8157913] reheat + diversify: ceiling=0.00, value=66506.0
    [iter 8163666] reheat + diversify: ceiling=0.00, value=66844.0
    [iter 8169419] reheat + diversify: ceiling=0.00, value=51923.0
    [iter 8175172] reheat + diversify: ceiling=0.00, value=48838.0
    [iter 8180925] reheat + diversify: ceiling=0.00, value=60858.0
    [iter 8186678] reheat + diversify: ceiling=0.00, value=54486.0
    [iter 8192431] reheat + diversify: ceiling=0.00, value=59949.0
    [iter 8198184] reheat + diversify: ceiling=0.00, value=45704.0
    [iter 8203937] reheat + diversify: ceiling=0.00, value=66506.0
    [iter 8209690] reheat + diversify: ceiling=0.00, value=45704.0
    [iter 8215443] reheat + diversify: ceiling=0.00, value=57386.0
    [iter 8221196] reheat + diversify: ceiling=0.00, value=45704.0
    [iter 8226949] reheat + diversify: ceiling=0.00, value=35833.0
    [iter 8232702] reheat + diversify: ceiling=0.00, value=55879.0
    [iter 8238455] reheat + diversify: ceiling=0.00, value=50173.0
    [iter 8244208] reheat + diversify: ceiling=0.00, value=59949.0
    [iter 8249961] reheat + diversify: ceiling=0.00, value=48202.0
    [iter 8255714] reheat + diversify: ceiling=0.00, value=57724.0
    [iter 8261467] reheat + diversify: ceiling=0.00, value=48202.0
    [iter 8267220] reheat + diversify: ceiling=0.00, value=60287.0
    [iter 8272973] reheat + diversify: ceiling=0.00, value=54824.0
    [iter 8278726] reheat + diversify: ceiling=0.00, value=48017.0
    [iter 8284479] reheat + diversify: ceiling=0.00, value=46275.0
    [iter 8290232] reheat + diversify: ceiling=0.00, value=50231.0
    [iter 8295985] reheat + diversify: ceiling=0.00, value=46759.0
    [iter 8301738] reheat + diversify: ceiling=0.00, value=51923.0
    [iter 8307491] reheat + diversify: ceiling=0.00, value=54301.0
    [iter 8313244] reheat + diversify: ceiling=0.00, value=60287.0
    [iter 8318997] reheat + diversify: ceiling=0.00, value=28847.0
    [iter 8324750] reheat + diversify: ceiling=0.00, value=52076.0
    [iter 8330503] reheat + diversify: ceiling=0.00, value=41111.0
    [iter 8336256] reheat + diversify: ceiling=0.00, value=49023.0
    [iter 8342009] reheat + diversify: ceiling=0.00, value=52261.0
    [iter 8347762] reheat + diversify: ceiling=0.00, value=53665.0
    [iter 8353515] reheat + diversify: ceiling=0.00, value=41296.0
    [iter 8359268] reheat + diversify: ceiling=0.00, value=60287.0
    [iter 8365021] reheat + diversify: ceiling=0.00, value=46460.0
    [iter 8370774] reheat + diversify: ceiling=0.00, value=51923.0
    [iter 8376527] reheat + diversify: ceiling=0.00, value=41111.0
    [iter 8382280] reheat + diversify: ceiling=0.00, value=49835.0
    [iter 8388033] reheat + diversify: ceiling=0.00, value=44372.0
    [iter 8393786] reheat + diversify: ceiling=0.00, value=57724.0
    [iter 8399539] reheat + diversify: ceiling=0.00, value=56217.0
    [iter 8405292] reheat + diversify: ceiling=0.00, value=49318.0
    [iter 8411045] reheat + diversify: ceiling=0.00, value=54301.0
    [iter 8416798] reheat + diversify: ceiling=0.00, value=54486.0
    [iter 8422551] reheat + diversify: ceiling=0.00, value=61043.0
    [iter 8428304] reheat + diversify: ceiling=0.00, value=61043.0
    [iter 8434057] reheat + diversify: ceiling=0.00, value=49023.0
    [iter 8439810] reheat + diversify: ceiling=0.00, value=51167.0
    [iter 8445563] reheat + diversify: ceiling=0.00, value=50416.0
    [iter 8451316] reheat + diversify: ceiling=0.00, value=54486.0
    [iter 8457069] reheat + diversify: ceiling=0.00, value=52261.0
    [iter 8462822] reheat + diversify: ceiling=0.00, value=41634.0
    [iter 8468575] reheat + diversify: ceiling=0.00, value=35648.0
    [iter 8474328] reheat + diversify: ceiling=0.00, value=66844.0
    [iter 8480081] reheat + diversify: ceiling=0.00, value=60287.0
    [iter 8485834] reheat + diversify: ceiling=0.00, value=55879.0
    [iter 8491587] reheat + diversify: ceiling=0.00, value=46460.0
    [iter 8497340] reheat + diversify: ceiling=0.00, value=53039.0
    [iter 8503093] reheat + diversify: ceiling=0.00, value=46759.0
    [iter 8508846] reheat + diversify: ceiling=0.00, value=66506.0
    [iter 8514599] reheat + diversify: ceiling=0.00, value=46275.0
    [iter 8520352] reheat + diversify: ceiling=0.00, value=46275.0
    [iter 8526105] reheat + diversify: ceiling=0.00, value=54824.0
    [iter 8531858] reheat + diversify: ceiling=0.00, value=54486.0
    [iter 8537611] reheat + diversify: ceiling=0.00, value=55879.0
    [iter 8543364] reheat + diversify: ceiling=0.00, value=53377.0
    [iter 8549117] reheat + diversify: ceiling=0.00, value=66506.0
    [iter 8554870] reheat + diversify: ceiling=0.00, value=61043.0
    [iter 8560623] reheat + diversify: ceiling=0.00, value=55879.0
    [iter 8566376] reheat + diversify: ceiling=0.00, value=63025.0
    [iter 8572129] reheat + diversify: ceiling=0.00, value=55879.0
    [iter 8577882] reheat + diversify: ceiling=0.00, value=54486.0
    [iter 8583635] reheat + diversify: ceiling=0.00, value=56217.0
    [iter 8589388] reheat + diversify: ceiling=0.00, value=58955.0
    [iter 8595141] reheat + diversify: ceiling=0.00, value=57724.0
    [iter 8600894] reheat + diversify: ceiling=0.00, value=62785.0
    [iter 8606647] reheat + diversify: ceiling=0.00, value=45519.0
    [iter 8612400] reheat + diversify: ceiling=0.00, value=47576.0
    [iter 8618153] reheat + diversify: ceiling=0.00, value=60287.0
    [iter 8623906] reheat + diversify: ceiling=0.00, value=49835.0
    [iter 8629659] reheat + diversify: ceiling=0.00, value=55879.0
    [iter 8635412] reheat + diversify: ceiling=0.00, value=58955.0
    [iter 8641165] reheat + diversify: ceiling=0.00, value=56217.0
    [iter 8646918] reheat + diversify: ceiling=0.00, value=59949.0
    [iter 8652671] reheat + diversify: ceiling=0.00, value=51738.0
    [iter 8658424] reheat + diversify: ceiling=0.00, value=54486.0
    [iter 8664177] reheat + diversify: ceiling=0.00, value=50416.0
    [iter 8669930] reheat + diversify: ceiling=0.00, value=54824.0
    [iter 8675683] reheat + diversify: ceiling=0.00, value=66506.0
    [iter 8681436] reheat + diversify: ceiling=0.00, value=66506.0
    [iter 8687189] reheat + diversify: ceiling=0.00, value=57724.0
    [iter 8692942] reheat + diversify: ceiling=0.00, value=48442.0
    [iter 8698695] reheat + diversify: ceiling=0.00, value=51923.0
    [iter 8704448] reheat + diversify: ceiling=0.00, value=56217.0
    [iter 8710201] reheat + diversify: ceiling=0.00, value=46275.0
    [iter 8715954] reheat + diversify: ceiling=0.00, value=50231.0
    [iter 8721707] reheat + diversify: ceiling=0.00, value=57724.0
    [iter 8727460] reheat + diversify: ceiling=0.00, value=36368.0
    [iter 8733213] reheat + diversify: ceiling=0.00, value=43670.0
    [iter 8738966] reheat + diversify: ceiling=0.00, value=60287.0
    [iter 8744719] reheat + diversify: ceiling=0.00, value=54301.0
    [iter 8750472] reheat + diversify: ceiling=0.00, value=54301.0
    [iter 8756225] reheat + diversify: ceiling=0.00, value=56217.0
    [iter 8761978] reheat + diversify: ceiling=0.00, value=41634.0
    [iter 8767731] reheat + diversify: ceiling=0.00, value=47097.0
    [iter 8773484] reheat + diversify: ceiling=0.00, value=39903.0
    [iter 8779237] reheat + diversify: ceiling=0.00, value=59949.0
    [iter 8784990] reheat + diversify: ceiling=0.00, value=49835.0
    [iter 8790743] reheat + diversify: ceiling=0.00, value=48202.0
    [iter 8796496] reheat + diversify: ceiling=0.00, value=54486.0
    [iter 8802249] reheat + diversify: ceiling=0.00, value=50231.0
    [iter 8808002] reheat + diversify: ceiling=0.00, value=51923.0
    [iter 8813755] reheat + diversify: ceiling=0.00, value=66506.0
    [iter 8819508] reheat + diversify: ceiling=0.00, value=47097.0
    [iter 8825261] reheat + diversify: ceiling=0.00, value=59949.0
    [iter 8831014] reheat + diversify: ceiling=0.00, value=44187.0
    [iter 8836767] reheat + diversify: ceiling=0.00, value=57562.0
    [iter 8842520] reheat + diversify: ceiling=0.00, value=66506.0
    [iter 8848273] reheat + diversify: ceiling=0.00, value=55879.0
    [iter 8854026] reheat + diversify: ceiling=0.00, value=51738.0
    [iter 8859779] reheat + diversify: ceiling=0.00, value=45519.0
    [iter 8865532] reheat + diversify: ceiling=0.00, value=51923.0
    [iter 8871285] reheat + diversify: ceiling=0.00, value=41634.0
    [iter 8877038] reheat + diversify: ceiling=0.00, value=55879.0
    [iter 8882791] reheat + diversify: ceiling=0.00, value=54486.0
    [iter 8888544] reheat + diversify: ceiling=0.00, value=54824.0
    [iter 8894297] reheat + diversify: ceiling=0.00, value=29272.0
    [iter 8900050] reheat + diversify: ceiling=0.00, value=60287.0
    [iter 8905803] reheat + diversify: ceiling=0.00, value=51923.0
    [iter 8911556] reheat + diversify: ceiling=0.00, value=50231.0
    [iter 8917309] reheat + diversify: ceiling=0.00, value=61043.0
    [iter 8923062] reheat + diversify: ceiling=0.00, value=44372.0
    [iter 8928815] reheat + diversify: ceiling=0.00, value=51923.0
    [iter 8934568] reheat + diversify: ceiling=0.00, value=40056.0
    [iter 8940321] reheat + diversify: ceiling=0.00, value=54486.0
    [iter 8946074] reheat + diversify: ceiling=0.00, value=45519.0
    [iter 8951827] reheat + diversify: ceiling=0.00, value=41111.0
    [iter 8957580] reheat + diversify: ceiling=0.00, value=45704.0
    [iter 8963333] reheat + diversify: ceiling=0.00, value=58955.0
    [iter 8969086] reheat + diversify: ceiling=0.00, value=60287.0
    [iter 8974839] reheat + diversify: ceiling=0.00, value=60287.0
    [iter 8980592] reheat + diversify: ceiling=0.00, value=66506.0
    [iter 8986345] reheat + diversify: ceiling=0.00, value=58955.0
    [iter 8992098] reheat + diversify: ceiling=0.00, value=66506.0
    [iter 8997851] reheat + diversify: ceiling=0.00, value=66506.0
    [iter 9003604] reheat + diversify: ceiling=0.00, value=41449.0
    [iter 9009357] reheat + diversify: ceiling=0.00, value=66844.0
    [iter 9015110] reheat + diversify: ceiling=0.00, value=54824.0
    [iter 9020863] reheat + diversify: ceiling=0.00, value=54486.0
    [iter 9026616] reheat + diversify: ceiling=0.00, value=45704.0
    [iter 9032369] reheat + diversify: ceiling=0.00, value=54486.0
    [iter 9038122] reheat + diversify: ceiling=0.00, value=41296.0
    [iter 9043875] reheat + diversify: ceiling=0.00, value=54824.0
    [iter 9049628] reheat + diversify: ceiling=0.00, value=43274.0
    [iter 9055381] reheat + diversify: ceiling=0.00, value=52261.0
    [iter 9061134] reheat + diversify: ceiling=0.00, value=61043.0
    [iter 9066887] reheat + diversify: ceiling=0.00, value=55879.0
    [iter 9072640] reheat + diversify: ceiling=0.00, value=55879.0
    [iter 9078393] reheat + diversify: ceiling=0.00, value=60287.0
    [iter 9084146] reheat + diversify: ceiling=0.00, value=66506.0
    [iter 9089899] reheat + diversify: ceiling=0.00, value=66506.0
    [iter 9095652] reheat + diversify: ceiling=0.00, value=54639.0
    [iter 9101405] reheat + diversify: ceiling=0.00, value=54824.0
    [iter 9107158] reheat + diversify: ceiling=0.00, value=35833.0
    [iter 9112911] reheat + diversify: ceiling=0.00, value=57724.0
    [iter 9118664] reheat + diversify: ceiling=0.00, value=55879.0
    [iter 9124417] reheat + diversify: ceiling=0.00, value=54486.0
    [iter 9130170] reheat + diversify: ceiling=0.00, value=54301.0
    [iter 9135923] reheat + diversify: ceiling=0.00, value=60287.0
    [iter 9141676] reheat + diversify: ceiling=0.00, value=54301.0
    [iter 9147429] reheat + diversify: ceiling=0.00, value=47097.0
    [iter 9153182] reheat + diversify: ceiling=0.00, value=61043.0
    [iter 9158935] reheat + diversify: ceiling=0.00, value=50416.0
    [iter 9164688] reheat + diversify: ceiling=0.00, value=54639.0
    [iter 9170441] reheat + diversify: ceiling=0.00, value=57724.0
    [iter 9176194] reheat + diversify: ceiling=0.00, value=40536.0
    [iter 9181947] reheat + diversify: ceiling=0.00, value=46759.0
    [iter 9187700] reheat + diversify: ceiling=0.00, value=54639.0
    [iter 9193453] reheat + diversify: ceiling=0.00, value=66506.0
    [iter 9199206] reheat + diversify: ceiling=0.00, value=54824.0
    [iter 9204959] reheat + diversify: ceiling=0.00, value=47576.0
    [iter 9210712] reheat + diversify: ceiling=0.00, value=54301.0
    [iter 9216465] reheat + diversify: ceiling=0.00, value=46114.0
    [iter 9222218] reheat + diversify: ceiling=0.00, value=57724.0
    [iter 9227971] reheat + diversify: ceiling=0.00, value=60858.0
    [iter 9233724] reheat + diversify: ceiling=0.00, value=47097.0
    [iter 9239477] reheat + diversify: ceiling=0.00, value=54486.0
    [iter 9245230] reheat + diversify: ceiling=0.00, value=60287.0
    [iter 9250983] reheat + diversify: ceiling=0.00, value=54639.0
    [iter 9256736] reheat + diversify: ceiling=0.00, value=48838.0
    [iter 9262489] reheat + diversify: ceiling=0.00, value=39718.0
    [iter 9268242] reheat + diversify: ceiling=0.00, value=57386.0
    [iter 9273995] reheat + diversify: ceiling=0.00, value=55879.0
    [iter 9279748] reheat + diversify: ceiling=0.00, value=66844.0
    [iter 9285501] reheat + diversify: ceiling=0.00, value=57724.0
    [iter 9291254] reheat + diversify: ceiling=0.00, value=56217.0
    [iter 9297007] reheat + diversify: ceiling=0.00, value=45519.0
    [iter 9302760] reheat + diversify: ceiling=0.00, value=49318.0
    [iter 9308513] reheat + diversify: ceiling=0.00, value=57724.0
    [iter 9314266] reheat + diversify: ceiling=0.00, value=54301.0
    [iter 9320019] reheat + diversify: ceiling=0.00, value=66506.0
    [iter 9325772] reheat + diversify: ceiling=0.00, value=54486.0
    [iter 9331525] reheat + diversify: ceiling=0.00, value=54639.0
    [iter 9337278] reheat + diversify: ceiling=0.00, value=66844.0
    [iter 9343031] reheat + diversify: ceiling=0.00, value=58955.0
    [iter 9348784] reheat + diversify: ceiling=0.00, value=66506.0
    [iter 9354537] reheat + diversify: ceiling=0.00, value=54824.0
    [iter 9360290] reheat + diversify: ceiling=0.00, value=54824.0
    [iter 9366043] reheat + diversify: ceiling=0.00, value=52261.0
    [iter 9371796] reheat + diversify: ceiling=0.00, value=66506.0
    [iter 9377549] reheat + diversify: ceiling=0.00, value=66844.0
    [iter 9383302] reheat + diversify: ceiling=0.00, value=51167.0
    [iter 9389055] reheat + diversify: ceiling=0.00, value=45704.0
    [iter 9394808] reheat + diversify: ceiling=0.00, value=55879.0
    [iter 9400561] reheat + diversify: ceiling=0.00, value=39718.0
    [iter 9406314] reheat + diversify: ceiling=0.00, value=66506.0
    [iter 9412067] reheat + diversify: ceiling=0.00, value=61043.0
    [iter 9417820] reheat + diversify: ceiling=0.00, value=44372.0
    [iter 9423573] reheat + diversify: ceiling=0.00, value=61043.0
    [iter 9429326] reheat + diversify: ceiling=0.00, value=45519.0
    [iter 9435079] reheat + diversify: ceiling=0.00, value=41634.0
    [iter 9440832] reheat + diversify: ceiling=0.00, value=46114.0
    [iter 9446585] reheat + diversify: ceiling=0.00, value=60858.0
    [iter 9452338] reheat + diversify: ceiling=0.00, value=66844.0
    [iter 9458091] reheat + diversify: ceiling=0.00, value=50416.0
    [iter 9463844] reheat + diversify: ceiling=0.00, value=54824.0
    [iter 9469597] reheat + diversify: ceiling=0.00, value=54824.0
    [iter 9475350] reheat + diversify: ceiling=0.00, value=45704.0
    [iter 9481103] reheat + diversify: ceiling=0.00, value=46275.0
    [iter 9486856] reheat + diversify: ceiling=0.00, value=41449.0
    [iter 9492609] reheat + diversify: ceiling=0.00, value=59949.0
    [iter 9498362] reheat + diversify: ceiling=0.00, value=50173.0
    [iter 9504115] reheat + diversify: ceiling=0.00, value=63363.0
    [iter 9509868] reheat + diversify: ceiling=0.00, value=54486.0
    [iter 9515621] reheat + diversify: ceiling=0.00, value=66506.0
    [iter 9521374] reheat + diversify: ceiling=0.00, value=60287.0
    [iter 9527127] reheat + diversify: ceiling=0.00, value=54486.0
    [iter 9532880] reheat + diversify: ceiling=0.00, value=66844.0
    [iter 9538633] reheat + diversify: ceiling=0.00, value=44372.0
    [iter 9544386] reheat + diversify: ceiling=0.00, value=58955.0
    [iter 9550139] reheat + diversify: ceiling=0.00, value=54301.0
    [iter 9555892] reheat + diversify: ceiling=0.00, value=45519.0
    [iter 9561645] reheat + diversify: ceiling=0.00, value=51923.0
    [iter 9567398] reheat + diversify: ceiling=0.00, value=54486.0
    [iter 9573151] reheat + diversify: ceiling=0.00, value=66506.0
    [iter 9578904] reheat + diversify: ceiling=0.00, value=54486.0
    [iter 9584657] reheat + diversify: ceiling=0.00, value=60287.0
    [iter 9590410] reheat + diversify: ceiling=0.00, value=54301.0
    [iter 9596163] reheat + diversify: ceiling=0.00, value=39718.0
    [iter 9601916] reheat + diversify: ceiling=0.00, value=55879.0
    [iter 9607669] reheat + diversify: ceiling=0.00, value=66506.0
    [iter 9613422] reheat + diversify: ceiling=0.00, value=54824.0
    [iter 9619175] reheat + diversify: ceiling=0.00, value=31069.0
    [iter 9624928] reheat + diversify: ceiling=0.00, value=49835.0
    [iter 9630681] reheat + diversify: ceiling=0.00, value=54301.0
    [iter 9636434] reheat + diversify: ceiling=0.00, value=51738.0
    [iter 9642187] reheat + diversify: ceiling=0.00, value=66506.0
    [iter 9647940] reheat + diversify: ceiling=0.00, value=55879.0
    [iter 9653693] reheat + diversify: ceiling=0.00, value=61043.0
    [iter 9659446] reheat + diversify: ceiling=0.00, value=52261.0
    [iter 9665199] reheat + diversify: ceiling=0.00, value=40056.0
    [iter 9670952] reheat + diversify: ceiling=0.00, value=46275.0
    [iter 9676705] reheat + diversify: ceiling=0.00, value=55879.0
    [iter 9682458] reheat + diversify: ceiling=0.00, value=56217.0
    [iter 9688211] reheat + diversify: ceiling=0.00, value=54486.0
    [iter 9693964] reheat + diversify: ceiling=0.00, value=54486.0
    [iter 9699717] reheat + diversify: ceiling=0.00, value=54486.0
    [iter 9705470] reheat + diversify: ceiling=0.00, value=39903.0
    [iter 9711223] reheat + diversify: ceiling=0.00, value=54824.0
    [iter 9716976] reheat + diversify: ceiling=0.00, value=61043.0
    [iter 9722729] reheat + diversify: ceiling=0.00, value=66506.0
    [iter 9728482] reheat + diversify: ceiling=0.00, value=49835.0
    [iter 9734235] reheat + diversify: ceiling=0.00, value=54486.0
    [iter 9739988] reheat + diversify: ceiling=0.00, value=54486.0
    [iter 9745741] reheat + diversify: ceiling=0.00, value=50416.0
    [iter 9751494] reheat + diversify: ceiling=0.00, value=66506.0
    [iter 9757247] reheat + diversify: ceiling=0.00, value=55879.0
    [iter 9763000] reheat + diversify: ceiling=0.00, value=66844.0
    [iter 9768753] reheat + diversify: ceiling=0.00, value=61043.0
    [iter 9774506] reheat + diversify: ceiling=0.00, value=50231.0
    [iter 9780259] reheat + diversify: ceiling=0.00, value=48838.0
    [iter 9786012] reheat + diversify: ceiling=0.00, value=61043.0
    [iter 9791765] reheat + diversify: ceiling=0.00, value=45704.0
    [iter 9797518] reheat + diversify: ceiling=0.00, value=54486.0
    [iter 9803271] reheat + diversify: ceiling=0.00, value=48838.0
    [iter 9809024] reheat + diversify: ceiling=0.00, value=52261.0
    [iter 9814777] reheat + diversify: ceiling=0.00, value=60858.0
    [iter 9820530] reheat + diversify: ceiling=0.00, value=66506.0
    [iter 9826283] reheat + diversify: ceiling=0.00, value=54301.0
    [iter 9832036] reheat + diversify: ceiling=0.00, value=66506.0
    [iter 9837789] reheat + diversify: ceiling=0.00, value=47097.0
    [iter 9843542] reheat + diversify: ceiling=0.00, value=60287.0
    [iter 9849295] reheat + diversify: ceiling=0.00, value=59949.0
    [iter 9855048] reheat + diversify: ceiling=0.00, value=61043.0
    [iter 9860801] reheat + diversify: ceiling=0.00, value=66506.0
    [iter 9866554] reheat + diversify: ceiling=0.00, value=55879.0
    [iter 9872307] reheat + diversify: ceiling=0.00, value=54301.0
    [iter 9878060] reheat + diversify: ceiling=0.00, value=29162.0
    [iter 9883813] reheat + diversify: ceiling=0.00, value=52261.0
    [iter 9889566] reheat + diversify: ceiling=0.00, value=45704.0
    [iter 9895319] reheat + diversify: ceiling=0.00, value=60287.0
    [iter 9901072] reheat + diversify: ceiling=0.00, value=66506.0
    [iter 9906825] reheat + diversify: ceiling=0.00, value=61043.0
    [iter 9912578] reheat + diversify: ceiling=0.00, value=45704.0
    [iter 9918331] reheat + diversify: ceiling=0.00, value=54486.0
    [iter 9924084] reheat + diversify: ceiling=0.00, value=57724.0
    [iter 9929837] reheat + diversify: ceiling=0.00, value=51923.0
    [iter 9935590] reheat + diversify: ceiling=0.00, value=66506.0
    [iter 9941343] reheat + diversify: ceiling=0.00, value=51923.0
    [iter 9947096] reheat + diversify: ceiling=0.00, value=40867.0
    [iter 9952849] reheat + diversify: ceiling=0.00, value=60287.0
    [iter 9958602] reheat + diversify: ceiling=0.00, value=61043.0
    [iter 9964355] reheat + diversify: ceiling=0.00, value=60287.0
    [iter 9970108] reheat + diversify: ceiling=0.00, value=45704.0
    [iter 9975861] reheat + diversify: ceiling=0.00, value=60287.0
    [iter 9981614] reheat + diversify: ceiling=0.00, value=54824.0
    [iter 9987367] reheat + diversify: ceiling=0.00, value=54824.0
    [iter 9993120] reheat + diversify: ceiling=0.00, value=54486.0
    [iter 9998873] reheat + diversify: ceiling=0.00, value=58955.0
    [iter 10004626] reheat + diversify: ceiling=0.00, value=66844.0
    [iter 10010379] reheat + diversify: ceiling=0.00, value=54486.0
    [iter 10016132] reheat + diversify: ceiling=0.00, value=54486.0
    [iter 10021885] reheat + diversify: ceiling=0.00, value=57724.0
    [iter 10027638] reheat + diversify: ceiling=0.00, value=57724.0
    [iter 10033391] reheat + diversify: ceiling=0.00, value=60287.0
    [iter 10039144] reheat + diversify: ceiling=0.00, value=40536.0
    [iter 10044897] reheat + diversify: ceiling=0.00, value=54639.0
    [iter 10050650] reheat + diversify: ceiling=0.00, value=66844.0
    [iter 10056403] reheat + diversify: ceiling=0.00, value=43919.0
    [iter 10062156] reheat + diversify: ceiling=0.00, value=66844.0
    [iter 10067909] reheat + diversify: ceiling=0.00, value=60858.0
    [iter 10073662] reheat + diversify: ceiling=0.00, value=38456.0
    [iter 10079415] reheat + diversify: ceiling=0.00, value=47097.0
    [iter 10085168] reheat + diversify: ceiling=0.00, value=57137.0
    [iter 10090921] reheat + diversify: ceiling=0.00, value=48202.0
    [iter 10096674] reheat + diversify: ceiling=0.00, value=54486.0
    [iter 10102427] reheat + diversify: ceiling=0.00, value=60287.0
    [iter 10108180] reheat + diversify: ceiling=0.00, value=51167.0
    [iter 10113933] reheat + diversify: ceiling=0.00, value=47097.0
    [iter 10119686] reheat + diversify: ceiling=0.00, value=48838.0
    [iter 10125439] reheat + diversify: ceiling=0.00, value=54824.0
    [iter 10131192] reheat + diversify: ceiling=0.00, value=57724.0
    [iter 10136945] reheat + diversify: ceiling=0.00, value=46759.0
    [iter 10142698] reheat + diversify: ceiling=0.00, value=59949.0
    [iter 10148451] reheat + diversify: ceiling=0.00, value=52076.0
    [iter 10154204] reheat + diversify: ceiling=0.00, value=54486.0
    [iter 10159957] reheat + diversify: ceiling=0.00, value=53377.0
    [iter 10165710] reheat + diversify: ceiling=0.00, value=66506.0
    [iter 10171463] reheat + diversify: ceiling=0.00, value=57386.0
    [iter 10177216] reheat + diversify: ceiling=0.00, value=66506.0
    [iter 10182969] reheat + diversify: ceiling=0.00, value=54301.0
    [iter 10188722] reheat + diversify: ceiling=0.00, value=54486.0
    [iter 10194475] reheat + diversify: ceiling=0.00, value=39718.0
    [iter 10200228] reheat + diversify: ceiling=0.00, value=58955.0
    [iter 10205981] reheat + diversify: ceiling=0.00, value=50173.0
    [iter 10211734] reheat + diversify: ceiling=0.00, value=66506.0
    [iter 10217487] reheat + diversify: ceiling=0.00, value=51738.0
    [iter 10223240] reheat + diversify: ceiling=0.00, value=66506.0
    [iter 10228993] reheat + diversify: ceiling=0.00, value=61043.0
    [iter 10234746] reheat + diversify: ceiling=0.00, value=61043.0
    [iter 10240499] reheat + diversify: ceiling=0.00, value=60287.0
    [iter 10246252] reheat + diversify: ceiling=0.00, value=60858.0
    [iter 10252005] reheat + diversify: ceiling=0.00, value=57724.0
    [iter 10257758] reheat + diversify: ceiling=0.00, value=58955.0
    [iter 10263511] reheat + diversify: ceiling=0.00, value=49835.0
    [iter 10269264] reheat + diversify: ceiling=0.00, value=41296.0
    [iter 10275017] reheat + diversify: ceiling=0.00, value=55879.0
    [iter 10280770] reheat + diversify: ceiling=0.00, value=58955.0
    [iter 10286523] reheat + diversify: ceiling=0.00, value=51923.0
    [iter 10292276] reheat + diversify: ceiling=0.00, value=54486.0
    [iter 10298029] reheat + diversify: ceiling=0.00, value=48838.0
    [iter 10303782] reheat + diversify: ceiling=0.00, value=45366.0
    [iter 10309535] reheat + diversify: ceiling=0.00, value=54824.0
    [iter 10315288] reheat + diversify: ceiling=0.00, value=45704.0
    [iter 10321041] reheat + diversify: ceiling=0.00, value=61043.0
    [iter 10326794] reheat + diversify: ceiling=0.00, value=43855.0
    [iter 10332547] reheat + diversify: ceiling=0.00, value=51923.0
    [iter 10338300] reheat + diversify: ceiling=0.00, value=66506.0
    [iter 10344053] reheat + diversify: ceiling=0.00, value=44187.0
    [iter 10349806] reheat + diversify: ceiling=0.00, value=45366.0
    [iter 10355559] reheat + diversify: ceiling=0.00, value=54486.0
    [iter 10361312] reheat + diversify: ceiling=0.00, value=59949.0
    [iter 10367065] reheat + diversify: ceiling=0.00, value=58955.0
    [iter 10372818] reheat + diversify: ceiling=0.00, value=57724.0
    [iter 10378571] reheat + diversify: ceiling=0.00, value=50173.0
    [iter 10384324] reheat + diversify: ceiling=0.00, value=66844.0
    [iter 10390077] reheat + diversify: ceiling=0.00, value=44372.0
    [iter 10395830] reheat + diversify: ceiling=0.00, value=53377.0
    [iter 10401583] reheat + diversify: ceiling=0.00, value=55879.0
    [iter 10407336] reheat + diversify: ceiling=0.00, value=39903.0
    [iter 10413089] reheat + diversify: ceiling=0.00, value=54486.0
    [iter 10418842] reheat + diversify: ceiling=0.00, value=55879.0
    [iter 10424595] reheat + diversify: ceiling=0.00, value=45704.0
    [iter 10430348] reheat + diversify: ceiling=0.00, value=41296.0
    [iter 10436101] reheat + diversify: ceiling=0.00, value=45519.0
    [iter 10441854] reheat + diversify: ceiling=0.00, value=54301.0
    [iter 10447607] reheat + diversify: ceiling=0.00, value=48838.0
    [iter 10453360] reheat + diversify: ceiling=0.00, value=59949.0
    [iter 10459113] reheat + diversify: ceiling=0.00, value=54639.0
    [iter 10464866] reheat + diversify: ceiling=0.00, value=49023.0
    [iter 10470619] reheat + diversify: ceiling=0.00, value=54486.0
    [iter 10476372] reheat + diversify: ceiling=0.00, value=66506.0
    [iter 10482125] reheat + diversify: ceiling=0.00, value=45704.0
    [iter 10487878] reheat + diversify: ceiling=0.00, value=54824.0
    [iter 10493631] reheat + diversify: ceiling=0.00, value=62785.0
    [iter 10499384] reheat + diversify: ceiling=0.00, value=47576.0
    [iter 10505137] reheat + diversify: ceiling=0.00, value=55879.0
    [iter 10510890] reheat + diversify: ceiling=0.00, value=49835.0
    [iter 10516643] reheat + diversify: ceiling=0.00, value=51923.0
    [iter 10522396] reheat + diversify: ceiling=0.00, value=50231.0
    [iter 10528149] reheat + diversify: ceiling=0.00, value=56217.0
    [iter 10533902] reheat + diversify: ceiling=0.00, value=50416.0
    [iter 10539655] reheat + diversify: ceiling=0.00, value=49656.0
    [iter 10545408] reheat + diversify: ceiling=0.00, value=48838.0
    [iter 10551161] reheat + diversify: ceiling=0.00, value=35833.0
    [iter 10556914] reheat + diversify: ceiling=0.00, value=66844.0
    [iter 10562667] reheat + diversify: ceiling=0.00, value=56217.0
    [iter 10568420] reheat + diversify: ceiling=0.00, value=58955.0
    [iter 10574173] reheat + diversify: ceiling=0.00, value=60287.0
    [iter 10579926] reheat + diversify: ceiling=0.00, value=36706.0
    [iter 10585679] reheat + diversify: ceiling=0.00, value=51923.0
    [iter 10591432] reheat + diversify: ceiling=0.00, value=44257.0
    [iter 10597185] reheat + diversify: ceiling=0.00, value=40056.0
    [iter 10602938] reheat + diversify: ceiling=0.00, value=54301.0
    [iter 10608691] reheat + diversify: ceiling=0.00, value=52261.0
    [iter 10614444] reheat + diversify: ceiling=0.00, value=58955.0
    [iter 10620197] reheat + diversify: ceiling=0.00, value=55879.0
    [iter 10625950] reheat + diversify: ceiling=0.00, value=41449.0
    [iter 10631703] reheat + diversify: ceiling=0.00, value=62785.0
    [iter 10637456] reheat + diversify: ceiling=0.00, value=59949.0
    [iter 10643209] reheat + diversify: ceiling=0.00, value=51923.0
    [iter 10648962] reheat + diversify: ceiling=0.00, value=34735.0
    [iter 10654715] reheat + diversify: ceiling=0.00, value=51167.0
    [iter 10660468] reheat + diversify: ceiling=0.00, value=38794.0
    [iter 10666221] reheat + diversify: ceiling=0.00, value=38456.0
    [iter 10671974] reheat + diversify: ceiling=0.00, value=54486.0
    [iter 10677727] reheat + diversify: ceiling=0.00, value=61043.0
    [iter 10683480] reheat + diversify: ceiling=0.00, value=54824.0
    [iter 10689233] reheat + diversify: ceiling=0.00, value=52261.0
    [iter 10694986] reheat + diversify: ceiling=0.00, value=66506.0
    [iter 10700739] reheat + diversify: ceiling=0.00, value=60287.0
    [iter 10706492] reheat + diversify: ceiling=0.00, value=56217.0
    [iter 10712245] reheat + diversify: ceiling=0.00, value=61043.0
    [iter 10717998] reheat + diversify: ceiling=0.00, value=60287.0
    [iter 10723751] reheat + diversify: ceiling=0.00, value=50416.0
    [iter 10729504] reheat + diversify: ceiling=0.00, value=59949.0
    [iter 10735257] reheat + diversify: ceiling=0.00, value=61043.0
    [iter 10741010] reheat + diversify: ceiling=0.00, value=45704.0
    [iter 10746763] reheat + diversify: ceiling=0.00, value=56217.0
    [iter 10752516] reheat + diversify: ceiling=0.00, value=61043.0
    [iter 10758269] reheat + diversify: ceiling=0.00, value=54486.0
    [iter 10764022] reheat + diversify: ceiling=0.00, value=34550.0
    [iter 10769775] reheat + diversify: ceiling=0.00, value=54486.0
    [iter 10775528] reheat + diversify: ceiling=0.00, value=49835.0
    [iter 10781281] reheat + diversify: ceiling=0.00, value=36368.0
    [iter 10787034] reheat + diversify: ceiling=0.00, value=45366.0
    [iter 10792787] reheat + diversify: ceiling=0.00, value=42554.0
    [iter 10798540] reheat + diversify: ceiling=0.00, value=46759.0
    [iter 10804293] reheat + diversify: ceiling=0.00, value=54486.0
    [iter 10810046] reheat + diversify: ceiling=0.00, value=51923.0
    [iter 10815799] reheat + diversify: ceiling=0.00, value=60287.0
    [iter 10821552] reheat + diversify: ceiling=0.00, value=54486.0
    [iter 10827305] reheat + diversify: ceiling=0.00, value=45704.0
    [iter 10833058] reheat + diversify: ceiling=0.00, value=66844.0
    [iter 10838811] reheat + diversify: ceiling=0.00, value=55879.0
    [iter 10844564] reheat + diversify: ceiling=0.00, value=50173.0
    [iter 10850317] reheat + diversify: ceiling=0.00, value=66506.0
    [iter 10856070] reheat + diversify: ceiling=0.00, value=61043.0
    [iter 10861823] reheat + diversify: ceiling=0.00, value=66506.0
    [iter 10867576] reheat + diversify: ceiling=0.00, value=54639.0
    [iter 10873329] reheat + diversify: ceiling=0.00, value=54824.0
    [iter 10879082] reheat + diversify: ceiling=0.00, value=61043.0
    [iter 10884835] reheat + diversify: ceiling=0.00, value=59949.0
    [iter 10890588] reheat + diversify: ceiling=0.00, value=66506.0
    [iter 10896341] reheat + diversify: ceiling=0.00, value=58955.0
    [iter 10902094] reheat + diversify: ceiling=0.00, value=60858.0
    [iter 10907847] reheat + diversify: ceiling=0.00, value=66844.0
    [iter 10913600] reheat + diversify: ceiling=0.00, value=41449.0
    [iter 10919353] reheat + diversify: ceiling=0.00, value=66506.0
    [iter 10925106] reheat + diversify: ceiling=0.00, value=39718.0
    [iter 10930859] reheat + diversify: ceiling=0.00, value=52261.0
    [iter 10936612] reheat + diversify: ceiling=0.00, value=52261.0
    [iter 10942365] reheat + diversify: ceiling=0.00, value=66506.0
    [iter 10948118] reheat + diversify: ceiling=0.00, value=41634.0
    [iter 10953871] reheat + diversify: ceiling=0.00, value=50416.0
    [iter 10959624] reheat + diversify: ceiling=0.00, value=51167.0
    [iter 10965377] reheat + diversify: ceiling=0.00, value=60287.0
    [iter 10971130] reheat + diversify: ceiling=0.00, value=57386.0
    [iter 10976883] reheat + diversify: ceiling=0.00, value=54824.0
    [iter 10982636] reheat + diversify: ceiling=0.00, value=60858.0
    [iter 10988389] reheat + diversify: ceiling=0.00, value=46759.0
    [iter 10994142] reheat + diversify: ceiling=0.00, value=54486.0
    [iter 10999895] reheat + diversify: ceiling=0.00, value=44187.0
    [iter 11005648] reheat + diversify: ceiling=0.00, value=57724.0
    [iter 11011401] reheat + diversify: ceiling=0.00, value=29162.0
    [iter 11017154] reheat + diversify: ceiling=0.00, value=51923.0
    [iter 11022907] reheat + diversify: ceiling=0.00, value=66844.0
    [iter 11028660] reheat + diversify: ceiling=0.00, value=54639.0
    [iter 11034413] reheat + diversify: ceiling=0.00, value=66844.0
    [iter 11040166] reheat + diversify: ceiling=0.00, value=55879.0
    [iter 11045919] reheat + diversify: ceiling=0.00, value=55879.0
    [iter 11051672] reheat + diversify: ceiling=0.00, value=51167.0
    [iter 11057425] reheat + diversify: ceiling=0.00, value=57724.0
    [iter 11063178] reheat + diversify: ceiling=0.00, value=57724.0
    [iter 11068931] reheat + diversify: ceiling=0.00, value=56217.0
    [iter 11074684] reheat + diversify: ceiling=0.00, value=54486.0
    [iter 11080437] reheat + diversify: ceiling=0.00, value=55879.0
    [iter 11086190] reheat + diversify: ceiling=0.00, value=55879.0
    [iter 11091943] reheat + diversify: ceiling=0.00, value=66844.0
    [iter 11097696] reheat + diversify: ceiling=0.00, value=47097.0
    [iter 11103449] reheat + diversify: ceiling=0.00, value=49835.0
    [iter 11109202] reheat + diversify: ceiling=0.00, value=61043.0
    [iter 11114955] reheat + diversify: ceiling=0.00, value=66506.0
    [iter 11120708] reheat + diversify: ceiling=0.00, value=56217.0
    [iter 11126461] reheat + diversify: ceiling=0.00, value=45366.0
    [iter 11132214] reheat + diversify: ceiling=0.00, value=66506.0
    [iter 11137967] reheat + diversify: ceiling=0.00, value=54486.0
    [iter 11143720] reheat + diversify: ceiling=0.00, value=51923.0
    [iter 11149473] reheat + diversify: ceiling=0.00, value=41296.0
    [iter 11155226] reheat + diversify: ceiling=0.00, value=60287.0
    [iter 11160979] reheat + diversify: ceiling=0.00, value=51923.0
    [iter 11166732] reheat + diversify: ceiling=0.00, value=51923.0
    [iter 11172485] reheat + diversify: ceiling=0.00, value=41634.0
    [iter 11178238] reheat + diversify: ceiling=0.00, value=66506.0
    [iter 11183991] reheat + diversify: ceiling=0.00, value=58955.0
    [iter 11189744] reheat + diversify: ceiling=0.00, value=58955.0
    [iter 11195497] reheat + diversify: ceiling=0.00, value=30720.0
    [iter 11201250] reheat + diversify: ceiling=0.00, value=41449.0
    [iter 11207003] reheat + diversify: ceiling=0.00, value=57724.0
    [iter 11212756] reheat + diversify: ceiling=0.00, value=54824.0
    [iter 11218509] reheat + diversify: ceiling=0.00, value=51167.0
    [iter 11224262] reheat + diversify: ceiling=0.00, value=60287.0
    [iter 11230015] reheat + diversify: ceiling=0.00, value=51923.0
    [iter 11235768] reheat + diversify: ceiling=0.00, value=66506.0
    [iter 11241521] reheat + diversify: ceiling=0.00, value=49023.0
    [iter 11247274] reheat + diversify: ceiling=0.00, value=57386.0
    [iter 11253027] reheat + diversify: ceiling=0.00, value=58955.0
    [iter 11258780] reheat + diversify: ceiling=0.00, value=60287.0
    [iter 11264533] reheat + diversify: ceiling=0.00, value=54486.0
    [iter 11270286] reheat + diversify: ceiling=0.00, value=60287.0
    [iter 11276039] reheat + diversify: ceiling=0.00, value=61043.0
    [iter 11281792] reheat + diversify: ceiling=0.00, value=57724.0
    [iter 11287545] reheat + diversify: ceiling=0.00, value=51923.0
    [iter 11293298] reheat + diversify: ceiling=0.00, value=56217.0
    [iter 11299051] reheat + diversify: ceiling=0.00, value=54486.0
    [iter 11304804] reheat + diversify: ceiling=0.00, value=49023.0
    [iter 11310557] reheat + diversify: ceiling=0.00, value=41296.0
    [iter 11316310] reheat + diversify: ceiling=0.00, value=54639.0
    [iter 11322063] reheat + diversify: ceiling=0.00, value=57562.0
    [iter 11327816] reheat + diversify: ceiling=0.00, value=66844.0
    [iter 11333569] reheat + diversify: ceiling=0.00, value=60287.0
    [iter 11339322] reheat + diversify: ceiling=0.00, value=49023.0
    [iter 11345075] reheat + diversify: ceiling=0.00, value=66844.0
    [iter 11350828] reheat + diversify: ceiling=0.00, value=59949.0
    [iter 11356581] reheat + diversify: ceiling=0.00, value=66844.0
    [iter 11362334] reheat + diversify: ceiling=0.00, value=54486.0
    [iter 11368087] reheat + diversify: ceiling=0.00, value=35648.0
    [iter 11373840] reheat + diversify: ceiling=0.00, value=58955.0
    [iter 11379593] reheat + diversify: ceiling=0.00, value=51923.0
    [iter 11385346] reheat + diversify: ceiling=0.00, value=66506.0
    [iter 11391099] reheat + diversify: ceiling=0.00, value=49835.0
    [iter 11396852] reheat + diversify: ceiling=0.00, value=66844.0
    [iter 11402605] reheat + diversify: ceiling=0.00, value=49318.0
    [iter 11408358] reheat + diversify: ceiling=0.00, value=66506.0
    [iter 11414111] reheat + diversify: ceiling=0.00, value=54486.0
    [iter 11419864] reheat + diversify: ceiling=0.00, value=54824.0
    [iter 11425617] reheat + diversify: ceiling=0.00, value=54486.0
    [iter 11431370] reheat + diversify: ceiling=0.00, value=55879.0
    [iter 11437123] reheat + diversify: ceiling=0.00, value=56217.0
    [iter 11442876] reheat + diversify: ceiling=0.00, value=50231.0
    [iter 11448629] reheat + diversify: ceiling=0.00, value=57386.0
    [iter 11454382] reheat + diversify: ceiling=0.00, value=61043.0
    [iter 11460135] reheat + diversify: ceiling=0.00, value=57724.0
    [iter 11465888] reheat + diversify: ceiling=0.00, value=66844.0
    [iter 11471641] reheat + diversify: ceiling=0.00, value=60858.0
    [iter 11477394] reheat + diversify: ceiling=0.00, value=47097.0
    [iter 11483147] reheat + diversify: ceiling=0.00, value=57724.0
    [iter 11488900] reheat + diversify: ceiling=0.00, value=60287.0
    [iter 11494653] reheat + diversify: ceiling=0.00, value=54824.0
    [iter 11500406] reheat + diversify: ceiling=0.00, value=54486.0
    [iter 11506159] reheat + diversify: ceiling=0.00, value=35833.0
    [iter 11511912] reheat + diversify: ceiling=0.00, value=54639.0
    [iter 11517665] reheat + diversify: ceiling=0.00, value=39718.0
    [iter 11523418] reheat + diversify: ceiling=0.00, value=50416.0
    [iter 11529171] reheat + diversify: ceiling=0.00, value=28847.0
    [iter 11534924] reheat + diversify: ceiling=0.00, value=40056.0
    [iter 11540677] reheat + diversify: ceiling=0.00, value=40198.0
    [iter 11546430] reheat + diversify: ceiling=0.00, value=50173.0
    [iter 11552183] reheat + diversify: ceiling=0.00, value=61043.0
    [iter 11557936] reheat + diversify: ceiling=0.00, value=49835.0
    [iter 11563689] reheat + diversify: ceiling=0.00, value=44187.0
    [iter 11569442] reheat + diversify: ceiling=0.00, value=50416.0
    [iter 11575195] reheat + diversify: ceiling=0.00, value=55879.0
    [iter 11580948] reheat + diversify: ceiling=0.00, value=66844.0
    [iter 11586701] reheat + diversify: ceiling=0.00, value=61043.0
    [iter 11592454] reheat + diversify: ceiling=0.00, value=51923.0
    [iter 11598207] reheat + diversify: ceiling=0.00, value=60287.0
    [iter 11603960] reheat + diversify: ceiling=0.00, value=66506.0
    [iter 11609713] reheat + diversify: ceiling=0.00, value=54301.0
    [iter 11615466] reheat + diversify: ceiling=0.00, value=51167.0
    [iter 11621219] reheat + diversify: ceiling=0.00, value=54639.0
    [iter 11626972] reheat + diversify: ceiling=0.00, value=54486.0
    [iter 11632725] reheat + diversify: ceiling=0.00, value=54639.0
    [iter 11638478] reheat + diversify: ceiling=0.00, value=41634.0
    [iter 11644231] reheat + diversify: ceiling=0.00, value=55879.0
    [iter 11649984] reheat + diversify: ceiling=0.00, value=59949.0
    [iter 11655737] reheat + diversify: ceiling=0.00, value=61043.0
    [iter 11661490] reheat + diversify: ceiling=0.00, value=54639.0
    [iter 11667243] reheat + diversify: ceiling=0.00, value=62785.0
    [iter 11672996] reheat + diversify: ceiling=0.00, value=66506.0
    [iter 11678749] reheat + diversify: ceiling=0.00, value=63363.0
    [iter 11684502] reheat + diversify: ceiling=0.00, value=47576.0
    [iter 11690255] reheat + diversify: ceiling=0.00, value=57724.0
    [iter 11696008] reheat + diversify: ceiling=0.00, value=50416.0
    [iter 11701761] reheat + diversify: ceiling=0.00, value=50173.0
    [iter 11707514] reheat + diversify: ceiling=0.00, value=60287.0
    [iter 11713267] reheat + diversify: ceiling=0.00, value=57724.0
    [iter 11719020] reheat + diversify: ceiling=0.00, value=56217.0
    [iter 11724773] reheat + diversify: ceiling=0.00, value=47576.0
    [iter 11730526] reheat + diversify: ceiling=0.00, value=54301.0
    [iter 11736279] reheat + diversify: ceiling=0.00, value=60858.0
    [iter 11742032] reheat + diversify: ceiling=0.00, value=60287.0
    [iter 11747785] reheat + diversify: ceiling=0.00, value=51738.0
    [iter 11753538] reheat + diversify: ceiling=0.00, value=61043.0
    [iter 11759291] reheat + diversify: ceiling=0.00, value=66844.0
    [iter 11765044] reheat + diversify: ceiling=0.00, value=47097.0
    [iter 11770797] reheat + diversify: ceiling=0.00, value=60287.0
    [iter 11776550] reheat + diversify: ceiling=0.00, value=60287.0
    [iter 11782303] reheat + diversify: ceiling=0.00, value=55879.0
    [iter 11788056] reheat + diversify: ceiling=0.00, value=47097.0
    [iter 11793809] reheat + diversify: ceiling=0.00, value=59949.0
    [iter 11799562] reheat + diversify: ceiling=0.00, value=40536.0
    [iter 11805315] reheat + diversify: ceiling=0.00, value=66844.0
    [iter 11811068] reheat + diversify: ceiling=0.00, value=60287.0
    [iter 11816821] reheat + diversify: ceiling=0.00, value=45366.0
    [iter 11822574] reheat + diversify: ceiling=0.00, value=43855.0
    [iter 11828327] reheat + diversify: ceiling=0.00, value=47097.0
    [iter 11834080] reheat + diversify: ceiling=0.00, value=52261.0
    [iter 11839833] reheat + diversify: ceiling=0.00, value=40241.0
    [iter 11845586] reheat + diversify: ceiling=0.00, value=45488.0
    [iter 11851339] reheat + diversify: ceiling=0.00, value=52261.0
    [iter 11857092] reheat + diversify: ceiling=0.00, value=57724.0
    [iter 11862845] reheat + diversify: ceiling=0.00, value=48838.0
    [iter 11868598] reheat + diversify: ceiling=0.00, value=39718.0
    [iter 11874351] reheat + diversify: ceiling=0.00, value=51923.0
    [iter 11880104] reheat + diversify: ceiling=0.00, value=53039.0
    [iter 11885857] reheat + diversify: ceiling=0.00, value=54301.0
    [iter 11891610] reheat + diversify: ceiling=0.00, value=54301.0
    [iter 11897363] reheat + diversify: ceiling=0.00, value=41296.0
    [iter 11903116] reheat + diversify: ceiling=0.00, value=60287.0
    [iter 11908869] reheat + diversify: ceiling=0.00, value=66844.0
    [iter 11914622] reheat + diversify: ceiling=0.00, value=49835.0
    [iter 11920375] reheat + diversify: ceiling=0.00, value=41296.0
    [iter 11926128] reheat + diversify: ceiling=0.00, value=54486.0
    [iter 11931881] reheat + diversify: ceiling=0.00, value=50416.0
    [iter 11937634] reheat + diversify: ceiling=0.00, value=52261.0
    [iter 11943387] reheat + diversify: ceiling=0.00, value=49318.0
    [iter 11949140] reheat + diversify: ceiling=0.00, value=45704.0
    [iter 11954893] reheat + diversify: ceiling=0.00, value=55879.0
    [iter 11960646] reheat + diversify: ceiling=0.00, value=54824.0
    [iter 11966399] reheat + diversify: ceiling=0.00, value=45704.0
    [iter 11972152] reheat + diversify: ceiling=0.00, value=54301.0
    [iter 11977905] reheat + diversify: ceiling=0.00, value=66844.0
    [iter 11983658] reheat + diversify: ceiling=0.00, value=44187.0
    [iter 11989411] reheat + diversify: ceiling=0.00, value=40536.0
    [iter 11995164] reheat + diversify: ceiling=0.00, value=57386.0
    [iter 12000917] reheat + diversify: ceiling=0.00, value=66844.0
    [iter 12006670] reheat + diversify: ceiling=0.00, value=55879.0
    [iter 12012423] reheat + diversify: ceiling=0.00, value=60287.0
    [iter 12018176] reheat + diversify: ceiling=0.00, value=35723.0
    [iter 12023929] reheat + diversify: ceiling=0.00, value=43919.0
    [iter 12029682] reheat + diversify: ceiling=0.00, value=60287.0
    [iter 12035435] reheat + diversify: ceiling=0.00, value=66506.0
    [iter 12041188] reheat + diversify: ceiling=0.00, value=54486.0
    [iter 12046941] reheat + diversify: ceiling=0.00, value=54003.0
    [iter 12052694] reheat + diversify: ceiling=0.00, value=57724.0
    [iter 12058447] reheat + diversify: ceiling=0.00, value=54824.0
    [iter 12064200] reheat + diversify: ceiling=0.00, value=59949.0
    [iter 12069953] reheat + diversify: ceiling=0.00, value=49835.0
    [iter 12075706] reheat + diversify: ceiling=0.00, value=49835.0
    [iter 12081459] reheat + diversify: ceiling=0.00, value=51923.0
    [iter 12087212] reheat + diversify: ceiling=0.00, value=54639.0
    [iter 12092965] reheat + diversify: ceiling=0.00, value=60287.0
    [iter 12098718] reheat + diversify: ceiling=0.00, value=50416.0
    [iter 12104471] reheat + diversify: ceiling=0.00, value=60287.0
    [iter 12110224] reheat + diversify: ceiling=0.00, value=48838.0
    [iter 12115977] reheat + diversify: ceiling=0.00, value=51167.0
    [iter 12121730] reheat + diversify: ceiling=0.00, value=54301.0
    [iter 12127483] reheat + diversify: ceiling=0.00, value=60287.0
    [iter 12133236] reheat + diversify: ceiling=0.00, value=48838.0
    [iter 12138989] reheat + diversify: ceiling=0.00, value=48838.0
    [iter 12144742] reheat + diversify: ceiling=0.00, value=61043.0
    [iter 12150495] reheat + diversify: ceiling=0.00, value=49835.0
    [iter 12156248] reheat + diversify: ceiling=0.00, value=63363.0
    [iter 12162001] reheat + diversify: ceiling=0.00, value=58955.0
    [iter 12167754] reheat + diversify: ceiling=0.00, value=54486.0
    [iter 12173507] reheat + diversify: ceiling=0.00, value=58955.0
    [iter 12179260] reheat + diversify: ceiling=0.00, value=57386.0
    [iter 12185013] reheat + diversify: ceiling=0.00, value=66506.0
    [iter 12190766] reheat + diversify: ceiling=0.00, value=60287.0
    [iter 12196519] reheat + diversify: ceiling=0.00, value=54301.0
    [iter 12202272] reheat + diversify: ceiling=0.00, value=66506.0
    [iter 12208025] reheat + diversify: ceiling=0.00, value=49835.0
    [iter 12213778] reheat + diversify: ceiling=0.00, value=54301.0
    [iter 12219531] reheat + diversify: ceiling=0.00, value=54486.0
    [iter 12225284] reheat + diversify: ceiling=0.00, value=55879.0
    [iter 12231037] reheat + diversify: ceiling=0.00, value=66506.0
    [iter 12236790] reheat + diversify: ceiling=0.00, value=66506.0
    [iter 12242543] reheat + diversify: ceiling=0.00, value=54824.0
    [iter 12248296] reheat + diversify: ceiling=0.00, value=59949.0
    [iter 12254049] reheat + diversify: ceiling=0.00, value=66506.0
    [iter 12259802] reheat + diversify: ceiling=0.00, value=59949.0
    [iter 12265555] reheat + diversify: ceiling=0.00, value=50173.0
    [iter 12271308] reheat + diversify: ceiling=0.00, value=51923.0
    [iter 12277061] reheat + diversify: ceiling=0.00, value=59949.0
    [iter 12282814] reheat + diversify: ceiling=0.00, value=63025.0
    [iter 12288567] reheat + diversify: ceiling=0.00, value=61043.0
    [iter 12294320] reheat + diversify: ceiling=0.00, value=48838.0
    [iter 12300073] reheat + diversify: ceiling=0.00, value=61043.0
    [iter 12305826] reheat + diversify: ceiling=0.00, value=50416.0
    [iter 12311579] reheat + diversify: ceiling=0.00, value=40241.0
    [iter 12317332] reheat + diversify: ceiling=0.00, value=54486.0
    [iter 12323085] reheat + diversify: ceiling=0.00, value=51738.0
    [iter 12328838] reheat + diversify: ceiling=0.00, value=51923.0
    [iter 12334591] reheat + diversify: ceiling=0.00, value=45181.0
    [iter 12340344] reheat + diversify: ceiling=0.00, value=51923.0
    [iter 12346097] reheat + diversify: ceiling=0.00, value=55879.0
    [iter 12351850] reheat + diversify: ceiling=0.00, value=61043.0
    [iter 12357603] reheat + diversify: ceiling=0.00, value=51167.0
    [iter 12363356] reheat + diversify: ceiling=0.00, value=51923.0
    [iter 12369109] reheat + diversify: ceiling=0.00, value=51167.0
    [iter 12374862] reheat + diversify: ceiling=0.00, value=62785.0
    [iter 12380615] reheat + diversify: ceiling=0.00, value=45519.0
    [iter 12386368] reheat + diversify: ceiling=0.00, value=54639.0
    [iter 12392121] reheat + diversify: ceiling=0.00, value=60287.0
    [iter 12397874] reheat + diversify: ceiling=0.00, value=51923.0
    [iter 12403627] reheat + diversify: ceiling=0.00, value=56217.0
    [iter 12409380] reheat + diversify: ceiling=0.00, value=57386.0
    [iter 12415133] reheat + diversify: ceiling=0.00, value=66506.0
    [iter 12420886] reheat + diversify: ceiling=0.00, value=66506.0
    [iter 12426639] reheat + diversify: ceiling=0.00, value=52261.0
    [iter 12432392] reheat + diversify: ceiling=0.00, value=60287.0
    [iter 12438145] reheat + diversify: ceiling=0.00, value=45704.0
    [iter 12443898] reheat + diversify: ceiling=0.00, value=59949.0
    [iter 12449651] reheat + diversify: ceiling=0.00, value=66844.0
    [iter 12455404] reheat + diversify: ceiling=0.00, value=57322.0
    [iter 12461157] reheat + diversify: ceiling=0.00, value=51738.0
    [iter 12466910] reheat + diversify: ceiling=0.00, value=55879.0
    [iter 12472663] reheat + diversify: ceiling=0.00, value=60287.0
    [iter 12478416] reheat + diversify: ceiling=0.00, value=45366.0
    [iter 12484169] reheat + diversify: ceiling=0.00, value=45519.0
    [iter 12489922] reheat + diversify: ceiling=0.00, value=56217.0
    [iter 12495675] reheat + diversify: ceiling=0.00, value=59949.0
    [iter 12501428] reheat + diversify: ceiling=0.00, value=54486.0
    [iter 12507181] reheat + diversify: ceiling=0.00, value=55879.0
    [iter 12512934] reheat + diversify: ceiling=0.00, value=66506.0
    [iter 12518687] reheat + diversify: ceiling=0.00, value=54301.0
    [iter 12524440] reheat + diversify: ceiling=0.00, value=57386.0
    [iter 12530193] reheat + diversify: ceiling=0.00, value=63025.0
    [iter 12535946] reheat + diversify: ceiling=0.00, value=50416.0
    [iter 12541699] reheat + diversify: ceiling=0.00, value=66506.0
    [iter 12547452] reheat + diversify: ceiling=0.00, value=66844.0
    [iter 12553205] reheat + diversify: ceiling=0.00, value=66506.0
    [iter 12558958] reheat + diversify: ceiling=0.00, value=51923.0
    [iter 12564711] reheat + diversify: ceiling=0.00, value=35723.0
    [iter 12570464] reheat + diversify: ceiling=0.00, value=60287.0
    [iter 12576217] reheat + diversify: ceiling=0.00, value=51738.0
    [iter 12581970] reheat + diversify: ceiling=0.00, value=56217.0
    [iter 12587723] reheat + diversify: ceiling=0.00, value=50416.0
    [iter 12593476] reheat + diversify: ceiling=0.00, value=66506.0
    [iter 12599229] reheat + diversify: ceiling=0.00, value=46275.0
    [iter 12604982] reheat + diversify: ceiling=0.00, value=54301.0
    [iter 12610735] reheat + diversify: ceiling=0.00, value=60287.0
    [iter 12616488] reheat + diversify: ceiling=0.00, value=57386.0
    [iter 12622241] reheat + diversify: ceiling=0.00, value=66506.0
    [iter 12627994] reheat + diversify: ceiling=0.00, value=54639.0
    [iter 12633747] reheat + diversify: ceiling=0.00, value=66844.0
    [iter 12639500] reheat + diversify: ceiling=0.00, value=56217.0
    [iter 12645253] reheat + diversify: ceiling=0.00, value=54639.0
    [iter 12651006] reheat + diversify: ceiling=0.00, value=54824.0
    [iter 12656759] reheat + diversify: ceiling=0.00, value=51923.0
    [iter 12662512] reheat + diversify: ceiling=0.00, value=54486.0
    [iter 12668265] reheat + diversify: ceiling=0.00, value=54824.0
    [iter 12674018] reheat + diversify: ceiling=0.00, value=66844.0
    [iter 12679771] reheat + diversify: ceiling=0.00, value=66506.0
    [iter 12685524] reheat + diversify: ceiling=0.00, value=60287.0
    [iter 12691277] reheat + diversify: ceiling=0.00, value=48202.0
    [iter 12697030] reheat + diversify: ceiling=0.00, value=54301.0
    [iter 12702783] reheat + diversify: ceiling=0.00, value=51923.0
    [iter 12708536] reheat + diversify: ceiling=0.00, value=61043.0
    [iter 12714289] reheat + diversify: ceiling=0.00, value=61043.0
    [iter 12720042] reheat + diversify: ceiling=0.00, value=54639.0
    [iter 12725795] reheat + diversify: ceiling=0.00, value=50173.0
    [iter 12731548] reheat + diversify: ceiling=0.00, value=52261.0
    [iter 12737301] reheat + diversify: ceiling=0.00, value=57724.0
    [iter 12743054] reheat + diversify: ceiling=0.00, value=52261.0
    [iter 12748807] reheat + diversify: ceiling=0.00, value=54486.0
    [iter 12754560] reheat + diversify: ceiling=0.00, value=60858.0
    [iter 12760313] reheat + diversify: ceiling=0.00, value=57724.0
    [iter 12766066] reheat + diversify: ceiling=0.00, value=66506.0
    [iter 12771819] reheat + diversify: ceiling=0.00, value=41449.0
    [iter 12777572] reheat + diversify: ceiling=0.00, value=54824.0
    [iter 12783325] reheat + diversify: ceiling=0.00, value=66844.0
    [iter 12789078] reheat + diversify: ceiling=0.00, value=49318.0
    [iter 12794831] reheat + diversify: ceiling=0.00, value=59949.0
    [iter 12800584] reheat + diversify: ceiling=0.00, value=66506.0
    [iter 12806337] reheat + diversify: ceiling=0.00, value=51923.0
    [iter 12812090] reheat + diversify: ceiling=0.00, value=61043.0
    [iter 12817843] reheat + diversify: ceiling=0.00, value=50416.0
    [iter 12823596] reheat + diversify: ceiling=0.00, value=61043.0
    [iter 12829349] reheat + diversify: ceiling=0.00, value=57386.0
    [iter 12835102] reheat + diversify: ceiling=0.00, value=59949.0
    [iter 12840855] reheat + diversify: ceiling=0.00, value=47576.0
    [iter 12846608] reheat + diversify: ceiling=0.00, value=46275.0
    [iter 12852361] reheat + diversify: ceiling=0.00, value=54301.0
    [iter 12858114] reheat + diversify: ceiling=0.00, value=66844.0
    [iter 12863867] reheat + diversify: ceiling=0.00, value=66506.0
    [iter 12869620] reheat + diversify: ceiling=0.00, value=41111.0
    [iter 12875373] reheat + diversify: ceiling=0.00, value=57724.0
    [iter 12881126] reheat + diversify: ceiling=0.00, value=54486.0
    [iter 12886879] reheat + diversify: ceiling=0.00, value=60287.0
    [iter 12892632] reheat + diversify: ceiling=0.00, value=60287.0
    [iter 12898385] reheat + diversify: ceiling=0.00, value=57724.0
    [iter 12904138] reheat + diversify: ceiling=0.00, value=50416.0
    [iter 12909891] reheat + diversify: ceiling=0.00, value=54486.0
    [iter 12915644] reheat + diversify: ceiling=0.00, value=66844.0
    [iter 12921397] reheat + diversify: ceiling=0.00, value=54301.0
    [iter 12927150] reheat + diversify: ceiling=0.00, value=52076.0
    [iter 12932903] reheat + diversify: ceiling=0.00, value=66506.0
    [iter 12938656] reheat + diversify: ceiling=0.00, value=66506.0
    [iter 12944409] reheat + diversify: ceiling=0.00, value=55879.0
    [iter 12950162] reheat + diversify: ceiling=0.00, value=55879.0
    [iter 12955915] reheat + diversify: ceiling=0.00, value=54486.0
    [iter 12961668] reheat + diversify: ceiling=0.00, value=48838.0
    [iter 12967421] reheat + diversify: ceiling=0.00, value=60287.0
    [iter 12973174] reheat + diversify: ceiling=0.00, value=54639.0
    [iter 12978927] reheat + diversify: ceiling=0.00, value=57386.0
    [iter 12984680] reheat + diversify: ceiling=0.00, value=66844.0
    [iter 12990433] reheat + diversify: ceiling=0.00, value=54243.0
    [iter 12996186] reheat + diversify: ceiling=0.00, value=41634.0
    [iter 13001939] reheat + diversify: ceiling=0.00, value=54824.0
    [iter 13007692] reheat + diversify: ceiling=0.00, value=66506.0
    [iter 13013445] reheat + diversify: ceiling=0.00, value=57386.0
    [iter 13019198] reheat + diversify: ceiling=0.00, value=54486.0
    [iter 13024951] reheat + diversify: ceiling=0.00, value=60287.0
    [iter 13030704] reheat + diversify: ceiling=0.00, value=55879.0
    [iter 13036457] reheat + diversify: ceiling=0.00, value=55879.0
    [iter 13042210] reheat + diversify: ceiling=0.00, value=43919.0
    [iter 13047963] reheat + diversify: ceiling=0.00, value=66844.0
    [iter 13053716] reheat + diversify: ceiling=0.00, value=55879.0
    [iter 13059469] reheat + diversify: ceiling=0.00, value=41296.0
    [iter 13065222] reheat + diversify: ceiling=0.00, value=46275.0
    [iter 13070975] reheat + diversify: ceiling=0.00, value=66506.0
    [iter 13076728] reheat + diversify: ceiling=0.00, value=45704.0
    [iter 13082481] reheat + diversify: ceiling=0.00, value=41449.0
    [iter 13088234] reheat + diversify: ceiling=0.00, value=46460.0
    [iter 13093987] reheat + diversify: ceiling=0.00, value=41296.0
    [iter 13099740] reheat + diversify: ceiling=0.00, value=66506.0
    [iter 13105493] reheat + diversify: ceiling=0.00, value=50173.0
    [iter 13111246] reheat + diversify: ceiling=0.00, value=66844.0
    [iter 13116999] reheat + diversify: ceiling=0.00, value=53665.0
    [iter 13122752] reheat + diversify: ceiling=0.00, value=54824.0
    [iter 13128505] reheat + diversify: ceiling=0.00, value=54824.0
    [iter 13134258] reheat + diversify: ceiling=0.00, value=47391.0
    [iter 13140011] reheat + diversify: ceiling=0.00, value=54486.0
    [iter 13145764] reheat + diversify: ceiling=0.00, value=55879.0
    [iter 13151517] reheat + diversify: ceiling=0.00, value=66844.0
    [iter 13157270] reheat + diversify: ceiling=0.00, value=60287.0
    [iter 13163023] reheat + diversify: ceiling=0.00, value=55879.0
    [iter 13168776] reheat + diversify: ceiling=0.00, value=61043.0
    [iter 13174529] reheat + diversify: ceiling=0.00, value=55879.0
    [iter 13180282] reheat + diversify: ceiling=0.00, value=60287.0
    [iter 13186035] reheat + diversify: ceiling=0.00, value=52261.0
    [iter 13191788] reheat + diversify: ceiling=0.00, value=52076.0
    [iter 13197541] reheat + diversify: ceiling=0.00, value=58955.0
    [iter 13203294] reheat + diversify: ceiling=0.00, value=60287.0
    [iter 13209047] reheat + diversify: ceiling=0.00, value=37811.0
    [iter 13214800] reheat + diversify: ceiling=0.00, value=59949.0
    [iter 13220553] reheat + diversify: ceiling=0.00, value=60287.0
    [iter 13226306] reheat + diversify: ceiling=0.00, value=57386.0
    [iter 13232059] reheat + diversify: ceiling=0.00, value=54486.0
    [iter 13237812] reheat + diversify: ceiling=0.00, value=66506.0
    [iter 13243565] reheat + diversify: ceiling=0.00, value=49835.0
    [iter 13249318] reheat + diversify: ceiling=0.00, value=41296.0
    [iter 13255071] reheat + diversify: ceiling=0.00, value=66844.0
    [iter 13260824] reheat + diversify: ceiling=0.00, value=59949.0
    [iter 13266577] reheat + diversify: ceiling=0.00, value=47097.0
    [iter 13272330] reheat + diversify: ceiling=0.00, value=66506.0
    [iter 13278083] reheat + diversify: ceiling=0.00, value=59949.0
    [iter 13283836] reheat + diversify: ceiling=0.00, value=66844.0
    [iter 13289589] reheat + diversify: ceiling=0.00, value=66844.0
    [iter 13295342] reheat + diversify: ceiling=0.00, value=49835.0
    [iter 13301095] reheat + diversify: ceiling=0.00, value=45366.0
    [iter 13306848] reheat + diversify: ceiling=0.00, value=51738.0
    [iter 13312601] reheat + diversify: ceiling=0.00, value=56217.0
    [iter 13318354] reheat + diversify: ceiling=0.00, value=51738.0
    [iter 13324107] reheat + diversify: ceiling=0.00, value=60287.0
    [iter 13329860] reheat + diversify: ceiling=0.00, value=54301.0
    [iter 13335613] reheat + diversify: ceiling=0.00, value=51923.0
    [iter 13341366] reheat + diversify: ceiling=0.00, value=66844.0
    [iter 13347119] reheat + diversify: ceiling=0.00, value=55879.0
    [iter 13352872] reheat + diversify: ceiling=0.00, value=54486.0
    [iter 13358625] reheat + diversify: ceiling=0.00, value=49318.0
    [iter 13364378] reheat + diversify: ceiling=0.00, value=50416.0
    [iter 13370131] reheat + diversify: ceiling=0.00, value=57724.0
    [iter 13375884] reheat + diversify: ceiling=0.00, value=47097.0
    [iter 13381637] reheat + diversify: ceiling=0.00, value=51923.0
    [iter 13387390] reheat + diversify: ceiling=0.00, value=66506.0
    [iter 13393143] reheat + diversify: ceiling=0.00, value=46759.0
    [iter 13398896] reheat + diversify: ceiling=0.00, value=50173.0
    [iter 13404649] reheat + diversify: ceiling=0.00, value=60287.0
    [iter 13410402] reheat + diversify: ceiling=0.00, value=60287.0
    [iter 13416155] reheat + diversify: ceiling=0.00, value=60287.0
    [iter 13421908] reheat + diversify: ceiling=0.00, value=66506.0
    [iter 13427661] reheat + diversify: ceiling=0.00, value=66844.0
    [iter 13433414] reheat + diversify: ceiling=0.00, value=60858.0
    [iter 13439167] reheat + diversify: ceiling=0.00, value=55879.0
    [iter 13444920] reheat + diversify: ceiling=0.00, value=55879.0
    [iter 13450673] reheat + diversify: ceiling=0.00, value=60287.0
    [iter 13456426] reheat + diversify: ceiling=0.00, value=57386.0
    [iter 13462179] reheat + diversify: ceiling=0.00, value=45704.0
    [iter 13467932] reheat + diversify: ceiling=0.00, value=63025.0
  time limit reached at iteration 13468055
  SA finished: 13468055 iterations in 900.0s (14965 it/s), accepted 10863957 (80.7%), rejected 2604097, neutral 8708525 (64.7%), worsening accepted 45.3%, no-move draws 0, reheats 2341
  SA: value 66844.0 (greedy 29162.0, +37682.0), bound 118927.0, gap 43.79%, util 39.3%
  report -> /home/mcaspar/3DMHKP/results_3DMHKP_ep3/ep3-20-C-R-90-3DMHKP-SA-a0.999-r0.25-t900s.txt

================================================================================================
SUMMARY
================================================================================================
instance      boxes  packed       greedy     SA value        bound      gap    util    iters    time
------------------------------------------------------------------------------------------------
ep3-20-C-R-90     20      14      29162.0      66844.0     118927.0   43.8%   39.3% 13468055  900.0s
------------------------------------------------------------------------------------------------
proven optimal (value reaches the upper bound): 0/1
improved over greedy: 1/1 (total value 29162.0 -> 66844.0, +129.22%)
mean gap to 0-1 knapsack bound: 43.8%
mean volume utilization: 39.3%
