============================================================
  Solver:     3DMHKP-SA.py
  Instance:   /home/mcaspar/3DMHKP/Egeblad/ep3-20-C-C-50.txt
  Value mode: flat
  Timelimit:  900s
  Reports:    /home/mcaspar/3DMHKP/results_3DMHKP_ep3
  CPUs:       1
============================================================
======================================================================
3DMHKP Simulated Annealing (random single-neighbour, sequence decoder)
SA params: T0=5% of f(S_0), alpha=0.999, T_min=0.001, reheat_threshold=5753, reheat_fraction=0.25
Move weights: {'relocate': 0.0, 'swap': 1.0, '2opt': 0.0, 'promote': 1.5, 'demote': 1.5, 'orient': 1.0, 'container': 0.5}
Time limit: 900.0s per instance, seed 838946322
======================================================================

======================================================================
ep3-20-C-C-50: 20 boxes (5 types), 1 containers (1 types)
  0-1 knapsack bound: 125170.0 (continuous relaxation: 126214.6)
  initial (value-density) decode: value 56330.0 (10/20 boxes)
  T0 = 4169.3 (calibrated, 263 worsening draws, target accept 35%)
  schedule: time-based, T0 -> 950.45 over 900s
    [iter 5] *** NEW BEST: value 65308.0, boxes 11/20, T=4168.9, elapsed=0.1s
    [iter 5758] reheat + diversify: ceiling=1042.32, value=65308.0
    [iter 11511] reheat + diversify: ceiling=938.09, value=65308.0
    [iter 17264] reheat + diversify: ceiling=844.28, value=51953.0
    [iter 23017] reheat + diversify: ceiling=759.85, value=52611.0
    [iter 28770] reheat + diversify: ceiling=683.87, value=65308.0
    [iter 34523] reheat + diversify: ceiling=615.48, value=65308.0
    [iter 40276] reheat + diversify: ceiling=553.93, value=52611.0
    [iter 46029] reheat + diversify: ceiling=498.54, value=51953.0
    [iter 51782] reheat + diversify: ceiling=448.68, value=51953.0
    [iter 57535] reheat + diversify: ceiling=403.82, value=47576.0
    [iter 63288] reheat + diversify: ceiling=363.43, value=51953.0
    [iter 69041] reheat + diversify: ceiling=327.09, value=51953.0
    [iter 74794] reheat + diversify: ceiling=294.38, value=65308.0
    [iter 80547] reheat + diversify: ceiling=264.94, value=65308.0
    [iter 86300] reheat + diversify: ceiling=238.45, value=48234.0
    [iter 92053] reheat + diversify: ceiling=214.60, value=48234.0
    [iter 97806] reheat + diversify: ceiling=193.14, value=52611.0
    [iter 103559] reheat + diversify: ceiling=173.83, value=65308.0
    [iter 109312] reheat + diversify: ceiling=156.45, value=65308.0
    [iter 115065] reheat + diversify: ceiling=140.80, value=51953.0
    [iter 120818] reheat + diversify: ceiling=126.72, value=51953.0
    [iter 126571] reheat + diversify: ceiling=114.05, value=52611.0
    [iter 132324] reheat + diversify: ceiling=102.64, value=39914.0
    [iter 138077] reheat + diversify: ceiling=92.38, value=51953.0
    [iter 143830] reheat + diversify: ceiling=83.14, value=51953.0
    [iter 149583] reheat + diversify: ceiling=74.83, value=47576.0
    [iter 155336] reheat + diversify: ceiling=67.35, value=65308.0
    [iter 161089] reheat + diversify: ceiling=60.61, value=48234.0
    [iter 166842] reheat + diversify: ceiling=54.55, value=65308.0
    [iter 172595] reheat + diversify: ceiling=49.09, value=51953.0
    [iter 178348] reheat + diversify: ceiling=44.19, value=65308.0
    [iter 184101] reheat + diversify: ceiling=39.77, value=65308.0
    [iter 189854] reheat + diversify: ceiling=35.79, value=65308.0
    [iter 195607] reheat + diversify: ceiling=32.21, value=51953.0
    [iter 201360] reheat + diversify: ceiling=28.99, value=48234.0
    [iter 207113] reheat + diversify: ceiling=26.09, value=52611.0
    [iter 212866] reheat + diversify: ceiling=23.48, value=65308.0
    [iter 218619] reheat + diversify: ceiling=21.13, value=65308.0
    [iter 224372] reheat + diversify: ceiling=19.02, value=65308.0
    [iter 230125] reheat + diversify: ceiling=17.12, value=52611.0
    [iter 235878] reheat + diversify: ceiling=15.41, value=65308.0
    [iter 241631] reheat + diversify: ceiling=13.87, value=65308.0
    [iter 247384] reheat + diversify: ceiling=12.48, value=65308.0
    [iter 253137] reheat + diversify: ceiling=11.23, value=51953.0
    [iter 258890] reheat + diversify: ceiling=10.11, value=47576.0
    [iter 264643] reheat + diversify: ceiling=9.10, value=65308.0
    [iter 270396] reheat + diversify: ceiling=8.19, value=48234.0
    [iter 276149] reheat + diversify: ceiling=7.37, value=65308.0
    [iter 281902] reheat + diversify: ceiling=6.63, value=39914.0
    [iter 287655] reheat + diversify: ceiling=5.97, value=51953.0
    [iter 293408] reheat + diversify: ceiling=5.37, value=65308.0
    [iter 299161] reheat + diversify: ceiling=4.83, value=39914.0
    [iter 304914] reheat + diversify: ceiling=4.35, value=48234.0
    [iter 310667] reheat + diversify: ceiling=3.92, value=48234.0
    [iter 316420] reheat + diversify: ceiling=3.52, value=47576.0
    [iter 322173] reheat + diversify: ceiling=3.17, value=65308.0
    [iter 327926] reheat + diversify: ceiling=2.85, value=65308.0
    [iter 333679] reheat + diversify: ceiling=2.57, value=51953.0
    [iter 339432] reheat + diversify: ceiling=2.31, value=65308.0
    [iter 345185] reheat + diversify: ceiling=2.08, value=48234.0
    [iter 350938] reheat + diversify: ceiling=1.87, value=48234.0
    [iter 356691] reheat + diversify: ceiling=1.69, value=65308.0
    [iter 362444] reheat + diversify: ceiling=1.52, value=52611.0
    [iter 368197] reheat + diversify: ceiling=1.37, value=65308.0
    [iter 373950] reheat + diversify: ceiling=1.23, value=65308.0
    [iter 379703] reheat + diversify: ceiling=1.11, value=47576.0
    [iter 385456] reheat + diversify: ceiling=1.00, value=65308.0
    [iter 391209] reheat + diversify: ceiling=0.90, value=65308.0
    [iter 396962] reheat + diversify: ceiling=0.81, value=48234.0
    [iter 402715] reheat + diversify: ceiling=0.73, value=65308.0
    [iter 408468] reheat + diversify: ceiling=0.65, value=51953.0
    [iter 414221] reheat + diversify: ceiling=0.59, value=48234.0
    [iter 419974] reheat + diversify: ceiling=0.53, value=65308.0
    [iter 425727] reheat + diversify: ceiling=0.48, value=65308.0
    [iter 431480] reheat + diversify: ceiling=0.43, value=52611.0
    [iter 437233] reheat + diversify: ceiling=0.39, value=65308.0
    [iter 442986] reheat + diversify: ceiling=0.35, value=51953.0
    [iter 448739] reheat + diversify: ceiling=0.31, value=51953.0
    [iter 454492] reheat + diversify: ceiling=0.28, value=65308.0
    [iter 460245] reheat + diversify: ceiling=0.25, value=52611.0
    [iter 465998] reheat + diversify: ceiling=0.23, value=65308.0
    [iter 471751] reheat + diversify: ceiling=0.20, value=51953.0
    [iter 477504] reheat + diversify: ceiling=0.18, value=51953.0
    [iter 483257] reheat + diversify: ceiling=0.17, value=65308.0
    [iter 489010] reheat + diversify: ceiling=0.15, value=51953.0
    [iter 494763] reheat + diversify: ceiling=0.13, value=51953.0
    [iter 500516] reheat + diversify: ceiling=0.12, value=51953.0
    [iter 506269] reheat + diversify: ceiling=0.11, value=48234.0
    [iter 512022] reheat + diversify: ceiling=0.10, value=65308.0
    [iter 517775] reheat + diversify: ceiling=0.09, value=48234.0
    [iter 523528] reheat + diversify: ceiling=0.08, value=65308.0
    [iter 529281] reheat + diversify: ceiling=0.07, value=48234.0
    [iter 535034] reheat + diversify: ceiling=0.06, value=65308.0
    [iter 540787] reheat + diversify: ceiling=0.06, value=48234.0
    [iter 546540] reheat + diversify: ceiling=0.05, value=48234.0
    [iter 552293] reheat + diversify: ceiling=0.05, value=52611.0
    [iter 558046] reheat + diversify: ceiling=0.04, value=48234.0
    [iter 563799] reheat + diversify: ceiling=0.04, value=65308.0
    [iter 569552] reheat + diversify: ceiling=0.03, value=51953.0
    [iter 575305] reheat + diversify: ceiling=0.03, value=51953.0
    [iter 581058] reheat + diversify: ceiling=0.03, value=65308.0
    [iter 586811] reheat + diversify: ceiling=0.02, value=65308.0
    [iter 592564] reheat + diversify: ceiling=0.02, value=65308.0
    [iter 598317] reheat + diversify: ceiling=0.02, value=51953.0
    [iter 604070] reheat + diversify: ceiling=0.02, value=52611.0
    [iter 609823] reheat + diversify: ceiling=0.02, value=65308.0
    [iter 615576] reheat + diversify: ceiling=0.01, value=48234.0
    [iter 621329] reheat + diversify: ceiling=0.01, value=51953.0
    [iter 627082] reheat + diversify: ceiling=0.01, value=65308.0
    [iter 632835] reheat + diversify: ceiling=0.01, value=65308.0
    [iter 638588] reheat + diversify: ceiling=0.01, value=52611.0
    [iter 644341] reheat + diversify: ceiling=0.01, value=47576.0
    [iter 650094] reheat + diversify: ceiling=0.01, value=65308.0
    [iter 655847] reheat + diversify: ceiling=0.01, value=65308.0
    [iter 661600] reheat + diversify: ceiling=0.01, value=51953.0
    [iter 667353] reheat + diversify: ceiling=0.01, value=65308.0
    [iter 673106] reheat + diversify: ceiling=0.01, value=51953.0
    [iter 678859] reheat + diversify: ceiling=0.00, value=65308.0
    [iter 684612] reheat + diversify: ceiling=0.00, value=47576.0
    [iter 690365] reheat + diversify: ceiling=0.00, value=65308.0
    [iter 696118] reheat + diversify: ceiling=0.00, value=48234.0
    [iter 701871] reheat + diversify: ceiling=0.00, value=47576.0
    [iter 707624] reheat + diversify: ceiling=0.00, value=48234.0
    [iter 713377] reheat + diversify: ceiling=0.00, value=65308.0
    [iter 719130] reheat + diversify: ceiling=0.00, value=51953.0
    [iter 724883] reheat + diversify: ceiling=0.00, value=65308.0
    [iter 730636] reheat + diversify: ceiling=0.00, value=48234.0
    [iter 736389] reheat + diversify: ceiling=0.00, value=48234.0
    [iter 742142] reheat + diversify: ceiling=0.00, value=48234.0
    [iter 747895] reheat + diversify: ceiling=0.00, value=48234.0
    [iter 753648] reheat + diversify: ceiling=0.00, value=52611.0
    [iter 759401] reheat + diversify: ceiling=0.00, value=52611.0
    [iter 765154] reheat + diversify: ceiling=0.00, value=48234.0
    [iter 770907] reheat + diversify: ceiling=0.00, value=65308.0
    [iter 776660] reheat + diversify: ceiling=0.00, value=65308.0
    [iter 782413] reheat + diversify: ceiling=0.00, value=65308.0
    [iter 788166] reheat + diversify: ceiling=0.00, value=65308.0
    [iter 793919] reheat + diversify: ceiling=0.00, value=65308.0
    [iter 799672] reheat + diversify: ceiling=0.00, value=52611.0
    [iter 805425] reheat + diversify: ceiling=0.00, value=51953.0
    [iter 811178] reheat + diversify: ceiling=0.00, value=65308.0
    [iter 816931] reheat + diversify: ceiling=0.00, value=65308.0
    [iter 822684] reheat + diversify: ceiling=0.00, value=65308.0
    [iter 828437] reheat + diversify: ceiling=0.00, value=52611.0
    [iter 834190] reheat + diversify: ceiling=0.00, value=65308.0
    [iter 839943] reheat + diversify: ceiling=0.00, value=52611.0
    [iter 845696] reheat + diversify: ceiling=0.00, value=65308.0
    [iter 851449] reheat + diversify: ceiling=0.00, value=48234.0
    [iter 857202] reheat + diversify: ceiling=0.00, value=47576.0
    [iter 862955] reheat + diversify: ceiling=0.00, value=47576.0
    [iter 868708] reheat + diversify: ceiling=0.00, value=47576.0
    [iter 874461] reheat + diversify: ceiling=0.00, value=65308.0
    [iter 880214] reheat + diversify: ceiling=0.00, value=51953.0
    [iter 885967] reheat + diversify: ceiling=0.00, value=65308.0
    [iter 891720] reheat + diversify: ceiling=0.00, value=39256.0
    [iter 897473] reheat + diversify: ceiling=0.00, value=51953.0
    [iter 903226] reheat + diversify: ceiling=0.00, value=51953.0
    [iter 908979] reheat + diversify: ceiling=0.00, value=65308.0
    [iter 914732] reheat + diversify: ceiling=0.00, value=51953.0
    [iter 920485] reheat + diversify: ceiling=0.00, value=52611.0
    [iter 926238] reheat + diversify: ceiling=0.00, value=52611.0
    [iter 931991] reheat + diversify: ceiling=0.00, value=65308.0
    [iter 937744] reheat + diversify: ceiling=0.00, value=52611.0
    [iter 943497] reheat + diversify: ceiling=0.00, value=48234.0
    [iter 949250] reheat + diversify: ceiling=0.00, value=51953.0
    [iter 955003] reheat + diversify: ceiling=0.00, value=52611.0
    [iter 960756] reheat + diversify: ceiling=0.00, value=51953.0
    [iter 966509] reheat + diversify: ceiling=0.00, value=48234.0
    [iter 972262] reheat + diversify: ceiling=0.00, value=52611.0
    [iter 978015] reheat + diversify: ceiling=0.00, value=65308.0
    [iter 983768] reheat + diversify: ceiling=0.00, value=65308.0
    [iter 989521] reheat + diversify: ceiling=0.00, value=48234.0
    [iter 995274] reheat + diversify: ceiling=0.00, value=48234.0
    [iter 1001027] reheat + diversify: ceiling=0.00, value=51953.0
    [iter 1006780] reheat + diversify: ceiling=0.00, value=65308.0
    [iter 1012533] reheat + diversify: ceiling=0.00, value=65308.0
    [iter 1018286] reheat + diversify: ceiling=0.00, value=65308.0
    [iter 1024039] reheat + diversify: ceiling=0.00, value=52611.0
    [iter 1029792] reheat + diversify: ceiling=0.00, value=48234.0
    [iter 1035545] reheat + diversify: ceiling=0.00, value=51953.0
    [iter 1041298] reheat + diversify: ceiling=0.00, value=52611.0
    [iter 1047051] reheat + diversify: ceiling=0.00, value=65308.0
    [iter 1052804] reheat + diversify: ceiling=0.00, value=65308.0
    [iter 1058557] reheat + diversify: ceiling=0.00, value=48234.0
    [iter 1064310] reheat + diversify: ceiling=0.00, value=51953.0
    [iter 1070063] reheat + diversify: ceiling=0.00, value=65308.0
    [iter 1075816] reheat + diversify: ceiling=0.00, value=65308.0
    [iter 1081569] reheat + diversify: ceiling=0.00, value=65308.0
    [iter 1087322] reheat + diversify: ceiling=0.00, value=48234.0
    [iter 1093075] reheat + diversify: ceiling=0.00, value=52611.0
    [iter 1098828] reheat + diversify: ceiling=0.00, value=48234.0
    [iter 1104581] reheat + diversify: ceiling=0.00, value=65308.0
    [iter 1110334] reheat + diversify: ceiling=0.00, value=39914.0
    [iter 1116087] reheat + diversify: ceiling=0.00, value=65308.0
    [iter 1121840] reheat + diversify: ceiling=0.00, value=51953.0
    [iter 1127593] reheat + diversify: ceiling=0.00, value=52611.0
    [iter 1133346] reheat + diversify: ceiling=0.00, value=52611.0
    [iter 1139099] reheat + diversify: ceiling=0.00, value=52611.0
    [iter 1144852] reheat + diversify: ceiling=0.00, value=48234.0
    [iter 1150605] reheat + diversify: ceiling=0.00, value=47576.0
    [iter 1156358] reheat + diversify: ceiling=0.00, value=65308.0
    [iter 1162111] reheat + diversify: ceiling=0.00, value=65308.0
    [iter 1167864] reheat + diversify: ceiling=0.00, value=65308.0
    [iter 1173617] reheat + diversify: ceiling=0.00, value=48234.0
    [iter 1179370] reheat + diversify: ceiling=0.00, value=65308.0
    [iter 1185123] reheat + diversify: ceiling=0.00, value=65308.0
    [iter 1190876] reheat + diversify: ceiling=0.00, value=65308.0
    [iter 1196629] reheat + diversify: ceiling=0.00, value=65308.0
    [iter 1202382] reheat + diversify: ceiling=0.00, value=65308.0
    [iter 1208135] reheat + diversify: ceiling=0.00, value=48234.0
    [iter 1213888] reheat + diversify: ceiling=0.00, value=65308.0
    [iter 1219641] reheat + diversify: ceiling=0.00, value=51953.0
    [iter 1225394] reheat + diversify: ceiling=0.00, value=65308.0
    [iter 1231147] reheat + diversify: ceiling=0.00, value=52611.0
    [iter 1236900] reheat + diversify: ceiling=0.00, value=48234.0
    [iter 1242653] reheat + diversify: ceiling=0.00, value=48234.0
    [iter 1248406] reheat + diversify: ceiling=0.00, value=52611.0
    [iter 1254159] reheat + diversify: ceiling=0.00, value=65308.0
    [iter 1259912] reheat + diversify: ceiling=0.00, value=48234.0
    [iter 1265665] reheat + diversify: ceiling=0.00, value=51953.0
    [iter 1271418] reheat + diversify: ceiling=0.00, value=65308.0
    [iter 1277171] reheat + diversify: ceiling=0.00, value=65308.0
    [iter 1282924] reheat + diversify: ceiling=0.00, value=52611.0
    [iter 1288677] reheat + diversify: ceiling=0.00, value=65308.0
    [iter 1294430] reheat + diversify: ceiling=0.00, value=48234.0
    [iter 1300183] reheat + diversify: ceiling=0.00, value=52611.0
    [iter 1305936] reheat + diversify: ceiling=0.00, value=51953.0
    [iter 1311689] reheat + diversify: ceiling=0.00, value=65308.0
    [iter 1317442] reheat + diversify: ceiling=0.00, value=51953.0
    [iter 1323195] reheat + diversify: ceiling=0.00, value=52611.0
    [iter 1328948] reheat + diversify: ceiling=0.00, value=51953.0
    [iter 1334701] reheat + diversify: ceiling=0.00, value=47576.0
    [iter 1340454] reheat + diversify: ceiling=0.00, value=65308.0
    [iter 1346207] reheat + diversify: ceiling=0.00, value=65308.0
    [iter 1351960] reheat + diversify: ceiling=0.00, value=65308.0
    [iter 1357713] reheat + diversify: ceiling=0.00, value=52611.0
    [iter 1363466] reheat + diversify: ceiling=0.00, value=48234.0
    [iter 1369219] reheat + diversify: ceiling=0.00, value=39914.0
    [iter 1374972] reheat + diversify: ceiling=0.00, value=52611.0
    [iter 1380725] reheat + diversify: ceiling=0.00, value=65308.0
    [iter 1386478] reheat + diversify: ceiling=0.00, value=65308.0
    [iter 1392231] reheat + diversify: ceiling=0.00, value=65308.0
    [iter 1397984] reheat + diversify: ceiling=0.00, value=47576.0
    [iter 1403737] reheat + diversify: ceiling=0.00, value=65308.0
    [iter 1409490] reheat + diversify: ceiling=0.00, value=52611.0
    [iter 1415243] reheat + diversify: ceiling=0.00, value=65308.0
    [iter 1420996] reheat + diversify: ceiling=0.00, value=52611.0
    [iter 1426749] reheat + diversify: ceiling=0.00, value=39914.0
    [iter 1432502] reheat + diversify: ceiling=0.00, value=65308.0
    [iter 1438255] reheat + diversify: ceiling=0.00, value=52611.0
    [iter 1444008] reheat + diversify: ceiling=0.00, value=51953.0
    [iter 1449761] reheat + diversify: ceiling=0.00, value=65308.0
    [iter 1455514] reheat + diversify: ceiling=0.00, value=65308.0
    [iter 1461267] reheat + diversify: ceiling=0.00, value=65308.0
    [iter 1467020] reheat + diversify: ceiling=0.00, value=65308.0
    [iter 1472773] reheat + diversify: ceiling=0.00, value=52611.0
    [iter 1478526] reheat + diversify: ceiling=0.00, value=52611.0
    [iter 1484279] reheat + diversify: ceiling=0.00, value=65308.0
    [iter 1490032] reheat + diversify: ceiling=0.00, value=65308.0
    [iter 1495785] reheat + diversify: ceiling=0.00, value=51953.0
    [iter 1501538] reheat + diversify: ceiling=0.00, value=65308.0
    [iter 1507291] reheat + diversify: ceiling=0.00, value=65308.0
    [iter 1513044] reheat + diversify: ceiling=0.00, value=48234.0
    [iter 1518797] reheat + diversify: ceiling=0.00, value=51953.0
    [iter 1524550] reheat + diversify: ceiling=0.00, value=51953.0
    [iter 1530303] reheat + diversify: ceiling=0.00, value=51953.0
    [iter 1536056] reheat + diversify: ceiling=0.00, value=65308.0
    [iter 1541809] reheat + diversify: ceiling=0.00, value=48234.0
    [iter 1547562] reheat + diversify: ceiling=0.00, value=65308.0
    [iter 1553315] reheat + diversify: ceiling=0.00, value=51953.0
    [iter 1559068] reheat + diversify: ceiling=0.00, value=65308.0
    [iter 1564821] reheat + diversify: ceiling=0.00, value=65308.0
    [iter 1570574] reheat + diversify: ceiling=0.00, value=65308.0
    [iter 1576327] reheat + diversify: ceiling=0.00, value=47576.0
    [iter 1582080] reheat + diversify: ceiling=0.00, value=65308.0
    [iter 1587833] reheat + diversify: ceiling=0.00, value=65308.0
    [iter 1593586] reheat + diversify: ceiling=0.00, value=65308.0
    [iter 1599339] reheat + diversify: ceiling=0.00, value=52611.0
    [iter 1605092] reheat + diversify: ceiling=0.00, value=65308.0
    [iter 1610845] reheat + diversify: ceiling=0.00, value=51953.0
    [iter 1616598] reheat + diversify: ceiling=0.00, value=51953.0
    [iter 1622351] reheat + diversify: ceiling=0.00, value=65308.0
    [iter 1628104] reheat + diversify: ceiling=0.00, value=65308.0
    [iter 1633857] reheat + diversify: ceiling=0.00, value=65308.0
    [iter 1639610] reheat + diversify: ceiling=0.00, value=65308.0
    [iter 1645363] reheat + diversify: ceiling=0.00, value=52611.0
    [iter 1651116] reheat + diversify: ceiling=0.00, value=52611.0
    [iter 1656869] reheat + diversify: ceiling=0.00, value=65308.0
    [iter 1662622] reheat + diversify: ceiling=0.00, value=65308.0
    [iter 1668375] reheat + diversify: ceiling=0.00, value=51953.0
    [iter 1674128] reheat + diversify: ceiling=0.00, value=52611.0
    [iter 1679881] reheat + diversify: ceiling=0.00, value=65308.0
    [iter 1685634] reheat + diversify: ceiling=0.00, value=51953.0
    [iter 1691387] reheat + diversify: ceiling=0.00, value=52611.0
    [iter 1697140] reheat + diversify: ceiling=0.00, value=51953.0
    [iter 1702893] reheat + diversify: ceiling=0.00, value=48234.0
    [iter 1708646] reheat + diversify: ceiling=0.00, value=52611.0
    [iter 1714399] reheat + diversify: ceiling=0.00, value=65308.0
    [iter 1720152] reheat + diversify: ceiling=0.00, value=52611.0
    [iter 1725905] reheat + diversify: ceiling=0.00, value=65308.0
    [iter 1731658] reheat + diversify: ceiling=0.00, value=48234.0
    [iter 1737411] reheat + diversify: ceiling=0.00, value=65308.0
    [iter 1743164] reheat + diversify: ceiling=0.00, value=51953.0
    [iter 1748917] reheat + diversify: ceiling=0.00, value=65308.0
    [iter 1754670] reheat + diversify: ceiling=0.00, value=65308.0
    [iter 1760423] reheat + diversify: ceiling=0.00, value=52611.0
    [iter 1766176] reheat + diversify: ceiling=0.00, value=65308.0
    [iter 1771929] reheat + diversify: ceiling=0.00, value=48234.0
    [iter 1777682] reheat + diversify: ceiling=0.00, value=65308.0
    [iter 1783435] reheat + diversify: ceiling=0.00, value=52611.0
    [iter 1789188] reheat + diversify: ceiling=0.00, value=51953.0
    [iter 1794941] reheat + diversify: ceiling=0.00, value=65308.0
    [iter 1800694] reheat + diversify: ceiling=0.00, value=65308.0
    [iter 1806447] reheat + diversify: ceiling=0.00, value=65308.0
    [iter 1812200] reheat + diversify: ceiling=0.00, value=65308.0
    [iter 1817953] reheat + diversify: ceiling=0.00, value=52611.0
    [iter 1823706] reheat + diversify: ceiling=0.00, value=52611.0
    [iter 1829459] reheat + diversify: ceiling=0.00, value=51953.0
    [iter 1835212] reheat + diversify: ceiling=0.00, value=48234.0
    [iter 1840965] reheat + diversify: ceiling=0.00, value=51953.0
    [iter 1846718] reheat + diversify: ceiling=0.00, value=65308.0
    [iter 1852471] reheat + diversify: ceiling=0.00, value=51953.0
    [iter 1858224] reheat + diversify: ceiling=0.00, value=51953.0
    [iter 1863977] reheat + diversify: ceiling=0.00, value=52611.0
    [iter 1869730] reheat + diversify: ceiling=0.00, value=65308.0
    [iter 1875483] reheat + diversify: ceiling=0.00, value=51953.0
    [iter 1881236] reheat + diversify: ceiling=0.00, value=52611.0
    [iter 1886989] reheat + diversify: ceiling=0.00, value=39256.0
    [iter 1892742] reheat + diversify: ceiling=0.00, value=52611.0
    [iter 1898495] reheat + diversify: ceiling=0.00, value=65308.0
    [iter 1904248] reheat + diversify: ceiling=0.00, value=48234.0
    [iter 1910001] reheat + diversify: ceiling=0.00, value=65308.0
    [iter 1915754] reheat + diversify: ceiling=0.00, value=65308.0
    [iter 1921507] reheat + diversify: ceiling=0.00, value=39914.0
    [iter 1927260] reheat + diversify: ceiling=0.00, value=65308.0
    [iter 1933013] reheat + diversify: ceiling=0.00, value=51953.0
    [iter 1938766] reheat + diversify: ceiling=0.00, value=65308.0
    [iter 1944519] reheat + diversify: ceiling=0.00, value=52611.0
    [iter 1950272] reheat + diversify: ceiling=0.00, value=52611.0
    [iter 1956025] reheat + diversify: ceiling=0.00, value=48234.0
    [iter 1961778] reheat + diversify: ceiling=0.00, value=48234.0
    [iter 1967531] reheat + diversify: ceiling=0.00, value=52611.0
    [iter 1973284] reheat + diversify: ceiling=0.00, value=48234.0
    [iter 1979037] reheat + diversify: ceiling=0.00, value=65308.0
    [iter 1984790] reheat + diversify: ceiling=0.00, value=65308.0
    [iter 1990543] reheat + diversify: ceiling=0.00, value=47576.0
    [iter 1996296] reheat + diversify: ceiling=0.00, value=65308.0
    [iter 2002049] reheat + diversify: ceiling=0.00, value=65308.0
    [iter 2007802] reheat + diversify: ceiling=0.00, value=51953.0
    [iter 2013555] reheat + diversify: ceiling=0.00, value=65308.0
    [iter 2019308] reheat + diversify: ceiling=0.00, value=51953.0
    [iter 2025061] reheat + diversify: ceiling=0.00, value=65308.0
    [iter 2030814] reheat + diversify: ceiling=0.00, value=51953.0
    [iter 2036567] reheat + diversify: ceiling=0.00, value=65308.0
    [iter 2042320] reheat + diversify: ceiling=0.00, value=47576.0
    [iter 2048073] reheat + diversify: ceiling=0.00, value=52611.0
    [iter 2053826] reheat + diversify: ceiling=0.00, value=51953.0
    [iter 2059579] reheat + diversify: ceiling=0.00, value=65308.0
    [iter 2065332] reheat + diversify: ceiling=0.00, value=47576.0
    [iter 2071085] reheat + diversify: ceiling=0.00, value=65308.0
    [iter 2076838] reheat + diversify: ceiling=0.00, value=65308.0
    [iter 2082591] reheat + diversify: ceiling=0.00, value=65308.0
    [iter 2088344] reheat + diversify: ceiling=0.00, value=51953.0
    [iter 2094097] reheat + diversify: ceiling=0.00, value=52611.0
    [iter 2099850] reheat + diversify: ceiling=0.00, value=52611.0
    [iter 2105603] reheat + diversify: ceiling=0.00, value=51953.0
    [iter 2111356] reheat + diversify: ceiling=0.00, value=65308.0
    [iter 2117109] reheat + diversify: ceiling=0.00, value=48234.0
    [iter 2122862] reheat + diversify: ceiling=0.00, value=65308.0
    [iter 2128615] reheat + diversify: ceiling=0.00, value=65308.0
    [iter 2134368] reheat + diversify: ceiling=0.00, value=52611.0
    [iter 2140121] reheat + diversify: ceiling=0.00, value=48234.0
    [iter 2145874] reheat + diversify: ceiling=0.00, value=52611.0
    [iter 2151627] reheat + diversify: ceiling=0.00, value=65308.0
    [iter 2157380] reheat + diversify: ceiling=0.00, value=52611.0
    [iter 2163133] reheat + diversify: ceiling=0.00, value=65308.0
    [iter 2168886] reheat + diversify: ceiling=0.00, value=39914.0
    [iter 2174639] reheat + diversify: ceiling=0.00, value=51953.0
    [iter 2180392] reheat + diversify: ceiling=0.00, value=52611.0
    [iter 2186145] reheat + diversify: ceiling=0.00, value=65308.0
    [iter 2191898] reheat + diversify: ceiling=0.00, value=48234.0
    [iter 2197651] reheat + diversify: ceiling=0.00, value=65308.0
    [iter 2203404] reheat + diversify: ceiling=0.00, value=65308.0
    [iter 2209157] reheat + diversify: ceiling=0.00, value=65308.0
    [iter 2214910] reheat + diversify: ceiling=0.00, value=48234.0
    [iter 2220663] reheat + diversify: ceiling=0.00, value=47576.0
    [iter 2226416] reheat + diversify: ceiling=0.00, value=51953.0
    [iter 2232169] reheat + diversify: ceiling=0.00, value=65308.0
    [iter 2237922] reheat + diversify: ceiling=0.00, value=52611.0
    [iter 2243675] reheat + diversify: ceiling=0.00, value=48234.0
    [iter 2249428] reheat + diversify: ceiling=0.00, value=65308.0
    [iter 2255181] reheat + diversify: ceiling=0.00, value=52611.0
    [iter 2260934] reheat + diversify: ceiling=0.00, value=51953.0
    [iter 2266687] reheat + diversify: ceiling=0.00, value=51953.0
    [iter 2272440] reheat + diversify: ceiling=0.00, value=52611.0
    [iter 2278193] reheat + diversify: ceiling=0.00, value=51953.0
    [iter 2283946] reheat + diversify: ceiling=0.00, value=65308.0
    [iter 2289699] reheat + diversify: ceiling=0.00, value=65308.0
    [iter 2295452] reheat + diversify: ceiling=0.00, value=65308.0
    [iter 2301205] reheat + diversify: ceiling=0.00, value=52611.0
    [iter 2306958] reheat + diversify: ceiling=0.00, value=51953.0
    [iter 2312711] reheat + diversify: ceiling=0.00, value=51953.0
    [iter 2318464] reheat + diversify: ceiling=0.00, value=48234.0
    [iter 2324217] reheat + diversify: ceiling=0.00, value=65308.0
    [iter 2329970] reheat + diversify: ceiling=0.00, value=51953.0
    [iter 2335723] reheat + diversify: ceiling=0.00, value=52611.0
    [iter 2341476] reheat + diversify: ceiling=0.00, value=65308.0
    [iter 2347229] reheat + diversify: ceiling=0.00, value=39256.0
    [iter 2352982] reheat + diversify: ceiling=0.00, value=52611.0
    [iter 2358735] reheat + diversify: ceiling=0.00, value=52611.0
    [iter 2364488] reheat + diversify: ceiling=0.00, value=47576.0
    [iter 2370241] reheat + diversify: ceiling=0.00, value=65308.0
    [iter 2375994] reheat + diversify: ceiling=0.00, value=51953.0
    [iter 2381747] reheat + diversify: ceiling=0.00, value=65308.0
    [iter 2387500] reheat + diversify: ceiling=0.00, value=51953.0
    [iter 2393253] reheat + diversify: ceiling=0.00, value=52611.0
    [iter 2399006] reheat + diversify: ceiling=0.00, value=65308.0
    [iter 2404759] reheat + diversify: ceiling=0.00, value=47576.0
    [iter 2410512] reheat + diversify: ceiling=0.00, value=51953.0
    [iter 2416265] reheat + diversify: ceiling=0.00, value=52611.0
    [iter 2422018] reheat + diversify: ceiling=0.00, value=65308.0
    [iter 2427771] reheat + diversify: ceiling=0.00, value=65308.0
    [iter 2433524] reheat + diversify: ceiling=0.00, value=65308.0
    [iter 2439277] reheat + diversify: ceiling=0.00, value=65308.0
    [iter 2445030] reheat + diversify: ceiling=0.00, value=65308.0
    [iter 2450783] reheat + diversify: ceiling=0.00, value=51953.0
    [iter 2456536] reheat + diversify: ceiling=0.00, value=51953.0
    [iter 2462289] reheat + diversify: ceiling=0.00, value=65308.0
    [iter 2468042] reheat + diversify: ceiling=0.00, value=51953.0
    [iter 2473795] reheat + diversify: ceiling=0.00, value=51953.0
    [iter 2479548] reheat + diversify: ceiling=0.00, value=48234.0
    [iter 2485301] reheat + diversify: ceiling=0.00, value=52611.0
    [iter 2491054] reheat + diversify: ceiling=0.00, value=48234.0
    [iter 2496807] reheat + diversify: ceiling=0.00, value=65308.0
    [iter 2502560] reheat + diversify: ceiling=0.00, value=48234.0
    [iter 2508313] reheat + diversify: ceiling=0.00, value=65308.0
    [iter 2514066] reheat + diversify: ceiling=0.00, value=48234.0
    [iter 2519819] reheat + diversify: ceiling=0.00, value=65308.0
    [iter 2525572] reheat + diversify: ceiling=0.00, value=65308.0
    [iter 2531325] reheat + diversify: ceiling=0.00, value=65308.0
    [iter 2537078] reheat + diversify: ceiling=0.00, value=51953.0
    [iter 2542831] reheat + diversify: ceiling=0.00, value=65308.0
    [iter 2548584] reheat + diversify: ceiling=0.00, value=51953.0
    [iter 2554337] reheat + diversify: ceiling=0.00, value=51953.0
    [iter 2560090] reheat + diversify: ceiling=0.00, value=65308.0
    [iter 2565843] reheat + diversify: ceiling=0.00, value=65308.0
    [iter 2571596] reheat + diversify: ceiling=0.00, value=51953.0
    [iter 2577349] reheat + diversify: ceiling=0.00, value=52611.0
    [iter 2583102] reheat + diversify: ceiling=0.00, value=52611.0
    [iter 2588855] reheat + diversify: ceiling=0.00, value=48234.0
    [iter 2594608] reheat + diversify: ceiling=0.00, value=65308.0
    [iter 2600361] reheat + diversify: ceiling=0.00, value=47576.0
    [iter 2606114] reheat + diversify: ceiling=0.00, value=65308.0
    [iter 2611867] reheat + diversify: ceiling=0.00, value=52611.0
    [iter 2617620] reheat + diversify: ceiling=0.00, value=65308.0
    [iter 2623373] reheat + diversify: ceiling=0.00, value=51953.0
    [iter 2629126] reheat + diversify: ceiling=0.00, value=51953.0
    [iter 2634879] reheat + diversify: ceiling=0.00, value=65308.0
    [iter 2640632] reheat + diversify: ceiling=0.00, value=52611.0
    [iter 2646385] reheat + diversify: ceiling=0.00, value=51953.0
    [iter 2652138] reheat + diversify: ceiling=0.00, value=65308.0
    [iter 2657891] reheat + diversify: ceiling=0.00, value=65308.0
    [iter 2663644] reheat + diversify: ceiling=0.00, value=51953.0
    [iter 2669397] reheat + diversify: ceiling=0.00, value=39256.0
    [iter 2675150] reheat + diversify: ceiling=0.00, value=52611.0
    [iter 2680903] reheat + diversify: ceiling=0.00, value=65308.0
    [iter 2686656] reheat + diversify: ceiling=0.00, value=65308.0
    [iter 2692409] reheat + diversify: ceiling=0.00, value=65308.0
    [iter 2698162] reheat + diversify: ceiling=0.00, value=65308.0
    [iter 2703915] reheat + diversify: ceiling=0.00, value=65308.0
    [iter 2709668] reheat + diversify: ceiling=0.00, value=51953.0
    [iter 2715421] reheat + diversify: ceiling=0.00, value=48234.0
    [iter 2721174] reheat + diversify: ceiling=0.00, value=51953.0
    [iter 2726927] reheat + diversify: ceiling=0.00, value=48234.0
    [iter 2732680] reheat + diversify: ceiling=0.00, value=65308.0
    [iter 2738433] reheat + diversify: ceiling=0.00, value=51953.0
    [iter 2744186] reheat + diversify: ceiling=0.00, value=65308.0
    [iter 2749939] reheat + diversify: ceiling=0.00, value=65308.0
    [iter 2755692] reheat + diversify: ceiling=0.00, value=52611.0
    [iter 2761445] reheat + diversify: ceiling=0.00, value=65308.0
    [iter 2767198] reheat + diversify: ceiling=0.00, value=65308.0
    [iter 2772951] reheat + diversify: ceiling=0.00, value=48234.0
    [iter 2778704] reheat + diversify: ceiling=0.00, value=51953.0
    [iter 2784457] reheat + diversify: ceiling=0.00, value=65308.0
    [iter 2790210] reheat + diversify: ceiling=0.00, value=52611.0
    [iter 2795963] reheat + diversify: ceiling=0.00, value=51953.0
    [iter 2801716] reheat + diversify: ceiling=0.00, value=51953.0
    [iter 2807469] reheat + diversify: ceiling=0.00, value=65308.0
    [iter 2813222] reheat + diversify: ceiling=0.00, value=48234.0
    [iter 2818975] reheat + diversify: ceiling=0.00, value=52611.0
    [iter 2824728] reheat + diversify: ceiling=0.00, value=52611.0
    [iter 2830481] reheat + diversify: ceiling=0.00, value=48234.0
    [iter 2836234] reheat + diversify: ceiling=0.00, value=65308.0
    [iter 2841987] reheat + diversify: ceiling=0.00, value=48234.0
    [iter 2847740] reheat + diversify: ceiling=0.00, value=65308.0
    [iter 2853493] reheat + diversify: ceiling=0.00, value=65308.0
    [iter 2859246] reheat + diversify: ceiling=0.00, value=65308.0
    [iter 2864999] reheat + diversify: ceiling=0.00, value=48234.0
    [iter 2870752] reheat + diversify: ceiling=0.00, value=48234.0
    [iter 2876505] reheat + diversify: ceiling=0.00, value=65308.0
    [iter 2882258] reheat + diversify: ceiling=0.00, value=51953.0
    [iter 2888011] reheat + diversify: ceiling=0.00, value=65308.0
    [iter 2893764] reheat + diversify: ceiling=0.00, value=65308.0
    [iter 2899517] reheat + diversify: ceiling=0.00, value=65308.0
    [iter 2905270] reheat + diversify: ceiling=0.00, value=65308.0
    [iter 2911023] reheat + diversify: ceiling=0.00, value=48234.0
    [iter 2916776] reheat + diversify: ceiling=0.00, value=47576.0
    [iter 2922529] reheat + diversify: ceiling=0.00, value=65308.0
    [iter 2928282] reheat + diversify: ceiling=0.00, value=52611.0
    [iter 2934035] reheat + diversify: ceiling=0.00, value=51953.0
    [iter 2939788] reheat + diversify: ceiling=0.00, value=48234.0
    [iter 2945541] reheat + diversify: ceiling=0.00, value=65308.0
    [iter 2951294] reheat + diversify: ceiling=0.00, value=65308.0
    [iter 2957047] reheat + diversify: ceiling=0.00, value=47576.0
    [iter 2962800] reheat + diversify: ceiling=0.00, value=65308.0
    [iter 2968553] reheat + diversify: ceiling=0.00, value=51953.0
    [iter 2974306] reheat + diversify: ceiling=0.00, value=48234.0
    [iter 2980059] reheat + diversify: ceiling=0.00, value=51953.0
    [iter 2985812] reheat + diversify: ceiling=0.00, value=51953.0
    [iter 2991565] reheat + diversify: ceiling=0.00, value=65308.0
    [iter 2997318] reheat + diversify: ceiling=0.00, value=65308.0
    [iter 3003071] reheat + diversify: ceiling=0.00, value=47576.0
    [iter 3008824] reheat + diversify: ceiling=0.00, value=51953.0
    [iter 3014577] reheat + diversify: ceiling=0.00, value=52611.0
    [iter 3020330] reheat + diversify: ceiling=0.00, value=65308.0
    [iter 3026083] reheat + diversify: ceiling=0.00, value=51953.0
    [iter 3031836] reheat + diversify: ceiling=0.00, value=51953.0
    [iter 3037589] reheat + diversify: ceiling=0.00, value=65308.0
    [iter 3043342] reheat + diversify: ceiling=0.00, value=65308.0
    [iter 3049095] reheat + diversify: ceiling=0.00, value=65308.0
    [iter 3054848] reheat + diversify: ceiling=0.00, value=52611.0
    [iter 3060601] reheat + diversify: ceiling=0.00, value=51953.0
    [iter 3066354] reheat + diversify: ceiling=0.00, value=65308.0
    [iter 3072107] reheat + diversify: ceiling=0.00, value=52611.0
    [iter 3077860] reheat + diversify: ceiling=0.00, value=65308.0
    [iter 3083613] reheat + diversify: ceiling=0.00, value=65308.0
    [iter 3089366] reheat + diversify: ceiling=0.00, value=65308.0
    [iter 3095119] reheat + diversify: ceiling=0.00, value=65308.0
    [iter 3100872] reheat + diversify: ceiling=0.00, value=51953.0
    [iter 3106625] reheat + diversify: ceiling=0.00, value=52611.0
    [iter 3112378] reheat + diversify: ceiling=0.00, value=39914.0
    [iter 3118131] reheat + diversify: ceiling=0.00, value=48234.0
    [iter 3123884] reheat + diversify: ceiling=0.00, value=47576.0
    [iter 3129637] reheat + diversify: ceiling=0.00, value=65308.0
    [iter 3135390] reheat + diversify: ceiling=0.00, value=65308.0
    [iter 3141143] reheat + diversify: ceiling=0.00, value=51953.0
    [iter 3146896] reheat + diversify: ceiling=0.00, value=52611.0
    [iter 3152649] reheat + diversify: ceiling=0.00, value=51953.0
    [iter 3158402] reheat + diversify: ceiling=0.00, value=48234.0
    [iter 3164155] reheat + diversify: ceiling=0.00, value=65308.0
    [iter 3169908] reheat + diversify: ceiling=0.00, value=65308.0
    [iter 3175661] reheat + diversify: ceiling=0.00, value=65308.0
    [iter 3181414] reheat + diversify: ceiling=0.00, value=52611.0
    [iter 3187167] reheat + diversify: ceiling=0.00, value=65308.0
    [iter 3192920] reheat + diversify: ceiling=0.00, value=39914.0
    [iter 3198673] reheat + diversify: ceiling=0.00, value=52611.0
    [iter 3204426] reheat + diversify: ceiling=0.00, value=65308.0
    [iter 3210179] reheat + diversify: ceiling=0.00, value=51953.0
    [iter 3215932] reheat + diversify: ceiling=0.00, value=48234.0
    [iter 3221685] reheat + diversify: ceiling=0.00, value=52611.0
    [iter 3227438] reheat + diversify: ceiling=0.00, value=51953.0
    [iter 3233191] reheat + diversify: ceiling=0.00, value=52611.0
    [iter 3238944] reheat + diversify: ceiling=0.00, value=47576.0
    [iter 3244697] reheat + diversify: ceiling=0.00, value=65308.0
    [iter 3250450] reheat + diversify: ceiling=0.00, value=65308.0
    [iter 3256203] reheat + diversify: ceiling=0.00, value=65308.0
    [iter 3261956] reheat + diversify: ceiling=0.00, value=65308.0
    [iter 3267709] reheat + diversify: ceiling=0.00, value=52611.0
    [iter 3273462] reheat + diversify: ceiling=0.00, value=51953.0
    [iter 3279215] reheat + diversify: ceiling=0.00, value=51953.0
    [iter 3284968] reheat + diversify: ceiling=0.00, value=51953.0
    [iter 3290721] reheat + diversify: ceiling=0.00, value=52611.0
    [iter 3296474] reheat + diversify: ceiling=0.00, value=52611.0
    [iter 3302227] reheat + diversify: ceiling=0.00, value=65308.0
    [iter 3307980] reheat + diversify: ceiling=0.00, value=65308.0
    [iter 3313733] reheat + diversify: ceiling=0.00, value=52611.0
    [iter 3319486] reheat + diversify: ceiling=0.00, value=47576.0
    [iter 3325239] reheat + diversify: ceiling=0.00, value=65308.0
    [iter 3330992] reheat + diversify: ceiling=0.00, value=52611.0
    [iter 3336745] reheat + diversify: ceiling=0.00, value=48234.0
    [iter 3342498] reheat + diversify: ceiling=0.00, value=65308.0
    [iter 3348251] reheat + diversify: ceiling=0.00, value=65308.0
    [iter 3354004] reheat + diversify: ceiling=0.00, value=65308.0
    [iter 3359757] reheat + diversify: ceiling=0.00, value=47576.0
    [iter 3365510] reheat + diversify: ceiling=0.00, value=51953.0
    [iter 3371263] reheat + diversify: ceiling=0.00, value=48234.0
    [iter 3377016] reheat + diversify: ceiling=0.00, value=51953.0
    [iter 3382769] reheat + diversify: ceiling=0.00, value=51953.0
    [iter 3388522] reheat + diversify: ceiling=0.00, value=51953.0
    [iter 3394275] reheat + diversify: ceiling=0.00, value=51953.0
    [iter 3400028] reheat + diversify: ceiling=0.00, value=51953.0
    [iter 3405781] reheat + diversify: ceiling=0.00, value=65308.0
    [iter 3411534] reheat + diversify: ceiling=0.00, value=51953.0
    [iter 3417287] reheat + diversify: ceiling=0.00, value=48234.0
    [iter 3423040] reheat + diversify: ceiling=0.00, value=48234.0
    [iter 3428793] reheat + diversify: ceiling=0.00, value=51953.0
    [iter 3434546] reheat + diversify: ceiling=0.00, value=51953.0
    [iter 3440299] reheat + diversify: ceiling=0.00, value=65308.0
    [iter 3446052] reheat + diversify: ceiling=0.00, value=52611.0
    [iter 3451805] reheat + diversify: ceiling=0.00, value=52611.0
    [iter 3457558] reheat + diversify: ceiling=0.00, value=51953.0
    [iter 3463311] reheat + diversify: ceiling=0.00, value=52611.0
    [iter 3469064] reheat + diversify: ceiling=0.00, value=51953.0
    [iter 3474817] reheat + diversify: ceiling=0.00, value=51953.0
    [iter 3480570] reheat + diversify: ceiling=0.00, value=52611.0
    [iter 3486323] reheat + diversify: ceiling=0.00, value=65308.0
    [iter 3492076] reheat + diversify: ceiling=0.00, value=52611.0
    [iter 3497829] reheat + diversify: ceiling=0.00, value=48234.0
    [iter 3503582] reheat + diversify: ceiling=0.00, value=65308.0
    [iter 3509335] reheat + diversify: ceiling=0.00, value=65308.0
    [iter 3515088] reheat + diversify: ceiling=0.00, value=65308.0
    [iter 3520841] reheat + diversify: ceiling=0.00, value=48234.0
    [iter 3526594] reheat + diversify: ceiling=0.00, value=65308.0
    [iter 3532347] reheat + diversify: ceiling=0.00, value=48234.0
    [iter 3538100] reheat + diversify: ceiling=0.00, value=48234.0
    [iter 3543853] reheat + diversify: ceiling=0.00, value=51953.0
    [iter 3549606] reheat + diversify: ceiling=0.00, value=48234.0
    [iter 3555359] reheat + diversify: ceiling=0.00, value=65308.0
    [iter 3561112] reheat + diversify: ceiling=0.00, value=48234.0
    [iter 3566865] reheat + diversify: ceiling=0.00, value=48234.0
    [iter 3572618] reheat + diversify: ceiling=0.00, value=65308.0
    [iter 3578371] reheat + diversify: ceiling=0.00, value=48234.0
    [iter 3584124] reheat + diversify: ceiling=0.00, value=48234.0
    [iter 3589877] reheat + diversify: ceiling=0.00, value=65308.0
    [iter 3595630] reheat + diversify: ceiling=0.00, value=65308.0
    [iter 3601383] reheat + diversify: ceiling=0.00, value=48234.0
    [iter 3607136] reheat + diversify: ceiling=0.00, value=52611.0
    [iter 3612889] reheat + diversify: ceiling=0.00, value=52611.0
    [iter 3618642] reheat + diversify: ceiling=0.00, value=65308.0
    [iter 3624395] reheat + diversify: ceiling=0.00, value=65308.0
    [iter 3630148] reheat + diversify: ceiling=0.00, value=51953.0
    [iter 3635901] reheat + diversify: ceiling=0.00, value=65308.0
    [iter 3641654] reheat + diversify: ceiling=0.00, value=65308.0
    [iter 3647407] reheat + diversify: ceiling=0.00, value=52611.0
    [iter 3653160] reheat + diversify: ceiling=0.00, value=48234.0
    [iter 3658913] reheat + diversify: ceiling=0.00, value=65308.0
    [iter 3664666] reheat + diversify: ceiling=0.00, value=65308.0
    [iter 3670419] reheat + diversify: ceiling=0.00, value=48234.0
    [iter 3676172] reheat + diversify: ceiling=0.00, value=48234.0
    [iter 3681925] reheat + diversify: ceiling=0.00, value=65308.0
    [iter 3687678] reheat + diversify: ceiling=0.00, value=65308.0
    [iter 3693431] reheat + diversify: ceiling=0.00, value=65308.0
    [iter 3699184] reheat + diversify: ceiling=0.00, value=51953.0
    [iter 3704937] reheat + diversify: ceiling=0.00, value=65308.0
    [iter 3710690] reheat + diversify: ceiling=0.00, value=48234.0
    [iter 3716443] reheat + diversify: ceiling=0.00, value=52611.0
    [iter 3722196] reheat + diversify: ceiling=0.00, value=48234.0
    [iter 3727949] reheat + diversify: ceiling=0.00, value=65308.0
    [iter 3733702] reheat + diversify: ceiling=0.00, value=65308.0
    [iter 3739455] reheat + diversify: ceiling=0.00, value=52611.0
    [iter 3745208] reheat + diversify: ceiling=0.00, value=52611.0
    [iter 3750961] reheat + diversify: ceiling=0.00, value=47576.0
    [iter 3756714] reheat + diversify: ceiling=0.00, value=51953.0
    [iter 3762467] reheat + diversify: ceiling=0.00, value=51953.0
    [iter 3768220] reheat + diversify: ceiling=0.00, value=65308.0
    [iter 3773973] reheat + diversify: ceiling=0.00, value=65308.0
    [iter 3779726] reheat + diversify: ceiling=0.00, value=48234.0
    [iter 3785479] reheat + diversify: ceiling=0.00, value=65308.0
    [iter 3791232] reheat + diversify: ceiling=0.00, value=48234.0
    [iter 3796985] reheat + diversify: ceiling=0.00, value=52611.0
    [iter 3802738] reheat + diversify: ceiling=0.00, value=52611.0
    [iter 3808491] reheat + diversify: ceiling=0.00, value=65308.0
    [iter 3814244] reheat + diversify: ceiling=0.00, value=48234.0
    [iter 3819997] reheat + diversify: ceiling=0.00, value=51953.0
    [iter 3825750] reheat + diversify: ceiling=0.00, value=48234.0
    [iter 3831503] reheat + diversify: ceiling=0.00, value=65308.0
    [iter 3837256] reheat + diversify: ceiling=0.00, value=52611.0
    [iter 3843009] reheat + diversify: ceiling=0.00, value=51953.0
    [iter 3848762] reheat + diversify: ceiling=0.00, value=52611.0
    [iter 3854515] reheat + diversify: ceiling=0.00, value=65308.0
    [iter 3860268] reheat + diversify: ceiling=0.00, value=65308.0
    [iter 3866021] reheat + diversify: ceiling=0.00, value=65308.0
    [iter 3871774] reheat + diversify: ceiling=0.00, value=65308.0
    [iter 3877527] reheat + diversify: ceiling=0.00, value=52611.0
    [iter 3883280] reheat + diversify: ceiling=0.00, value=48234.0
    [iter 3889033] reheat + diversify: ceiling=0.00, value=52611.0
    [iter 3894786] reheat + diversify: ceiling=0.00, value=65308.0
    [iter 3900539] reheat + diversify: ceiling=0.00, value=65308.0
    [iter 3906292] reheat + diversify: ceiling=0.00, value=65308.0
    [iter 3912045] reheat + diversify: ceiling=0.00, value=65308.0
    [iter 3917798] reheat + diversify: ceiling=0.00, value=51953.0
    [iter 3923551] reheat + diversify: ceiling=0.00, value=52611.0
    [iter 3929304] reheat + diversify: ceiling=0.00, value=65308.0
    [iter 3935057] reheat + diversify: ceiling=0.00, value=52611.0
    [iter 3940810] reheat + diversify: ceiling=0.00, value=51953.0
    [iter 3946563] reheat + diversify: ceiling=0.00, value=52611.0
    [iter 3952316] reheat + diversify: ceiling=0.00, value=65308.0
    [iter 3958069] reheat + diversify: ceiling=0.00, value=65308.0
    [iter 3963822] reheat + diversify: ceiling=0.00, value=51953.0
    [iter 3969575] reheat + diversify: ceiling=0.00, value=65308.0
    [iter 3975328] reheat + diversify: ceiling=0.00, value=48234.0
    [iter 3981081] reheat + diversify: ceiling=0.00, value=65308.0
    [iter 3986834] reheat + diversify: ceiling=0.00, value=65308.0
    [iter 3992587] reheat + diversify: ceiling=0.00, value=51953.0
    [iter 3998340] reheat + diversify: ceiling=0.00, value=65308.0
    [iter 4004093] reheat + diversify: ceiling=0.00, value=51953.0
    [iter 4009846] reheat + diversify: ceiling=0.00, value=65308.0
    [iter 4015599] reheat + diversify: ceiling=0.00, value=48234.0
    [iter 4021352] reheat + diversify: ceiling=0.00, value=65308.0
    [iter 4027105] reheat + diversify: ceiling=0.00, value=51953.0
    [iter 4032858] reheat + diversify: ceiling=0.00, value=65308.0
    [iter 4038611] reheat + diversify: ceiling=0.00, value=47576.0
    [iter 4044364] reheat + diversify: ceiling=0.00, value=52611.0
    [iter 4050117] reheat + diversify: ceiling=0.00, value=65308.0
    [iter 4055870] reheat + diversify: ceiling=0.00, value=52611.0
    [iter 4061623] reheat + diversify: ceiling=0.00, value=48234.0
    [iter 4067376] reheat + diversify: ceiling=0.00, value=65308.0
    [iter 4073129] reheat + diversify: ceiling=0.00, value=65308.0
    [iter 4078882] reheat + diversify: ceiling=0.00, value=65308.0
    [iter 4084635] reheat + diversify: ceiling=0.00, value=65308.0
    [iter 4090388] reheat + diversify: ceiling=0.00, value=52611.0
    [iter 4096141] reheat + diversify: ceiling=0.00, value=65308.0
    [iter 4101894] reheat + diversify: ceiling=0.00, value=48234.0
    [iter 4107647] reheat + diversify: ceiling=0.00, value=52611.0
    [iter 4113400] reheat + diversify: ceiling=0.00, value=51953.0
    [iter 4119153] reheat + diversify: ceiling=0.00, value=65308.0
    [iter 4124906] reheat + diversify: ceiling=0.00, value=65308.0
    [iter 4130659] reheat + diversify: ceiling=0.00, value=51953.0
    [iter 4136412] reheat + diversify: ceiling=0.00, value=48234.0
    [iter 4142165] reheat + diversify: ceiling=0.00, value=51953.0
    [iter 4147918] reheat + diversify: ceiling=0.00, value=65308.0
    [iter 4153671] reheat + diversify: ceiling=0.00, value=48234.0
    [iter 4159424] reheat + diversify: ceiling=0.00, value=51953.0
    [iter 4165177] reheat + diversify: ceiling=0.00, value=65308.0
    [iter 4170930] reheat + diversify: ceiling=0.00, value=65308.0
    [iter 4176683] reheat + diversify: ceiling=0.00, value=48234.0
    [iter 4182436] reheat + diversify: ceiling=0.00, value=65308.0
    [iter 4188189] reheat + diversify: ceiling=0.00, value=65308.0
    [iter 4193942] reheat + diversify: ceiling=0.00, value=51953.0
    [iter 4199695] reheat + diversify: ceiling=0.00, value=65308.0
    [iter 4205448] reheat + diversify: ceiling=0.00, value=65308.0
    [iter 4211201] reheat + diversify: ceiling=0.00, value=51953.0
    [iter 4216954] reheat + diversify: ceiling=0.00, value=51953.0
    [iter 4222707] reheat + diversify: ceiling=0.00, value=65308.0
    [iter 4228460] reheat + diversify: ceiling=0.00, value=65308.0
    [iter 4234213] reheat + diversify: ceiling=0.00, value=52611.0
    [iter 4239966] reheat + diversify: ceiling=0.00, value=65308.0
    [iter 4245719] reheat + diversify: ceiling=0.00, value=65308.0
    [iter 4251472] reheat + diversify: ceiling=0.00, value=65308.0
    [iter 4257225] reheat + diversify: ceiling=0.00, value=52611.0
    [iter 4262978] reheat + diversify: ceiling=0.00, value=51953.0
    [iter 4268731] reheat + diversify: ceiling=0.00, value=65308.0
    [iter 4274484] reheat + diversify: ceiling=0.00, value=65308.0
    [iter 4280237] reheat + diversify: ceiling=0.00, value=65308.0
    [iter 4285990] reheat + diversify: ceiling=0.00, value=51953.0
    [iter 4291743] reheat + diversify: ceiling=0.00, value=65308.0
    [iter 4297496] reheat + diversify: ceiling=0.00, value=65308.0
    [iter 4303249] reheat + diversify: ceiling=0.00, value=65308.0
    [iter 4309002] reheat + diversify: ceiling=0.00, value=48234.0
    [iter 4314755] reheat + diversify: ceiling=0.00, value=52611.0
    [iter 4320508] reheat + diversify: ceiling=0.00, value=47576.0
    [iter 4326261] reheat + diversify: ceiling=0.00, value=52611.0
    [iter 4332014] reheat + diversify: ceiling=0.00, value=65308.0
    [iter 4337767] reheat + diversify: ceiling=0.00, value=65308.0
    [iter 4343520] reheat + diversify: ceiling=0.00, value=51953.0
    [iter 4349273] reheat + diversify: ceiling=0.00, value=51953.0
    [iter 4355026] reheat + diversify: ceiling=0.00, value=47576.0
    [iter 4360779] reheat + diversify: ceiling=0.00, value=51953.0
    [iter 4366532] reheat + diversify: ceiling=0.00, value=65308.0
    [iter 4372285] reheat + diversify: ceiling=0.00, value=51953.0
    [iter 4378038] reheat + diversify: ceiling=0.00, value=65308.0
    [iter 4383791] reheat + diversify: ceiling=0.00, value=52611.0
    [iter 4389544] reheat + diversify: ceiling=0.00, value=65308.0
    [iter 4395297] reheat + diversify: ceiling=0.00, value=51953.0
    [iter 4401050] reheat + diversify: ceiling=0.00, value=51953.0
    [iter 4406803] reheat + diversify: ceiling=0.00, value=65308.0
    [iter 4412556] reheat + diversify: ceiling=0.00, value=51953.0
    [iter 4418309] reheat + diversify: ceiling=0.00, value=52611.0
    [iter 4424062] reheat + diversify: ceiling=0.00, value=48234.0
    [iter 4429815] reheat + diversify: ceiling=0.00, value=65308.0
    [iter 4435568] reheat + diversify: ceiling=0.00, value=65308.0
    [iter 4441321] reheat + diversify: ceiling=0.00, value=52611.0
    [iter 4447074] reheat + diversify: ceiling=0.00, value=65308.0
    [iter 4452827] reheat + diversify: ceiling=0.00, value=52611.0
    [iter 4458580] reheat + diversify: ceiling=0.00, value=65308.0
    [iter 4464333] reheat + diversify: ceiling=0.00, value=65308.0
    [iter 4470086] reheat + diversify: ceiling=0.00, value=65308.0
    [iter 4475839] reheat + diversify: ceiling=0.00, value=52611.0
    [iter 4481592] reheat + diversify: ceiling=0.00, value=51953.0
    [iter 4487345] reheat + diversify: ceiling=0.00, value=51953.0
    [iter 4493098] reheat + diversify: ceiling=0.00, value=65308.0
    [iter 4498851] reheat + diversify: ceiling=0.00, value=52611.0
    [iter 4504604] reheat + diversify: ceiling=0.00, value=48234.0
    [iter 4510357] reheat + diversify: ceiling=0.00, value=51953.0
    [iter 4516110] reheat + diversify: ceiling=0.00, value=65308.0
    [iter 4521863] reheat + diversify: ceiling=0.00, value=39914.0
    [iter 4527616] reheat + diversify: ceiling=0.00, value=48234.0
    [iter 4533369] reheat + diversify: ceiling=0.00, value=52611.0
    [iter 4539122] reheat + diversify: ceiling=0.00, value=52611.0
    [iter 4544875] reheat + diversify: ceiling=0.00, value=51953.0
    [iter 4550628] reheat + diversify: ceiling=0.00, value=65308.0
    [iter 4556381] reheat + diversify: ceiling=0.00, value=52611.0
    [iter 4562134] reheat + diversify: ceiling=0.00, value=65308.0
    [iter 4567887] reheat + diversify: ceiling=0.00, value=65308.0
    [iter 4573640] reheat + diversify: ceiling=0.00, value=65308.0
    [iter 4579393] reheat + diversify: ceiling=0.00, value=65308.0
    [iter 4585146] reheat + diversify: ceiling=0.00, value=65308.0
    [iter 4590899] reheat + diversify: ceiling=0.00, value=48234.0
    [iter 4596652] reheat + diversify: ceiling=0.00, value=48234.0
    [iter 4602405] reheat + diversify: ceiling=0.00, value=51953.0
    [iter 4608158] reheat + diversify: ceiling=0.00, value=48234.0
    [iter 4613911] reheat + diversify: ceiling=0.00, value=65308.0
    [iter 4619664] reheat + diversify: ceiling=0.00, value=51953.0
    [iter 4625417] reheat + diversify: ceiling=0.00, value=65308.0
    [iter 4631170] reheat + diversify: ceiling=0.00, value=52611.0
    [iter 4636923] reheat + diversify: ceiling=0.00, value=65308.0
    [iter 4642676] reheat + diversify: ceiling=0.00, value=65308.0
    [iter 4648429] reheat + diversify: ceiling=0.00, value=65308.0
    [iter 4654182] reheat + diversify: ceiling=0.00, value=51953.0
    [iter 4659935] reheat + diversify: ceiling=0.00, value=51953.0
    [iter 4665688] reheat + diversify: ceiling=0.00, value=65308.0
    [iter 4671441] reheat + diversify: ceiling=0.00, value=39914.0
    [iter 4677194] reheat + diversify: ceiling=0.00, value=65308.0
    [iter 4682947] reheat + diversify: ceiling=0.00, value=65308.0
    [iter 4688700] reheat + diversify: ceiling=0.00, value=51953.0
    [iter 4694453] reheat + diversify: ceiling=0.00, value=65308.0
    [iter 4700206] reheat + diversify: ceiling=0.00, value=51953.0
    [iter 4705959] reheat + diversify: ceiling=0.00, value=51953.0
    [iter 4711712] reheat + diversify: ceiling=0.00, value=48234.0
    [iter 4717465] reheat + diversify: ceiling=0.00, value=52611.0
    [iter 4723218] reheat + diversify: ceiling=0.00, value=48234.0
    [iter 4728971] reheat + diversify: ceiling=0.00, value=51953.0
    [iter 4734724] reheat + diversify: ceiling=0.00, value=65308.0
    [iter 4740477] reheat + diversify: ceiling=0.00, value=51953.0
    [iter 4746230] reheat + diversify: ceiling=0.00, value=65308.0
    [iter 4751983] reheat + diversify: ceiling=0.00, value=65308.0
    [iter 4757736] reheat + diversify: ceiling=0.00, value=47576.0
    [iter 4763489] reheat + diversify: ceiling=0.00, value=52611.0
    [iter 4769242] reheat + diversify: ceiling=0.00, value=51953.0
    [iter 4774995] reheat + diversify: ceiling=0.00, value=65308.0
    [iter 4780748] reheat + diversify: ceiling=0.00, value=51953.0
    [iter 4786501] reheat + diversify: ceiling=0.00, value=51953.0
    [iter 4792254] reheat + diversify: ceiling=0.00, value=51953.0
    [iter 4798007] reheat + diversify: ceiling=0.00, value=65308.0
    [iter 4803760] reheat + diversify: ceiling=0.00, value=65308.0
    [iter 4809513] reheat + diversify: ceiling=0.00, value=52611.0
    [iter 4815266] reheat + diversify: ceiling=0.00, value=51953.0
    [iter 4821019] reheat + diversify: ceiling=0.00, value=47576.0
    [iter 4826772] reheat + diversify: ceiling=0.00, value=52611.0
    [iter 4832525] reheat + diversify: ceiling=0.00, value=52611.0
    [iter 4838278] reheat + diversify: ceiling=0.00, value=65308.0
    [iter 4844031] reheat + diversify: ceiling=0.00, value=52611.0
    [iter 4849784] reheat + diversify: ceiling=0.00, value=65308.0
    [iter 4855537] reheat + diversify: ceiling=0.00, value=51953.0
    [iter 4861290] reheat + diversify: ceiling=0.00, value=65308.0
    [iter 4867043] reheat + diversify: ceiling=0.00, value=65308.0
    [iter 4872796] reheat + diversify: ceiling=0.00, value=65308.0
    [iter 4878549] reheat + diversify: ceiling=0.00, value=52611.0
    [iter 4884302] reheat + diversify: ceiling=0.00, value=65308.0
    [iter 4890055] reheat + diversify: ceiling=0.00, value=65308.0
    [iter 4895808] reheat + diversify: ceiling=0.00, value=51953.0
    [iter 4901561] reheat + diversify: ceiling=0.00, value=65308.0
    [iter 4907314] reheat + diversify: ceiling=0.00, value=51953.0
    [iter 4913067] reheat + diversify: ceiling=0.00, value=51953.0
    [iter 4918820] reheat + diversify: ceiling=0.00, value=51953.0
    [iter 4924573] reheat + diversify: ceiling=0.00, value=65308.0
    [iter 4930326] reheat + diversify: ceiling=0.00, value=48234.0
    [iter 4936079] reheat + diversify: ceiling=0.00, value=65308.0
    [iter 4941832] reheat + diversify: ceiling=0.00, value=48234.0
    [iter 4947585] reheat + diversify: ceiling=0.00, value=47576.0
    [iter 4953338] reheat + diversify: ceiling=0.00, value=48234.0
    [iter 4959091] reheat + diversify: ceiling=0.00, value=65308.0
    [iter 4964844] reheat + diversify: ceiling=0.00, value=51953.0
    [iter 4970597] reheat + diversify: ceiling=0.00, value=65308.0
    [iter 4976350] reheat + diversify: ceiling=0.00, value=65308.0
    [iter 4982103] reheat + diversify: ceiling=0.00, value=52611.0
    [iter 4987856] reheat + diversify: ceiling=0.00, value=65308.0
    [iter 4993609] reheat + diversify: ceiling=0.00, value=52611.0
    [iter 4999362] reheat + diversify: ceiling=0.00, value=65308.0
    [iter 5005115] reheat + diversify: ceiling=0.00, value=52611.0
    [iter 5010868] reheat + diversify: ceiling=0.00, value=52611.0
    [iter 5016621] reheat + diversify: ceiling=0.00, value=65308.0
    [iter 5022374] reheat + diversify: ceiling=0.00, value=65308.0
    [iter 5028127] reheat + diversify: ceiling=0.00, value=51953.0
    [iter 5033880] reheat + diversify: ceiling=0.00, value=51953.0
    [iter 5039633] reheat + diversify: ceiling=0.00, value=65308.0
    [iter 5045386] reheat + diversify: ceiling=0.00, value=52611.0
    [iter 5051139] reheat + diversify: ceiling=0.00, value=48234.0
    [iter 5056892] reheat + diversify: ceiling=0.00, value=52611.0
    [iter 5062645] reheat + diversify: ceiling=0.00, value=51953.0
    [iter 5068398] reheat + diversify: ceiling=0.00, value=51953.0
    [iter 5074151] reheat + diversify: ceiling=0.00, value=47576.0
    [iter 5079904] reheat + diversify: ceiling=0.00, value=52611.0
    [iter 5085657] reheat + diversify: ceiling=0.00, value=65308.0
    [iter 5091410] reheat + diversify: ceiling=0.00, value=65308.0
    [iter 5097163] reheat + diversify: ceiling=0.00, value=51953.0
    [iter 5102916] reheat + diversify: ceiling=0.00, value=65308.0
    [iter 5108669] reheat + diversify: ceiling=0.00, value=51953.0
    [iter 5114422] reheat + diversify: ceiling=0.00, value=52611.0
    [iter 5120175] reheat + diversify: ceiling=0.00, value=65308.0
    [iter 5125928] reheat + diversify: ceiling=0.00, value=65308.0
    [iter 5131681] reheat + diversify: ceiling=0.00, value=51953.0
    [iter 5137434] reheat + diversify: ceiling=0.00, value=51953.0
    [iter 5143187] reheat + diversify: ceiling=0.00, value=65308.0
    [iter 5148940] reheat + diversify: ceiling=0.00, value=51953.0
    [iter 5154693] reheat + diversify: ceiling=0.00, value=51953.0
    [iter 5160446] reheat + diversify: ceiling=0.00, value=52611.0
    [iter 5166199] reheat + diversify: ceiling=0.00, value=52611.0
    [iter 5171952] reheat + diversify: ceiling=0.00, value=48234.0
    [iter 5177705] reheat + diversify: ceiling=0.00, value=65308.0
    [iter 5183458] reheat + diversify: ceiling=0.00, value=65308.0
    [iter 5189211] reheat + diversify: ceiling=0.00, value=51953.0
    [iter 5194964] reheat + diversify: ceiling=0.00, value=52611.0
    [iter 5200717] reheat + diversify: ceiling=0.00, value=48234.0
    [iter 5206470] reheat + diversify: ceiling=0.00, value=48234.0
    [iter 5212223] reheat + diversify: ceiling=0.00, value=65308.0
    [iter 5217976] reheat + diversify: ceiling=0.00, value=65308.0
    [iter 5223729] reheat + diversify: ceiling=0.00, value=51953.0
    [iter 5229482] reheat + diversify: ceiling=0.00, value=65308.0
    [iter 5235235] reheat + diversify: ceiling=0.00, value=51953.0
    [iter 5240988] reheat + diversify: ceiling=0.00, value=65308.0
    [iter 5246741] reheat + diversify: ceiling=0.00, value=52611.0
    [iter 5252494] reheat + diversify: ceiling=0.00, value=65308.0
    [iter 5258247] reheat + diversify: ceiling=0.00, value=65308.0
    [iter 5264000] reheat + diversify: ceiling=0.00, value=51953.0
    [iter 5269753] reheat + diversify: ceiling=0.00, value=52611.0
    [iter 5275506] reheat + diversify: ceiling=0.00, value=52611.0
    [iter 5281259] reheat + diversify: ceiling=0.00, value=65308.0
    [iter 5287012] reheat + diversify: ceiling=0.00, value=52611.0
    [iter 5292765] reheat + diversify: ceiling=0.00, value=52611.0
    [iter 5298518] reheat + diversify: ceiling=0.00, value=48234.0
    [iter 5304271] reheat + diversify: ceiling=0.00, value=48234.0
    [iter 5310024] reheat + diversify: ceiling=0.00, value=65308.0
    [iter 5315777] reheat + diversify: ceiling=0.00, value=65308.0
    [iter 5321530] reheat + diversify: ceiling=0.00, value=52611.0
    [iter 5327283] reheat + diversify: ceiling=0.00, value=52611.0
    [iter 5333036] reheat + diversify: ceiling=0.00, value=65308.0
    [iter 5338789] reheat + diversify: ceiling=0.00, value=52611.0
    [iter 5344542] reheat + diversify: ceiling=0.00, value=48234.0
    [iter 5350295] reheat + diversify: ceiling=0.00, value=52611.0
    [iter 5356048] reheat + diversify: ceiling=0.00, value=65308.0
    [iter 5361801] reheat + diversify: ceiling=0.00, value=65308.0
    [iter 5367554] reheat + diversify: ceiling=0.00, value=65308.0
    [iter 5373307] reheat + diversify: ceiling=0.00, value=47576.0
    [iter 5379060] reheat + diversify: ceiling=0.00, value=51953.0
    [iter 5384813] reheat + diversify: ceiling=0.00, value=65308.0
    [iter 5390566] reheat + diversify: ceiling=0.00, value=65308.0
    [iter 5396319] reheat + diversify: ceiling=0.00, value=52611.0
    [iter 5402072] reheat + diversify: ceiling=0.00, value=51953.0
    [iter 5407825] reheat + diversify: ceiling=0.00, value=52611.0
    [iter 5413578] reheat + diversify: ceiling=0.00, value=51953.0
    [iter 5419331] reheat + diversify: ceiling=0.00, value=65308.0
    [iter 5425084] reheat + diversify: ceiling=0.00, value=52611.0
    [iter 5430837] reheat + diversify: ceiling=0.00, value=65308.0
    [iter 5436590] reheat + diversify: ceiling=0.00, value=51953.0
    [iter 5442343] reheat + diversify: ceiling=0.00, value=48234.0
    [iter 5448096] reheat + diversify: ceiling=0.00, value=52611.0
    [iter 5453849] reheat + diversify: ceiling=0.00, value=65308.0
    [iter 5459602] reheat + diversify: ceiling=0.00, value=51953.0
    [iter 5465355] reheat + diversify: ceiling=0.00, value=65308.0
    [iter 5471108] reheat + diversify: ceiling=0.00, value=51953.0
    [iter 5476861] reheat + diversify: ceiling=0.00, value=65308.0
    [iter 5482614] reheat + diversify: ceiling=0.00, value=48234.0
    [iter 5488367] reheat + diversify: ceiling=0.00, value=47576.0
    [iter 5494120] reheat + diversify: ceiling=0.00, value=65308.0
    [iter 5499873] reheat + diversify: ceiling=0.00, value=65308.0
    [iter 5505626] reheat + diversify: ceiling=0.00, value=47576.0
    [iter 5511379] reheat + diversify: ceiling=0.00, value=47576.0
    [iter 5517132] reheat + diversify: ceiling=0.00, value=48234.0
    [iter 5522885] reheat + diversify: ceiling=0.00, value=48234.0
    [iter 5528638] reheat + diversify: ceiling=0.00, value=52611.0
    [iter 5534391] reheat + diversify: ceiling=0.00, value=51953.0
    [iter 5540144] reheat + diversify: ceiling=0.00, value=65308.0
    [iter 5545897] reheat + diversify: ceiling=0.00, value=65308.0
    [iter 5551650] reheat + diversify: ceiling=0.00, value=65308.0
    [iter 5557403] reheat + diversify: ceiling=0.00, value=52611.0
    [iter 5563156] reheat + diversify: ceiling=0.00, value=52611.0
    [iter 5568909] reheat + diversify: ceiling=0.00, value=51953.0
    [iter 5574662] reheat + diversify: ceiling=0.00, value=52611.0
    [iter 5580415] reheat + diversify: ceiling=0.00, value=51953.0
    [iter 5586168] reheat + diversify: ceiling=0.00, value=65308.0
    [iter 5591921] reheat + diversify: ceiling=0.00, value=52611.0
    [iter 5597674] reheat + diversify: ceiling=0.00, value=48234.0
    [iter 5603427] reheat + diversify: ceiling=0.00, value=51953.0
    [iter 5609180] reheat + diversify: ceiling=0.00, value=52611.0
    [iter 5614933] reheat + diversify: ceiling=0.00, value=47576.0
    [iter 5620686] reheat + diversify: ceiling=0.00, value=65308.0
    [iter 5626439] reheat + diversify: ceiling=0.00, value=51953.0
    [iter 5632192] reheat + diversify: ceiling=0.00, value=65308.0
    [iter 5637945] reheat + diversify: ceiling=0.00, value=48234.0
    [iter 5643698] reheat + diversify: ceiling=0.00, value=51953.0
    [iter 5649451] reheat + diversify: ceiling=0.00, value=65308.0
    [iter 5655204] reheat + diversify: ceiling=0.00, value=52611.0
    [iter 5660957] reheat + diversify: ceiling=0.00, value=65308.0
    [iter 5666710] reheat + diversify: ceiling=0.00, value=51953.0
    [iter 5672463] reheat + diversify: ceiling=0.00, value=65308.0
    [iter 5678216] reheat + diversify: ceiling=0.00, value=51953.0
    [iter 5683969] reheat + diversify: ceiling=0.00, value=48234.0
    [iter 5689722] reheat + diversify: ceiling=0.00, value=48234.0
    [iter 5695475] reheat + diversify: ceiling=0.00, value=65308.0
    [iter 5701228] reheat + diversify: ceiling=0.00, value=51953.0
    [iter 5706981] reheat + diversify: ceiling=0.00, value=52611.0
    [iter 5712734] reheat + diversify: ceiling=0.00, value=48234.0
    [iter 5718487] reheat + diversify: ceiling=0.00, value=51953.0
    [iter 5724240] reheat + diversify: ceiling=0.00, value=65308.0
    [iter 5729993] reheat + diversify: ceiling=0.00, value=51953.0
    [iter 5735746] reheat + diversify: ceiling=0.00, value=65308.0
    [iter 5741499] reheat + diversify: ceiling=0.00, value=65308.0
    [iter 5747252] reheat + diversify: ceiling=0.00, value=51953.0
    [iter 5753005] reheat + diversify: ceiling=0.00, value=52611.0
    [iter 5758758] reheat + diversify: ceiling=0.00, value=65308.0
    [iter 5764511] reheat + diversify: ceiling=0.00, value=48234.0
    [iter 5770264] reheat + diversify: ceiling=0.00, value=52611.0
    [iter 5776017] reheat + diversify: ceiling=0.00, value=52611.0
    [iter 5781770] reheat + diversify: ceiling=0.00, value=51953.0
    [iter 5787523] reheat + diversify: ceiling=0.00, value=65308.0
    [iter 5793276] reheat + diversify: ceiling=0.00, value=65308.0
    [iter 5799029] reheat + diversify: ceiling=0.00, value=48234.0
    [iter 5804782] reheat + diversify: ceiling=0.00, value=52611.0
    [iter 5810535] reheat + diversify: ceiling=0.00, value=65308.0
    [iter 5816288] reheat + diversify: ceiling=0.00, value=65308.0
    [iter 5822041] reheat + diversify: ceiling=0.00, value=65308.0
    [iter 5827794] reheat + diversify: ceiling=0.00, value=48234.0
    [iter 5833547] reheat + diversify: ceiling=0.00, value=65308.0
    [iter 5839300] reheat + diversify: ceiling=0.00, value=52611.0
    [iter 5845053] reheat + diversify: ceiling=0.00, value=51953.0
    [iter 5850806] reheat + diversify: ceiling=0.00, value=52611.0
    [iter 5856559] reheat + diversify: ceiling=0.00, value=51953.0
    [iter 5862312] reheat + diversify: ceiling=0.00, value=52611.0
    [iter 5868065] reheat + diversify: ceiling=0.00, value=47576.0
    [iter 5873818] reheat + diversify: ceiling=0.00, value=65308.0
    [iter 5879571] reheat + diversify: ceiling=0.00, value=51953.0
    [iter 5885324] reheat + diversify: ceiling=0.00, value=48234.0
    [iter 5891077] reheat + diversify: ceiling=0.00, value=65308.0
    [iter 5896830] reheat + diversify: ceiling=0.00, value=65308.0
    [iter 5902583] reheat + diversify: ceiling=0.00, value=52611.0
    [iter 5908336] reheat + diversify: ceiling=0.00, value=52611.0
    [iter 5914089] reheat + diversify: ceiling=0.00, value=51953.0
    [iter 5919842] reheat + diversify: ceiling=0.00, value=65308.0
    [iter 5925595] reheat + diversify: ceiling=0.00, value=65308.0
    [iter 5931348] reheat + diversify: ceiling=0.00, value=51953.0
    [iter 5937101] reheat + diversify: ceiling=0.00, value=52611.0
    [iter 5942854] reheat + diversify: ceiling=0.00, value=65308.0
    [iter 5948607] reheat + diversify: ceiling=0.00, value=48234.0
    [iter 5954360] reheat + diversify: ceiling=0.00, value=51953.0
    [iter 5960113] reheat + diversify: ceiling=0.00, value=65308.0
    [iter 5965866] reheat + diversify: ceiling=0.00, value=51953.0
    [iter 5971619] reheat + diversify: ceiling=0.00, value=65308.0
    [iter 5977372] reheat + diversify: ceiling=0.00, value=65308.0
    [iter 5983125] reheat + diversify: ceiling=0.00, value=52611.0
    [iter 5988878] reheat + diversify: ceiling=0.00, value=48234.0
    [iter 5994631] reheat + diversify: ceiling=0.00, value=65308.0
    [iter 6000384] reheat + diversify: ceiling=0.00, value=65308.0
    [iter 6006137] reheat + diversify: ceiling=0.00, value=48234.0
    [iter 6011890] reheat + diversify: ceiling=0.00, value=52611.0
    [iter 6017643] reheat + diversify: ceiling=0.00, value=48234.0
    [iter 6023396] reheat + diversify: ceiling=0.00, value=51953.0
    [iter 6029149] reheat + diversify: ceiling=0.00, value=65308.0
    [iter 6034902] reheat + diversify: ceiling=0.00, value=65308.0
    [iter 6040655] reheat + diversify: ceiling=0.00, value=52611.0
    [iter 6046408] reheat + diversify: ceiling=0.00, value=65308.0
    [iter 6052161] reheat + diversify: ceiling=0.00, value=52611.0
    [iter 6057914] reheat + diversify: ceiling=0.00, value=65308.0
    [iter 6063667] reheat + diversify: ceiling=0.00, value=52611.0
    [iter 6069420] reheat + diversify: ceiling=0.00, value=65308.0
    [iter 6075173] reheat + diversify: ceiling=0.00, value=65308.0
    [iter 6080926] reheat + diversify: ceiling=0.00, value=65308.0
    [iter 6086679] reheat + diversify: ceiling=0.00, value=65308.0
    [iter 6092432] reheat + diversify: ceiling=0.00, value=65308.0
    [iter 6098185] reheat + diversify: ceiling=0.00, value=52611.0
    [iter 6103938] reheat + diversify: ceiling=0.00, value=51953.0
    [iter 6109691] reheat + diversify: ceiling=0.00, value=51953.0
    [iter 6115444] reheat + diversify: ceiling=0.00, value=65308.0
    [iter 6121197] reheat + diversify: ceiling=0.00, value=51953.0
    [iter 6126950] reheat + diversify: ceiling=0.00, value=48234.0
    [iter 6132703] reheat + diversify: ceiling=0.00, value=52611.0
    [iter 6138456] reheat + diversify: ceiling=0.00, value=48234.0
    [iter 6144209] reheat + diversify: ceiling=0.00, value=52611.0
    [iter 6149962] reheat + diversify: ceiling=0.00, value=65308.0
    [iter 6155715] reheat + diversify: ceiling=0.00, value=65308.0
    [iter 6161468] reheat + diversify: ceiling=0.00, value=65308.0
    [iter 6167221] reheat + diversify: ceiling=0.00, value=65308.0
    [iter 6172974] reheat + diversify: ceiling=0.00, value=51953.0
    [iter 6178727] reheat + diversify: ceiling=0.00, value=65308.0
    [iter 6184480] reheat + diversify: ceiling=0.00, value=65308.0
    [iter 6190233] reheat + diversify: ceiling=0.00, value=47576.0
    [iter 6195986] reheat + diversify: ceiling=0.00, value=48234.0
    [iter 6201739] reheat + diversify: ceiling=0.00, value=39256.0
    [iter 6207492] reheat + diversify: ceiling=0.00, value=52611.0
    [iter 6213245] reheat + diversify: ceiling=0.00, value=48234.0
    [iter 6218998] reheat + diversify: ceiling=0.00, value=65308.0
    [iter 6224751] reheat + diversify: ceiling=0.00, value=65308.0
    [iter 6230504] reheat + diversify: ceiling=0.00, value=52611.0
    [iter 6236257] reheat + diversify: ceiling=0.00, value=65308.0
    [iter 6242010] reheat + diversify: ceiling=0.00, value=52611.0
    [iter 6247763] reheat + diversify: ceiling=0.00, value=65308.0
    [iter 6253516] reheat + diversify: ceiling=0.00, value=51953.0
    [iter 6259269] reheat + diversify: ceiling=0.00, value=51953.0
    [iter 6265022] reheat + diversify: ceiling=0.00, value=65308.0
    [iter 6270775] reheat + diversify: ceiling=0.00, value=65308.0
    [iter 6276528] reheat + diversify: ceiling=0.00, value=65308.0
    [iter 6282281] reheat + diversify: ceiling=0.00, value=52611.0
    [iter 6288034] reheat + diversify: ceiling=0.00, value=65308.0
    [iter 6293787] reheat + diversify: ceiling=0.00, value=52611.0
    [iter 6299540] reheat + diversify: ceiling=0.00, value=65308.0
    [iter 6305293] reheat + diversify: ceiling=0.00, value=48234.0
    [iter 6311046] reheat + diversify: ceiling=0.00, value=65308.0
    [iter 6316799] reheat + diversify: ceiling=0.00, value=52611.0
    [iter 6322552] reheat + diversify: ceiling=0.00, value=65308.0
    [iter 6328305] reheat + diversify: ceiling=0.00, value=65308.0
    [iter 6334058] reheat + diversify: ceiling=0.00, value=65308.0
    [iter 6339811] reheat + diversify: ceiling=0.00, value=52611.0
    [iter 6345564] reheat + diversify: ceiling=0.00, value=48234.0
    [iter 6351317] reheat + diversify: ceiling=0.00, value=65308.0
    [iter 6357070] reheat + diversify: ceiling=0.00, value=51953.0
    [iter 6362823] reheat + diversify: ceiling=0.00, value=65308.0
    [iter 6368576] reheat + diversify: ceiling=0.00, value=47576.0
    [iter 6374329] reheat + diversify: ceiling=0.00, value=52611.0
    [iter 6380082] reheat + diversify: ceiling=0.00, value=65308.0
    [iter 6385835] reheat + diversify: ceiling=0.00, value=65308.0
    [iter 6391588] reheat + diversify: ceiling=0.00, value=52611.0
    [iter 6397341] reheat + diversify: ceiling=0.00, value=48234.0
    [iter 6403094] reheat + diversify: ceiling=0.00, value=51953.0
    [iter 6408847] reheat + diversify: ceiling=0.00, value=52611.0
    [iter 6414600] reheat + diversify: ceiling=0.00, value=52611.0
    [iter 6420353] reheat + diversify: ceiling=0.00, value=65308.0
    [iter 6426106] reheat + diversify: ceiling=0.00, value=65308.0
    [iter 6431859] reheat + diversify: ceiling=0.00, value=65308.0
    [iter 6437612] reheat + diversify: ceiling=0.00, value=47576.0
    [iter 6443365] reheat + diversify: ceiling=0.00, value=65308.0
    [iter 6449118] reheat + diversify: ceiling=0.00, value=65308.0
    [iter 6454871] reheat + diversify: ceiling=0.00, value=51953.0
    [iter 6460624] reheat + diversify: ceiling=0.00, value=65308.0
    [iter 6466377] reheat + diversify: ceiling=0.00, value=65308.0
    [iter 6472130] reheat + diversify: ceiling=0.00, value=65308.0
    [iter 6477883] reheat + diversify: ceiling=0.00, value=51953.0
    [iter 6483636] reheat + diversify: ceiling=0.00, value=52611.0
    [iter 6489389] reheat + diversify: ceiling=0.00, value=48234.0
    [iter 6495142] reheat + diversify: ceiling=0.00, value=52611.0
    [iter 6500895] reheat + diversify: ceiling=0.00, value=65308.0
    [iter 6506648] reheat + diversify: ceiling=0.00, value=51953.0
    [iter 6512401] reheat + diversify: ceiling=0.00, value=52611.0
    [iter 6518154] reheat + diversify: ceiling=0.00, value=65308.0
    [iter 6523907] reheat + diversify: ceiling=0.00, value=65308.0
    [iter 6529660] reheat + diversify: ceiling=0.00, value=65308.0
    [iter 6535413] reheat + diversify: ceiling=0.00, value=65308.0
    [iter 6541166] reheat + diversify: ceiling=0.00, value=65308.0
    [iter 6546919] reheat + diversify: ceiling=0.00, value=65308.0
    [iter 6552672] reheat + diversify: ceiling=0.00, value=65308.0
    [iter 6558425] reheat + diversify: ceiling=0.00, value=48234.0
    [iter 6564178] reheat + diversify: ceiling=0.00, value=65308.0
    [iter 6569931] reheat + diversify: ceiling=0.00, value=48234.0
    [iter 6575684] reheat + diversify: ceiling=0.00, value=47576.0
    [iter 6581437] reheat + diversify: ceiling=0.00, value=51953.0
    [iter 6587190] reheat + diversify: ceiling=0.00, value=51953.0
    [iter 6592943] reheat + diversify: ceiling=0.00, value=65308.0
    [iter 6598696] reheat + diversify: ceiling=0.00, value=65308.0
    [iter 6604449] reheat + diversify: ceiling=0.00, value=65308.0
    [iter 6610202] reheat + diversify: ceiling=0.00, value=51953.0
    [iter 6615955] reheat + diversify: ceiling=0.00, value=52611.0
    [iter 6621708] reheat + diversify: ceiling=0.00, value=48234.0
    [iter 6627461] reheat + diversify: ceiling=0.00, value=52611.0
    [iter 6633214] reheat + diversify: ceiling=0.00, value=48234.0
    [iter 6638967] reheat + diversify: ceiling=0.00, value=51953.0
    [iter 6644720] reheat + diversify: ceiling=0.00, value=48234.0
    [iter 6650473] reheat + diversify: ceiling=0.00, value=48234.0
    [iter 6656226] reheat + diversify: ceiling=0.00, value=65308.0
    [iter 6661979] reheat + diversify: ceiling=0.00, value=52611.0
    [iter 6667732] reheat + diversify: ceiling=0.00, value=48234.0
    [iter 6673485] reheat + diversify: ceiling=0.00, value=65308.0
    [iter 6679238] reheat + diversify: ceiling=0.00, value=39256.0
    [iter 6684991] reheat + diversify: ceiling=0.00, value=47576.0
    [iter 6690744] reheat + diversify: ceiling=0.00, value=65308.0
    [iter 6696497] reheat + diversify: ceiling=0.00, value=65308.0
    [iter 6702250] reheat + diversify: ceiling=0.00, value=52611.0
    [iter 6708003] reheat + diversify: ceiling=0.00, value=65308.0
    [iter 6713756] reheat + diversify: ceiling=0.00, value=51953.0
    [iter 6719509] reheat + diversify: ceiling=0.00, value=65308.0
    [iter 6725262] reheat + diversify: ceiling=0.00, value=51953.0
    [iter 6731015] reheat + diversify: ceiling=0.00, value=39914.0
    [iter 6736768] reheat + diversify: ceiling=0.00, value=52611.0
    [iter 6742521] reheat + diversify: ceiling=0.00, value=65308.0
    [iter 6748274] reheat + diversify: ceiling=0.00, value=65308.0
    [iter 6754027] reheat + diversify: ceiling=0.00, value=65308.0
    [iter 6759780] reheat + diversify: ceiling=0.00, value=52611.0
    [iter 6765533] reheat + diversify: ceiling=0.00, value=52611.0
    [iter 6771286] reheat + diversify: ceiling=0.00, value=52611.0
    [iter 6777039] reheat + diversify: ceiling=0.00, value=47576.0
    [iter 6782792] reheat + diversify: ceiling=0.00, value=65308.0
    [iter 6788545] reheat + diversify: ceiling=0.00, value=65308.0
    [iter 6794298] reheat + diversify: ceiling=0.00, value=52611.0
    [iter 6800051] reheat + diversify: ceiling=0.00, value=65308.0
    [iter 6805804] reheat + diversify: ceiling=0.00, value=65308.0
    [iter 6811557] reheat + diversify: ceiling=0.00, value=65308.0
    [iter 6817310] reheat + diversify: ceiling=0.00, value=65308.0
    [iter 6823063] reheat + diversify: ceiling=0.00, value=51953.0
    [iter 6828816] reheat + diversify: ceiling=0.00, value=51953.0
    [iter 6834569] reheat + diversify: ceiling=0.00, value=65308.0
    [iter 6840322] reheat + diversify: ceiling=0.00, value=51953.0
    [iter 6846075] reheat + diversify: ceiling=0.00, value=65308.0
    [iter 6851828] reheat + diversify: ceiling=0.00, value=51953.0
    [iter 6857581] reheat + diversify: ceiling=0.00, value=52611.0
    [iter 6863334] reheat + diversify: ceiling=0.00, value=65308.0
    [iter 6869087] reheat + diversify: ceiling=0.00, value=65308.0
    [iter 6874840] reheat + diversify: ceiling=0.00, value=65308.0
    [iter 6880593] reheat + diversify: ceiling=0.00, value=51953.0
    [iter 6886346] reheat + diversify: ceiling=0.00, value=65308.0
    [iter 6892099] reheat + diversify: ceiling=0.00, value=65308.0
    [iter 6897852] reheat + diversify: ceiling=0.00, value=52611.0
    [iter 6903605] reheat + diversify: ceiling=0.00, value=65308.0
    [iter 6909358] reheat + diversify: ceiling=0.00, value=51953.0
    [iter 6915111] reheat + diversify: ceiling=0.00, value=52611.0
    [iter 6920864] reheat + diversify: ceiling=0.00, value=65308.0
    [iter 6926617] reheat + diversify: ceiling=0.00, value=65308.0
    [iter 6932370] reheat + diversify: ceiling=0.00, value=65308.0
    [iter 6938123] reheat + diversify: ceiling=0.00, value=48234.0
    [iter 6943876] reheat + diversify: ceiling=0.00, value=52611.0
    [iter 6949629] reheat + diversify: ceiling=0.00, value=65308.0
    [iter 6955382] reheat + diversify: ceiling=0.00, value=51953.0
    [iter 6961135] reheat + diversify: ceiling=0.00, value=65308.0
    [iter 6966888] reheat + diversify: ceiling=0.00, value=65308.0
    [iter 6972641] reheat + diversify: ceiling=0.00, value=52611.0
    [iter 6978394] reheat + diversify: ceiling=0.00, value=47576.0
    [iter 6984147] reheat + diversify: ceiling=0.00, value=48234.0
    [iter 6989900] reheat + diversify: ceiling=0.00, value=52611.0
    [iter 6995653] reheat + diversify: ceiling=0.00, value=65308.0
    [iter 7001406] reheat + diversify: ceiling=0.00, value=65308.0
    [iter 7007159] reheat + diversify: ceiling=0.00, value=51953.0
    [iter 7012912] reheat + diversify: ceiling=0.00, value=65308.0
    [iter 7018665] reheat + diversify: ceiling=0.00, value=52611.0
    [iter 7024418] reheat + diversify: ceiling=0.00, value=52611.0
    [iter 7030171] reheat + diversify: ceiling=0.00, value=48234.0
    [iter 7035924] reheat + diversify: ceiling=0.00, value=65308.0
    [iter 7041677] reheat + diversify: ceiling=0.00, value=52611.0
    [iter 7047430] reheat + diversify: ceiling=0.00, value=65308.0
    [iter 7053183] reheat + diversify: ceiling=0.00, value=52611.0
    [iter 7058936] reheat + diversify: ceiling=0.00, value=65308.0
    [iter 7064689] reheat + diversify: ceiling=0.00, value=51953.0
    [iter 7070442] reheat + diversify: ceiling=0.00, value=48234.0
    [iter 7076195] reheat + diversify: ceiling=0.00, value=65308.0
    [iter 7081948] reheat + diversify: ceiling=0.00, value=47576.0
    [iter 7087701] reheat + diversify: ceiling=0.00, value=51953.0
    [iter 7093454] reheat + diversify: ceiling=0.00, value=52611.0
    [iter 7099207] reheat + diversify: ceiling=0.00, value=65308.0
    [iter 7104960] reheat + diversify: ceiling=0.00, value=51953.0
    [iter 7110713] reheat + diversify: ceiling=0.00, value=65308.0
    [iter 7116466] reheat + diversify: ceiling=0.00, value=65308.0
    [iter 7122219] reheat + diversify: ceiling=0.00, value=52611.0
    [iter 7127972] reheat + diversify: ceiling=0.00, value=51953.0
    [iter 7133725] reheat + diversify: ceiling=0.00, value=39914.0
    [iter 7139478] reheat + diversify: ceiling=0.00, value=52611.0
    [iter 7145231] reheat + diversify: ceiling=0.00, value=51953.0
    [iter 7150984] reheat + diversify: ceiling=0.00, value=51953.0
    [iter 7156737] reheat + diversify: ceiling=0.00, value=52611.0
    [iter 7162490] reheat + diversify: ceiling=0.00, value=48234.0
    [iter 7168243] reheat + diversify: ceiling=0.00, value=51953.0
    [iter 7173996] reheat + diversify: ceiling=0.00, value=48234.0
    [iter 7179749] reheat + diversify: ceiling=0.00, value=48234.0
    [iter 7185502] reheat + diversify: ceiling=0.00, value=65308.0
    [iter 7191255] reheat + diversify: ceiling=0.00, value=65308.0
    [iter 7197008] reheat + diversify: ceiling=0.00, value=65308.0
    [iter 7202761] reheat + diversify: ceiling=0.00, value=52611.0
    [iter 7208514] reheat + diversify: ceiling=0.00, value=51953.0
    [iter 7214267] reheat + diversify: ceiling=0.00, value=51953.0
    [iter 7220020] reheat + diversify: ceiling=0.00, value=51953.0
    [iter 7225773] reheat + diversify: ceiling=0.00, value=48234.0
    [iter 7231526] reheat + diversify: ceiling=0.00, value=52611.0
    [iter 7237279] reheat + diversify: ceiling=0.00, value=65308.0
    [iter 7243032] reheat + diversify: ceiling=0.00, value=65308.0
    [iter 7248785] reheat + diversify: ceiling=0.00, value=52611.0
    [iter 7254538] reheat + diversify: ceiling=0.00, value=65308.0
    [iter 7260291] reheat + diversify: ceiling=0.00, value=48234.0
    [iter 7266044] reheat + diversify: ceiling=0.00, value=65308.0
    [iter 7271797] reheat + diversify: ceiling=0.00, value=65308.0
    [iter 7277550] reheat + diversify: ceiling=0.00, value=65308.0
    [iter 7283303] reheat + diversify: ceiling=0.00, value=51953.0
    [iter 7289056] reheat + diversify: ceiling=0.00, value=51953.0
    [iter 7294809] reheat + diversify: ceiling=0.00, value=51953.0
    [iter 7300562] reheat + diversify: ceiling=0.00, value=52611.0
    [iter 7306315] reheat + diversify: ceiling=0.00, value=48234.0
    [iter 7312068] reheat + diversify: ceiling=0.00, value=48234.0
    [iter 7317821] reheat + diversify: ceiling=0.00, value=65308.0
    [iter 7323574] reheat + diversify: ceiling=0.00, value=65308.0
    [iter 7329327] reheat + diversify: ceiling=0.00, value=48234.0
    [iter 7335080] reheat + diversify: ceiling=0.00, value=65308.0
    [iter 7340833] reheat + diversify: ceiling=0.00, value=51953.0
    [iter 7346586] reheat + diversify: ceiling=0.00, value=52611.0
    [iter 7352339] reheat + diversify: ceiling=0.00, value=65308.0
    [iter 7358092] reheat + diversify: ceiling=0.00, value=48234.0
    [iter 7363845] reheat + diversify: ceiling=0.00, value=65308.0
    [iter 7369598] reheat + diversify: ceiling=0.00, value=48234.0
    [iter 7375351] reheat + diversify: ceiling=0.00, value=65308.0
    [iter 7381104] reheat + diversify: ceiling=0.00, value=48234.0
    [iter 7386857] reheat + diversify: ceiling=0.00, value=48234.0
    [iter 7392610] reheat + diversify: ceiling=0.00, value=52611.0
    [iter 7398363] reheat + diversify: ceiling=0.00, value=65308.0
    [iter 7404116] reheat + diversify: ceiling=0.00, value=47576.0
    [iter 7409869] reheat + diversify: ceiling=0.00, value=65308.0
    [iter 7415622] reheat + diversify: ceiling=0.00, value=65308.0
    [iter 7421375] reheat + diversify: ceiling=0.00, value=52611.0
    [iter 7427128] reheat + diversify: ceiling=0.00, value=65308.0
    [iter 7432881] reheat + diversify: ceiling=0.00, value=48234.0
    [iter 7438634] reheat + diversify: ceiling=0.00, value=65308.0
    [iter 7444387] reheat + diversify: ceiling=0.00, value=39914.0
    [iter 7450140] reheat + diversify: ceiling=0.00, value=48234.0
    [iter 7455893] reheat + diversify: ceiling=0.00, value=65308.0
    [iter 7461646] reheat + diversify: ceiling=0.00, value=65308.0
    [iter 7467399] reheat + diversify: ceiling=0.00, value=65308.0
    [iter 7473152] reheat + diversify: ceiling=0.00, value=65308.0
    [iter 7478905] reheat + diversify: ceiling=0.00, value=65308.0
    [iter 7484658] reheat + diversify: ceiling=0.00, value=65308.0
    [iter 7490411] reheat + diversify: ceiling=0.00, value=65308.0
    [iter 7496164] reheat + diversify: ceiling=0.00, value=51953.0
    [iter 7501917] reheat + diversify: ceiling=0.00, value=51953.0
    [iter 7507670] reheat + diversify: ceiling=0.00, value=65308.0
    [iter 7513423] reheat + diversify: ceiling=0.00, value=48234.0
    [iter 7519176] reheat + diversify: ceiling=0.00, value=52611.0
    [iter 7524929] reheat + diversify: ceiling=0.00, value=65308.0
    [iter 7530682] reheat + diversify: ceiling=0.00, value=65308.0
    [iter 7536435] reheat + diversify: ceiling=0.00, value=48234.0
    [iter 7542188] reheat + diversify: ceiling=0.00, value=65308.0
    [iter 7547941] reheat + diversify: ceiling=0.00, value=65308.0
    [iter 7553694] reheat + diversify: ceiling=0.00, value=65308.0
    [iter 7559447] reheat + diversify: ceiling=0.00, value=65308.0
    [iter 7565200] reheat + diversify: ceiling=0.00, value=52611.0
    [iter 7570953] reheat + diversify: ceiling=0.00, value=52611.0
    [iter 7576706] reheat + diversify: ceiling=0.00, value=48234.0
    [iter 7582459] reheat + diversify: ceiling=0.00, value=52611.0
    [iter 7588212] reheat + diversify: ceiling=0.00, value=52611.0
    [iter 7593965] reheat + diversify: ceiling=0.00, value=51953.0
    [iter 7599718] reheat + diversify: ceiling=0.00, value=65308.0
    [iter 7605471] reheat + diversify: ceiling=0.00, value=65308.0
    [iter 7611224] reheat + diversify: ceiling=0.00, value=65308.0
    [iter 7616977] reheat + diversify: ceiling=0.00, value=65308.0
    [iter 7622730] reheat + diversify: ceiling=0.00, value=65308.0
    [iter 7628483] reheat + diversify: ceiling=0.00, value=51953.0
    [iter 7634236] reheat + diversify: ceiling=0.00, value=48234.0
    [iter 7639989] reheat + diversify: ceiling=0.00, value=65308.0
    [iter 7645742] reheat + diversify: ceiling=0.00, value=48234.0
    [iter 7651495] reheat + diversify: ceiling=0.00, value=52611.0
    [iter 7657248] reheat + diversify: ceiling=0.00, value=65308.0
    [iter 7663001] reheat + diversify: ceiling=0.00, value=65308.0
    [iter 7668754] reheat + diversify: ceiling=0.00, value=52611.0
    [iter 7674507] reheat + diversify: ceiling=0.00, value=65308.0
    [iter 7680260] reheat + diversify: ceiling=0.00, value=51953.0
    [iter 7686013] reheat + diversify: ceiling=0.00, value=48234.0
    [iter 7691766] reheat + diversify: ceiling=0.00, value=52611.0
    [iter 7697519] reheat + diversify: ceiling=0.00, value=65308.0
    [iter 7703272] reheat + diversify: ceiling=0.00, value=65308.0
    [iter 7709025] reheat + diversify: ceiling=0.00, value=48234.0
    [iter 7714778] reheat + diversify: ceiling=0.00, value=65308.0
    [iter 7720531] reheat + diversify: ceiling=0.00, value=52611.0
    [iter 7726284] reheat + diversify: ceiling=0.00, value=52611.0
    [iter 7732037] reheat + diversify: ceiling=0.00, value=52611.0
    [iter 7737790] reheat + diversify: ceiling=0.00, value=65308.0
    [iter 7743543] reheat + diversify: ceiling=0.00, value=51953.0
    [iter 7749296] reheat + diversify: ceiling=0.00, value=51953.0
    [iter 7755049] reheat + diversify: ceiling=0.00, value=65308.0
    [iter 7760802] reheat + diversify: ceiling=0.00, value=48234.0
    [iter 7766555] reheat + diversify: ceiling=0.00, value=65308.0
    [iter 7772308] reheat + diversify: ceiling=0.00, value=52611.0
    [iter 7778061] reheat + diversify: ceiling=0.00, value=65308.0
    [iter 7783814] reheat + diversify: ceiling=0.00, value=65308.0
    [iter 7789567] reheat + diversify: ceiling=0.00, value=65308.0
    [iter 7795320] reheat + diversify: ceiling=0.00, value=65308.0
    [iter 7801073] reheat + diversify: ceiling=0.00, value=65308.0
    [iter 7806826] reheat + diversify: ceiling=0.00, value=65308.0
    [iter 7812579] reheat + diversify: ceiling=0.00, value=52611.0
    [iter 7818332] reheat + diversify: ceiling=0.00, value=47576.0
    [iter 7824085] reheat + diversify: ceiling=0.00, value=65308.0
    [iter 7829838] reheat + diversify: ceiling=0.00, value=65308.0
    [iter 7835591] reheat + diversify: ceiling=0.00, value=51953.0
    [iter 7841344] reheat + diversify: ceiling=0.00, value=51953.0
    [iter 7847097] reheat + diversify: ceiling=0.00, value=65308.0
    [iter 7852850] reheat + diversify: ceiling=0.00, value=51953.0
    [iter 7858603] reheat + diversify: ceiling=0.00, value=52611.0
    [iter 7864356] reheat + diversify: ceiling=0.00, value=65308.0
    [iter 7870109] reheat + diversify: ceiling=0.00, value=65308.0
    [iter 7875862] reheat + diversify: ceiling=0.00, value=65308.0
    [iter 7881615] reheat + diversify: ceiling=0.00, value=65308.0
    [iter 7887368] reheat + diversify: ceiling=0.00, value=51953.0
    [iter 7893121] reheat + diversify: ceiling=0.00, value=52611.0
    [iter 7898874] reheat + diversify: ceiling=0.00, value=65308.0
    [iter 7904627] reheat + diversify: ceiling=0.00, value=52611.0
    [iter 7910380] reheat + diversify: ceiling=0.00, value=51953.0
    [iter 7916133] reheat + diversify: ceiling=0.00, value=52611.0
    [iter 7921886] reheat + diversify: ceiling=0.00, value=65308.0
    [iter 7927639] reheat + diversify: ceiling=0.00, value=47576.0
    [iter 7933392] reheat + diversify: ceiling=0.00, value=48234.0
    [iter 7939145] reheat + diversify: ceiling=0.00, value=51953.0
    [iter 7944898] reheat + diversify: ceiling=0.00, value=52611.0
    [iter 7950651] reheat + diversify: ceiling=0.00, value=51953.0
    [iter 7956404] reheat + diversify: ceiling=0.00, value=52611.0
    [iter 7962157] reheat + diversify: ceiling=0.00, value=65308.0
    [iter 7967910] reheat + diversify: ceiling=0.00, value=65308.0
    [iter 7973663] reheat + diversify: ceiling=0.00, value=48234.0
    [iter 7979416] reheat + diversify: ceiling=0.00, value=47576.0
    [iter 7985169] reheat + diversify: ceiling=0.00, value=51953.0
    [iter 7990922] reheat + diversify: ceiling=0.00, value=65308.0
    [iter 7996675] reheat + diversify: ceiling=0.00, value=65308.0
    [iter 8002428] reheat + diversify: ceiling=0.00, value=65308.0
    [iter 8008181] reheat + diversify: ceiling=0.00, value=51953.0
    [iter 8013934] reheat + diversify: ceiling=0.00, value=65308.0
    [iter 8019687] reheat + diversify: ceiling=0.00, value=48234.0
    [iter 8025440] reheat + diversify: ceiling=0.00, value=65308.0
    [iter 8031193] reheat + diversify: ceiling=0.00, value=48234.0
    [iter 8036946] reheat + diversify: ceiling=0.00, value=52611.0
    [iter 8042699] reheat + diversify: ceiling=0.00, value=51953.0
    [iter 8048452] reheat + diversify: ceiling=0.00, value=65308.0
    [iter 8054205] reheat + diversify: ceiling=0.00, value=51953.0
    [iter 8059958] reheat + diversify: ceiling=0.00, value=65308.0
    [iter 8065711] reheat + diversify: ceiling=0.00, value=48234.0
    [iter 8071464] reheat + diversify: ceiling=0.00, value=51953.0
    [iter 8077217] reheat + diversify: ceiling=0.00, value=65308.0
    [iter 8082970] reheat + diversify: ceiling=0.00, value=47576.0
    [iter 8088723] reheat + diversify: ceiling=0.00, value=52611.0
    [iter 8094476] reheat + diversify: ceiling=0.00, value=65308.0
    [iter 8100229] reheat + diversify: ceiling=0.00, value=65308.0
    [iter 8105982] reheat + diversify: ceiling=0.00, value=65308.0
    [iter 8111735] reheat + diversify: ceiling=0.00, value=51953.0
    [iter 8117488] reheat + diversify: ceiling=0.00, value=65308.0
    [iter 8123241] reheat + diversify: ceiling=0.00, value=51953.0
    [iter 8128994] reheat + diversify: ceiling=0.00, value=65308.0
    [iter 8134747] reheat + diversify: ceiling=0.00, value=51953.0
    [iter 8140500] reheat + diversify: ceiling=0.00, value=39914.0
    [iter 8146253] reheat + diversify: ceiling=0.00, value=65308.0
    [iter 8152006] reheat + diversify: ceiling=0.00, value=51953.0
    [iter 8157759] reheat + diversify: ceiling=0.00, value=51953.0
    [iter 8163512] reheat + diversify: ceiling=0.00, value=65308.0
    [iter 8169265] reheat + diversify: ceiling=0.00, value=65308.0
    [iter 8175018] reheat + diversify: ceiling=0.00, value=65308.0
    [iter 8180771] reheat + diversify: ceiling=0.00, value=65308.0
    [iter 8186524] reheat + diversify: ceiling=0.00, value=39256.0
    [iter 8192277] reheat + diversify: ceiling=0.00, value=65308.0
    [iter 8198030] reheat + diversify: ceiling=0.00, value=65308.0
    [iter 8203783] reheat + diversify: ceiling=0.00, value=52611.0
    [iter 8209536] reheat + diversify: ceiling=0.00, value=65308.0
    [iter 8215289] reheat + diversify: ceiling=0.00, value=65308.0
    [iter 8221042] reheat + diversify: ceiling=0.00, value=52611.0
    [iter 8226795] reheat + diversify: ceiling=0.00, value=65308.0
    [iter 8232548] reheat + diversify: ceiling=0.00, value=52611.0
    [iter 8238301] reheat + diversify: ceiling=0.00, value=65308.0
    [iter 8244054] reheat + diversify: ceiling=0.00, value=52611.0
    [iter 8249807] reheat + diversify: ceiling=0.00, value=51953.0
    [iter 8255560] reheat + diversify: ceiling=0.00, value=65308.0
    [iter 8261313] reheat + diversify: ceiling=0.00, value=65308.0
    [iter 8267066] reheat + diversify: ceiling=0.00, value=48234.0
    [iter 8272819] reheat + diversify: ceiling=0.00, value=52611.0
    [iter 8278572] reheat + diversify: ceiling=0.00, value=48234.0
    [iter 8284325] reheat + diversify: ceiling=0.00, value=48234.0
    [iter 8290078] reheat + diversify: ceiling=0.00, value=48234.0
    [iter 8295831] reheat + diversify: ceiling=0.00, value=52611.0
    [iter 8301584] reheat + diversify: ceiling=0.00, value=65308.0
    [iter 8307337] reheat + diversify: ceiling=0.00, value=51953.0
    [iter 8313090] reheat + diversify: ceiling=0.00, value=51953.0
    [iter 8318843] reheat + diversify: ceiling=0.00, value=65308.0
    [iter 8324596] reheat + diversify: ceiling=0.00, value=51953.0
    [iter 8330349] reheat + diversify: ceiling=0.00, value=51953.0
    [iter 8336102] reheat + diversify: ceiling=0.00, value=47576.0
    [iter 8341855] reheat + diversify: ceiling=0.00, value=65308.0
    [iter 8347608] reheat + diversify: ceiling=0.00, value=65308.0
    [iter 8353361] reheat + diversify: ceiling=0.00, value=65308.0
    [iter 8359114] reheat + diversify: ceiling=0.00, value=51953.0
    [iter 8364867] reheat + diversify: ceiling=0.00, value=52611.0
    [iter 8370620] reheat + diversify: ceiling=0.00, value=52611.0
    [iter 8376373] reheat + diversify: ceiling=0.00, value=65308.0
    [iter 8382126] reheat + diversify: ceiling=0.00, value=39914.0
    [iter 8387879] reheat + diversify: ceiling=0.00, value=48234.0
    [iter 8393632] reheat + diversify: ceiling=0.00, value=47576.0
    [iter 8399385] reheat + diversify: ceiling=0.00, value=48234.0
    [iter 8405138] reheat + diversify: ceiling=0.00, value=48234.0
    [iter 8410891] reheat + diversify: ceiling=0.00, value=65308.0
    [iter 8416644] reheat + diversify: ceiling=0.00, value=52611.0
    [iter 8422397] reheat + diversify: ceiling=0.00, value=51953.0
    [iter 8428150] reheat + diversify: ceiling=0.00, value=51953.0
    [iter 8433903] reheat + diversify: ceiling=0.00, value=48234.0
    [iter 8439656] reheat + diversify: ceiling=0.00, value=65308.0
    [iter 8445409] reheat + diversify: ceiling=0.00, value=52611.0
    [iter 8451162] reheat + diversify: ceiling=0.00, value=52611.0
    [iter 8456915] reheat + diversify: ceiling=0.00, value=65308.0
    [iter 8462668] reheat + diversify: ceiling=0.00, value=65308.0
    [iter 8468421] reheat + diversify: ceiling=0.00, value=48234.0
    [iter 8474174] reheat + diversify: ceiling=0.00, value=51953.0
    [iter 8479927] reheat + diversify: ceiling=0.00, value=65308.0
    [iter 8485680] reheat + diversify: ceiling=0.00, value=65308.0
    [iter 8491433] reheat + diversify: ceiling=0.00, value=65308.0
    [iter 8497186] reheat + diversify: ceiling=0.00, value=51953.0
    [iter 8502939] reheat + diversify: ceiling=0.00, value=65308.0
    [iter 8508692] reheat + diversify: ceiling=0.00, value=51953.0
    [iter 8514445] reheat + diversify: ceiling=0.00, value=52611.0
    [iter 8520198] reheat + diversify: ceiling=0.00, value=65308.0
    [iter 8525951] reheat + diversify: ceiling=0.00, value=65308.0
    [iter 8531704] reheat + diversify: ceiling=0.00, value=65308.0
    [iter 8537457] reheat + diversify: ceiling=0.00, value=65308.0
    [iter 8543210] reheat + diversify: ceiling=0.00, value=65308.0
    [iter 8548963] reheat + diversify: ceiling=0.00, value=65308.0
    [iter 8554716] reheat + diversify: ceiling=0.00, value=51953.0
    [iter 8560469] reheat + diversify: ceiling=0.00, value=52611.0
    [iter 8566222] reheat + diversify: ceiling=0.00, value=65308.0
    [iter 8571975] reheat + diversify: ceiling=0.00, value=48234.0
    [iter 8577728] reheat + diversify: ceiling=0.00, value=48234.0
    [iter 8583481] reheat + diversify: ceiling=0.00, value=51953.0
    [iter 8589234] reheat + diversify: ceiling=0.00, value=52611.0
    [iter 8594987] reheat + diversify: ceiling=0.00, value=65308.0
    [iter 8600740] reheat + diversify: ceiling=0.00, value=65308.0
    [iter 8606493] reheat + diversify: ceiling=0.00, value=47576.0
    [iter 8612246] reheat + diversify: ceiling=0.00, value=65308.0
    [iter 8617999] reheat + diversify: ceiling=0.00, value=52611.0
    [iter 8623752] reheat + diversify: ceiling=0.00, value=52611.0
    [iter 8629505] reheat + diversify: ceiling=0.00, value=65308.0
    [iter 8635258] reheat + diversify: ceiling=0.00, value=51953.0
    [iter 8641011] reheat + diversify: ceiling=0.00, value=52611.0
    [iter 8646764] reheat + diversify: ceiling=0.00, value=52611.0
    [iter 8652517] reheat + diversify: ceiling=0.00, value=65308.0
    [iter 8658270] reheat + diversify: ceiling=0.00, value=52611.0
    [iter 8664023] reheat + diversify: ceiling=0.00, value=51953.0
    [iter 8669776] reheat + diversify: ceiling=0.00, value=65308.0
    [iter 8675529] reheat + diversify: ceiling=0.00, value=52611.0
    [iter 8681282] reheat + diversify: ceiling=0.00, value=48234.0
    [iter 8687035] reheat + diversify: ceiling=0.00, value=65308.0
    [iter 8692788] reheat + diversify: ceiling=0.00, value=48234.0
    [iter 8698541] reheat + diversify: ceiling=0.00, value=51953.0
    [iter 8704294] reheat + diversify: ceiling=0.00, value=65308.0
    [iter 8710047] reheat + diversify: ceiling=0.00, value=65308.0
    [iter 8715800] reheat + diversify: ceiling=0.00, value=52611.0
    [iter 8721553] reheat + diversify: ceiling=0.00, value=65308.0
    [iter 8727306] reheat + diversify: ceiling=0.00, value=51953.0
    [iter 8733059] reheat + diversify: ceiling=0.00, value=65308.0
    [iter 8738812] reheat + diversify: ceiling=0.00, value=65308.0
    [iter 8744565] reheat + diversify: ceiling=0.00, value=65308.0
    [iter 8750318] reheat + diversify: ceiling=0.00, value=52611.0
    [iter 8756071] reheat + diversify: ceiling=0.00, value=65308.0
    [iter 8761824] reheat + diversify: ceiling=0.00, value=48234.0
    [iter 8767577] reheat + diversify: ceiling=0.00, value=51953.0
    [iter 8773330] reheat + diversify: ceiling=0.00, value=65308.0
    [iter 8779083] reheat + diversify: ceiling=0.00, value=65308.0
    [iter 8784836] reheat + diversify: ceiling=0.00, value=65308.0
    [iter 8790589] reheat + diversify: ceiling=0.00, value=65308.0
    [iter 8796342] reheat + diversify: ceiling=0.00, value=65308.0
    [iter 8802095] reheat + diversify: ceiling=0.00, value=65308.0
    [iter 8807848] reheat + diversify: ceiling=0.00, value=51953.0
    [iter 8813601] reheat + diversify: ceiling=0.00, value=48234.0
    [iter 8819354] reheat + diversify: ceiling=0.00, value=39256.0
    [iter 8825107] reheat + diversify: ceiling=0.00, value=52611.0
    [iter 8830860] reheat + diversify: ceiling=0.00, value=52611.0
    [iter 8836613] reheat + diversify: ceiling=0.00, value=65308.0
    [iter 8842366] reheat + diversify: ceiling=0.00, value=52611.0
    [iter 8848119] reheat + diversify: ceiling=0.00, value=47576.0
    [iter 8853872] reheat + diversify: ceiling=0.00, value=65308.0
    [iter 8859625] reheat + diversify: ceiling=0.00, value=65308.0
    [iter 8865378] reheat + diversify: ceiling=0.00, value=52611.0
    [iter 8871131] reheat + diversify: ceiling=0.00, value=65308.0
    [iter 8876884] reheat + diversify: ceiling=0.00, value=52611.0
    [iter 8882637] reheat + diversify: ceiling=0.00, value=39914.0
    [iter 8888390] reheat + diversify: ceiling=0.00, value=65308.0
    [iter 8894143] reheat + diversify: ceiling=0.00, value=65308.0
    [iter 8899896] reheat + diversify: ceiling=0.00, value=52611.0
    [iter 8905649] reheat + diversify: ceiling=0.00, value=39914.0
    [iter 8911402] reheat + diversify: ceiling=0.00, value=52611.0
    [iter 8917155] reheat + diversify: ceiling=0.00, value=52611.0
    [iter 8922908] reheat + diversify: ceiling=0.00, value=48234.0
    [iter 8928661] reheat + diversify: ceiling=0.00, value=48234.0
    [iter 8934414] reheat + diversify: ceiling=0.00, value=48234.0
    [iter 8940167] reheat + diversify: ceiling=0.00, value=65308.0
    [iter 8945920] reheat + diversify: ceiling=0.00, value=52611.0
    [iter 8951673] reheat + diversify: ceiling=0.00, value=52611.0
    [iter 8957426] reheat + diversify: ceiling=0.00, value=48234.0
    [iter 8963179] reheat + diversify: ceiling=0.00, value=51953.0
    [iter 8968932] reheat + diversify: ceiling=0.00, value=52611.0
    [iter 8974685] reheat + diversify: ceiling=0.00, value=65308.0
    [iter 8980438] reheat + diversify: ceiling=0.00, value=52611.0
    [iter 8986191] reheat + diversify: ceiling=0.00, value=51953.0
    [iter 8991944] reheat + diversify: ceiling=0.00, value=48234.0
    [iter 8997697] reheat + diversify: ceiling=0.00, value=39256.0
    [iter 9003450] reheat + diversify: ceiling=0.00, value=52611.0
    [iter 9009203] reheat + diversify: ceiling=0.00, value=65308.0
    [iter 9014956] reheat + diversify: ceiling=0.00, value=51953.0
    [iter 9020709] reheat + diversify: ceiling=0.00, value=65308.0
    [iter 9026462] reheat + diversify: ceiling=0.00, value=48234.0
    [iter 9032215] reheat + diversify: ceiling=0.00, value=51953.0
    [iter 9037968] reheat + diversify: ceiling=0.00, value=51953.0
    [iter 9043721] reheat + diversify: ceiling=0.00, value=52611.0
    [iter 9049474] reheat + diversify: ceiling=0.00, value=65308.0
    [iter 9055227] reheat + diversify: ceiling=0.00, value=65308.0
    [iter 9060980] reheat + diversify: ceiling=0.00, value=65308.0
    [iter 9066733] reheat + diversify: ceiling=0.00, value=51953.0
    [iter 9072486] reheat + diversify: ceiling=0.00, value=65308.0
    [iter 9078239] reheat + diversify: ceiling=0.00, value=65308.0
    [iter 9083992] reheat + diversify: ceiling=0.00, value=65308.0
    [iter 9089745] reheat + diversify: ceiling=0.00, value=65308.0
    [iter 9095498] reheat + diversify: ceiling=0.00, value=65308.0
    [iter 9101251] reheat + diversify: ceiling=0.00, value=52611.0
    [iter 9107004] reheat + diversify: ceiling=0.00, value=65308.0
    [iter 9112757] reheat + diversify: ceiling=0.00, value=52611.0
    [iter 9118510] reheat + diversify: ceiling=0.00, value=65308.0
    [iter 9124263] reheat + diversify: ceiling=0.00, value=65308.0
    [iter 9130016] reheat + diversify: ceiling=0.00, value=65308.0
    [iter 9135769] reheat + diversify: ceiling=0.00, value=48234.0
    [iter 9141522] reheat + diversify: ceiling=0.00, value=65308.0
    [iter 9147275] reheat + diversify: ceiling=0.00, value=51953.0
    [iter 9153028] reheat + diversify: ceiling=0.00, value=65308.0
    [iter 9158781] reheat + diversify: ceiling=0.00, value=48234.0
    [iter 9164534] reheat + diversify: ceiling=0.00, value=65308.0
    [iter 9170287] reheat + diversify: ceiling=0.00, value=48234.0
    [iter 9176040] reheat + diversify: ceiling=0.00, value=48234.0
    [iter 9181793] reheat + diversify: ceiling=0.00, value=48234.0
    [iter 9187546] reheat + diversify: ceiling=0.00, value=48234.0
    [iter 9193299] reheat + diversify: ceiling=0.00, value=51953.0
    [iter 9199052] reheat + diversify: ceiling=0.00, value=65308.0
    [iter 9204805] reheat + diversify: ceiling=0.00, value=65308.0
    [iter 9210558] reheat + diversify: ceiling=0.00, value=51953.0
    [iter 9216311] reheat + diversify: ceiling=0.00, value=51953.0
    [iter 9222064] reheat + diversify: ceiling=0.00, value=65308.0
    [iter 9227817] reheat + diversify: ceiling=0.00, value=48234.0
    [iter 9233570] reheat + diversify: ceiling=0.00, value=65308.0
    [iter 9239323] reheat + diversify: ceiling=0.00, value=65308.0
    [iter 9245076] reheat + diversify: ceiling=0.00, value=48234.0
    [iter 9250829] reheat + diversify: ceiling=0.00, value=48234.0
    [iter 9256582] reheat + diversify: ceiling=0.00, value=65308.0
    [iter 9262335] reheat + diversify: ceiling=0.00, value=47576.0
    [iter 9268088] reheat + diversify: ceiling=0.00, value=52611.0
    [iter 9273841] reheat + diversify: ceiling=0.00, value=65308.0
    [iter 9279594] reheat + diversify: ceiling=0.00, value=65308.0
    [iter 9285347] reheat + diversify: ceiling=0.00, value=65308.0
    [iter 9291100] reheat + diversify: ceiling=0.00, value=51953.0
    [iter 9296853] reheat + diversify: ceiling=0.00, value=65308.0
    [iter 9302606] reheat + diversify: ceiling=0.00, value=48234.0
    [iter 9308359] reheat + diversify: ceiling=0.00, value=65308.0
    [iter 9314112] reheat + diversify: ceiling=0.00, value=65308.0
    [iter 9319865] reheat + diversify: ceiling=0.00, value=48234.0
    [iter 9325618] reheat + diversify: ceiling=0.00, value=52611.0
    [iter 9331371] reheat + diversify: ceiling=0.00, value=52611.0
    [iter 9337124] reheat + diversify: ceiling=0.00, value=52611.0
    [iter 9342877] reheat + diversify: ceiling=0.00, value=48234.0
    [iter 9348630] reheat + diversify: ceiling=0.00, value=51953.0
    [iter 9354383] reheat + diversify: ceiling=0.00, value=65308.0
    [iter 9360136] reheat + diversify: ceiling=0.00, value=65308.0
    [iter 9365889] reheat + diversify: ceiling=0.00, value=52611.0
    [iter 9371642] reheat + diversify: ceiling=0.00, value=52611.0
    [iter 9377395] reheat + diversify: ceiling=0.00, value=65308.0
    [iter 9383148] reheat + diversify: ceiling=0.00, value=52611.0
    [iter 9388901] reheat + diversify: ceiling=0.00, value=65308.0
    [iter 9394654] reheat + diversify: ceiling=0.00, value=52611.0
    [iter 9400407] reheat + diversify: ceiling=0.00, value=65308.0
    [iter 9406160] reheat + diversify: ceiling=0.00, value=48234.0
    [iter 9411913] reheat + diversify: ceiling=0.00, value=65308.0
    [iter 9417666] reheat + diversify: ceiling=0.00, value=51953.0
    [iter 9423419] reheat + diversify: ceiling=0.00, value=65308.0
    [iter 9429172] reheat + diversify: ceiling=0.00, value=48234.0
    [iter 9434925] reheat + diversify: ceiling=0.00, value=65308.0
    [iter 9440678] reheat + diversify: ceiling=0.00, value=65308.0
    [iter 9446431] reheat + diversify: ceiling=0.00, value=51953.0
    [iter 9452184] reheat + diversify: ceiling=0.00, value=51953.0
    [iter 9457937] reheat + diversify: ceiling=0.00, value=51953.0
    [iter 9463690] reheat + diversify: ceiling=0.00, value=52611.0
    [iter 9469443] reheat + diversify: ceiling=0.00, value=51953.0
    [iter 9475196] reheat + diversify: ceiling=0.00, value=52611.0
    [iter 9480949] reheat + diversify: ceiling=0.00, value=51953.0
    [iter 9486702] reheat + diversify: ceiling=0.00, value=65308.0
    [iter 9492455] reheat + diversify: ceiling=0.00, value=48234.0
    [iter 9498208] reheat + diversify: ceiling=0.00, value=65308.0
    [iter 9503961] reheat + diversify: ceiling=0.00, value=52611.0
    [iter 9509714] reheat + diversify: ceiling=0.00, value=65308.0
    [iter 9515467] reheat + diversify: ceiling=0.00, value=48234.0
    [iter 9521220] reheat + diversify: ceiling=0.00, value=47576.0
    [iter 9526973] reheat + diversify: ceiling=0.00, value=48234.0
    [iter 9532726] reheat + diversify: ceiling=0.00, value=65308.0
    [iter 9538479] reheat + diversify: ceiling=0.00, value=51953.0
    [iter 9544232] reheat + diversify: ceiling=0.00, value=52611.0
    [iter 9549985] reheat + diversify: ceiling=0.00, value=65308.0
    [iter 9555738] reheat + diversify: ceiling=0.00, value=65308.0
    [iter 9561491] reheat + diversify: ceiling=0.00, value=52611.0
    [iter 9567244] reheat + diversify: ceiling=0.00, value=51953.0
    [iter 9572997] reheat + diversify: ceiling=0.00, value=65308.0
    [iter 9578750] reheat + diversify: ceiling=0.00, value=65308.0
    [iter 9584503] reheat + diversify: ceiling=0.00, value=51953.0
    [iter 9590256] reheat + diversify: ceiling=0.00, value=51953.0
    [iter 9596009] reheat + diversify: ceiling=0.00, value=65308.0
    [iter 9601762] reheat + diversify: ceiling=0.00, value=65308.0
    [iter 9607515] reheat + diversify: ceiling=0.00, value=47576.0
    [iter 9613268] reheat + diversify: ceiling=0.00, value=65308.0
    [iter 9619021] reheat + diversify: ceiling=0.00, value=52611.0
    [iter 9624774] reheat + diversify: ceiling=0.00, value=52611.0
    [iter 9630527] reheat + diversify: ceiling=0.00, value=65308.0
    [iter 9636280] reheat + diversify: ceiling=0.00, value=65308.0
    [iter 9642033] reheat + diversify: ceiling=0.00, value=48234.0
    [iter 9647786] reheat + diversify: ceiling=0.00, value=52611.0
    [iter 9653539] reheat + diversify: ceiling=0.00, value=65308.0
    [iter 9659292] reheat + diversify: ceiling=0.00, value=65308.0
    [iter 9665045] reheat + diversify: ceiling=0.00, value=65308.0
    [iter 9670798] reheat + diversify: ceiling=0.00, value=52611.0
    [iter 9676551] reheat + diversify: ceiling=0.00, value=52611.0
    [iter 9682304] reheat + diversify: ceiling=0.00, value=51953.0
    [iter 9688057] reheat + diversify: ceiling=0.00, value=52611.0
    [iter 9693810] reheat + diversify: ceiling=0.00, value=65308.0
    [iter 9699563] reheat + diversify: ceiling=0.00, value=52611.0
    [iter 9705316] reheat + diversify: ceiling=0.00, value=48234.0
    [iter 9711069] reheat + diversify: ceiling=0.00, value=51953.0
    [iter 9716822] reheat + diversify: ceiling=0.00, value=65308.0
    [iter 9722575] reheat + diversify: ceiling=0.00, value=52611.0
    [iter 9728328] reheat + diversify: ceiling=0.00, value=65308.0
    [iter 9734081] reheat + diversify: ceiling=0.00, value=65308.0
    [iter 9739834] reheat + diversify: ceiling=0.00, value=48234.0
    [iter 9745587] reheat + diversify: ceiling=0.00, value=51953.0
    [iter 9751340] reheat + diversify: ceiling=0.00, value=51953.0
    [iter 9757093] reheat + diversify: ceiling=0.00, value=65308.0
    [iter 9762846] reheat + diversify: ceiling=0.00, value=65308.0
    [iter 9768599] reheat + diversify: ceiling=0.00, value=65308.0
    [iter 9774352] reheat + diversify: ceiling=0.00, value=51953.0
    [iter 9780105] reheat + diversify: ceiling=0.00, value=65308.0
    [iter 9785858] reheat + diversify: ceiling=0.00, value=65308.0
    [iter 9791611] reheat + diversify: ceiling=0.00, value=52611.0
    [iter 9797364] reheat + diversify: ceiling=0.00, value=65308.0
    [iter 9803117] reheat + diversify: ceiling=0.00, value=51953.0
    [iter 9808870] reheat + diversify: ceiling=0.00, value=65308.0
    [iter 9814623] reheat + diversify: ceiling=0.00, value=65308.0
    [iter 9820376] reheat + diversify: ceiling=0.00, value=51953.0
    [iter 9826129] reheat + diversify: ceiling=0.00, value=65308.0
    [iter 9831882] reheat + diversify: ceiling=0.00, value=52611.0
    [iter 9837635] reheat + diversify: ceiling=0.00, value=52611.0
    [iter 9843388] reheat + diversify: ceiling=0.00, value=65308.0
    [iter 9849141] reheat + diversify: ceiling=0.00, value=51953.0
    [iter 9854894] reheat + diversify: ceiling=0.00, value=65308.0
    [iter 9860647] reheat + diversify: ceiling=0.00, value=65308.0
    [iter 9866400] reheat + diversify: ceiling=0.00, value=65308.0
    [iter 9872153] reheat + diversify: ceiling=0.00, value=65308.0
    [iter 9877906] reheat + diversify: ceiling=0.00, value=52611.0
    [iter 9883659] reheat + diversify: ceiling=0.00, value=48234.0
    [iter 9889412] reheat + diversify: ceiling=0.00, value=65308.0
    [iter 9895165] reheat + diversify: ceiling=0.00, value=65308.0
    [iter 9900918] reheat + diversify: ceiling=0.00, value=65308.0
    [iter 9906671] reheat + diversify: ceiling=0.00, value=48234.0
    [iter 9912424] reheat + diversify: ceiling=0.00, value=51953.0
    [iter 9918177] reheat + diversify: ceiling=0.00, value=65308.0
    [iter 9923930] reheat + diversify: ceiling=0.00, value=65308.0
    [iter 9929683] reheat + diversify: ceiling=0.00, value=48234.0
    [iter 9935436] reheat + diversify: ceiling=0.00, value=51953.0
    [iter 9941189] reheat + diversify: ceiling=0.00, value=52611.0
    [iter 9946942] reheat + diversify: ceiling=0.00, value=48234.0
    [iter 9952695] reheat + diversify: ceiling=0.00, value=52611.0
    [iter 9958448] reheat + diversify: ceiling=0.00, value=65308.0
    [iter 9964201] reheat + diversify: ceiling=0.00, value=65308.0
    [iter 9969954] reheat + diversify: ceiling=0.00, value=51953.0
    [iter 9975707] reheat + diversify: ceiling=0.00, value=52611.0
    [iter 9981460] reheat + diversify: ceiling=0.00, value=65308.0
    [iter 9987213] reheat + diversify: ceiling=0.00, value=65308.0
    [iter 9992966] reheat + diversify: ceiling=0.00, value=47576.0
    [iter 9998719] reheat + diversify: ceiling=0.00, value=51953.0
    [iter 10004472] reheat + diversify: ceiling=0.00, value=48234.0
    [iter 10010225] reheat + diversify: ceiling=0.00, value=51953.0
    [iter 10015978] reheat + diversify: ceiling=0.00, value=65308.0
    [iter 10021731] reheat + diversify: ceiling=0.00, value=65308.0
    [iter 10027484] reheat + diversify: ceiling=0.00, value=39914.0
    [iter 10033237] reheat + diversify: ceiling=0.00, value=52611.0
    [iter 10038990] reheat + diversify: ceiling=0.00, value=65308.0
    [iter 10044743] reheat + diversify: ceiling=0.00, value=39914.0
    [iter 10050496] reheat + diversify: ceiling=0.00, value=65308.0
    [iter 10056249] reheat + diversify: ceiling=0.00, value=51953.0
    [iter 10062002] reheat + diversify: ceiling=0.00, value=51953.0
    [iter 10067755] reheat + diversify: ceiling=0.00, value=51953.0
    [iter 10073508] reheat + diversify: ceiling=0.00, value=51953.0
    [iter 10079261] reheat + diversify: ceiling=0.00, value=51953.0
    [iter 10085014] reheat + diversify: ceiling=0.00, value=65308.0
    [iter 10090767] reheat + diversify: ceiling=0.00, value=51953.0
    [iter 10096520] reheat + diversify: ceiling=0.00, value=65308.0
    [iter 10102273] reheat + diversify: ceiling=0.00, value=52611.0
    [iter 10108026] reheat + diversify: ceiling=0.00, value=52611.0
    [iter 10113779] reheat + diversify: ceiling=0.00, value=65308.0
    [iter 10119532] reheat + diversify: ceiling=0.00, value=65308.0
    [iter 10125285] reheat + diversify: ceiling=0.00, value=51953.0
    [iter 10131038] reheat + diversify: ceiling=0.00, value=65308.0
    [iter 10136791] reheat + diversify: ceiling=0.00, value=65308.0
    [iter 10142544] reheat + diversify: ceiling=0.00, value=47576.0
    [iter 10148297] reheat + diversify: ceiling=0.00, value=48234.0
    [iter 10154050] reheat + diversify: ceiling=0.00, value=52611.0
    [iter 10159803] reheat + diversify: ceiling=0.00, value=51953.0
    [iter 10165556] reheat + diversify: ceiling=0.00, value=65308.0
    [iter 10171309] reheat + diversify: ceiling=0.00, value=48234.0
    [iter 10177062] reheat + diversify: ceiling=0.00, value=65308.0
    [iter 10182815] reheat + diversify: ceiling=0.00, value=65308.0
    [iter 10188568] reheat + diversify: ceiling=0.00, value=51953.0
    [iter 10194321] reheat + diversify: ceiling=0.00, value=51953.0
    [iter 10200074] reheat + diversify: ceiling=0.00, value=48234.0
    [iter 10205827] reheat + diversify: ceiling=0.00, value=48234.0
    [iter 10211580] reheat + diversify: ceiling=0.00, value=65308.0
    [iter 10217333] reheat + diversify: ceiling=0.00, value=65308.0
    [iter 10223086] reheat + diversify: ceiling=0.00, value=65308.0
    [iter 10228839] reheat + diversify: ceiling=0.00, value=51953.0
    [iter 10234592] reheat + diversify: ceiling=0.00, value=51953.0
    [iter 10240345] reheat + diversify: ceiling=0.00, value=65308.0
    [iter 10246098] reheat + diversify: ceiling=0.00, value=65308.0
    [iter 10251851] reheat + diversify: ceiling=0.00, value=65308.0
    [iter 10257604] reheat + diversify: ceiling=0.00, value=39914.0
    [iter 10263357] reheat + diversify: ceiling=0.00, value=65308.0
    [iter 10269110] reheat + diversify: ceiling=0.00, value=52611.0
    [iter 10274863] reheat + diversify: ceiling=0.00, value=51953.0
    [iter 10280616] reheat + diversify: ceiling=0.00, value=65308.0
    [iter 10286369] reheat + diversify: ceiling=0.00, value=39256.0
    [iter 10292122] reheat + diversify: ceiling=0.00, value=65308.0
    [iter 10297875] reheat + diversify: ceiling=0.00, value=52611.0
    [iter 10303628] reheat + diversify: ceiling=0.00, value=65308.0
    [iter 10309381] reheat + diversify: ceiling=0.00, value=51953.0
    [iter 10315134] reheat + diversify: ceiling=0.00, value=51953.0
    [iter 10320887] reheat + diversify: ceiling=0.00, value=65308.0
    [iter 10326640] reheat + diversify: ceiling=0.00, value=51953.0
    [iter 10332393] reheat + diversify: ceiling=0.00, value=65308.0
    [iter 10338146] reheat + diversify: ceiling=0.00, value=65308.0
    [iter 10343899] reheat + diversify: ceiling=0.00, value=51953.0
    [iter 10349652] reheat + diversify: ceiling=0.00, value=51953.0
    [iter 10355405] reheat + diversify: ceiling=0.00, value=48234.0
    [iter 10361158] reheat + diversify: ceiling=0.00, value=65308.0
    [iter 10366911] reheat + diversify: ceiling=0.00, value=65308.0
    [iter 10372664] reheat + diversify: ceiling=0.00, value=47576.0
    [iter 10378417] reheat + diversify: ceiling=0.00, value=65308.0
    [iter 10384170] reheat + diversify: ceiling=0.00, value=48234.0
    [iter 10389923] reheat + diversify: ceiling=0.00, value=65308.0
    [iter 10395676] reheat + diversify: ceiling=0.00, value=65308.0
    [iter 10401429] reheat + diversify: ceiling=0.00, value=52611.0
    [iter 10407182] reheat + diversify: ceiling=0.00, value=65308.0
    [iter 10412935] reheat + diversify: ceiling=0.00, value=48234.0
    [iter 10418688] reheat + diversify: ceiling=0.00, value=52611.0
    [iter 10424441] reheat + diversify: ceiling=0.00, value=65308.0
    [iter 10430194] reheat + diversify: ceiling=0.00, value=48234.0
    [iter 10435947] reheat + diversify: ceiling=0.00, value=52611.0
    [iter 10441700] reheat + diversify: ceiling=0.00, value=51953.0
    [iter 10447453] reheat + diversify: ceiling=0.00, value=65308.0
    [iter 10453206] reheat + diversify: ceiling=0.00, value=52611.0
    [iter 10458959] reheat + diversify: ceiling=0.00, value=52611.0
    [iter 10464712] reheat + diversify: ceiling=0.00, value=65308.0
    [iter 10470465] reheat + diversify: ceiling=0.00, value=52611.0
    [iter 10476218] reheat + diversify: ceiling=0.00, value=51953.0
    [iter 10481971] reheat + diversify: ceiling=0.00, value=51953.0
    [iter 10487724] reheat + diversify: ceiling=0.00, value=48234.0
    [iter 10493477] reheat + diversify: ceiling=0.00, value=48234.0
    [iter 10499230] reheat + diversify: ceiling=0.00, value=39914.0
    [iter 10504983] reheat + diversify: ceiling=0.00, value=65308.0
    [iter 10510736] reheat + diversify: ceiling=0.00, value=65308.0
    [iter 10516489] reheat + diversify: ceiling=0.00, value=51953.0
    [iter 10522242] reheat + diversify: ceiling=0.00, value=51953.0
    [iter 10527995] reheat + diversify: ceiling=0.00, value=51953.0
    [iter 10533748] reheat + diversify: ceiling=0.00, value=65308.0
    [iter 10539501] reheat + diversify: ceiling=0.00, value=52611.0
    [iter 10545254] reheat + diversify: ceiling=0.00, value=52611.0
    [iter 10551007] reheat + diversify: ceiling=0.00, value=47576.0
    [iter 10556760] reheat + diversify: ceiling=0.00, value=52611.0
    [iter 10562513] reheat + diversify: ceiling=0.00, value=52611.0
    [iter 10568266] reheat + diversify: ceiling=0.00, value=65308.0
    [iter 10574019] reheat + diversify: ceiling=0.00, value=51953.0
    [iter 10579772] reheat + diversify: ceiling=0.00, value=48234.0
    [iter 10585525] reheat + diversify: ceiling=0.00, value=65308.0
    [iter 10591278] reheat + diversify: ceiling=0.00, value=51953.0
    [iter 10597031] reheat + diversify: ceiling=0.00, value=52611.0
    [iter 10602784] reheat + diversify: ceiling=0.00, value=65308.0
    [iter 10608537] reheat + diversify: ceiling=0.00, value=51953.0
    [iter 10614290] reheat + diversify: ceiling=0.00, value=65308.0
    [iter 10620043] reheat + diversify: ceiling=0.00, value=65308.0
    [iter 10625796] reheat + diversify: ceiling=0.00, value=65308.0
    [iter 10631549] reheat + diversify: ceiling=0.00, value=52611.0
    [iter 10637302] reheat + diversify: ceiling=0.00, value=65308.0
    [iter 10643055] reheat + diversify: ceiling=0.00, value=51953.0
    [iter 10648808] reheat + diversify: ceiling=0.00, value=51953.0
    [iter 10654561] reheat + diversify: ceiling=0.00, value=51953.0
    [iter 10660314] reheat + diversify: ceiling=0.00, value=65308.0
    [iter 10666067] reheat + diversify: ceiling=0.00, value=51953.0
    [iter 10671820] reheat + diversify: ceiling=0.00, value=52611.0
    [iter 10677573] reheat + diversify: ceiling=0.00, value=52611.0
    [iter 10683326] reheat + diversify: ceiling=0.00, value=65308.0
    [iter 10689079] reheat + diversify: ceiling=0.00, value=51953.0
    [iter 10694832] reheat + diversify: ceiling=0.00, value=52611.0
    [iter 10700585] reheat + diversify: ceiling=0.00, value=51953.0
    [iter 10706338] reheat + diversify: ceiling=0.00, value=48234.0
    [iter 10712091] reheat + diversify: ceiling=0.00, value=65308.0
    [iter 10717844] reheat + diversify: ceiling=0.00, value=52611.0
    [iter 10723597] reheat + diversify: ceiling=0.00, value=52611.0
    [iter 10729350] reheat + diversify: ceiling=0.00, value=48234.0
    [iter 10735103] reheat + diversify: ceiling=0.00, value=52611.0
    [iter 10740856] reheat + diversify: ceiling=0.00, value=65308.0
    [iter 10746609] reheat + diversify: ceiling=0.00, value=65308.0
    [iter 10752362] reheat + diversify: ceiling=0.00, value=51953.0
    [iter 10758115] reheat + diversify: ceiling=0.00, value=52611.0
    [iter 10763868] reheat + diversify: ceiling=0.00, value=65308.0
    [iter 10769621] reheat + diversify: ceiling=0.00, value=65308.0
    [iter 10775374] reheat + diversify: ceiling=0.00, value=51953.0
    [iter 10781127] reheat + diversify: ceiling=0.00, value=65308.0
    [iter 10786880] reheat + diversify: ceiling=0.00, value=51953.0
    [iter 10792633] reheat + diversify: ceiling=0.00, value=51953.0
    [iter 10798386] reheat + diversify: ceiling=0.00, value=51953.0
    [iter 10804139] reheat + diversify: ceiling=0.00, value=65308.0
    [iter 10809892] reheat + diversify: ceiling=0.00, value=52611.0
    [iter 10815645] reheat + diversify: ceiling=0.00, value=48234.0
    [iter 10821398] reheat + diversify: ceiling=0.00, value=65308.0
    [iter 10827151] reheat + diversify: ceiling=0.00, value=65308.0
    [iter 10832904] reheat + diversify: ceiling=0.00, value=52611.0
    [iter 10838657] reheat + diversify: ceiling=0.00, value=48234.0
    [iter 10844410] reheat + diversify: ceiling=0.00, value=52611.0
    [iter 10850163] reheat + diversify: ceiling=0.00, value=52611.0
    [iter 10855916] reheat + diversify: ceiling=0.00, value=65308.0
    [iter 10861669] reheat + diversify: ceiling=0.00, value=51953.0
    [iter 10867422] reheat + diversify: ceiling=0.00, value=65308.0
    [iter 10873175] reheat + diversify: ceiling=0.00, value=65308.0
    [iter 10878928] reheat + diversify: ceiling=0.00, value=51953.0
    [iter 10884681] reheat + diversify: ceiling=0.00, value=65308.0
    [iter 10890434] reheat + diversify: ceiling=0.00, value=52611.0
    [iter 10896187] reheat + diversify: ceiling=0.00, value=51953.0
    [iter 10901940] reheat + diversify: ceiling=0.00, value=48234.0
    [iter 10907693] reheat + diversify: ceiling=0.00, value=65308.0
    [iter 10913446] reheat + diversify: ceiling=0.00, value=39914.0
    [iter 10919199] reheat + diversify: ceiling=0.00, value=51953.0
    [iter 10924952] reheat + diversify: ceiling=0.00, value=51953.0
    [iter 10930705] reheat + diversify: ceiling=0.00, value=51953.0
    [iter 10936458] reheat + diversify: ceiling=0.00, value=65308.0
    [iter 10942211] reheat + diversify: ceiling=0.00, value=65308.0
    [iter 10947964] reheat + diversify: ceiling=0.00, value=51953.0
    [iter 10953717] reheat + diversify: ceiling=0.00, value=52611.0
    [iter 10959470] reheat + diversify: ceiling=0.00, value=65308.0
    [iter 10965223] reheat + diversify: ceiling=0.00, value=48234.0
    [iter 10970976] reheat + diversify: ceiling=0.00, value=65308.0
    [iter 10976729] reheat + diversify: ceiling=0.00, value=65308.0
    [iter 10982482] reheat + diversify: ceiling=0.00, value=39914.0
    [iter 10988235] reheat + diversify: ceiling=0.00, value=52611.0
    [iter 10993988] reheat + diversify: ceiling=0.00, value=65308.0
    [iter 10999741] reheat + diversify: ceiling=0.00, value=52611.0
    [iter 11005494] reheat + diversify: ceiling=0.00, value=51953.0
    [iter 11011247] reheat + diversify: ceiling=0.00, value=51953.0
    [iter 11017000] reheat + diversify: ceiling=0.00, value=39914.0
    [iter 11022753] reheat + diversify: ceiling=0.00, value=65308.0
    [iter 11028506] reheat + diversify: ceiling=0.00, value=52611.0
    [iter 11034259] reheat + diversify: ceiling=0.00, value=52611.0
    [iter 11040012] reheat + diversify: ceiling=0.00, value=65308.0
    [iter 11045765] reheat + diversify: ceiling=0.00, value=48234.0
    [iter 11051518] reheat + diversify: ceiling=0.00, value=51953.0
    [iter 11057271] reheat + diversify: ceiling=0.00, value=39914.0
    [iter 11063024] reheat + diversify: ceiling=0.00, value=65308.0
    [iter 11068777] reheat + diversify: ceiling=0.00, value=51953.0
    [iter 11074530] reheat + diversify: ceiling=0.00, value=52611.0
    [iter 11080283] reheat + diversify: ceiling=0.00, value=51953.0
    [iter 11086036] reheat + diversify: ceiling=0.00, value=65308.0
    [iter 11091789] reheat + diversify: ceiling=0.00, value=51953.0
    [iter 11097542] reheat + diversify: ceiling=0.00, value=65308.0
    [iter 11103295] reheat + diversify: ceiling=0.00, value=52611.0
    [iter 11109048] reheat + diversify: ceiling=0.00, value=39914.0
    [iter 11114801] reheat + diversify: ceiling=0.00, value=51953.0
    [iter 11120554] reheat + diversify: ceiling=0.00, value=65308.0
    [iter 11126307] reheat + diversify: ceiling=0.00, value=52611.0
    [iter 11132060] reheat + diversify: ceiling=0.00, value=51953.0
    [iter 11137813] reheat + diversify: ceiling=0.00, value=51953.0
    [iter 11143566] reheat + diversify: ceiling=0.00, value=51953.0
    [iter 11149319] reheat + diversify: ceiling=0.00, value=51953.0
    [iter 11155072] reheat + diversify: ceiling=0.00, value=52611.0
    [iter 11160825] reheat + diversify: ceiling=0.00, value=52611.0
    [iter 11166578] reheat + diversify: ceiling=0.00, value=65308.0
    [iter 11172331] reheat + diversify: ceiling=0.00, value=48234.0
    [iter 11178084] reheat + diversify: ceiling=0.00, value=65308.0
    [iter 11183837] reheat + diversify: ceiling=0.00, value=52611.0
    [iter 11189590] reheat + diversify: ceiling=0.00, value=51953.0
    [iter 11195343] reheat + diversify: ceiling=0.00, value=65308.0
    [iter 11201096] reheat + diversify: ceiling=0.00, value=48234.0
    [iter 11206849] reheat + diversify: ceiling=0.00, value=52611.0
    [iter 11212602] reheat + diversify: ceiling=0.00, value=52611.0
    [iter 11218355] reheat + diversify: ceiling=0.00, value=65308.0
    [iter 11224108] reheat + diversify: ceiling=0.00, value=52611.0
    [iter 11229861] reheat + diversify: ceiling=0.00, value=65308.0
    [iter 11235614] reheat + diversify: ceiling=0.00, value=48234.0
    [iter 11241367] reheat + diversify: ceiling=0.00, value=65308.0
    [iter 11247120] reheat + diversify: ceiling=0.00, value=52611.0
    [iter 11252873] reheat + diversify: ceiling=0.00, value=51953.0
    [iter 11258626] reheat + diversify: ceiling=0.00, value=65308.0
    [iter 11264379] reheat + diversify: ceiling=0.00, value=65308.0
    [iter 11270132] reheat + diversify: ceiling=0.00, value=39914.0
    [iter 11275885] reheat + diversify: ceiling=0.00, value=65308.0
    [iter 11281638] reheat + diversify: ceiling=0.00, value=52611.0
    [iter 11287391] reheat + diversify: ceiling=0.00, value=65308.0
    [iter 11293144] reheat + diversify: ceiling=0.00, value=51953.0
    [iter 11298897] reheat + diversify: ceiling=0.00, value=52611.0
    [iter 11304650] reheat + diversify: ceiling=0.00, value=65308.0
    [iter 11310403] reheat + diversify: ceiling=0.00, value=51953.0
    [iter 11316156] reheat + diversify: ceiling=0.00, value=52611.0
    [iter 11321909] reheat + diversify: ceiling=0.00, value=65308.0
    [iter 11327662] reheat + diversify: ceiling=0.00, value=52611.0
    [iter 11333415] reheat + diversify: ceiling=0.00, value=51953.0
    [iter 11339168] reheat + diversify: ceiling=0.00, value=52611.0
    [iter 11344921] reheat + diversify: ceiling=0.00, value=65308.0
    [iter 11350674] reheat + diversify: ceiling=0.00, value=65308.0
    [iter 11356427] reheat + diversify: ceiling=0.00, value=51953.0
    [iter 11362180] reheat + diversify: ceiling=0.00, value=47576.0
    [iter 11367933] reheat + diversify: ceiling=0.00, value=51953.0
    [iter 11373686] reheat + diversify: ceiling=0.00, value=48234.0
    [iter 11379439] reheat + diversify: ceiling=0.00, value=65308.0
    [iter 11385192] reheat + diversify: ceiling=0.00, value=65308.0
    [iter 11390945] reheat + diversify: ceiling=0.00, value=65308.0
    [iter 11396698] reheat + diversify: ceiling=0.00, value=51953.0
    [iter 11402451] reheat + diversify: ceiling=0.00, value=51953.0
    [iter 11408204] reheat + diversify: ceiling=0.00, value=65308.0
    [iter 11413957] reheat + diversify: ceiling=0.00, value=51953.0
    [iter 11419710] reheat + diversify: ceiling=0.00, value=52611.0
    [iter 11425463] reheat + diversify: ceiling=0.00, value=48234.0
    [iter 11431216] reheat + diversify: ceiling=0.00, value=51953.0
    [iter 11436969] reheat + diversify: ceiling=0.00, value=51953.0
    [iter 11442722] reheat + diversify: ceiling=0.00, value=65308.0
    [iter 11448475] reheat + diversify: ceiling=0.00, value=51953.0
    [iter 11454228] reheat + diversify: ceiling=0.00, value=47576.0
    [iter 11459981] reheat + diversify: ceiling=0.00, value=65308.0
    [iter 11465734] reheat + diversify: ceiling=0.00, value=52611.0
    [iter 11471487] reheat + diversify: ceiling=0.00, value=51953.0
    [iter 11477240] reheat + diversify: ceiling=0.00, value=65308.0
    [iter 11482993] reheat + diversify: ceiling=0.00, value=65308.0
    [iter 11488746] reheat + diversify: ceiling=0.00, value=51953.0
    [iter 11494499] reheat + diversify: ceiling=0.00, value=65308.0
    [iter 11500252] reheat + diversify: ceiling=0.00, value=65308.0
    [iter 11506005] reheat + diversify: ceiling=0.00, value=51953.0
    [iter 11511758] reheat + diversify: ceiling=0.00, value=65308.0
    [iter 11517511] reheat + diversify: ceiling=0.00, value=65308.0
    [iter 11523264] reheat + diversify: ceiling=0.00, value=52611.0
    [iter 11529017] reheat + diversify: ceiling=0.00, value=51953.0
    [iter 11534770] reheat + diversify: ceiling=0.00, value=65308.0
    [iter 11540523] reheat + diversify: ceiling=0.00, value=47576.0
    [iter 11546276] reheat + diversify: ceiling=0.00, value=65308.0
    [iter 11552029] reheat + diversify: ceiling=0.00, value=65308.0
    [iter 11557782] reheat + diversify: ceiling=0.00, value=65308.0
    [iter 11563535] reheat + diversify: ceiling=0.00, value=65308.0
    [iter 11569288] reheat + diversify: ceiling=0.00, value=65308.0
    [iter 11575041] reheat + diversify: ceiling=0.00, value=65308.0
    [iter 11580794] reheat + diversify: ceiling=0.00, value=52611.0
    [iter 11586547] reheat + diversify: ceiling=0.00, value=51953.0
    [iter 11592300] reheat + diversify: ceiling=0.00, value=65308.0
    [iter 11598053] reheat + diversify: ceiling=0.00, value=65308.0
    [iter 11603806] reheat + diversify: ceiling=0.00, value=65308.0
    [iter 11609559] reheat + diversify: ceiling=0.00, value=65308.0
    [iter 11615312] reheat + diversify: ceiling=0.00, value=51953.0
    [iter 11621065] reheat + diversify: ceiling=0.00, value=65308.0
    [iter 11626818] reheat + diversify: ceiling=0.00, value=51953.0
    [iter 11632571] reheat + diversify: ceiling=0.00, value=65308.0
    [iter 11638324] reheat + diversify: ceiling=0.00, value=65308.0
    [iter 11644077] reheat + diversify: ceiling=0.00, value=65308.0
    [iter 11649830] reheat + diversify: ceiling=0.00, value=52611.0
    [iter 11655583] reheat + diversify: ceiling=0.00, value=48234.0
    [iter 11661336] reheat + diversify: ceiling=0.00, value=65308.0
    [iter 11667089] reheat + diversify: ceiling=0.00, value=65308.0
    [iter 11672842] reheat + diversify: ceiling=0.00, value=65308.0
    [iter 11678595] reheat + diversify: ceiling=0.00, value=65308.0
    [iter 11684348] reheat + diversify: ceiling=0.00, value=65308.0
    [iter 11690101] reheat + diversify: ceiling=0.00, value=65308.0
    [iter 11695854] reheat + diversify: ceiling=0.00, value=52611.0
    [iter 11701607] reheat + diversify: ceiling=0.00, value=47576.0
    [iter 11707360] reheat + diversify: ceiling=0.00, value=65308.0
    [iter 11713113] reheat + diversify: ceiling=0.00, value=52611.0
    [iter 11718866] reheat + diversify: ceiling=0.00, value=51953.0
    [iter 11724619] reheat + diversify: ceiling=0.00, value=65308.0
    [iter 11730372] reheat + diversify: ceiling=0.00, value=65308.0
    [iter 11736125] reheat + diversify: ceiling=0.00, value=65308.0
    [iter 11741878] reheat + diversify: ceiling=0.00, value=65308.0
    [iter 11747631] reheat + diversify: ceiling=0.00, value=65308.0
    [iter 11753384] reheat + diversify: ceiling=0.00, value=48234.0
    [iter 11759137] reheat + diversify: ceiling=0.00, value=51953.0
    [iter 11764890] reheat + diversify: ceiling=0.00, value=65308.0
    [iter 11770643] reheat + diversify: ceiling=0.00, value=51953.0
    [iter 11776396] reheat + diversify: ceiling=0.00, value=65308.0
    [iter 11782149] reheat + diversify: ceiling=0.00, value=48234.0
    [iter 11787902] reheat + diversify: ceiling=0.00, value=48234.0
    [iter 11793655] reheat + diversify: ceiling=0.00, value=65308.0
    [iter 11799408] reheat + diversify: ceiling=0.00, value=51953.0
    [iter 11805161] reheat + diversify: ceiling=0.00, value=65308.0
    [iter 11810914] reheat + diversify: ceiling=0.00, value=52611.0
    [iter 11816667] reheat + diversify: ceiling=0.00, value=65308.0
    [iter 11822420] reheat + diversify: ceiling=0.00, value=65308.0
    [iter 11828173] reheat + diversify: ceiling=0.00, value=52611.0
    [iter 11833926] reheat + diversify: ceiling=0.00, value=52611.0
    [iter 11839679] reheat + diversify: ceiling=0.00, value=48234.0
    [iter 11845432] reheat + diversify: ceiling=0.00, value=51953.0
    [iter 11851185] reheat + diversify: ceiling=0.00, value=52611.0
    [iter 11856938] reheat + diversify: ceiling=0.00, value=48234.0
    [iter 11862691] reheat + diversify: ceiling=0.00, value=65308.0
    [iter 11868444] reheat + diversify: ceiling=0.00, value=52611.0
    [iter 11874197] reheat + diversify: ceiling=0.00, value=52611.0
    [iter 11879950] reheat + diversify: ceiling=0.00, value=51953.0
    [iter 11885703] reheat + diversify: ceiling=0.00, value=52611.0
    [iter 11891456] reheat + diversify: ceiling=0.00, value=65308.0
    [iter 11897209] reheat + diversify: ceiling=0.00, value=65308.0
    [iter 11902962] reheat + diversify: ceiling=0.00, value=47576.0
    [iter 11908715] reheat + diversify: ceiling=0.00, value=51953.0
    [iter 11914468] reheat + diversify: ceiling=0.00, value=65308.0
    [iter 11920221] reheat + diversify: ceiling=0.00, value=48234.0
    [iter 11925974] reheat + diversify: ceiling=0.00, value=65308.0
    [iter 11931727] reheat + diversify: ceiling=0.00, value=65308.0
    [iter 11937480] reheat + diversify: ceiling=0.00, value=48234.0
    [iter 11943233] reheat + diversify: ceiling=0.00, value=65308.0
    [iter 11948986] reheat + diversify: ceiling=0.00, value=51953.0
    [iter 11954739] reheat + diversify: ceiling=0.00, value=52611.0
    [iter 11960492] reheat + diversify: ceiling=0.00, value=48234.0
    [iter 11966245] reheat + diversify: ceiling=0.00, value=65308.0
    [iter 11971998] reheat + diversify: ceiling=0.00, value=65308.0
    [iter 11977751] reheat + diversify: ceiling=0.00, value=48234.0
    [iter 11983504] reheat + diversify: ceiling=0.00, value=48234.0
    [iter 11989257] reheat + diversify: ceiling=0.00, value=65308.0
    [iter 11995010] reheat + diversify: ceiling=0.00, value=65308.0
    [iter 12000763] reheat + diversify: ceiling=0.00, value=51953.0
    [iter 12006516] reheat + diversify: ceiling=0.00, value=51953.0
    [iter 12012269] reheat + diversify: ceiling=0.00, value=65308.0
    [iter 12018022] reheat + diversify: ceiling=0.00, value=48234.0
    [iter 12023775] reheat + diversify: ceiling=0.00, value=52611.0
    [iter 12029528] reheat + diversify: ceiling=0.00, value=65308.0
    [iter 12035281] reheat + diversify: ceiling=0.00, value=48234.0
    [iter 12041034] reheat + diversify: ceiling=0.00, value=48234.0
    [iter 12046787] reheat + diversify: ceiling=0.00, value=65308.0
    [iter 12052540] reheat + diversify: ceiling=0.00, value=48234.0
    [iter 12058293] reheat + diversify: ceiling=0.00, value=51953.0
    [iter 12064046] reheat + diversify: ceiling=0.00, value=65308.0
    [iter 12069799] reheat + diversify: ceiling=0.00, value=65308.0
    [iter 12075552] reheat + diversify: ceiling=0.00, value=65308.0
    [iter 12081305] reheat + diversify: ceiling=0.00, value=65308.0
    [iter 12087058] reheat + diversify: ceiling=0.00, value=51953.0
    [iter 12092811] reheat + diversify: ceiling=0.00, value=47576.0
    [iter 12098564] reheat + diversify: ceiling=0.00, value=65308.0
    [iter 12104317] reheat + diversify: ceiling=0.00, value=48234.0
    [iter 12110070] reheat + diversify: ceiling=0.00, value=52611.0
    [iter 12115823] reheat + diversify: ceiling=0.00, value=48234.0
    [iter 12121576] reheat + diversify: ceiling=0.00, value=48234.0
    [iter 12127329] reheat + diversify: ceiling=0.00, value=47576.0
    [iter 12133082] reheat + diversify: ceiling=0.00, value=65308.0
    [iter 12138835] reheat + diversify: ceiling=0.00, value=65308.0
    [iter 12144588] reheat + diversify: ceiling=0.00, value=65308.0
    [iter 12150341] reheat + diversify: ceiling=0.00, value=65308.0
    [iter 12156094] reheat + diversify: ceiling=0.00, value=65308.0
    [iter 12161847] reheat + diversify: ceiling=0.00, value=51953.0
    [iter 12167600] reheat + diversify: ceiling=0.00, value=65308.0
    [iter 12173353] reheat + diversify: ceiling=0.00, value=65308.0
    [iter 12179106] reheat + diversify: ceiling=0.00, value=65308.0
    [iter 12184859] reheat + diversify: ceiling=0.00, value=52611.0
    [iter 12190612] reheat + diversify: ceiling=0.00, value=65308.0
    [iter 12196365] reheat + diversify: ceiling=0.00, value=65308.0
    [iter 12202118] reheat + diversify: ceiling=0.00, value=52611.0
    [iter 12207871] reheat + diversify: ceiling=0.00, value=65308.0
    [iter 12213624] reheat + diversify: ceiling=0.00, value=51953.0
    [iter 12219377] reheat + diversify: ceiling=0.00, value=48234.0
    [iter 12225130] reheat + diversify: ceiling=0.00, value=52611.0
    [iter 12230883] reheat + diversify: ceiling=0.00, value=65308.0
    [iter 12236636] reheat + diversify: ceiling=0.00, value=52611.0
    [iter 12242389] reheat + diversify: ceiling=0.00, value=65308.0
    [iter 12248142] reheat + diversify: ceiling=0.00, value=51953.0
    [iter 12253895] reheat + diversify: ceiling=0.00, value=48234.0
    [iter 12259648] reheat + diversify: ceiling=0.00, value=65308.0
    [iter 12265401] reheat + diversify: ceiling=0.00, value=65308.0
    [iter 12271154] reheat + diversify: ceiling=0.00, value=65308.0
    [iter 12276907] reheat + diversify: ceiling=0.00, value=52611.0
    [iter 12282660] reheat + diversify: ceiling=0.00, value=52611.0
    [iter 12288413] reheat + diversify: ceiling=0.00, value=48234.0
    [iter 12294166] reheat + diversify: ceiling=0.00, value=51953.0
    [iter 12299919] reheat + diversify: ceiling=0.00, value=51953.0
    [iter 12305672] reheat + diversify: ceiling=0.00, value=65308.0
    [iter 12311425] reheat + diversify: ceiling=0.00, value=65308.0
    [iter 12317178] reheat + diversify: ceiling=0.00, value=48234.0
    [iter 12322931] reheat + diversify: ceiling=0.00, value=65308.0
    [iter 12328684] reheat + diversify: ceiling=0.00, value=48234.0
    [iter 12334437] reheat + diversify: ceiling=0.00, value=48234.0
    [iter 12340190] reheat + diversify: ceiling=0.00, value=65308.0
    [iter 12345943] reheat + diversify: ceiling=0.00, value=48234.0
    [iter 12351696] reheat + diversify: ceiling=0.00, value=65308.0
    [iter 12357449] reheat + diversify: ceiling=0.00, value=48234.0
    [iter 12363202] reheat + diversify: ceiling=0.00, value=65308.0
    [iter 12368955] reheat + diversify: ceiling=0.00, value=65308.0
    [iter 12374708] reheat + diversify: ceiling=0.00, value=65308.0
    [iter 12380461] reheat + diversify: ceiling=0.00, value=48234.0
    [iter 12386214] reheat + diversify: ceiling=0.00, value=52611.0
    [iter 12391967] reheat + diversify: ceiling=0.00, value=65308.0
    [iter 12397720] reheat + diversify: ceiling=0.00, value=52611.0
    [iter 12403473] reheat + diversify: ceiling=0.00, value=48234.0
    [iter 12409226] reheat + diversify: ceiling=0.00, value=65308.0
    [iter 12414979] reheat + diversify: ceiling=0.00, value=65308.0
    [iter 12420732] reheat + diversify: ceiling=0.00, value=65308.0
    [iter 12426485] reheat + diversify: ceiling=0.00, value=51953.0
    [iter 12432238] reheat + diversify: ceiling=0.00, value=51953.0
    [iter 12437991] reheat + diversify: ceiling=0.00, value=52611.0
    [iter 12443744] reheat + diversify: ceiling=0.00, value=48234.0
    [iter 12449497] reheat + diversify: ceiling=0.00, value=65308.0
    [iter 12455250] reheat + diversify: ceiling=0.00, value=65308.0
    [iter 12461003] reheat + diversify: ceiling=0.00, value=52611.0
    [iter 12466756] reheat + diversify: ceiling=0.00, value=47576.0
    [iter 12472509] reheat + diversify: ceiling=0.00, value=65308.0
    [iter 12478262] reheat + diversify: ceiling=0.00, value=65308.0
    [iter 12484015] reheat + diversify: ceiling=0.00, value=52611.0
    [iter 12489768] reheat + diversify: ceiling=0.00, value=65308.0
    [iter 12495521] reheat + diversify: ceiling=0.00, value=51953.0
    [iter 12501274] reheat + diversify: ceiling=0.00, value=48234.0
    [iter 12507027] reheat + diversify: ceiling=0.00, value=48234.0
    [iter 12512780] reheat + diversify: ceiling=0.00, value=51953.0
    [iter 12518533] reheat + diversify: ceiling=0.00, value=48234.0
    [iter 12524286] reheat + diversify: ceiling=0.00, value=52611.0
    [iter 12530039] reheat + diversify: ceiling=0.00, value=51953.0
    [iter 12535792] reheat + diversify: ceiling=0.00, value=52611.0
    [iter 12541545] reheat + diversify: ceiling=0.00, value=51953.0
    [iter 12547298] reheat + diversify: ceiling=0.00, value=65308.0
    [iter 12553051] reheat + diversify: ceiling=0.00, value=51953.0
    [iter 12558804] reheat + diversify: ceiling=0.00, value=65308.0
    [iter 12564557] reheat + diversify: ceiling=0.00, value=65308.0
    [iter 12570310] reheat + diversify: ceiling=0.00, value=51953.0
    [iter 12576063] reheat + diversify: ceiling=0.00, value=48234.0
    [iter 12581816] reheat + diversify: ceiling=0.00, value=52611.0
    [iter 12587569] reheat + diversify: ceiling=0.00, value=51953.0
    [iter 12593322] reheat + diversify: ceiling=0.00, value=65308.0
    [iter 12599075] reheat + diversify: ceiling=0.00, value=65308.0
    [iter 12604828] reheat + diversify: ceiling=0.00, value=65308.0
    [iter 12610581] reheat + diversify: ceiling=0.00, value=48234.0
    [iter 12616334] reheat + diversify: ceiling=0.00, value=47576.0
    [iter 12622087] reheat + diversify: ceiling=0.00, value=65308.0
    [iter 12627840] reheat + diversify: ceiling=0.00, value=51953.0
    [iter 12633593] reheat + diversify: ceiling=0.00, value=65308.0
    [iter 12639346] reheat + diversify: ceiling=0.00, value=65308.0
    [iter 12645099] reheat + diversify: ceiling=0.00, value=65308.0
    [iter 12650852] reheat + diversify: ceiling=0.00, value=51953.0
    [iter 12656605] reheat + diversify: ceiling=0.00, value=65308.0
    [iter 12662358] reheat + diversify: ceiling=0.00, value=52611.0
    [iter 12668111] reheat + diversify: ceiling=0.00, value=52611.0
    [iter 12673864] reheat + diversify: ceiling=0.00, value=65308.0
    [iter 12679617] reheat + diversify: ceiling=0.00, value=51953.0
    [iter 12685370] reheat + diversify: ceiling=0.00, value=52611.0
    [iter 12691123] reheat + diversify: ceiling=0.00, value=65308.0
    [iter 12696876] reheat + diversify: ceiling=0.00, value=48234.0
    [iter 12702629] reheat + diversify: ceiling=0.00, value=65308.0
    [iter 12708382] reheat + diversify: ceiling=0.00, value=47576.0
    [iter 12714135] reheat + diversify: ceiling=0.00, value=65308.0
    [iter 12719888] reheat + diversify: ceiling=0.00, value=48234.0
    [iter 12725641] reheat + diversify: ceiling=0.00, value=65308.0
    [iter 12731394] reheat + diversify: ceiling=0.00, value=65308.0
    [iter 12737147] reheat + diversify: ceiling=0.00, value=51953.0
    [iter 12742900] reheat + diversify: ceiling=0.00, value=65308.0
    [iter 12748653] reheat + diversify: ceiling=0.00, value=65308.0
    [iter 12754406] reheat + diversify: ceiling=0.00, value=52611.0
    [iter 12760159] reheat + diversify: ceiling=0.00, value=52611.0
    [iter 12765912] reheat + diversify: ceiling=0.00, value=65308.0
    [iter 12771665] reheat + diversify: ceiling=0.00, value=51953.0
    [iter 12777418] reheat + diversify: ceiling=0.00, value=48234.0
    [iter 12783171] reheat + diversify: ceiling=0.00, value=52611.0
    [iter 12788924] reheat + diversify: ceiling=0.00, value=65308.0
    [iter 12794677] reheat + diversify: ceiling=0.00, value=65308.0
    [iter 12800430] reheat + diversify: ceiling=0.00, value=52611.0
    [iter 12806183] reheat + diversify: ceiling=0.00, value=65308.0
    [iter 12811936] reheat + diversify: ceiling=0.00, value=52611.0
    [iter 12817689] reheat + diversify: ceiling=0.00, value=65308.0
    [iter 12823442] reheat + diversify: ceiling=0.00, value=51953.0
    [iter 12829195] reheat + diversify: ceiling=0.00, value=52611.0
    [iter 12834948] reheat + diversify: ceiling=0.00, value=39914.0
    [iter 12840701] reheat + diversify: ceiling=0.00, value=65308.0
    [iter 12846454] reheat + diversify: ceiling=0.00, value=51953.0
    [iter 12852207] reheat + diversify: ceiling=0.00, value=52611.0
    [iter 12857960] reheat + diversify: ceiling=0.00, value=52611.0
    [iter 12863713] reheat + diversify: ceiling=0.00, value=52611.0
    [iter 12869466] reheat + diversify: ceiling=0.00, value=65308.0
    [iter 12875219] reheat + diversify: ceiling=0.00, value=65308.0
    [iter 12880972] reheat + diversify: ceiling=0.00, value=65308.0
    [iter 12886725] reheat + diversify: ceiling=0.00, value=51953.0
    [iter 12892478] reheat + diversify: ceiling=0.00, value=65308.0
    [iter 12898231] reheat + diversify: ceiling=0.00, value=65308.0
    [iter 12903984] reheat + diversify: ceiling=0.00, value=65308.0
    [iter 12909737] reheat + diversify: ceiling=0.00, value=52611.0
    [iter 12915490] reheat + diversify: ceiling=0.00, value=65308.0
    [iter 12921243] reheat + diversify: ceiling=0.00, value=51953.0
    [iter 12926996] reheat + diversify: ceiling=0.00, value=65308.0
    [iter 12932749] reheat + diversify: ceiling=0.00, value=65308.0
    [iter 12938502] reheat + diversify: ceiling=0.00, value=47576.0
    [iter 12944255] reheat + diversify: ceiling=0.00, value=65308.0
    [iter 12950008] reheat + diversify: ceiling=0.00, value=65308.0
    [iter 12955761] reheat + diversify: ceiling=0.00, value=65308.0
    [iter 12961514] reheat + diversify: ceiling=0.00, value=65308.0
    [iter 12967267] reheat + diversify: ceiling=0.00, value=65308.0
    [iter 12973020] reheat + diversify: ceiling=0.00, value=51953.0
    [iter 12978773] reheat + diversify: ceiling=0.00, value=52611.0
    [iter 12984526] reheat + diversify: ceiling=0.00, value=52611.0
    [iter 12990279] reheat + diversify: ceiling=0.00, value=52611.0
    [iter 12996032] reheat + diversify: ceiling=0.00, value=52611.0
    [iter 13001785] reheat + diversify: ceiling=0.00, value=48234.0
    [iter 13007538] reheat + diversify: ceiling=0.00, value=51953.0
    [iter 13013291] reheat + diversify: ceiling=0.00, value=65308.0
    [iter 13019044] reheat + diversify: ceiling=0.00, value=52611.0
    [iter 13024797] reheat + diversify: ceiling=0.00, value=51953.0
    [iter 13030550] reheat + diversify: ceiling=0.00, value=47576.0
    [iter 13036303] reheat + diversify: ceiling=0.00, value=52611.0
    [iter 13042056] reheat + diversify: ceiling=0.00, value=65308.0
    [iter 13047809] reheat + diversify: ceiling=0.00, value=65308.0
    [iter 13053562] reheat + diversify: ceiling=0.00, value=52611.0
    [iter 13059315] reheat + diversify: ceiling=0.00, value=65308.0
    [iter 13065068] reheat + diversify: ceiling=0.00, value=52611.0
    [iter 13070821] reheat + diversify: ceiling=0.00, value=65308.0
    [iter 13076574] reheat + diversify: ceiling=0.00, value=65308.0
    [iter 13082327] reheat + diversify: ceiling=0.00, value=65308.0
    [iter 13088080] reheat + diversify: ceiling=0.00, value=65308.0
    [iter 13093833] reheat + diversify: ceiling=0.00, value=52611.0
    [iter 13099586] reheat + diversify: ceiling=0.00, value=65308.0
    [iter 13105339] reheat + diversify: ceiling=0.00, value=48234.0
    [iter 13111092] reheat + diversify: ceiling=0.00, value=48234.0
    [iter 13116845] reheat + diversify: ceiling=0.00, value=48234.0
    [iter 13122598] reheat + diversify: ceiling=0.00, value=65308.0
    [iter 13128351] reheat + diversify: ceiling=0.00, value=51953.0
    [iter 13134104] reheat + diversify: ceiling=0.00, value=65308.0
    [iter 13139857] reheat + diversify: ceiling=0.00, value=52611.0
    [iter 13145610] reheat + diversify: ceiling=0.00, value=51953.0
    [iter 13151363] reheat + diversify: ceiling=0.00, value=52611.0
    [iter 13157116] reheat + diversify: ceiling=0.00, value=39914.0
    [iter 13162869] reheat + diversify: ceiling=0.00, value=47576.0
    [iter 13168622] reheat + diversify: ceiling=0.00, value=48234.0
    [iter 13174375] reheat + diversify: ceiling=0.00, value=65308.0
    [iter 13180128] reheat + diversify: ceiling=0.00, value=52611.0
    [iter 13185881] reheat + diversify: ceiling=0.00, value=65308.0
    [iter 13191634] reheat + diversify: ceiling=0.00, value=52611.0
    [iter 13197387] reheat + diversify: ceiling=0.00, value=48234.0
    [iter 13203140] reheat + diversify: ceiling=0.00, value=52611.0
    [iter 13208893] reheat + diversify: ceiling=0.00, value=48234.0
    [iter 13214646] reheat + diversify: ceiling=0.00, value=52611.0
    [iter 13220399] reheat + diversify: ceiling=0.00, value=65308.0
    [iter 13226152] reheat + diversify: ceiling=0.00, value=65308.0
    [iter 13231905] reheat + diversify: ceiling=0.00, value=48234.0
    [iter 13237658] reheat + diversify: ceiling=0.00, value=65308.0
    [iter 13243411] reheat + diversify: ceiling=0.00, value=48234.0
    [iter 13249164] reheat + diversify: ceiling=0.00, value=39914.0
    [iter 13254917] reheat + diversify: ceiling=0.00, value=52611.0
    [iter 13260670] reheat + diversify: ceiling=0.00, value=65308.0
    [iter 13266423] reheat + diversify: ceiling=0.00, value=51953.0
    [iter 13272176] reheat + diversify: ceiling=0.00, value=51953.0
    [iter 13277929] reheat + diversify: ceiling=0.00, value=65308.0
    [iter 13283682] reheat + diversify: ceiling=0.00, value=51953.0
    [iter 13289435] reheat + diversify: ceiling=0.00, value=65308.0
    [iter 13295188] reheat + diversify: ceiling=0.00, value=52611.0
    [iter 13300941] reheat + diversify: ceiling=0.00, value=65308.0
    [iter 13306694] reheat + diversify: ceiling=0.00, value=65308.0
    [iter 13312447] reheat + diversify: ceiling=0.00, value=47576.0
    [iter 13318200] reheat + diversify: ceiling=0.00, value=65308.0
    [iter 13323953] reheat + diversify: ceiling=0.00, value=47576.0
    [iter 13329706] reheat + diversify: ceiling=0.00, value=65308.0
    [iter 13335459] reheat + diversify: ceiling=0.00, value=48234.0
    [iter 13341212] reheat + diversify: ceiling=0.00, value=51953.0
    [iter 13346965] reheat + diversify: ceiling=0.00, value=65308.0
    [iter 13352718] reheat + diversify: ceiling=0.00, value=65308.0
    [iter 13358471] reheat + diversify: ceiling=0.00, value=48234.0
    [iter 13364224] reheat + diversify: ceiling=0.00, value=65308.0
    [iter 13369977] reheat + diversify: ceiling=0.00, value=65308.0
    [iter 13375730] reheat + diversify: ceiling=0.00, value=65308.0
    [iter 13381483] reheat + diversify: ceiling=0.00, value=65308.0
    [iter 13387236] reheat + diversify: ceiling=0.00, value=52611.0
    [iter 13392989] reheat + diversify: ceiling=0.00, value=48234.0
    [iter 13398742] reheat + diversify: ceiling=0.00, value=51953.0
    [iter 13404495] reheat + diversify: ceiling=0.00, value=52611.0
    [iter 13410248] reheat + diversify: ceiling=0.00, value=65308.0
    [iter 13416001] reheat + diversify: ceiling=0.00, value=48234.0
    [iter 13421754] reheat + diversify: ceiling=0.00, value=51953.0
    [iter 13427507] reheat + diversify: ceiling=0.00, value=65308.0
    [iter 13433260] reheat + diversify: ceiling=0.00, value=65308.0
    [iter 13439013] reheat + diversify: ceiling=0.00, value=65308.0
    [iter 13444766] reheat + diversify: ceiling=0.00, value=65308.0
    [iter 13450519] reheat + diversify: ceiling=0.00, value=65308.0
    [iter 13456272] reheat + diversify: ceiling=0.00, value=39914.0
    [iter 13462025] reheat + diversify: ceiling=0.00, value=51953.0
    [iter 13467778] reheat + diversify: ceiling=0.00, value=65308.0
    [iter 13473531] reheat + diversify: ceiling=0.00, value=48234.0
    [iter 13479284] reheat + diversify: ceiling=0.00, value=65308.0
    [iter 13485037] reheat + diversify: ceiling=0.00, value=51953.0
    [iter 13490790] reheat + diversify: ceiling=0.00, value=52611.0
    [iter 13496543] reheat + diversify: ceiling=0.00, value=52611.0
    [iter 13502296] reheat + diversify: ceiling=0.00, value=65308.0
    [iter 13508049] reheat + diversify: ceiling=0.00, value=65308.0
    [iter 13513802] reheat + diversify: ceiling=0.00, value=48234.0
    [iter 13519555] reheat + diversify: ceiling=0.00, value=52611.0
    [iter 13525308] reheat + diversify: ceiling=0.00, value=48234.0
    [iter 13531061] reheat + diversify: ceiling=0.00, value=65308.0
    [iter 13536814] reheat + diversify: ceiling=0.00, value=48234.0
    [iter 13542567] reheat + diversify: ceiling=0.00, value=52611.0
    [iter 13548320] reheat + diversify: ceiling=0.00, value=65308.0
    [iter 13554073] reheat + diversify: ceiling=0.00, value=51953.0
    [iter 13559826] reheat + diversify: ceiling=0.00, value=48234.0
    [iter 13565579] reheat + diversify: ceiling=0.00, value=52611.0
    [iter 13571332] reheat + diversify: ceiling=0.00, value=65308.0
    [iter 13577085] reheat + diversify: ceiling=0.00, value=65308.0
    [iter 13582838] reheat + diversify: ceiling=0.00, value=48234.0
    [iter 13588591] reheat + diversify: ceiling=0.00, value=65308.0
    [iter 13594344] reheat + diversify: ceiling=0.00, value=65308.0
    [iter 13600097] reheat + diversify: ceiling=0.00, value=47576.0
    [iter 13605850] reheat + diversify: ceiling=0.00, value=65308.0
    [iter 13611603] reheat + diversify: ceiling=0.00, value=48234.0
    [iter 13617356] reheat + diversify: ceiling=0.00, value=51953.0
    [iter 13623109] reheat + diversify: ceiling=0.00, value=51953.0
    [iter 13628862] reheat + diversify: ceiling=0.00, value=65308.0
    [iter 13634615] reheat + diversify: ceiling=0.00, value=51953.0
    [iter 13640368] reheat + diversify: ceiling=0.00, value=65308.0
    [iter 13646121] reheat + diversify: ceiling=0.00, value=65308.0
    [iter 13651874] reheat + diversify: ceiling=0.00, value=52611.0
    [iter 13657627] reheat + diversify: ceiling=0.00, value=52611.0
    [iter 13663380] reheat + diversify: ceiling=0.00, value=48234.0
    [iter 13669133] reheat + diversify: ceiling=0.00, value=65308.0
    [iter 13674886] reheat + diversify: ceiling=0.00, value=52611.0
    [iter 13680639] reheat + diversify: ceiling=0.00, value=65308.0
    [iter 13686392] reheat + diversify: ceiling=0.00, value=52611.0
    [iter 13692145] reheat + diversify: ceiling=0.00, value=52611.0
    [iter 13697898] reheat + diversify: ceiling=0.00, value=51953.0
    [iter 13703651] reheat + diversify: ceiling=0.00, value=48234.0
    [iter 13709404] reheat + diversify: ceiling=0.00, value=52611.0
    [iter 13715157] reheat + diversify: ceiling=0.00, value=51953.0
    [iter 13720910] reheat + diversify: ceiling=0.00, value=65308.0
    [iter 13726663] reheat + diversify: ceiling=0.00, value=51953.0
    [iter 13732416] reheat + diversify: ceiling=0.00, value=52611.0
    [iter 13738169] reheat + diversify: ceiling=0.00, value=65308.0
    [iter 13743922] reheat + diversify: ceiling=0.00, value=51953.0
    [iter 13749675] reheat + diversify: ceiling=0.00, value=65308.0
    [iter 13755428] reheat + diversify: ceiling=0.00, value=52611.0
    [iter 13761181] reheat + diversify: ceiling=0.00, value=52611.0
    [iter 13766934] reheat + diversify: ceiling=0.00, value=65308.0
    [iter 13772687] reheat + diversify: ceiling=0.00, value=65308.0
    [iter 13778440] reheat + diversify: ceiling=0.00, value=51953.0
    [iter 13784193] reheat + diversify: ceiling=0.00, value=65308.0
    [iter 13789946] reheat + diversify: ceiling=0.00, value=51953.0
    [iter 13795699] reheat + diversify: ceiling=0.00, value=52611.0
    [iter 13801452] reheat + diversify: ceiling=0.00, value=65308.0
    [iter 13807205] reheat + diversify: ceiling=0.00, value=52611.0
    [iter 13812958] reheat + diversify: ceiling=0.00, value=51953.0
    [iter 13818711] reheat + diversify: ceiling=0.00, value=52611.0
    [iter 13824464] reheat + diversify: ceiling=0.00, value=65308.0
    [iter 13830217] reheat + diversify: ceiling=0.00, value=48234.0
    [iter 13835970] reheat + diversify: ceiling=0.00, value=52611.0
    [iter 13841723] reheat + diversify: ceiling=0.00, value=52611.0
    [iter 13847476] reheat + diversify: ceiling=0.00, value=65308.0
    [iter 13853229] reheat + diversify: ceiling=0.00, value=51953.0
    [iter 13858982] reheat + diversify: ceiling=0.00, value=65308.0
    [iter 13864735] reheat + diversify: ceiling=0.00, value=52611.0
    [iter 13870488] reheat + diversify: ceiling=0.00, value=51953.0
    [iter 13876241] reheat + diversify: ceiling=0.00, value=48234.0
    [iter 13881994] reheat + diversify: ceiling=0.00, value=65308.0
    [iter 13887747] reheat + diversify: ceiling=0.00, value=52611.0
    [iter 13893500] reheat + diversify: ceiling=0.00, value=51953.0
    [iter 13899253] reheat + diversify: ceiling=0.00, value=65308.0
    [iter 13905006] reheat + diversify: ceiling=0.00, value=65308.0
    [iter 13910759] reheat + diversify: ceiling=0.00, value=51953.0
    [iter 13916512] reheat + diversify: ceiling=0.00, value=65308.0
    [iter 13922265] reheat + diversify: ceiling=0.00, value=52611.0
    [iter 13928018] reheat + diversify: ceiling=0.00, value=65308.0
    [iter 13933771] reheat + diversify: ceiling=0.00, value=48234.0
    [iter 13939524] reheat + diversify: ceiling=0.00, value=52611.0
    [iter 13945277] reheat + diversify: ceiling=0.00, value=65308.0
    [iter 13951030] reheat + diversify: ceiling=0.00, value=65308.0
    [iter 13956783] reheat + diversify: ceiling=0.00, value=65308.0
    [iter 13962536] reheat + diversify: ceiling=0.00, value=48234.0
    [iter 13968289] reheat + diversify: ceiling=0.00, value=65308.0
    [iter 13974042] reheat + diversify: ceiling=0.00, value=52611.0
    [iter 13979795] reheat + diversify: ceiling=0.00, value=48234.0
    [iter 13985548] reheat + diversify: ceiling=0.00, value=52611.0
    [iter 13991301] reheat + diversify: ceiling=0.00, value=48234.0
    [iter 13997054] reheat + diversify: ceiling=0.00, value=65308.0
    [iter 14002807] reheat + diversify: ceiling=0.00, value=51953.0
    [iter 14008560] reheat + diversify: ceiling=0.00, value=52611.0
    [iter 14014313] reheat + diversify: ceiling=0.00, value=51953.0
    [iter 14020066] reheat + diversify: ceiling=0.00, value=51953.0
    [iter 14025819] reheat + diversify: ceiling=0.00, value=51953.0
    [iter 14031572] reheat + diversify: ceiling=0.00, value=52611.0
    [iter 14037325] reheat + diversify: ceiling=0.00, value=48234.0
    [iter 14043078] reheat + diversify: ceiling=0.00, value=51953.0
    [iter 14048831] reheat + diversify: ceiling=0.00, value=48234.0
    [iter 14054584] reheat + diversify: ceiling=0.00, value=65308.0
    [iter 14060337] reheat + diversify: ceiling=0.00, value=65308.0
    [iter 14066090] reheat + diversify: ceiling=0.00, value=52611.0
    [iter 14071843] reheat + diversify: ceiling=0.00, value=51953.0
    [iter 14077596] reheat + diversify: ceiling=0.00, value=52611.0
    [iter 14083349] reheat + diversify: ceiling=0.00, value=65308.0
    [iter 14089102] reheat + diversify: ceiling=0.00, value=48234.0
    [iter 14094855] reheat + diversify: ceiling=0.00, value=65308.0
    [iter 14100608] reheat + diversify: ceiling=0.00, value=65308.0
    [iter 14106361] reheat + diversify: ceiling=0.00, value=65308.0
    [iter 14112114] reheat + diversify: ceiling=0.00, value=47576.0
    [iter 14117867] reheat + diversify: ceiling=0.00, value=48234.0
    [iter 14123620] reheat + diversify: ceiling=0.00, value=65308.0
    [iter 14129373] reheat + diversify: ceiling=0.00, value=65308.0
    [iter 14135126] reheat + diversify: ceiling=0.00, value=52611.0
    [iter 14140879] reheat + diversify: ceiling=0.00, value=52611.0
    [iter 14146632] reheat + diversify: ceiling=0.00, value=51953.0
    [iter 14152385] reheat + diversify: ceiling=0.00, value=51953.0
    [iter 14158138] reheat + diversify: ceiling=0.00, value=65308.0
    [iter 14163891] reheat + diversify: ceiling=0.00, value=48234.0
    [iter 14169644] reheat + diversify: ceiling=0.00, value=51953.0
    [iter 14175397] reheat + diversify: ceiling=0.00, value=65308.0
    [iter 14181150] reheat + diversify: ceiling=0.00, value=48234.0
    [iter 14186903] reheat + diversify: ceiling=0.00, value=65308.0
    [iter 14192656] reheat + diversify: ceiling=0.00, value=65308.0
    [iter 14198409] reheat + diversify: ceiling=0.00, value=65308.0
    [iter 14204162] reheat + diversify: ceiling=0.00, value=48234.0
    [iter 14209915] reheat + diversify: ceiling=0.00, value=48234.0
    [iter 14215668] reheat + diversify: ceiling=0.00, value=48234.0
    [iter 14221421] reheat + diversify: ceiling=0.00, value=51953.0
    [iter 14227174] reheat + diversify: ceiling=0.00, value=65308.0
    [iter 14232927] reheat + diversify: ceiling=0.00, value=65308.0
    [iter 14238680] reheat + diversify: ceiling=0.00, value=65308.0
    [iter 14244433] reheat + diversify: ceiling=0.00, value=51953.0
    [iter 14250186] reheat + diversify: ceiling=0.00, value=51953.0
    [iter 14255939] reheat + diversify: ceiling=0.00, value=65308.0
    [iter 14261692] reheat + diversify: ceiling=0.00, value=51953.0
    [iter 14267445] reheat + diversify: ceiling=0.00, value=48234.0
    [iter 14273198] reheat + diversify: ceiling=0.00, value=65308.0
    [iter 14278951] reheat + diversify: ceiling=0.00, value=51953.0
    [iter 14284704] reheat + diversify: ceiling=0.00, value=65308.0
    [iter 14290457] reheat + diversify: ceiling=0.00, value=65308.0
    [iter 14296210] reheat + diversify: ceiling=0.00, value=52611.0
    [iter 14301963] reheat + diversify: ceiling=0.00, value=51953.0
    [iter 14307716] reheat + diversify: ceiling=0.00, value=52611.0
    [iter 14313469] reheat + diversify: ceiling=0.00, value=65308.0
    [iter 14319222] reheat + diversify: ceiling=0.00, value=65308.0
    [iter 14324975] reheat + diversify: ceiling=0.00, value=52611.0
    [iter 14330728] reheat + diversify: ceiling=0.00, value=48234.0
    [iter 14336481] reheat + diversify: ceiling=0.00, value=52611.0
    [iter 14342234] reheat + diversify: ceiling=0.00, value=51953.0
    [iter 14347987] reheat + diversify: ceiling=0.00, value=52611.0
    [iter 14353740] reheat + diversify: ceiling=0.00, value=65308.0
    [iter 14359493] reheat + diversify: ceiling=0.00, value=48234.0
    [iter 14365246] reheat + diversify: ceiling=0.00, value=65308.0
    [iter 14370999] reheat + diversify: ceiling=0.00, value=65308.0
    [iter 14376752] reheat + diversify: ceiling=0.00, value=47576.0
    [iter 14382505] reheat + diversify: ceiling=0.00, value=52611.0
    [iter 14388258] reheat + diversify: ceiling=0.00, value=51953.0
    [iter 14394011] reheat + diversify: ceiling=0.00, value=52611.0
    [iter 14399764] reheat + diversify: ceiling=0.00, value=52611.0
    [iter 14405517] reheat + diversify: ceiling=0.00, value=51953.0
    [iter 14411270] reheat + diversify: ceiling=0.00, value=48234.0
    [iter 14417023] reheat + diversify: ceiling=0.00, value=65308.0
    [iter 14422776] reheat + diversify: ceiling=0.00, value=48234.0
    [iter 14428529] reheat + diversify: ceiling=0.00, value=65308.0
    [iter 14434282] reheat + diversify: ceiling=0.00, value=65308.0
    [iter 14440035] reheat + diversify: ceiling=0.00, value=52611.0
    [iter 14445788] reheat + diversify: ceiling=0.00, value=65308.0
    [iter 14451541] reheat + diversify: ceiling=0.00, value=52611.0
    [iter 14457294] reheat + diversify: ceiling=0.00, value=52611.0
    [iter 14463047] reheat + diversify: ceiling=0.00, value=48234.0
    [iter 14468800] reheat + diversify: ceiling=0.00, value=51953.0
    [iter 14474553] reheat + diversify: ceiling=0.00, value=51953.0
    [iter 14480306] reheat + diversify: ceiling=0.00, value=65308.0
    [iter 14486059] reheat + diversify: ceiling=0.00, value=48234.0
    [iter 14491812] reheat + diversify: ceiling=0.00, value=51953.0
    [iter 14497565] reheat + diversify: ceiling=0.00, value=52611.0
    [iter 14503318] reheat + diversify: ceiling=0.00, value=48234.0
    [iter 14509071] reheat + diversify: ceiling=0.00, value=65308.0
    [iter 14514824] reheat + diversify: ceiling=0.00, value=65308.0
    [iter 14520577] reheat + diversify: ceiling=0.00, value=47576.0
    [iter 14526330] reheat + diversify: ceiling=0.00, value=52611.0
    [iter 14532083] reheat + diversify: ceiling=0.00, value=65308.0
    [iter 14537836] reheat + diversify: ceiling=0.00, value=65308.0
    [iter 14543589] reheat + diversify: ceiling=0.00, value=65308.0
    [iter 14549342] reheat + diversify: ceiling=0.00, value=52611.0
    [iter 14555095] reheat + diversify: ceiling=0.00, value=65308.0
    [iter 14560848] reheat + diversify: ceiling=0.00, value=51953.0
    [iter 14566601] reheat + diversify: ceiling=0.00, value=48234.0
    [iter 14572354] reheat + diversify: ceiling=0.00, value=48234.0
    [iter 14578107] reheat + diversify: ceiling=0.00, value=51953.0
    [iter 14583860] reheat + diversify: ceiling=0.00, value=48234.0
    [iter 14589613] reheat + diversify: ceiling=0.00, value=39256.0
    [iter 14595366] reheat + diversify: ceiling=0.00, value=39256.0
    [iter 14601119] reheat + diversify: ceiling=0.00, value=65308.0
    [iter 14606872] reheat + diversify: ceiling=0.00, value=65308.0
    [iter 14612625] reheat + diversify: ceiling=0.00, value=48234.0
    [iter 14618378] reheat + diversify: ceiling=0.00, value=47576.0
    [iter 14624131] reheat + diversify: ceiling=0.00, value=52611.0
    [iter 14629884] reheat + diversify: ceiling=0.00, value=48234.0
    [iter 14635637] reheat + diversify: ceiling=0.00, value=48234.0
    [iter 14641390] reheat + diversify: ceiling=0.00, value=51953.0
    [iter 14647143] reheat + diversify: ceiling=0.00, value=51953.0
    [iter 14652896] reheat + diversify: ceiling=0.00, value=48234.0
    [iter 14658649] reheat + diversify: ceiling=0.00, value=52611.0
    [iter 14664402] reheat + diversify: ceiling=0.00, value=51953.0
    [iter 14670155] reheat + diversify: ceiling=0.00, value=52611.0
    [iter 14675908] reheat + diversify: ceiling=0.00, value=48234.0
    [iter 14681661] reheat + diversify: ceiling=0.00, value=52611.0
    [iter 14687414] reheat + diversify: ceiling=0.00, value=65308.0
    [iter 14693167] reheat + diversify: ceiling=0.00, value=52611.0
    [iter 14698920] reheat + diversify: ceiling=0.00, value=52611.0
    [iter 14704673] reheat + diversify: ceiling=0.00, value=52611.0
    [iter 14710426] reheat + diversify: ceiling=0.00, value=51953.0
    [iter 14716179] reheat + diversify: ceiling=0.00, value=65308.0
    [iter 14721932] reheat + diversify: ceiling=0.00, value=51953.0
    [iter 14727685] reheat + diversify: ceiling=0.00, value=65308.0
    [iter 14733438] reheat + diversify: ceiling=0.00, value=65308.0
    [iter 14739191] reheat + diversify: ceiling=0.00, value=65308.0
    [iter 14744944] reheat + diversify: ceiling=0.00, value=65308.0
    [iter 14750697] reheat + diversify: ceiling=0.00, value=65308.0
    [iter 14756450] reheat + diversify: ceiling=0.00, value=52611.0
    [iter 14762203] reheat + diversify: ceiling=0.00, value=52611.0
    [iter 14767956] reheat + diversify: ceiling=0.00, value=65308.0
    [iter 14773709] reheat + diversify: ceiling=0.00, value=65308.0
    [iter 14779462] reheat + diversify: ceiling=0.00, value=65308.0
    [iter 14785215] reheat + diversify: ceiling=0.00, value=65308.0
    [iter 14790968] reheat + diversify: ceiling=0.00, value=39914.0
    [iter 14796721] reheat + diversify: ceiling=0.00, value=52611.0
    [iter 14802474] reheat + diversify: ceiling=0.00, value=48234.0
    [iter 14808227] reheat + diversify: ceiling=0.00, value=65308.0
    [iter 14813980] reheat + diversify: ceiling=0.00, value=51953.0
    [iter 14819733] reheat + diversify: ceiling=0.00, value=52611.0
    [iter 14825486] reheat + diversify: ceiling=0.00, value=65308.0
    [iter 14831239] reheat + diversify: ceiling=0.00, value=65308.0
    [iter 14836992] reheat + diversify: ceiling=0.00, value=51953.0
    [iter 14842745] reheat + diversify: ceiling=0.00, value=51953.0
    [iter 14848498] reheat + diversify: ceiling=0.00, value=48234.0
    [iter 14854251] reheat + diversify: ceiling=0.00, value=65308.0
    [iter 14860004] reheat + diversify: ceiling=0.00, value=65308.0
    [iter 14865757] reheat + diversify: ceiling=0.00, value=48234.0
    [iter 14871510] reheat + diversify: ceiling=0.00, value=65308.0
    [iter 14877263] reheat + diversify: ceiling=0.00, value=65308.0
    [iter 14883016] reheat + diversify: ceiling=0.00, value=65308.0
    [iter 14888769] reheat + diversify: ceiling=0.00, value=52611.0
    [iter 14894522] reheat + diversify: ceiling=0.00, value=51953.0
    [iter 14900275] reheat + diversify: ceiling=0.00, value=48234.0
    [iter 14906028] reheat + diversify: ceiling=0.00, value=65308.0
    [iter 14911781] reheat + diversify: ceiling=0.00, value=65308.0
    [iter 14917534] reheat + diversify: ceiling=0.00, value=52611.0
    [iter 14923287] reheat + diversify: ceiling=0.00, value=65308.0
    [iter 14929040] reheat + diversify: ceiling=0.00, value=65308.0
    [iter 14934793] reheat + diversify: ceiling=0.00, value=51953.0
    [iter 14940546] reheat + diversify: ceiling=0.00, value=52611.0
    [iter 14946299] reheat + diversify: ceiling=0.00, value=48234.0
    [iter 14952052] reheat + diversify: ceiling=0.00, value=48234.0
    [iter 14957805] reheat + diversify: ceiling=0.00, value=65308.0
    [iter 14963558] reheat + diversify: ceiling=0.00, value=65308.0
    [iter 14969311] reheat + diversify: ceiling=0.00, value=65308.0
    [iter 14975064] reheat + diversify: ceiling=0.00, value=65308.0
    [iter 14980817] reheat + diversify: ceiling=0.00, value=65308.0
    [iter 14986570] reheat + diversify: ceiling=0.00, value=65308.0
    [iter 14992323] reheat + diversify: ceiling=0.00, value=65308.0
    [iter 14998076] reheat + diversify: ceiling=0.00, value=65308.0
    [iter 15003829] reheat + diversify: ceiling=0.00, value=65308.0
    [iter 15009582] reheat + diversify: ceiling=0.00, value=52611.0
    [iter 15015335] reheat + diversify: ceiling=0.00, value=65308.0
    [iter 15021088] reheat + diversify: ceiling=0.00, value=65308.0
    [iter 15026841] reheat + diversify: ceiling=0.00, value=52611.0
    [iter 15032594] reheat + diversify: ceiling=0.00, value=52611.0
    [iter 15038347] reheat + diversify: ceiling=0.00, value=65308.0
    [iter 15044100] reheat + diversify: ceiling=0.00, value=65308.0
    [iter 15049853] reheat + diversify: ceiling=0.00, value=52611.0
    [iter 15055606] reheat + diversify: ceiling=0.00, value=48234.0
    [iter 15061359] reheat + diversify: ceiling=0.00, value=65308.0
    [iter 15067112] reheat + diversify: ceiling=0.00, value=52611.0
    [iter 15072865] reheat + diversify: ceiling=0.00, value=51953.0
    [iter 15078618] reheat + diversify: ceiling=0.00, value=51953.0
    [iter 15084371] reheat + diversify: ceiling=0.00, value=52611.0
    [iter 15090124] reheat + diversify: ceiling=0.00, value=51953.0
    [iter 15095877] reheat + diversify: ceiling=0.00, value=51953.0
    [iter 15101630] reheat + diversify: ceiling=0.00, value=65308.0
    [iter 15107383] reheat + diversify: ceiling=0.00, value=52611.0
    [iter 15113136] reheat + diversify: ceiling=0.00, value=65308.0
    [iter 15118889] reheat + diversify: ceiling=0.00, value=52611.0
    [iter 15124642] reheat + diversify: ceiling=0.00, value=65308.0
    [iter 15130395] reheat + diversify: ceiling=0.00, value=47576.0
    [iter 15136148] reheat + diversify: ceiling=0.00, value=65308.0
    [iter 15141901] reheat + diversify: ceiling=0.00, value=65308.0
    [iter 15147654] reheat + diversify: ceiling=0.00, value=52611.0
    [iter 15153407] reheat + diversify: ceiling=0.00, value=65308.0
    [iter 15159160] reheat + diversify: ceiling=0.00, value=51953.0
    [iter 15164913] reheat + diversify: ceiling=0.00, value=47576.0
    [iter 15170666] reheat + diversify: ceiling=0.00, value=65308.0
    [iter 15176419] reheat + diversify: ceiling=0.00, value=51953.0
    [iter 15182172] reheat + diversify: ceiling=0.00, value=48234.0
    [iter 15187925] reheat + diversify: ceiling=0.00, value=65308.0
    [iter 15193678] reheat + diversify: ceiling=0.00, value=52611.0
    [iter 15199431] reheat + diversify: ceiling=0.00, value=52611.0
    [iter 15205184] reheat + diversify: ceiling=0.00, value=52611.0
    [iter 15210937] reheat + diversify: ceiling=0.00, value=51953.0
    [iter 15216690] reheat + diversify: ceiling=0.00, value=48234.0
    [iter 15222443] reheat + diversify: ceiling=0.00, value=51953.0
    [iter 15228196] reheat + diversify: ceiling=0.00, value=65308.0
    [iter 15233949] reheat + diversify: ceiling=0.00, value=65308.0
    [iter 15239702] reheat + diversify: ceiling=0.00, value=65308.0
    [iter 15245455] reheat + diversify: ceiling=0.00, value=51953.0
    [iter 15251208] reheat + diversify: ceiling=0.00, value=52611.0
    [iter 15256961] reheat + diversify: ceiling=0.00, value=65308.0
    [iter 15262714] reheat + diversify: ceiling=0.00, value=48234.0
    [iter 15268467] reheat + diversify: ceiling=0.00, value=52611.0
    [iter 15274220] reheat + diversify: ceiling=0.00, value=65308.0
    [iter 15279973] reheat + diversify: ceiling=0.00, value=51953.0
    [iter 15285726] reheat + diversify: ceiling=0.00, value=65308.0
    [iter 15291479] reheat + diversify: ceiling=0.00, value=65308.0
    [iter 15297232] reheat + diversify: ceiling=0.00, value=65308.0
    [iter 15302985] reheat + diversify: ceiling=0.00, value=65308.0
    [iter 15308738] reheat + diversify: ceiling=0.00, value=65308.0
    [iter 15314491] reheat + diversify: ceiling=0.00, value=52611.0
    [iter 15320244] reheat + diversify: ceiling=0.00, value=51953.0
    [iter 15325997] reheat + diversify: ceiling=0.00, value=65308.0
    [iter 15331750] reheat + diversify: ceiling=0.00, value=65308.0
    [iter 15337503] reheat + diversify: ceiling=0.00, value=48234.0
    [iter 15343256] reheat + diversify: ceiling=0.00, value=65308.0
    [iter 15349009] reheat + diversify: ceiling=0.00, value=51953.0
    [iter 15354762] reheat + diversify: ceiling=0.00, value=39914.0
    [iter 15360515] reheat + diversify: ceiling=0.00, value=65308.0
    [iter 15366268] reheat + diversify: ceiling=0.00, value=52611.0
    [iter 15372021] reheat + diversify: ceiling=0.00, value=48234.0
    [iter 15377774] reheat + diversify: ceiling=0.00, value=51953.0
    [iter 15383527] reheat + diversify: ceiling=0.00, value=48234.0
    [iter 15389280] reheat + diversify: ceiling=0.00, value=65308.0
    [iter 15395033] reheat + diversify: ceiling=0.00, value=65308.0
    [iter 15400786] reheat + diversify: ceiling=0.00, value=51953.0
    [iter 15406539] reheat + diversify: ceiling=0.00, value=65308.0
    [iter 15412292] reheat + diversify: ceiling=0.00, value=65308.0
    [iter 15418045] reheat + diversify: ceiling=0.00, value=65308.0
    [iter 15423798] reheat + diversify: ceiling=0.00, value=65308.0
    [iter 15429551] reheat + diversify: ceiling=0.00, value=65308.0
    [iter 15435304] reheat + diversify: ceiling=0.00, value=65308.0
    [iter 15441057] reheat + diversify: ceiling=0.00, value=65308.0
    [iter 15446810] reheat + diversify: ceiling=0.00, value=52611.0
    [iter 15452563] reheat + diversify: ceiling=0.00, value=52611.0
    [iter 15458316] reheat + diversify: ceiling=0.00, value=48234.0
    [iter 15464069] reheat + diversify: ceiling=0.00, value=65308.0
    [iter 15469822] reheat + diversify: ceiling=0.00, value=65308.0
    [iter 15475575] reheat + diversify: ceiling=0.00, value=48234.0
    [iter 15481328] reheat + diversify: ceiling=0.00, value=65308.0
    [iter 15487081] reheat + diversify: ceiling=0.00, value=51953.0
    [iter 15492834] reheat + diversify: ceiling=0.00, value=65308.0
    [iter 15498587] reheat + diversify: ceiling=0.00, value=65308.0
    [iter 15504340] reheat + diversify: ceiling=0.00, value=48234.0
    [iter 15510093] reheat + diversify: ceiling=0.00, value=51953.0
    [iter 15515846] reheat + diversify: ceiling=0.00, value=51953.0
    [iter 15521599] reheat + diversify: ceiling=0.00, value=65308.0
    [iter 15527352] reheat + diversify: ceiling=0.00, value=65308.0
    [iter 15533105] reheat + diversify: ceiling=0.00, value=52611.0
    [iter 15538858] reheat + diversify: ceiling=0.00, value=65308.0
    [iter 15544611] reheat + diversify: ceiling=0.00, value=65308.0
    [iter 15550364] reheat + diversify: ceiling=0.00, value=65308.0
    [iter 15556117] reheat + diversify: ceiling=0.00, value=52611.0
    [iter 15561870] reheat + diversify: ceiling=0.00, value=65308.0
    [iter 15567623] reheat + diversify: ceiling=0.00, value=48234.0
    [iter 15573376] reheat + diversify: ceiling=0.00, value=65308.0
    [iter 15579129] reheat + diversify: ceiling=0.00, value=51953.0
    [iter 15584882] reheat + diversify: ceiling=0.00, value=48234.0
    [iter 15590635] reheat + diversify: ceiling=0.00, value=65308.0
    [iter 15596388] reheat + diversify: ceiling=0.00, value=65308.0
    [iter 15602141] reheat + diversify: ceiling=0.00, value=52611.0
    [iter 15607894] reheat + diversify: ceiling=0.00, value=65308.0
    [iter 15613647] reheat + diversify: ceiling=0.00, value=51953.0
    [iter 15619400] reheat + diversify: ceiling=0.00, value=65308.0
    [iter 15625153] reheat + diversify: ceiling=0.00, value=65308.0
    [iter 15630906] reheat + diversify: ceiling=0.00, value=65308.0
    [iter 15636659] reheat + diversify: ceiling=0.00, value=52611.0
    [iter 15642412] reheat + diversify: ceiling=0.00, value=65308.0
    [iter 15648165] reheat + diversify: ceiling=0.00, value=65308.0
    [iter 15653918] reheat + diversify: ceiling=0.00, value=52611.0
    [iter 15659671] reheat + diversify: ceiling=0.00, value=51953.0
    [iter 15665424] reheat + diversify: ceiling=0.00, value=65308.0
    [iter 15671177] reheat + diversify: ceiling=0.00, value=52611.0
    [iter 15676930] reheat + diversify: ceiling=0.00, value=65308.0
    [iter 15682683] reheat + diversify: ceiling=0.00, value=47576.0
    [iter 15688436] reheat + diversify: ceiling=0.00, value=52611.0
    [iter 15694189] reheat + diversify: ceiling=0.00, value=65308.0
    [iter 15699942] reheat + diversify: ceiling=0.00, value=51953.0
    [iter 15705695] reheat + diversify: ceiling=0.00, value=65308.0
    [iter 15711448] reheat + diversify: ceiling=0.00, value=48234.0
    [iter 15717201] reheat + diversify: ceiling=0.00, value=65308.0
    [iter 15722954] reheat + diversify: ceiling=0.00, value=65308.0
    [iter 15728707] reheat + diversify: ceiling=0.00, value=65308.0
    [iter 15734460] reheat + diversify: ceiling=0.00, value=65308.0
    [iter 15740213] reheat + diversify: ceiling=0.00, value=65308.0
    [iter 15745966] reheat + diversify: ceiling=0.00, value=51953.0
    [iter 15751719] reheat + diversify: ceiling=0.00, value=65308.0
    [iter 15757472] reheat + diversify: ceiling=0.00, value=48234.0
    [iter 15763225] reheat + diversify: ceiling=0.00, value=52611.0
    [iter 15768978] reheat + diversify: ceiling=0.00, value=51953.0
    [iter 15774731] reheat + diversify: ceiling=0.00, value=52611.0
    [iter 15780484] reheat + diversify: ceiling=0.00, value=52611.0
    [iter 15786237] reheat + diversify: ceiling=0.00, value=48234.0
    [iter 15791990] reheat + diversify: ceiling=0.00, value=51953.0
    [iter 15797743] reheat + diversify: ceiling=0.00, value=65308.0
    [iter 15803496] reheat + diversify: ceiling=0.00, value=65308.0
    [iter 15809249] reheat + diversify: ceiling=0.00, value=52611.0
    [iter 15815002] reheat + diversify: ceiling=0.00, value=51953.0
    [iter 15820755] reheat + diversify: ceiling=0.00, value=48234.0
    [iter 15826508] reheat + diversify: ceiling=0.00, value=51953.0
    [iter 15832261] reheat + diversify: ceiling=0.00, value=65308.0
    [iter 15838014] reheat + diversify: ceiling=0.00, value=65308.0
    [iter 15843767] reheat + diversify: ceiling=0.00, value=48234.0
    [iter 15849520] reheat + diversify: ceiling=0.00, value=51953.0
    [iter 15855273] reheat + diversify: ceiling=0.00, value=65308.0
    [iter 15861026] reheat + diversify: ceiling=0.00, value=65308.0
    [iter 15866779] reheat + diversify: ceiling=0.00, value=65308.0
    [iter 15872532] reheat + diversify: ceiling=0.00, value=52611.0
    [iter 15878285] reheat + diversify: ceiling=0.00, value=65308.0
    [iter 15884038] reheat + diversify: ceiling=0.00, value=52611.0
    [iter 15889791] reheat + diversify: ceiling=0.00, value=65308.0
    [iter 15895544] reheat + diversify: ceiling=0.00, value=52611.0
    [iter 15901297] reheat + diversify: ceiling=0.00, value=51953.0
    [iter 15907050] reheat + diversify: ceiling=0.00, value=52611.0
    [iter 15912803] reheat + diversify: ceiling=0.00, value=65308.0
    [iter 15918556] reheat + diversify: ceiling=0.00, value=65308.0
    [iter 15924309] reheat + diversify: ceiling=0.00, value=47576.0
    [iter 15930062] reheat + diversify: ceiling=0.00, value=65308.0
    [iter 15935815] reheat + diversify: ceiling=0.00, value=65308.0
    [iter 15941568] reheat + diversify: ceiling=0.00, value=65308.0
    [iter 15947321] reheat + diversify: ceiling=0.00, value=52611.0
    [iter 15953074] reheat + diversify: ceiling=0.00, value=65308.0
    [iter 15958827] reheat + diversify: ceiling=0.00, value=65308.0
    [iter 15964580] reheat + diversify: ceiling=0.00, value=52611.0
    [iter 15970333] reheat + diversify: ceiling=0.00, value=48234.0
    [iter 15976086] reheat + diversify: ceiling=0.00, value=48234.0
    [iter 15981839] reheat + diversify: ceiling=0.00, value=51953.0
    [iter 15987592] reheat + diversify: ceiling=0.00, value=65308.0
    [iter 15993345] reheat + diversify: ceiling=0.00, value=65308.0
    [iter 15999098] reheat + diversify: ceiling=0.00, value=51953.0
    [iter 16004851] reheat + diversify: ceiling=0.00, value=51953.0
    [iter 16010604] reheat + diversify: ceiling=0.00, value=51953.0
    [iter 16016357] reheat + diversify: ceiling=0.00, value=48234.0
    [iter 16022110] reheat + diversify: ceiling=0.00, value=48234.0
    [iter 16027863] reheat + diversify: ceiling=0.00, value=47576.0
    [iter 16033616] reheat + diversify: ceiling=0.00, value=51953.0
    [iter 16039369] reheat + diversify: ceiling=0.00, value=65308.0
    [iter 16045122] reheat + diversify: ceiling=0.00, value=52611.0
    [iter 16050875] reheat + diversify: ceiling=0.00, value=47576.0
    [iter 16056628] reheat + diversify: ceiling=0.00, value=52611.0
    [iter 16062381] reheat + diversify: ceiling=0.00, value=65308.0
    [iter 16068134] reheat + diversify: ceiling=0.00, value=39914.0
    [iter 16073887] reheat + diversify: ceiling=0.00, value=65308.0
    [iter 16079640] reheat + diversify: ceiling=0.00, value=51953.0
    [iter 16085393] reheat + diversify: ceiling=0.00, value=65308.0
    [iter 16091146] reheat + diversify: ceiling=0.00, value=52611.0
    [iter 16096899] reheat + diversify: ceiling=0.00, value=48234.0
    [iter 16102652] reheat + diversify: ceiling=0.00, value=52611.0
    [iter 16108405] reheat + diversify: ceiling=0.00, value=65308.0
    [iter 16114158] reheat + diversify: ceiling=0.00, value=52611.0
    [iter 16119911] reheat + diversify: ceiling=0.00, value=65308.0
    [iter 16125664] reheat + diversify: ceiling=0.00, value=52611.0
    [iter 16131417] reheat + diversify: ceiling=0.00, value=65308.0
    [iter 16137170] reheat + diversify: ceiling=0.00, value=65308.0
    [iter 16142923] reheat + diversify: ceiling=0.00, value=65308.0
    [iter 16148676] reheat + diversify: ceiling=0.00, value=65308.0
    [iter 16154429] reheat + diversify: ceiling=0.00, value=65308.0
    [iter 16160182] reheat + diversify: ceiling=0.00, value=65308.0
    [iter 16165935] reheat + diversify: ceiling=0.00, value=65308.0
    [iter 16171688] reheat + diversify: ceiling=0.00, value=48234.0
    [iter 16177441] reheat + diversify: ceiling=0.00, value=65308.0
    [iter 16183194] reheat + diversify: ceiling=0.00, value=52611.0
    [iter 16188947] reheat + diversify: ceiling=0.00, value=65308.0
    [iter 16194700] reheat + diversify: ceiling=0.00, value=65308.0
    [iter 16200453] reheat + diversify: ceiling=0.00, value=65308.0
    [iter 16206206] reheat + diversify: ceiling=0.00, value=47576.0
    [iter 16211959] reheat + diversify: ceiling=0.00, value=47576.0
    [iter 16217712] reheat + diversify: ceiling=0.00, value=65308.0
    [iter 16223465] reheat + diversify: ceiling=0.00, value=65308.0
    [iter 16229218] reheat + diversify: ceiling=0.00, value=51953.0
    [iter 16234971] reheat + diversify: ceiling=0.00, value=65308.0
    [iter 16240724] reheat + diversify: ceiling=0.00, value=52611.0
    [iter 16246477] reheat + diversify: ceiling=0.00, value=65308.0
    [iter 16252230] reheat + diversify: ceiling=0.00, value=65308.0
    [iter 16257983] reheat + diversify: ceiling=0.00, value=52611.0
    [iter 16263736] reheat + diversify: ceiling=0.00, value=52611.0
    [iter 16269489] reheat + diversify: ceiling=0.00, value=51953.0
    [iter 16275242] reheat + diversify: ceiling=0.00, value=65308.0
    [iter 16280995] reheat + diversify: ceiling=0.00, value=47576.0
    [iter 16286748] reheat + diversify: ceiling=0.00, value=65308.0
    [iter 16292501] reheat + diversify: ceiling=0.00, value=51953.0
    [iter 16298254] reheat + diversify: ceiling=0.00, value=52611.0
    [iter 16304007] reheat + diversify: ceiling=0.00, value=48234.0
    [iter 16309760] reheat + diversify: ceiling=0.00, value=52611.0
    [iter 16315513] reheat + diversify: ceiling=0.00, value=47576.0
    [iter 16321266] reheat + diversify: ceiling=0.00, value=48234.0
    [iter 16327019] reheat + diversify: ceiling=0.00, value=51953.0
    [iter 16332772] reheat + diversify: ceiling=0.00, value=51953.0
    [iter 16338525] reheat + diversify: ceiling=0.00, value=52611.0
    [iter 16344278] reheat + diversify: ceiling=0.00, value=51953.0
    [iter 16350031] reheat + diversify: ceiling=0.00, value=65308.0
    [iter 16355784] reheat + diversify: ceiling=0.00, value=51953.0
    [iter 16361537] reheat + diversify: ceiling=0.00, value=52611.0
    [iter 16367290] reheat + diversify: ceiling=0.00, value=47576.0
    [iter 16373043] reheat + diversify: ceiling=0.00, value=65308.0
    [iter 16378796] reheat + diversify: ceiling=0.00, value=65308.0
    [iter 16384549] reheat + diversify: ceiling=0.00, value=48234.0
    [iter 16390302] reheat + diversify: ceiling=0.00, value=52611.0
    [iter 16396055] reheat + diversify: ceiling=0.00, value=52611.0
    [iter 16401808] reheat + diversify: ceiling=0.00, value=65308.0
    [iter 16407561] reheat + diversify: ceiling=0.00, value=52611.0
    [iter 16413314] reheat + diversify: ceiling=0.00, value=51953.0
    [iter 16419067] reheat + diversify: ceiling=0.00, value=65308.0
    [iter 16424820] reheat + diversify: ceiling=0.00, value=52611.0
    [iter 16430573] reheat + diversify: ceiling=0.00, value=51953.0
    [iter 16436326] reheat + diversify: ceiling=0.00, value=65308.0
    [iter 16442079] reheat + diversify: ceiling=0.00, value=52611.0
    [iter 16447832] reheat + diversify: ceiling=0.00, value=65308.0
    [iter 16453585] reheat + diversify: ceiling=0.00, value=48234.0
    [iter 16459338] reheat + diversify: ceiling=0.00, value=65308.0
    [iter 16465091] reheat + diversify: ceiling=0.00, value=65308.0
    [iter 16470844] reheat + diversify: ceiling=0.00, value=51953.0
    [iter 16476597] reheat + diversify: ceiling=0.00, value=65308.0
    [iter 16482350] reheat + diversify: ceiling=0.00, value=52611.0
    [iter 16488103] reheat + diversify: ceiling=0.00, value=47576.0
    [iter 16493856] reheat + diversify: ceiling=0.00, value=65308.0
    [iter 16499609] reheat + diversify: ceiling=0.00, value=65308.0
    [iter 16505362] reheat + diversify: ceiling=0.00, value=65308.0
    [iter 16511115] reheat + diversify: ceiling=0.00, value=65308.0
    [iter 16516868] reheat + diversify: ceiling=0.00, value=48234.0
    [iter 16522621] reheat + diversify: ceiling=0.00, value=39914.0
    [iter 16528374] reheat + diversify: ceiling=0.00, value=48234.0
    [iter 16534127] reheat + diversify: ceiling=0.00, value=65308.0
    [iter 16539880] reheat + diversify: ceiling=0.00, value=51953.0
    [iter 16545633] reheat + diversify: ceiling=0.00, value=65308.0
    [iter 16551386] reheat + diversify: ceiling=0.00, value=52611.0
    [iter 16557139] reheat + diversify: ceiling=0.00, value=65308.0
    [iter 16562892] reheat + diversify: ceiling=0.00, value=51953.0
    [iter 16568645] reheat + diversify: ceiling=0.00, value=65308.0
    [iter 16574398] reheat + diversify: ceiling=0.00, value=65308.0
    [iter 16580151] reheat + diversify: ceiling=0.00, value=52611.0
    [iter 16585904] reheat + diversify: ceiling=0.00, value=52611.0
    [iter 16591657] reheat + diversify: ceiling=0.00, value=52611.0
    [iter 16597410] reheat + diversify: ceiling=0.00, value=51953.0
    [iter 16603163] reheat + diversify: ceiling=0.00, value=51953.0
    [iter 16608916] reheat + diversify: ceiling=0.00, value=65308.0
    [iter 16614669] reheat + diversify: ceiling=0.00, value=52611.0
    [iter 16620422] reheat + diversify: ceiling=0.00, value=52611.0
    [iter 16626175] reheat + diversify: ceiling=0.00, value=51953.0
    [iter 16631928] reheat + diversify: ceiling=0.00, value=48234.0
    [iter 16637681] reheat + diversify: ceiling=0.00, value=51953.0
    [iter 16643434] reheat + diversify: ceiling=0.00, value=65308.0
    [iter 16649187] reheat + diversify: ceiling=0.00, value=65308.0
    [iter 16654940] reheat + diversify: ceiling=0.00, value=65308.0
    [iter 16660693] reheat + diversify: ceiling=0.00, value=65308.0
    [iter 16666446] reheat + diversify: ceiling=0.00, value=52611.0
    [iter 16672199] reheat + diversify: ceiling=0.00, value=52611.0
    [iter 16677952] reheat + diversify: ceiling=0.00, value=65308.0
    [iter 16683705] reheat + diversify: ceiling=0.00, value=51953.0
    [iter 16689458] reheat + diversify: ceiling=0.00, value=51953.0
    [iter 16695211] reheat + diversify: ceiling=0.00, value=65308.0
    [iter 16700964] reheat + diversify: ceiling=0.00, value=65308.0
    [iter 16706717] reheat + diversify: ceiling=0.00, value=65308.0
    [iter 16712470] reheat + diversify: ceiling=0.00, value=65308.0
    [iter 16718223] reheat + diversify: ceiling=0.00, value=47576.0
    [iter 16723976] reheat + diversify: ceiling=0.00, value=48234.0
    [iter 16729729] reheat + diversify: ceiling=0.00, value=65308.0
    [iter 16735482] reheat + diversify: ceiling=0.00, value=65308.0
    [iter 16741235] reheat + diversify: ceiling=0.00, value=65308.0
    [iter 16746988] reheat + diversify: ceiling=0.00, value=52611.0
    [iter 16752741] reheat + diversify: ceiling=0.00, value=48234.0
    [iter 16758494] reheat + diversify: ceiling=0.00, value=48234.0
    [iter 16764247] reheat + diversify: ceiling=0.00, value=48234.0
    [iter 16770000] reheat + diversify: ceiling=0.00, value=51953.0
    [iter 16775753] reheat + diversify: ceiling=0.00, value=65308.0
    [iter 16781506] reheat + diversify: ceiling=0.00, value=51953.0
    [iter 16787259] reheat + diversify: ceiling=0.00, value=65308.0
    [iter 16793012] reheat + diversify: ceiling=0.00, value=48234.0
    [iter 16798765] reheat + diversify: ceiling=0.00, value=65308.0
    [iter 16804518] reheat + diversify: ceiling=0.00, value=51953.0
    [iter 16810271] reheat + diversify: ceiling=0.00, value=65308.0
    [iter 16816024] reheat + diversify: ceiling=0.00, value=65308.0
    [iter 16821777] reheat + diversify: ceiling=0.00, value=48234.0
    [iter 16827530] reheat + diversify: ceiling=0.00, value=65308.0
    [iter 16833283] reheat + diversify: ceiling=0.00, value=65308.0
    [iter 16839036] reheat + diversify: ceiling=0.00, value=65308.0
    [iter 16844789] reheat + diversify: ceiling=0.00, value=65308.0
    [iter 16850542] reheat + diversify: ceiling=0.00, value=65308.0
    [iter 16856295] reheat + diversify: ceiling=0.00, value=52611.0
    [iter 16862048] reheat + diversify: ceiling=0.00, value=52611.0
    [iter 16867801] reheat + diversify: ceiling=0.00, value=65308.0
    [iter 16873554] reheat + diversify: ceiling=0.00, value=52611.0
    [iter 16879307] reheat + diversify: ceiling=0.00, value=51953.0
    [iter 16885060] reheat + diversify: ceiling=0.00, value=52611.0
    [iter 16890813] reheat + diversify: ceiling=0.00, value=65308.0
    [iter 16896566] reheat + diversify: ceiling=0.00, value=51953.0
    [iter 16902319] reheat + diversify: ceiling=0.00, value=65308.0
    [iter 16908072] reheat + diversify: ceiling=0.00, value=51953.0
    [iter 16913825] reheat + diversify: ceiling=0.00, value=65308.0
    [iter 16919578] reheat + diversify: ceiling=0.00, value=65308.0
    [iter 16925331] reheat + diversify: ceiling=0.00, value=52611.0
    [iter 16931084] reheat + diversify: ceiling=0.00, value=48234.0
    [iter 16936837] reheat + diversify: ceiling=0.00, value=65308.0
    [iter 16942590] reheat + diversify: ceiling=0.00, value=48234.0
    [iter 16948343] reheat + diversify: ceiling=0.00, value=51953.0
    [iter 16954096] reheat + diversify: ceiling=0.00, value=51953.0
    [iter 16959849] reheat + diversify: ceiling=0.00, value=65308.0
    [iter 16965602] reheat + diversify: ceiling=0.00, value=52611.0
    [iter 16971355] reheat + diversify: ceiling=0.00, value=52611.0
    [iter 16977108] reheat + diversify: ceiling=0.00, value=52611.0
    [iter 16982861] reheat + diversify: ceiling=0.00, value=65308.0
    [iter 16988614] reheat + diversify: ceiling=0.00, value=65308.0
    [iter 16994367] reheat + diversify: ceiling=0.00, value=48234.0
    [iter 17000120] reheat + diversify: ceiling=0.00, value=65308.0
    [iter 17005873] reheat + diversify: ceiling=0.00, value=65308.0
    [iter 17011626] reheat + diversify: ceiling=0.00, value=65308.0
    [iter 17017379] reheat + diversify: ceiling=0.00, value=65308.0
    [iter 17023132] reheat + diversify: ceiling=0.00, value=39256.0
    [iter 17028885] reheat + diversify: ceiling=0.00, value=65308.0
    [iter 17034638] reheat + diversify: ceiling=0.00, value=51953.0
    [iter 17040391] reheat + diversify: ceiling=0.00, value=65308.0
    [iter 17046144] reheat + diversify: ceiling=0.00, value=65308.0
    [iter 17051897] reheat + diversify: ceiling=0.00, value=51953.0
    [iter 17057650] reheat + diversify: ceiling=0.00, value=51953.0
    [iter 17063403] reheat + diversify: ceiling=0.00, value=65308.0
    [iter 17069156] reheat + diversify: ceiling=0.00, value=65308.0
    [iter 17074909] reheat + diversify: ceiling=0.00, value=65308.0
    [iter 17080662] reheat + diversify: ceiling=0.00, value=48234.0
    [iter 17086415] reheat + diversify: ceiling=0.00, value=48234.0
    [iter 17092168] reheat + diversify: ceiling=0.00, value=52611.0
    [iter 17097921] reheat + diversify: ceiling=0.00, value=48234.0
    [iter 17103674] reheat + diversify: ceiling=0.00, value=65308.0
    [iter 17109427] reheat + diversify: ceiling=0.00, value=52611.0
    [iter 17115180] reheat + diversify: ceiling=0.00, value=52611.0
    [iter 17120933] reheat + diversify: ceiling=0.00, value=48234.0
    [iter 17126686] reheat + diversify: ceiling=0.00, value=51953.0
    [iter 17132439] reheat + diversify: ceiling=0.00, value=48234.0
    [iter 17138192] reheat + diversify: ceiling=0.00, value=51953.0
    [iter 17143945] reheat + diversify: ceiling=0.00, value=51953.0
    [iter 17149698] reheat + diversify: ceiling=0.00, value=51953.0
    [iter 17155451] reheat + diversify: ceiling=0.00, value=52611.0
    [iter 17161204] reheat + diversify: ceiling=0.00, value=65308.0
    [iter 17166957] reheat + diversify: ceiling=0.00, value=52611.0
    [iter 17172710] reheat + diversify: ceiling=0.00, value=65308.0
    [iter 17178463] reheat + diversify: ceiling=0.00, value=48234.0
    [iter 17184216] reheat + diversify: ceiling=0.00, value=51953.0
    [iter 17189969] reheat + diversify: ceiling=0.00, value=65308.0
    [iter 17195722] reheat + diversify: ceiling=0.00, value=65308.0
    [iter 17201475] reheat + diversify: ceiling=0.00, value=51953.0
    [iter 17207228] reheat + diversify: ceiling=0.00, value=65308.0
    [iter 17212981] reheat + diversify: ceiling=0.00, value=65308.0
    [iter 17218734] reheat + diversify: ceiling=0.00, value=51953.0
    [iter 17224487] reheat + diversify: ceiling=0.00, value=65308.0
    [iter 17230240] reheat + diversify: ceiling=0.00, value=48234.0
    [iter 17235993] reheat + diversify: ceiling=0.00, value=51953.0
    [iter 17241746] reheat + diversify: ceiling=0.00, value=65308.0
    [iter 17247499] reheat + diversify: ceiling=0.00, value=52611.0
    [iter 17253252] reheat + diversify: ceiling=0.00, value=65308.0
    [iter 17259005] reheat + diversify: ceiling=0.00, value=48234.0
    [iter 17264758] reheat + diversify: ceiling=0.00, value=65308.0
    [iter 17270511] reheat + diversify: ceiling=0.00, value=65308.0
    [iter 17276264] reheat + diversify: ceiling=0.00, value=65308.0
    [iter 17282017] reheat + diversify: ceiling=0.00, value=48234.0
    [iter 17287770] reheat + diversify: ceiling=0.00, value=48234.0
    [iter 17293523] reheat + diversify: ceiling=0.00, value=51953.0
    [iter 17299276] reheat + diversify: ceiling=0.00, value=65308.0
    [iter 17305029] reheat + diversify: ceiling=0.00, value=65308.0
    [iter 17310782] reheat + diversify: ceiling=0.00, value=51953.0
    [iter 17316535] reheat + diversify: ceiling=0.00, value=52611.0
    [iter 17322288] reheat + diversify: ceiling=0.00, value=65308.0
    [iter 17328041] reheat + diversify: ceiling=0.00, value=65308.0
    [iter 17333794] reheat + diversify: ceiling=0.00, value=48234.0
    [iter 17339547] reheat + diversify: ceiling=0.00, value=65308.0
    [iter 17345300] reheat + diversify: ceiling=0.00, value=65308.0
    [iter 17351053] reheat + diversify: ceiling=0.00, value=65308.0
    [iter 17356806] reheat + diversify: ceiling=0.00, value=65308.0
    [iter 17362559] reheat + diversify: ceiling=0.00, value=65308.0
    [iter 17368312] reheat + diversify: ceiling=0.00, value=51953.0
    [iter 17374065] reheat + diversify: ceiling=0.00, value=51953.0
    [iter 17379818] reheat + diversify: ceiling=0.00, value=65308.0
    [iter 17385571] reheat + diversify: ceiling=0.00, value=52611.0
    [iter 17391324] reheat + diversify: ceiling=0.00, value=65308.0
    [iter 17397077] reheat + diversify: ceiling=0.00, value=51953.0
    [iter 17402830] reheat + diversify: ceiling=0.00, value=65308.0
    [iter 17408583] reheat + diversify: ceiling=0.00, value=51953.0
    [iter 17414336] reheat + diversify: ceiling=0.00, value=52611.0
    [iter 17420089] reheat + diversify: ceiling=0.00, value=51953.0
    [iter 17425842] reheat + diversify: ceiling=0.00, value=65308.0
    [iter 17431595] reheat + diversify: ceiling=0.00, value=51953.0
    [iter 17437348] reheat + diversify: ceiling=0.00, value=52611.0
    [iter 17443101] reheat + diversify: ceiling=0.00, value=51953.0
    [iter 17448854] reheat + diversify: ceiling=0.00, value=52611.0
    [iter 17454607] reheat + diversify: ceiling=0.00, value=52611.0
    [iter 17460360] reheat + diversify: ceiling=0.00, value=48234.0
    [iter 17466113] reheat + diversify: ceiling=0.00, value=65308.0
    [iter 17471866] reheat + diversify: ceiling=0.00, value=48234.0
    [iter 17477619] reheat + diversify: ceiling=0.00, value=51953.0
    [iter 17483372] reheat + diversify: ceiling=0.00, value=65308.0
    [iter 17489125] reheat + diversify: ceiling=0.00, value=51953.0
    [iter 17494878] reheat + diversify: ceiling=0.00, value=65308.0
    [iter 17500631] reheat + diversify: ceiling=0.00, value=65308.0
    [iter 17506384] reheat + diversify: ceiling=0.00, value=52611.0
    [iter 17512137] reheat + diversify: ceiling=0.00, value=51953.0
    [iter 17517890] reheat + diversify: ceiling=0.00, value=65308.0
    [iter 17523643] reheat + diversify: ceiling=0.00, value=52611.0
    [iter 17529396] reheat + diversify: ceiling=0.00, value=48234.0
    [iter 17535149] reheat + diversify: ceiling=0.00, value=48234.0
    [iter 17540902] reheat + diversify: ceiling=0.00, value=65308.0
    [iter 17546655] reheat + diversify: ceiling=0.00, value=51953.0
    [iter 17552408] reheat + diversify: ceiling=0.00, value=65308.0
    [iter 17558161] reheat + diversify: ceiling=0.00, value=51953.0
    [iter 17563914] reheat + diversify: ceiling=0.00, value=65308.0
    [iter 17569667] reheat + diversify: ceiling=0.00, value=65308.0
    [iter 17575420] reheat + diversify: ceiling=0.00, value=52611.0
    [iter 17581173] reheat + diversify: ceiling=0.00, value=65308.0
    [iter 17586926] reheat + diversify: ceiling=0.00, value=65308.0
    [iter 17592679] reheat + diversify: ceiling=0.00, value=51953.0
    [iter 17598432] reheat + diversify: ceiling=0.00, value=51953.0
    [iter 17604185] reheat + diversify: ceiling=0.00, value=52611.0
    [iter 17609938] reheat + diversify: ceiling=0.00, value=51953.0
    [iter 17615691] reheat + diversify: ceiling=0.00, value=51953.0
    [iter 17621444] reheat + diversify: ceiling=0.00, value=48234.0
    [iter 17627197] reheat + diversify: ceiling=0.00, value=65308.0
    [iter 17632950] reheat + diversify: ceiling=0.00, value=65308.0
    [iter 17638703] reheat + diversify: ceiling=0.00, value=65308.0
    [iter 17644456] reheat + diversify: ceiling=0.00, value=65308.0
    [iter 17650209] reheat + diversify: ceiling=0.00, value=65308.0
    [iter 17655962] reheat + diversify: ceiling=0.00, value=51953.0
    [iter 17661715] reheat + diversify: ceiling=0.00, value=65308.0
    [iter 17667468] reheat + diversify: ceiling=0.00, value=48234.0
    [iter 17673221] reheat + diversify: ceiling=0.00, value=39914.0
    [iter 17678974] reheat + diversify: ceiling=0.00, value=48234.0
    [iter 17684727] reheat + diversify: ceiling=0.00, value=51953.0
    [iter 17690480] reheat + diversify: ceiling=0.00, value=65308.0
    [iter 17696233] reheat + diversify: ceiling=0.00, value=52611.0
    [iter 17701986] reheat + diversify: ceiling=0.00, value=48234.0
    [iter 17707739] reheat + diversify: ceiling=0.00, value=65308.0
    [iter 17713492] reheat + diversify: ceiling=0.00, value=52611.0
    [iter 17719245] reheat + diversify: ceiling=0.00, value=65308.0
    [iter 17724998] reheat + diversify: ceiling=0.00, value=52611.0
    [iter 17730751] reheat + diversify: ceiling=0.00, value=65308.0
    [iter 17736504] reheat + diversify: ceiling=0.00, value=65308.0
    [iter 17742257] reheat + diversify: ceiling=0.00, value=52611.0
    [iter 17748010] reheat + diversify: ceiling=0.00, value=65308.0
    [iter 17753763] reheat + diversify: ceiling=0.00, value=48234.0
    [iter 17759516] reheat + diversify: ceiling=0.00, value=65308.0
    [iter 17765269] reheat + diversify: ceiling=0.00, value=51953.0
    [iter 17771022] reheat + diversify: ceiling=0.00, value=52611.0
    [iter 17776775] reheat + diversify: ceiling=0.00, value=65308.0
    [iter 17782528] reheat + diversify: ceiling=0.00, value=52611.0
    [iter 17788281] reheat + diversify: ceiling=0.00, value=51953.0
    [iter 17794034] reheat + diversify: ceiling=0.00, value=52611.0
    [iter 17799787] reheat + diversify: ceiling=0.00, value=51953.0
    [iter 17805540] reheat + diversify: ceiling=0.00, value=65308.0
    [iter 17811293] reheat + diversify: ceiling=0.00, value=65308.0
    [iter 17817046] reheat + diversify: ceiling=0.00, value=65308.0
    [iter 17822799] reheat + diversify: ceiling=0.00, value=51953.0
    [iter 17828552] reheat + diversify: ceiling=0.00, value=65308.0
    [iter 17834305] reheat + diversify: ceiling=0.00, value=48234.0
    [iter 17840058] reheat + diversify: ceiling=0.00, value=65308.0
    [iter 17845811] reheat + diversify: ceiling=0.00, value=65308.0
    [iter 17851564] reheat + diversify: ceiling=0.00, value=65308.0
    [iter 17857317] reheat + diversify: ceiling=0.00, value=52611.0
    [iter 17863070] reheat + diversify: ceiling=0.00, value=65308.0
    [iter 17868823] reheat + diversify: ceiling=0.00, value=52611.0
    [iter 17874576] reheat + diversify: ceiling=0.00, value=65308.0
    [iter 17880329] reheat + diversify: ceiling=0.00, value=51953.0
    [iter 17886082] reheat + diversify: ceiling=0.00, value=51953.0
    [iter 17891835] reheat + diversify: ceiling=0.00, value=65308.0
    [iter 17897588] reheat + diversify: ceiling=0.00, value=48234.0
    [iter 17903341] reheat + diversify: ceiling=0.00, value=65308.0
    [iter 17909094] reheat + diversify: ceiling=0.00, value=65308.0
    [iter 17914847] reheat + diversify: ceiling=0.00, value=52611.0
    [iter 17920600] reheat + diversify: ceiling=0.00, value=65308.0
    [iter 17926353] reheat + diversify: ceiling=0.00, value=65308.0
    [iter 17932106] reheat + diversify: ceiling=0.00, value=65308.0
    [iter 17937859] reheat + diversify: ceiling=0.00, value=65308.0
    [iter 17943612] reheat + diversify: ceiling=0.00, value=51953.0
    [iter 17949365] reheat + diversify: ceiling=0.00, value=65308.0
    [iter 17955118] reheat + diversify: ceiling=0.00, value=51953.0
    [iter 17960871] reheat + diversify: ceiling=0.00, value=52611.0
    [iter 17966624] reheat + diversify: ceiling=0.00, value=65308.0
    [iter 17972377] reheat + diversify: ceiling=0.00, value=52611.0
    [iter 17978130] reheat + diversify: ceiling=0.00, value=48234.0
    [iter 17983883] reheat + diversify: ceiling=0.00, value=52611.0
    [iter 17989636] reheat + diversify: ceiling=0.00, value=52611.0
    [iter 17995389] reheat + diversify: ceiling=0.00, value=48234.0
    [iter 18001142] reheat + diversify: ceiling=0.00, value=52611.0
    [iter 18006895] reheat + diversify: ceiling=0.00, value=48234.0
    [iter 18012648] reheat + diversify: ceiling=0.00, value=39256.0
    [iter 18018401] reheat + diversify: ceiling=0.00, value=65308.0
    [iter 18024154] reheat + diversify: ceiling=0.00, value=51953.0
    [iter 18029907] reheat + diversify: ceiling=0.00, value=65308.0
    [iter 18035660] reheat + diversify: ceiling=0.00, value=52611.0
    [iter 18041413] reheat + diversify: ceiling=0.00, value=51953.0
    [iter 18047166] reheat + diversify: ceiling=0.00, value=65308.0
    [iter 18052919] reheat + diversify: ceiling=0.00, value=65308.0
    [iter 18058672] reheat + diversify: ceiling=0.00, value=65308.0
    [iter 18064425] reheat + diversify: ceiling=0.00, value=65308.0
    [iter 18070178] reheat + diversify: ceiling=0.00, value=52611.0
    [iter 18075931] reheat + diversify: ceiling=0.00, value=39914.0
    [iter 18081684] reheat + diversify: ceiling=0.00, value=65308.0
    [iter 18087437] reheat + diversify: ceiling=0.00, value=48234.0
    [iter 18093190] reheat + diversify: ceiling=0.00, value=65308.0
    [iter 18098943] reheat + diversify: ceiling=0.00, value=48234.0
    [iter 18104696] reheat + diversify: ceiling=0.00, value=48234.0
    [iter 18110449] reheat + diversify: ceiling=0.00, value=52611.0
    [iter 18116202] reheat + diversify: ceiling=0.00, value=39914.0
    [iter 18121955] reheat + diversify: ceiling=0.00, value=52611.0
    [iter 18127708] reheat + diversify: ceiling=0.00, value=52611.0
    [iter 18133461] reheat + diversify: ceiling=0.00, value=65308.0
    [iter 18139214] reheat + diversify: ceiling=0.00, value=52611.0
    [iter 18144967] reheat + diversify: ceiling=0.00, value=52611.0
    [iter 18150720] reheat + diversify: ceiling=0.00, value=52611.0
    [iter 18156473] reheat + diversify: ceiling=0.00, value=65308.0
    [iter 18162226] reheat + diversify: ceiling=0.00, value=39914.0
    [iter 18167979] reheat + diversify: ceiling=0.00, value=48234.0
    [iter 18173732] reheat + diversify: ceiling=0.00, value=65308.0
    [iter 18179485] reheat + diversify: ceiling=0.00, value=52611.0
    [iter 18185238] reheat + diversify: ceiling=0.00, value=52611.0
    [iter 18190991] reheat + diversify: ceiling=0.00, value=65308.0
    [iter 18196744] reheat + diversify: ceiling=0.00, value=48234.0
    [iter 18202497] reheat + diversify: ceiling=0.00, value=52611.0
    [iter 18208250] reheat + diversify: ceiling=0.00, value=65308.0
    [iter 18214003] reheat + diversify: ceiling=0.00, value=65308.0
    [iter 18219756] reheat + diversify: ceiling=0.00, value=48234.0
    [iter 18225509] reheat + diversify: ceiling=0.00, value=65308.0
    [iter 18231262] reheat + diversify: ceiling=0.00, value=51953.0
    [iter 18237015] reheat + diversify: ceiling=0.00, value=65308.0
    [iter 18242768] reheat + diversify: ceiling=0.00, value=51953.0
    [iter 18248521] reheat + diversify: ceiling=0.00, value=65308.0
    [iter 18254274] reheat + diversify: ceiling=0.00, value=51953.0
    [iter 18260027] reheat + diversify: ceiling=0.00, value=47576.0
    [iter 18265780] reheat + diversify: ceiling=0.00, value=65308.0
    [iter 18271533] reheat + diversify: ceiling=0.00, value=39914.0
    [iter 18277286] reheat + diversify: ceiling=0.00, value=51953.0
    [iter 18283039] reheat + diversify: ceiling=0.00, value=52611.0
    [iter 18288792] reheat + diversify: ceiling=0.00, value=51953.0
    [iter 18294545] reheat + diversify: ceiling=0.00, value=65308.0
    [iter 18300298] reheat + diversify: ceiling=0.00, value=52611.0
    [iter 18306051] reheat + diversify: ceiling=0.00, value=52611.0
    [iter 18311804] reheat + diversify: ceiling=0.00, value=65308.0
    [iter 18317557] reheat + diversify: ceiling=0.00, value=39914.0
    [iter 18323310] reheat + diversify: ceiling=0.00, value=65308.0
    [iter 18329063] reheat + diversify: ceiling=0.00, value=65308.0
    [iter 18334816] reheat + diversify: ceiling=0.00, value=52611.0
    [iter 18340569] reheat + diversify: ceiling=0.00, value=51953.0
    [iter 18346322] reheat + diversify: ceiling=0.00, value=65308.0
    [iter 18352075] reheat + diversify: ceiling=0.00, value=51953.0
    [iter 18357828] reheat + diversify: ceiling=0.00, value=65308.0
    [iter 18363581] reheat + diversify: ceiling=0.00, value=51953.0
    [iter 18369334] reheat + diversify: ceiling=0.00, value=51953.0
    [iter 18375087] reheat + diversify: ceiling=0.00, value=65308.0
    [iter 18380840] reheat + diversify: ceiling=0.00, value=51953.0
    [iter 18386593] reheat + diversify: ceiling=0.00, value=48234.0
    [iter 18392346] reheat + diversify: ceiling=0.00, value=51953.0
    [iter 18398099] reheat + diversify: ceiling=0.00, value=65308.0
    [iter 18403852] reheat + diversify: ceiling=0.00, value=65308.0
    [iter 18409605] reheat + diversify: ceiling=0.00, value=52611.0
    [iter 18415358] reheat + diversify: ceiling=0.00, value=51953.0
    [iter 18421111] reheat + diversify: ceiling=0.00, value=52611.0
    [iter 18426864] reheat + diversify: ceiling=0.00, value=65308.0
    [iter 18432617] reheat + diversify: ceiling=0.00, value=65308.0
    [iter 18438370] reheat + diversify: ceiling=0.00, value=65308.0
    [iter 18444123] reheat + diversify: ceiling=0.00, value=65308.0
    [iter 18449876] reheat + diversify: ceiling=0.00, value=65308.0
    [iter 18455629] reheat + diversify: ceiling=0.00, value=65308.0
    [iter 18461382] reheat + diversify: ceiling=0.00, value=48234.0
    [iter 18467135] reheat + diversify: ceiling=0.00, value=65308.0
    [iter 18472888] reheat + diversify: ceiling=0.00, value=52611.0
    [iter 18478641] reheat + diversify: ceiling=0.00, value=51953.0
    [iter 18484394] reheat + diversify: ceiling=0.00, value=65308.0
    [iter 18490147] reheat + diversify: ceiling=0.00, value=65308.0
    [iter 18495900] reheat + diversify: ceiling=0.00, value=65308.0
    [iter 18501653] reheat + diversify: ceiling=0.00, value=48234.0
    [iter 18507406] reheat + diversify: ceiling=0.00, value=48234.0
    [iter 18513159] reheat + diversify: ceiling=0.00, value=65308.0
    [iter 18518912] reheat + diversify: ceiling=0.00, value=51953.0
    [iter 18524665] reheat + diversify: ceiling=0.00, value=51953.0
    [iter 18530418] reheat + diversify: ceiling=0.00, value=65308.0
    [iter 18536171] reheat + diversify: ceiling=0.00, value=39914.0
    [iter 18541924] reheat + diversify: ceiling=0.00, value=39914.0
    [iter 18547677] reheat + diversify: ceiling=0.00, value=65308.0
    [iter 18553430] reheat + diversify: ceiling=0.00, value=51953.0
    [iter 18559183] reheat + diversify: ceiling=0.00, value=65308.0
    [iter 18564936] reheat + diversify: ceiling=0.00, value=65308.0
    [iter 18570689] reheat + diversify: ceiling=0.00, value=51953.0
    [iter 18576442] reheat + diversify: ceiling=0.00, value=65308.0
    [iter 18582195] reheat + diversify: ceiling=0.00, value=52611.0
    [iter 18587948] reheat + diversify: ceiling=0.00, value=65308.0
    [iter 18593701] reheat + diversify: ceiling=0.00, value=52611.0
    [iter 18599454] reheat + diversify: ceiling=0.00, value=65308.0
    [iter 18605207] reheat + diversify: ceiling=0.00, value=47576.0
    [iter 18610960] reheat + diversify: ceiling=0.00, value=52611.0
    [iter 18616713] reheat + diversify: ceiling=0.00, value=52611.0
    [iter 18622466] reheat + diversify: ceiling=0.00, value=48234.0
    [iter 18628219] reheat + diversify: ceiling=0.00, value=47576.0
    [iter 18633972] reheat + diversify: ceiling=0.00, value=65308.0
    [iter 18639725] reheat + diversify: ceiling=0.00, value=65308.0
    [iter 18645478] reheat + diversify: ceiling=0.00, value=51953.0
    [iter 18651231] reheat + diversify: ceiling=0.00, value=52611.0
    [iter 18656984] reheat + diversify: ceiling=0.00, value=48234.0
    [iter 18662737] reheat + diversify: ceiling=0.00, value=48234.0
    [iter 18668490] reheat + diversify: ceiling=0.00, value=52611.0
    [iter 18674243] reheat + diversify: ceiling=0.00, value=65308.0
    [iter 18679996] reheat + diversify: ceiling=0.00, value=65308.0
    [iter 18685749] reheat + diversify: ceiling=0.00, value=65308.0
    [iter 18691502] reheat + diversify: ceiling=0.00, value=65308.0
    [iter 18697255] reheat + diversify: ceiling=0.00, value=48234.0
    [iter 18703008] reheat + diversify: ceiling=0.00, value=51953.0
    [iter 18708761] reheat + diversify: ceiling=0.00, value=65308.0
    [iter 18714514] reheat + diversify: ceiling=0.00, value=52611.0
    [iter 18720267] reheat + diversify: ceiling=0.00, value=65308.0
    [iter 18726020] reheat + diversify: ceiling=0.00, value=39914.0
    [iter 18731773] reheat + diversify: ceiling=0.00, value=52611.0
    [iter 18737526] reheat + diversify: ceiling=0.00, value=52611.0
    [iter 18743279] reheat + diversify: ceiling=0.00, value=51953.0
    [iter 18749032] reheat + diversify: ceiling=0.00, value=65308.0
    [iter 18754785] reheat + diversify: ceiling=0.00, value=48234.0
    [iter 18760538] reheat + diversify: ceiling=0.00, value=51953.0
    [iter 18766291] reheat + diversify: ceiling=0.00, value=65308.0
    [iter 18772044] reheat + diversify: ceiling=0.00, value=48234.0
    [iter 18777797] reheat + diversify: ceiling=0.00, value=65308.0
    [iter 18783550] reheat + diversify: ceiling=0.00, value=48234.0
    [iter 18789303] reheat + diversify: ceiling=0.00, value=52611.0
    [iter 18795056] reheat + diversify: ceiling=0.00, value=51953.0
    [iter 18800809] reheat + diversify: ceiling=0.00, value=52611.0
    [iter 18806562] reheat + diversify: ceiling=0.00, value=52611.0
    [iter 18812315] reheat + diversify: ceiling=0.00, value=52611.0
    [iter 18818068] reheat + diversify: ceiling=0.00, value=51953.0
    [iter 18823821] reheat + diversify: ceiling=0.00, value=65308.0
    [iter 18829574] reheat + diversify: ceiling=0.00, value=51953.0
    [iter 18835327] reheat + diversify: ceiling=0.00, value=51953.0
    [iter 18841080] reheat + diversify: ceiling=0.00, value=51953.0
    [iter 18846833] reheat + diversify: ceiling=0.00, value=65308.0
    [iter 18852586] reheat + diversify: ceiling=0.00, value=51953.0
    [iter 18858339] reheat + diversify: ceiling=0.00, value=65308.0
    [iter 18864092] reheat + diversify: ceiling=0.00, value=51953.0
    [iter 18869845] reheat + diversify: ceiling=0.00, value=52611.0
    [iter 18875598] reheat + diversify: ceiling=0.00, value=52611.0
    [iter 18881351] reheat + diversify: ceiling=0.00, value=65308.0
    [iter 18887104] reheat + diversify: ceiling=0.00, value=65308.0
    [iter 18892857] reheat + diversify: ceiling=0.00, value=65308.0
    [iter 18898610] reheat + diversify: ceiling=0.00, value=48234.0
    [iter 18904363] reheat + diversify: ceiling=0.00, value=51953.0
    [iter 18910116] reheat + diversify: ceiling=0.00, value=51953.0
    [iter 18915869] reheat + diversify: ceiling=0.00, value=51953.0
    [iter 18921622] reheat + diversify: ceiling=0.00, value=65308.0
    [iter 18927375] reheat + diversify: ceiling=0.00, value=65308.0
    [iter 18933128] reheat + diversify: ceiling=0.00, value=48234.0
    [iter 18938881] reheat + diversify: ceiling=0.00, value=51953.0
    [iter 18944634] reheat + diversify: ceiling=0.00, value=65308.0
    [iter 18950387] reheat + diversify: ceiling=0.00, value=65308.0
    [iter 18956140] reheat + diversify: ceiling=0.00, value=51953.0
    [iter 18961893] reheat + diversify: ceiling=0.00, value=51953.0
    [iter 18967646] reheat + diversify: ceiling=0.00, value=51953.0
    [iter 18973399] reheat + diversify: ceiling=0.00, value=52611.0
    [iter 18979152] reheat + diversify: ceiling=0.00, value=51953.0
    [iter 18984905] reheat + diversify: ceiling=0.00, value=51953.0
    [iter 18990658] reheat + diversify: ceiling=0.00, value=51953.0
    [iter 18996411] reheat + diversify: ceiling=0.00, value=65308.0
    [iter 19002164] reheat + diversify: ceiling=0.00, value=52611.0
    [iter 19007917] reheat + diversify: ceiling=0.00, value=65308.0
    [iter 19013670] reheat + diversify: ceiling=0.00, value=65308.0
    [iter 19019423] reheat + diversify: ceiling=0.00, value=51953.0
    [iter 19025176] reheat + diversify: ceiling=0.00, value=65308.0
    [iter 19030929] reheat + diversify: ceiling=0.00, value=65308.0
    [iter 19036682] reheat + diversify: ceiling=0.00, value=65308.0
    [iter 19042435] reheat + diversify: ceiling=0.00, value=65308.0
    [iter 19048188] reheat + diversify: ceiling=0.00, value=65308.0
    [iter 19053941] reheat + diversify: ceiling=0.00, value=52611.0
    [iter 19059694] reheat + diversify: ceiling=0.00, value=48234.0
    [iter 19065447] reheat + diversify: ceiling=0.00, value=52611.0
    [iter 19071200] reheat + diversify: ceiling=0.00, value=65308.0
    [iter 19076953] reheat + diversify: ceiling=0.00, value=65308.0
    [iter 19082706] reheat + diversify: ceiling=0.00, value=65308.0
    [iter 19088459] reheat + diversify: ceiling=0.00, value=52611.0
    [iter 19094212] reheat + diversify: ceiling=0.00, value=51953.0
    [iter 19099965] reheat + diversify: ceiling=0.00, value=65308.0
    [iter 19105718] reheat + diversify: ceiling=0.00, value=65308.0
    [iter 19111471] reheat + diversify: ceiling=0.00, value=65308.0
    [iter 19117224] reheat + diversify: ceiling=0.00, value=65308.0
    [iter 19122977] reheat + diversify: ceiling=0.00, value=47576.0
    [iter 19128730] reheat + diversify: ceiling=0.00, value=48234.0
    [iter 19134483] reheat + diversify: ceiling=0.00, value=48234.0
    [iter 19140236] reheat + diversify: ceiling=0.00, value=51953.0
    [iter 19145989] reheat + diversify: ceiling=0.00, value=51953.0
    [iter 19151742] reheat + diversify: ceiling=0.00, value=52611.0
    [iter 19157495] reheat + diversify: ceiling=0.00, value=65308.0
    [iter 19163248] reheat + diversify: ceiling=0.00, value=48234.0
  time limit reached at iteration 19164072
  SA finished: 19164072 iterations in 900.0s (21293 it/s), accepted 14777914 (77.1%), rejected 4386157, neutral 14692238 (76.7%), worsening accepted 1.9%, no-move draws 0, reheats 3331
  SA: value 65308.0 (greedy 56330.0, +8978.0), bound 125170.0, gap 47.82%, util 47.7%
  report -> /home/mcaspar/3DMHKP/results_3DMHKP_ep3/ep3-20-C-C-50-3DMHKP-SA-a0.999-r0.25-t900s.txt

================================================================================================
SUMMARY
================================================================================================
instance      boxes  packed       greedy     SA value        bound      gap    util    iters    time
------------------------------------------------------------------------------------------------
ep3-20-C-C-50     20      11      56330.0      65308.0     125170.0   47.8%   47.7% 19164072  900.0s
------------------------------------------------------------------------------------------------
proven optimal (value reaches the upper bound): 0/1
improved over greedy: 1/1 (total value 56330.0 -> 65308.0, +15.94%)
mean gap to 0-1 knapsack bound: 47.8%
mean volume utilization: 47.7%
