============================================================
  Solver:     3DMHKP-SA.py
  Instance:   /home/mcaspar/3DMHKP/Egeblad/ep3-20-F-C-50.txt
  Value mode: flat
  Timelimit:  900s
  Reports:    /home/mcaspar/3DMHKP/results_3DMHKP_ep3
  CPUs:       1
============================================================
======================================================================
3DMHKP Simulated Annealing (random single-neighbour, sequence decoder)
SA params: T0=5% of f(S_0), alpha=0.999, T_min=0.001, reheat_threshold=5753, reheat_fraction=0.25
Move weights: {'relocate': 0.0, 'swap': 1.0, '2opt': 0.0, 'promote': 1.5, 'demote': 1.5, 'orient': 1.0, 'container': 0.5}
Time limit: 900.0s per instance, seed 1113516699
======================================================================

======================================================================
ep3-20-F-C-50: 20 boxes (5 types), 1 containers (1 types)
  0-1 knapsack bound: 114718.0 (continuous relaxation: 117499.8)
  initial (value-density) decode: value 94236.0 (9/20 boxes)
  T0 = 8071.8 (calibrated, 552 worsening draws, target accept 35%)
  schedule: time-based, T0 -> 1840.11 over 900s
    [iter 25] *** NEW BEST: value 99480.0, boxes 10/20, T=8070.7, elapsed=0.1s
    [iter 5778] reheat + diversify: ceiling=2017.96, value=62945.0
    [iter 11531] reheat + diversify: ceiling=1816.16, value=63439.0
    [iter 17284] reheat + diversify: ceiling=1634.55, value=77707.0
    [iter 20049] *** NEW BEST: value 101988.0, boxes 11/20, T=8049.0, elapsed=1.7s
    [iter 25802] reheat + diversify: ceiling=1471.09, value=73508.0
    [iter 27831] *** NEW BEST: value 104724.0, boxes 11/20, T=8040.7, elapsed=2.4s
    [iter 33584] reheat + diversify: ceiling=1323.98, value=39158.0
    [iter 39337] reheat + diversify: ceiling=1191.59, value=39500.0
    [iter 45090] reheat + diversify: ceiling=1072.43, value=69727.0
    [iter 50843] reheat + diversify: ceiling=965.18, value=36917.0
    [iter 56596] reheat + diversify: ceiling=868.67, value=43433.0
    [iter 62349] reheat + diversify: ceiling=781.80, value=80443.0
    [iter 68102] reheat + diversify: ceiling=703.62, value=48658.0
    [iter 73855] reheat + diversify: ceiling=633.26, value=57701.0
    [iter 79608] reheat + diversify: ceiling=569.93, value=85534.0
    [iter 85361] reheat + diversify: ceiling=512.94, value=65131.0
    [iter 91114] reheat + diversify: ceiling=461.64, value=77707.0
    [iter 96867] reheat + diversify: ceiling=415.48, value=45447.0
    [iter 102620] reheat + diversify: ceiling=373.93, value=66175.0
    [iter 108373] reheat + diversify: ceiling=336.54, value=55934.0
    [iter 114126] reheat + diversify: ceiling=302.89, value=72235.0
    [iter 119879] reheat + diversify: ceiling=272.60, value=45447.0
    [iter 125632] reheat + diversify: ceiling=245.34, value=51907.0
    [iter 131385] reheat + diversify: ceiling=220.80, value=49721.0
    [iter 137138] reheat + diversify: ceiling=198.72, value=31179.0
    [iter 142891] reheat + diversify: ceiling=178.85, value=58195.0
    [iter 148644] reheat + diversify: ceiling=160.97, value=50216.0
    [iter 154397] reheat + diversify: ceiling=144.87, value=51735.0
    [iter 160150] reheat + diversify: ceiling=130.38, value=67714.0
    [iter 165903] reheat + diversify: ceiling=117.34, value=39653.0
    [iter 171656] reheat + diversify: ceiling=105.61, value=28443.0
    [iter 177409] reheat + diversify: ceiling=95.05, value=57702.0
    [iter 183162] reheat + diversify: ceiling=85.54, value=48677.0
    [iter 188915] reheat + diversify: ceiling=76.99, value=39653.0
    [iter 194668] reheat + diversify: ceiling=69.29, value=45941.0
    [iter 200421] reheat + diversify: ceiling=62.36, value=56504.0
    [iter 206174] reheat + diversify: ceiling=56.13, value=34884.0
    [iter 211927] reheat + diversify: ceiling=50.51, value=52229.0
    [iter 217680] reheat + diversify: ceiling=45.46, value=74002.0
    [iter 223433] reheat + diversify: ceiling=40.92, value=74002.0
    [iter 229186] reheat + diversify: ceiling=36.82, value=48677.0
    [iter 234939] reheat + diversify: ceiling=33.14, value=56504.0
    [iter 240692] reheat + diversify: ceiling=29.83, value=52229.0
    [iter 246445] reheat + diversify: ceiling=26.84, value=62395.0
    [iter 252198] reheat + diversify: ceiling=24.16, value=39653.0
    [iter 257951] reheat + diversify: ceiling=21.74, value=56657.0
    [iter 263704] reheat + diversify: ceiling=19.57, value=55459.0
    [iter 269457] reheat + diversify: ceiling=17.61, value=63439.0
    [iter 275210] reheat + diversify: ceiling=15.85, value=62470.0
    [iter 280963] reheat + diversify: ceiling=14.27, value=74002.0
    [iter 286716] reheat + diversify: ceiling=12.84, value=64483.0
    [iter 292469] reheat + diversify: ceiling=11.56, value=62945.0
    [iter 298222] reheat + diversify: ceiling=10.40, value=66497.0
    [iter 303975] reheat + diversify: ceiling=9.36, value=70944.0
    [iter 309728] reheat + diversify: ceiling=8.42, value=61748.0
    [iter 315481] reheat + diversify: ceiling=7.58, value=54965.0
    [iter 321234] reheat + diversify: ceiling=6.82, value=62945.0
    [iter 326987] reheat + diversify: ceiling=6.14, value=41742.0
    [iter 332740] reheat + diversify: ceiling=5.53, value=74971.0
    [iter 338493] reheat + diversify: ceiling=4.97, value=72958.0
    [iter 344246] reheat + diversify: ceiling=4.48, value=41895.0
    [iter 349999] reheat + diversify: ceiling=4.03, value=34884.0
    [iter 355752] reheat + diversify: ceiling=3.63, value=53427.0
    [iter 361505] reheat + diversify: ceiling=3.26, value=31673.0
    [iter 367258] reheat + diversify: ceiling=2.94, value=42389.0
    [iter 373011] reheat + diversify: ceiling=2.64, value=59012.0
    [iter 378764] reheat + diversify: ceiling=2.38, value=76510.0
    [iter 384517] reheat + diversify: ceiling=2.14, value=67220.0
    [iter 390270] reheat + diversify: ceiling=1.93, value=59734.0
    [iter 396023] reheat + diversify: ceiling=1.73, value=42389.0
    [iter 401776] reheat + diversify: ceiling=1.56, value=75521.0
    [iter 407529] reheat + diversify: ceiling=1.40, value=57701.0
    [iter 413282] reheat + diversify: ceiling=1.26, value=51260.0
    [iter 419035] reheat + diversify: ceiling=1.14, value=50196.0
    [iter 424788] reheat + diversify: ceiling=1.02, value=55460.0
    [iter 430541] reheat + diversify: ceiling=0.92, value=44402.0
    [iter 436294] reheat + diversify: ceiling=0.83, value=74002.0
    [iter 442047] reheat + diversify: ceiling=0.75, value=39653.0
    [iter 447800] reheat + diversify: ceiling=0.67, value=76510.0
    [iter 453553] reheat + diversify: ceiling=0.60, value=51754.0
    [iter 459306] reheat + diversify: ceiling=0.54, value=67714.0
    [iter 465059] reheat + diversify: ceiling=0.49, value=69727.0
    [iter 470812] reheat + diversify: ceiling=0.44, value=45447.0
    [iter 476565] reheat + diversify: ceiling=0.40, value=34884.0
    [iter 482318] reheat + diversify: ceiling=0.36, value=67714.0
    [iter 488071] reheat + diversify: ceiling=0.32, value=81982.0
    [iter 493824] reheat + diversify: ceiling=0.29, value=73508.0
    [iter 499577] reheat + diversify: ceiling=0.26, value=61253.0
    [iter 505330] reheat + diversify: ceiling=0.23, value=69233.0
    [iter 511083] reheat + diversify: ceiling=0.21, value=64958.0
    [iter 516836] reheat + diversify: ceiling=0.19, value=58195.0
    [iter 522589] reheat + diversify: ceiling=0.17, value=46985.0
    [iter 528342] reheat + diversify: ceiling=0.15, value=57701.0
    [iter 534095] reheat + diversify: ceiling=0.14, value=75046.0
    [iter 539848] reheat + diversify: ceiling=0.12, value=41666.0
    [iter 545601] reheat + diversify: ceiling=0.11, value=68758.0
    [iter 551354] reheat + diversify: ceiling=0.10, value=48677.0
    [iter 557107] reheat + diversify: ceiling=0.09, value=46435.0
    [iter 562860] reheat + diversify: ceiling=0.08, value=63439.0
    [iter 568613] reheat + diversify: ceiling=0.07, value=48524.0
    [iter 574366] reheat + diversify: ceiling=0.07, value=32718.0
    [iter 580119] reheat + diversify: ceiling=0.06, value=66991.0
    [iter 585872] reheat + diversify: ceiling=0.05, value=44953.0
    [iter 591625] reheat + diversify: ceiling=0.05, value=61426.0
    [iter 597378] reheat + diversify: ceiling=0.04, value=76016.0
    [iter 603131] reheat + diversify: ceiling=0.04, value=61406.0
    [iter 608884] reheat + diversify: ceiling=0.04, value=52229.0
    [iter 614637] reheat + diversify: ceiling=0.03, value=66497.0
    [iter 620390] reheat + diversify: ceiling=0.03, value=42236.0
    [iter 626143] reheat + diversify: ceiling=0.03, value=33345.0
    [iter 631896] reheat + diversify: ceiling=0.02, value=68739.0
    [iter 637649] reheat + diversify: ceiling=0.02, value=72463.0
    [iter 643402] reheat + diversify: ceiling=0.02, value=61253.0
    [iter 649155] reheat + diversify: ceiling=0.02, value=45447.0
    [iter 654908] reheat + diversify: ceiling=0.02, value=57967.0
    [iter 660661] reheat + diversify: ceiling=0.01, value=59240.0
    [iter 666414] reheat + diversify: ceiling=0.01, value=54471.0
    [iter 672167] reheat + diversify: ceiling=0.01, value=70222.0
    [iter 677920] reheat + diversify: ceiling=0.01, value=74496.0
    [iter 683673] reheat + diversify: ceiling=0.01, value=56182.0
    [iter 689426] reheat + diversify: ceiling=0.01, value=41172.0
    [iter 695179] reheat + diversify: ceiling=0.01, value=76016.0
    [iter 700932] reheat + diversify: ceiling=0.01, value=53427.0
    [iter 706685] reheat + diversify: ceiling=0.01, value=64958.0
    [iter 712438] reheat + diversify: ceiling=0.01, value=77232.0
    [iter 718191] reheat + diversify: ceiling=0.00, value=85534.0
    [iter 723944] reheat + diversify: ceiling=0.00, value=47138.0
    [iter 729697] reheat + diversify: ceiling=0.00, value=71266.0
    [iter 735450] reheat + diversify: ceiling=0.00, value=58746.0
    [iter 741203] reheat + diversify: ceiling=0.00, value=59734.0
    [iter 746956] reheat + diversify: ceiling=0.00, value=31673.0
    [iter 752709] reheat + diversify: ceiling=0.00, value=51260.0
    [iter 758462] reheat + diversify: ceiling=0.00, value=45428.0
    [iter 764215] reheat + diversify: ceiling=0.00, value=50690.0
    [iter 769968] reheat + diversify: ceiling=0.00, value=76719.0
    [iter 775721] reheat + diversify: ceiling=0.00, value=59734.0
    [iter 781474] reheat + diversify: ceiling=0.00, value=53921.0
    [iter 787227] reheat + diversify: ceiling=0.00, value=50216.0
    [iter 792980] reheat + diversify: ceiling=0.00, value=34903.0
    [iter 798733] reheat + diversify: ceiling=0.00, value=30134.0
    [iter 804486] reheat + diversify: ceiling=0.00, value=66175.0
    [iter 810239] reheat + diversify: ceiling=0.00, value=48677.0
    [iter 815992] reheat + diversify: ceiling=0.00, value=38665.0
    [iter 821745] reheat + diversify: ceiling=0.00, value=69233.0
    [iter 827498] reheat + diversify: ceiling=0.00, value=41742.0
    [iter 833251] reheat + diversify: ceiling=0.00, value=39159.0
    [iter 839004] reheat + diversify: ceiling=0.00, value=66175.0
    [iter 844757] reheat + diversify: ceiling=0.00, value=45941.0
    [iter 850510] reheat + diversify: ceiling=0.00, value=44402.0
    [iter 856263] reheat + diversify: ceiling=0.00, value=55460.0
    [iter 862016] reheat + diversify: ceiling=0.00, value=66497.0
    [iter 867769] reheat + diversify: ceiling=0.00, value=52229.0
    [iter 873522] reheat + diversify: ceiling=0.00, value=64484.0
    [iter 879275] reheat + diversify: ceiling=0.00, value=50216.0
    [iter 885028] reheat + diversify: ceiling=0.00, value=53427.0
    [iter 890781] reheat + diversify: ceiling=0.00, value=42389.0
    [iter 896534] reheat + diversify: ceiling=0.00, value=50216.0
    [iter 902287] reheat + diversify: ceiling=0.00, value=59734.0
    [iter 908040] reheat + diversify: ceiling=0.00, value=42217.0
    [iter 913793] reheat + diversify: ceiling=0.00, value=45447.0
    [iter 919546] reheat + diversify: ceiling=0.00, value=57701.0
    [iter 925299] reheat + diversify: ceiling=0.00, value=82798.0
    [iter 931052] reheat + diversify: ceiling=0.00, value=75199.0
    [iter 936805] reheat + diversify: ceiling=0.00, value=41666.0
    [iter 942558] reheat + diversify: ceiling=0.00, value=68683.0
    [iter 948311] reheat + diversify: ceiling=0.00, value=79246.0
    [iter 954064] reheat + diversify: ceiling=0.00, value=42236.0
    [iter 959817] reheat + diversify: ceiling=0.00, value=50216.0
    [iter 965570] reheat + diversify: ceiling=0.00, value=44402.0
    [iter 971323] reheat + diversify: ceiling=0.00, value=66003.0
    [iter 977076] reheat + diversify: ceiling=0.00, value=60209.0
    [iter 982829] reheat + diversify: ceiling=0.00, value=45447.0
    [iter 988582] reheat + diversify: ceiling=0.00, value=72463.0
    [iter 994335] reheat + diversify: ceiling=0.00, value=72463.0
    [iter 1000088] reheat + diversify: ceiling=0.00, value=66991.0
    [iter 1005841] reheat + diversify: ceiling=0.00, value=66497.0
    [iter 1011594] reheat + diversify: ceiling=0.00, value=47138.0
    [iter 1017347] reheat + diversify: ceiling=0.00, value=74496.0
    [iter 1023100] reheat + diversify: ceiling=0.00, value=54471.0
    [iter 1028853] reheat + diversify: ceiling=0.00, value=79968.0
    [iter 1034606] reheat + diversify: ceiling=0.00, value=59221.0
    [iter 1040359] reheat + diversify: ceiling=0.00, value=59734.0
    [iter 1046112] reheat + diversify: ceiling=0.00, value=59734.0
    [iter 1051865] reheat + diversify: ceiling=0.00, value=76015.0
    [iter 1057618] reheat + diversify: ceiling=0.00, value=73280.0
    [iter 1063371] reheat + diversify: ceiling=0.00, value=57701.0
    [iter 1069124] reheat + diversify: ceiling=0.00, value=71969.0
    [iter 1074877] reheat + diversify: ceiling=0.00, value=68036.0
    [iter 1080630] reheat + diversify: ceiling=0.00, value=74002.0
    [iter 1086383] reheat + diversify: ceiling=0.00, value=43908.0
    [iter 1092136] reheat + diversify: ceiling=0.00, value=66670.0
    [iter 1097889] reheat + diversify: ceiling=0.00, value=59221.0
    [iter 1103642] reheat + diversify: ceiling=0.00, value=65947.0
    [iter 1109395] reheat + diversify: ceiling=0.00, value=71266.0
    [iter 1115148] reheat + diversify: ceiling=0.00, value=37620.0
    [iter 1120901] reheat + diversify: ceiling=0.00, value=53921.0
    [iter 1126654] reheat + diversify: ceiling=0.00, value=51907.0
    [iter 1132407] reheat + diversify: ceiling=0.00, value=45447.0
    [iter 1138160] reheat + diversify: ceiling=0.00, value=41895.0
    [iter 1143913] reheat + diversify: ceiling=0.00, value=58195.0
    [iter 1149666] reheat + diversify: ceiling=0.00, value=58196.0
    [iter 1155419] reheat + diversify: ceiling=0.00, value=59393.0
    [iter 1161172] reheat + diversify: ceiling=0.00, value=44402.0
    [iter 1166925] reheat + diversify: ceiling=0.00, value=37961.0
    [iter 1172678] reheat + diversify: ceiling=0.00, value=68758.0
    [iter 1178431] reheat + diversify: ceiling=0.00, value=50216.0
    [iter 1184184] reheat + diversify: ceiling=0.00, value=45447.0
    [iter 1189937] reheat + diversify: ceiling=0.00, value=62945.0
    [iter 1195690] reheat + diversify: ceiling=0.00, value=39006.0
    [iter 1201443] reheat + diversify: ceiling=0.00, value=47480.0
    [iter 1207196] reheat + diversify: ceiling=0.00, value=48202.0
    [iter 1212949] reheat + diversify: ceiling=0.00, value=83026.0
    [iter 1218702] reheat + diversify: ceiling=0.00, value=57701.0
    [iter 1224455] reheat + diversify: ceiling=0.00, value=31160.0
    [iter 1230208] reheat + diversify: ceiling=0.00, value=47480.0
    [iter 1235961] reheat + diversify: ceiling=0.00, value=54471.0
    [iter 1241714] reheat + diversify: ceiling=0.00, value=39159.0
    [iter 1247467] reheat + diversify: ceiling=0.00, value=74002.0
    [iter 1253220] reheat + diversify: ceiling=0.00, value=64978.0
    [iter 1258973] reheat + diversify: ceiling=0.00, value=91500.0
    [iter 1264726] reheat + diversify: ceiling=0.00, value=65681.0
    [iter 1270479] reheat + diversify: ceiling=0.00, value=40697.0
    [iter 1276232] reheat + diversify: ceiling=0.00, value=91006.0
    [iter 1281985] reheat + diversify: ceiling=0.00, value=57151.0
    [iter 1287738] reheat + diversify: ceiling=0.00, value=74002.0
    [iter 1293491] reheat + diversify: ceiling=0.00, value=43927.0
    [iter 1299244] reheat + diversify: ceiling=0.00, value=60759.0
    [iter 1304997] reheat + diversify: ceiling=0.00, value=66497.0
    [iter 1310750] reheat + diversify: ceiling=0.00, value=54471.0
    [iter 1316503] reheat + diversify: ceiling=0.00, value=49646.0
    [iter 1322256] reheat + diversify: ceiling=0.00, value=86731.0
    [iter 1328009] reheat + diversify: ceiling=0.00, value=64484.0
    [iter 1333762] reheat + diversify: ceiling=0.00, value=70450.0
    [iter 1339515] reheat + diversify: ceiling=0.00, value=62945.0
    [iter 1345268] reheat + diversify: ceiling=0.00, value=76015.0
    [iter 1351021] reheat + diversify: ceiling=0.00, value=79796.0
    [iter 1356774] reheat + diversify: ceiling=0.00, value=47139.0
    [iter 1362527] reheat + diversify: ceiling=0.00, value=50691.0
    [iter 1368280] reheat + diversify: ceiling=0.00, value=51735.0
    [iter 1374033] reheat + diversify: ceiling=0.00, value=66991.0
    [iter 1379786] reheat + diversify: ceiling=0.00, value=46491.0
    [iter 1385539] reheat + diversify: ceiling=0.00, value=34884.0
    [iter 1391292] reheat + diversify: ceiling=0.00, value=48677.0
    [iter 1397045] reheat + diversify: ceiling=0.00, value=44402.0
    [iter 1402798] reheat + diversify: ceiling=0.00, value=51735.0
    [iter 1408551] reheat + diversify: ceiling=0.00, value=61976.0
    [iter 1414304] reheat + diversify: ceiling=0.00, value=58690.0
    [iter 1420057] reheat + diversify: ceiling=0.00, value=55954.0
    [iter 1425810] reheat + diversify: ceiling=0.00, value=67714.0
    [iter 1431563] reheat + diversify: ceiling=0.00, value=70450.0
    [iter 1437316] reheat + diversify: ceiling=0.00, value=73508.0
    [iter 1443069] reheat + diversify: ceiling=0.00, value=60703.0
    [iter 1448822] reheat + diversify: ceiling=0.00, value=79246.0
    [iter 1454575] reheat + diversify: ceiling=0.00, value=71266.0
    [iter 1460328] reheat + diversify: ceiling=0.00, value=49171.0
    [iter 1466081] reheat + diversify: ceiling=0.00, value=48127.0
    [iter 1471834] reheat + diversify: ceiling=0.00, value=82798.0
    [iter 1477587] reheat + diversify: ceiling=0.00, value=64484.0
    [iter 1483340] reheat + diversify: ceiling=0.00, value=70772.0
    [iter 1489093] reheat + diversify: ceiling=0.00, value=49722.0
    [iter 1494846] reheat + diversify: ceiling=0.00, value=71760.0
    [iter 1500599] reheat + diversify: ceiling=0.00, value=58195.0
    [iter 1506352] reheat + diversify: ceiling=0.00, value=59734.0
    [iter 1512105] reheat + diversify: ceiling=0.00, value=70772.0
    [iter 1517858] reheat + diversify: ceiling=0.00, value=55459.0
    [iter 1523611] reheat + diversify: ceiling=0.00, value=52229.0
    [iter 1529364] reheat + diversify: ceiling=0.00, value=37961.0
    [iter 1535117] reheat + diversify: ceiling=0.00, value=69727.0
    [iter 1540870] reheat + diversify: ceiling=0.00, value=74971.0
    [iter 1546623] reheat + diversify: ceiling=0.00, value=44897.0
    [iter 1552376] reheat + diversify: ceiling=0.00, value=74002.0
    [iter 1558129] reheat + diversify: ceiling=0.00, value=69727.0
    [iter 1563882] reheat + diversify: ceiling=0.00, value=81487.0
    [iter 1569635] reheat + diversify: ceiling=0.00, value=42389.0
    [iter 1575388] reheat + diversify: ceiling=0.00, value=76510.0
    [iter 1581141] reheat + diversify: ceiling=0.00, value=51241.0
    [iter 1586894] reheat + diversify: ceiling=0.00, value=56657.0
    [iter 1592647] reheat + diversify: ceiling=0.00, value=32148.0
    [iter 1598400] reheat + diversify: ceiling=0.00, value=61426.0
    [iter 1604153] reheat + diversify: ceiling=0.00, value=74002.0
    [iter 1609906] reheat + diversify: ceiling=0.00, value=48677.0
    [iter 1615659] reheat + diversify: ceiling=0.00, value=44972.0
    [iter 1621412] reheat + diversify: ceiling=0.00, value=43433.0
    [iter 1627165] reheat + diversify: ceiling=0.00, value=88764.0
    [iter 1632918] reheat + diversify: ceiling=0.00, value=91006.0
    [iter 1638671] reheat + diversify: ceiling=0.00, value=62964.0
    [iter 1644424] reheat + diversify: ceiling=0.00, value=53921.0
    [iter 1650177] reheat + diversify: ceiling=0.00, value=54965.0
    [iter 1655930] reheat + diversify: ceiling=0.00, value=69233.0
    [iter 1661683] reheat + diversify: ceiling=0.00, value=61253.0
    [iter 1667436] reheat + diversify: ceiling=0.00, value=82476.0
    [iter 1673189] reheat + diversify: ceiling=0.00, value=54643.0
    [iter 1678942] reheat + diversify: ceiling=0.00, value=44402.0
    [iter 1684695] reheat + diversify: ceiling=0.00, value=51907.0
    [iter 1690448] reheat + diversify: ceiling=0.00, value=41742.0
    [iter 1696201] reheat + diversify: ceiling=0.00, value=76738.0
    [iter 1701954] reheat + diversify: ceiling=0.00, value=59240.0
    [iter 1707707] reheat + diversify: ceiling=0.00, value=43205.0
    [iter 1713460] reheat + diversify: ceiling=0.00, value=69727.0
    [iter 1719213] reheat + diversify: ceiling=0.00, value=41172.0
    [iter 1724966] reheat + diversify: ceiling=0.00, value=81259.0
    [iter 1730719] reheat + diversify: ceiling=0.00, value=54965.0
    [iter 1736472] reheat + diversify: ceiling=0.00, value=67220.0
    [iter 1742225] reheat + diversify: ceiling=0.00, value=78752.0
    [iter 1747978] reheat + diversify: ceiling=0.00, value=34409.0
    [iter 1753731] reheat + diversify: ceiling=0.00, value=75694.0
    [iter 1759484] reheat + diversify: ceiling=0.00, value=72463.0
    [iter 1765237] reheat + diversify: ceiling=0.00, value=44972.0
    [iter 1770990] reheat + diversify: ceiling=0.00, value=49171.0
    [iter 1776743] reheat + diversify: ceiling=0.00, value=40697.0
    [iter 1782496] reheat + diversify: ceiling=0.00, value=50216.0
    [iter 1788249] reheat + diversify: ceiling=0.00, value=49722.0
    [iter 1794002] reheat + diversify: ceiling=0.00, value=56657.0
    [iter 1799755] reheat + diversify: ceiling=0.00, value=59887.0
    [iter 1805508] reheat + diversify: ceiling=0.00, value=50216.0
    [iter 1811261] reheat + diversify: ceiling=0.00, value=76738.0
    [iter 1817014] reheat + diversify: ceiling=0.00, value=63439.0
    [iter 1822767] reheat + diversify: ceiling=0.00, value=50710.0
    [iter 1828520] reheat + diversify: ceiling=0.00, value=61748.0
    [iter 1834273] reheat + diversify: ceiling=0.00, value=63439.0
    [iter 1840026] reheat + diversify: ceiling=0.00, value=59734.0
    [iter 1845779] reheat + diversify: ceiling=0.00, value=76244.0
    [iter 1851532] reheat + diversify: ceiling=0.00, value=72235.0
    [iter 1857285] reheat + diversify: ceiling=0.00, value=35454.0
    [iter 1863038] reheat + diversify: ceiling=0.00, value=52952.0
    [iter 1868791] reheat + diversify: ceiling=0.00, value=76738.0
    [iter 1874544] reheat + diversify: ceiling=0.00, value=65681.0
    [iter 1880297] reheat + diversify: ceiling=0.00, value=71969.0
    [iter 1886050] reheat + diversify: ceiling=0.00, value=31673.0
    [iter 1891803] reheat + diversify: ceiling=0.00, value=75199.0
    [iter 1897556] reheat + diversify: ceiling=0.00, value=81982.0
    [iter 1903309] reheat + diversify: ceiling=0.00, value=60703.0
    [iter 1909062] reheat + diversify: ceiling=0.00, value=40203.0
    [iter 1914815] reheat + diversify: ceiling=0.00, value=36423.0
    [iter 1920568] reheat + diversify: ceiling=0.00, value=48677.0
    [iter 1926321] reheat + diversify: ceiling=0.00, value=55934.0
    [iter 1932074] reheat + diversify: ceiling=0.00, value=49646.0
    [iter 1937827] reheat + diversify: ceiling=0.00, value=48183.0
    [iter 1943580] reheat + diversify: ceiling=0.00, value=53446.0
    [iter 1949333] reheat + diversify: ceiling=0.00, value=54965.0
    [iter 1955086] reheat + diversify: ceiling=0.00, value=55460.0
    [iter 1960839] reheat + diversify: ceiling=0.00, value=51888.0
    [iter 1966592] reheat + diversify: ceiling=0.00, value=55954.0
    [iter 1972345] reheat + diversify: ceiling=0.00, value=67714.0
    [iter 1978098] reheat + diversify: ceiling=0.00, value=66022.0
    [iter 1983851] reheat + diversify: ceiling=0.00, value=55934.0
    [iter 1989604] reheat + diversify: ceiling=0.00, value=62451.0
    [iter 1995357] reheat + diversify: ceiling=0.00, value=54415.0
    [iter 2001110] reheat + diversify: ceiling=0.00, value=69233.0
    [iter 2006863] reheat + diversify: ceiling=0.00, value=54471.0
    [iter 2012616] reheat + diversify: ceiling=0.00, value=45447.0
    [iter 2018369] reheat + diversify: ceiling=0.00, value=53427.0
    [iter 2024122] reheat + diversify: ceiling=0.00, value=47138.0
    [iter 2029875] reheat + diversify: ceiling=0.00, value=79740.0
    [iter 2035628] reheat + diversify: ceiling=0.00, value=45941.0
    [iter 2041381] reheat + diversify: ceiling=0.00, value=50215.0
    [iter 2047134] reheat + diversify: ceiling=0.00, value=58746.0
    [iter 2052887] reheat + diversify: ceiling=0.00, value=62945.0
    [iter 2058640] reheat + diversify: ceiling=0.00, value=54946.0
    [iter 2064393] reheat + diversify: ceiling=0.00, value=58176.0
    [iter 2070146] reheat + diversify: ceiling=0.00, value=79246.0
    [iter 2075899] reheat + diversify: ceiling=0.00, value=79796.0
    [iter 2081652] reheat + diversify: ceiling=0.00, value=61406.0
    [iter 2087405] reheat + diversify: ceiling=0.00, value=39653.0
    [iter 2093158] reheat + diversify: ceiling=0.00, value=56504.0
    [iter 2098911] reheat + diversify: ceiling=0.00, value=42711.0
    [iter 2104664] reheat + diversify: ceiling=0.00, value=59734.0
    [iter 2110417] reheat + diversify: ceiling=0.00, value=70944.0
    [iter 2116170] reheat + diversify: ceiling=0.00, value=74002.0
    [iter 2121923] reheat + diversify: ceiling=0.00, value=48183.0
    [iter 2127676] reheat + diversify: ceiling=0.00, value=39158.0
    [iter 2133429] reheat + diversify: ceiling=0.00, value=65528.0
    [iter 2139182] reheat + diversify: ceiling=0.00, value=44972.0
    [iter 2144935] reheat + diversify: ceiling=0.00, value=51735.0
    [iter 2150688] reheat + diversify: ceiling=0.00, value=58670.0
    [iter 2156441] reheat + diversify: ceiling=0.00, value=51735.0
    [iter 2162194] reheat + diversify: ceiling=0.00, value=54471.0
    [iter 2167947] reheat + diversify: ceiling=0.00, value=42389.0
    [iter 2173700] reheat + diversify: ceiling=0.00, value=42217.0
    [iter 2179453] reheat + diversify: ceiling=0.00, value=66022.0
    [iter 2185206] reheat + diversify: ceiling=0.00, value=45941.0
    [iter 2190959] reheat + diversify: ceiling=0.00, value=54965.0
    [iter 2196712] reheat + diversify: ceiling=0.00, value=66175.0
    [iter 2202465] reheat + diversify: ceiling=0.00, value=88764.0
    [iter 2208218] reheat + diversify: ceiling=0.00, value=70771.0
    [iter 2213971] reheat + diversify: ceiling=0.00, value=72235.0
    [iter 2219724] reheat + diversify: ceiling=0.00, value=44403.0
    [iter 2225477] reheat + diversify: ceiling=0.00, value=51185.0
    [iter 2231230] reheat + diversify: ceiling=0.00, value=62945.0
    [iter 2236983] reheat + diversify: ceiling=0.00, value=72463.0
    [iter 2242736] reheat + diversify: ceiling=0.00, value=38114.0
    [iter 2248489] reheat + diversify: ceiling=0.00, value=69233.0
    [iter 2254242] reheat + diversify: ceiling=0.00, value=73452.0
    [iter 2259995] reheat + diversify: ceiling=0.00, value=76738.0
    [iter 2265748] reheat + diversify: ceiling=0.00, value=63439.0
    [iter 2271501] reheat + diversify: ceiling=0.00, value=72958.0
    [iter 2277254] reheat + diversify: ceiling=0.00, value=58690.0
    [iter 2283007] reheat + diversify: ceiling=0.00, value=60228.0
    [iter 2288760] reheat + diversify: ceiling=0.00, value=54965.0
    [iter 2294513] reheat + diversify: ceiling=0.00, value=47138.0
    [iter 2300266] reheat + diversify: ceiling=0.00, value=63439.0
    [iter 2306019] reheat + diversify: ceiling=0.00, value=55516.0
    [iter 2311772] reheat + diversify: ceiling=0.00, value=54471.0
    [iter 2317525] reheat + diversify: ceiling=0.00, value=59184.0
    [iter 2323278] reheat + diversify: ceiling=0.00, value=42389.0
    [iter 2329031] reheat + diversify: ceiling=0.00, value=70222.0
    [iter 2334784] reheat + diversify: ceiling=0.00, value=83026.0
    [iter 2340537] reheat + diversify: ceiling=0.00, value=67714.0
    [iter 2346290] reheat + diversify: ceiling=0.00, value=72463.0
    [iter 2352043] reheat + diversify: ceiling=0.00, value=74002.0
    [iter 2357796] reheat + diversify: ceiling=0.00, value=54965.0
    [iter 2363549] reheat + diversify: ceiling=0.00, value=44478.0
    [iter 2369302] reheat + diversify: ceiling=0.00, value=65947.0
    [iter 2375055] reheat + diversify: ceiling=0.00, value=45447.0
    [iter 2380808] reheat + diversify: ceiling=0.00, value=76738.0
    [iter 2386561] reheat + diversify: ceiling=0.00, value=48677.0
    [iter 2392314] reheat + diversify: ceiling=0.00, value=72463.0
    [iter 2398067] reheat + diversify: ceiling=0.00, value=69727.0
    [iter 2403820] reheat + diversify: ceiling=0.00, value=62945.0
    [iter 2409573] reheat + diversify: ceiling=0.00, value=66670.0
    [iter 2415326] reheat + diversify: ceiling=0.00, value=44402.0
    [iter 2421079] reheat + diversify: ceiling=0.00, value=51907.0
    [iter 2426832] reheat + diversify: ceiling=0.00, value=68036.0
    [iter 2432585] reheat + diversify: ceiling=0.00, value=71969.0
    [iter 2438338] reheat + diversify: ceiling=0.00, value=50690.0
    [iter 2444091] reheat + diversify: ceiling=0.00, value=47138.0
    [iter 2449844] reheat + diversify: ceiling=0.00, value=64484.0
    [iter 2455597] reheat + diversify: ceiling=0.00, value=56998.0
    [iter 2461350] reheat + diversify: ceiling=0.00, value=67714.0
    [iter 2467103] reheat + diversify: ceiling=0.00, value=70772.0
    [iter 2472856] reheat + diversify: ceiling=0.00, value=42711.0
    [iter 2478609] reheat + diversify: ceiling=0.00, value=66175.0
    [iter 2484362] reheat + diversify: ceiling=0.00, value=51735.0
    [iter 2490115] reheat + diversify: ceiling=0.00, value=84718.0
    [iter 2495868] reheat + diversify: ceiling=0.00, value=31673.0
    [iter 2501621] reheat + diversify: ceiling=0.00, value=66991.0
    [iter 2507374] reheat + diversify: ceiling=0.00, value=72463.0
    [iter 2513127] reheat + diversify: ceiling=0.00, value=67220.0
    [iter 2518880] reheat + diversify: ceiling=0.00, value=76510.0
    [iter 2524633] reheat + diversify: ceiling=0.00, value=45447.0
    [iter 2530386] reheat + diversify: ceiling=0.00, value=48658.0
    [iter 2536139] reheat + diversify: ceiling=0.00, value=37620.0
    [iter 2541892] reheat + diversify: ceiling=0.00, value=78751.0
    [iter 2547645] reheat + diversify: ceiling=0.00, value=65528.0
    [iter 2553398] reheat + diversify: ceiling=0.00, value=57701.0
    [iter 2559151] reheat + diversify: ceiling=0.00, value=55459.0
    [iter 2564904] reheat + diversify: ceiling=0.00, value=42217.0
    [iter 2570657] reheat + diversify: ceiling=0.00, value=62451.0
    [iter 2576410] reheat + diversify: ceiling=0.00, value=60703.0
    [iter 2582163] reheat + diversify: ceiling=0.00, value=63439.0
    [iter 2587916] reheat + diversify: ceiling=0.00, value=51413.0
    [iter 2593669] reheat + diversify: ceiling=0.00, value=43433.0
    [iter 2599422] reheat + diversify: ceiling=0.00, value=50710.0
    [iter 2605175] reheat + diversify: ceiling=0.00, value=66175.0
    [iter 2610928] reheat + diversify: ceiling=0.00, value=49171.0
    [iter 2616681] reheat + diversify: ceiling=0.00, value=67714.0
    [iter 2622434] reheat + diversify: ceiling=0.00, value=49703.0
    [iter 2628187] reheat + diversify: ceiling=0.00, value=82476.0
    [iter 2633940] reheat + diversify: ceiling=0.00, value=79740.0
    [iter 2639693] reheat + diversify: ceiling=0.00, value=54965.0
    [iter 2645446] reheat + diversify: ceiling=0.00, value=62945.0
    [iter 2651199] reheat + diversify: ceiling=0.00, value=47158.0
    [iter 2656952] reheat + diversify: ceiling=0.00, value=69727.0
    [iter 2662705] reheat + diversify: ceiling=0.00, value=46986.0
    [iter 2668458] reheat + diversify: ceiling=0.00, value=35948.0
    [iter 2674211] reheat + diversify: ceiling=0.00, value=73508.0
    [iter 2679964] reheat + diversify: ceiling=0.00, value=63439.0
    [iter 2685717] reheat + diversify: ceiling=0.00, value=44972.0
    [iter 2691470] reheat + diversify: ceiling=0.00, value=31673.0
    [iter 2697223] reheat + diversify: ceiling=0.00, value=55459.0
    [iter 2702976] reheat + diversify: ceiling=0.00, value=67714.0
    [iter 2708729] reheat + diversify: ceiling=0.00, value=79246.0
    [iter 2714482] reheat + diversify: ceiling=0.00, value=57151.0
    [iter 2720235] reheat + diversify: ceiling=0.00, value=61254.0
    [iter 2725988] reheat + diversify: ceiling=0.00, value=91006.0
    [iter 2731741] reheat + diversify: ceiling=0.00, value=58670.0
    [iter 2737494] reheat + diversify: ceiling=0.00, value=81982.0
    [iter 2743247] reheat + diversify: ceiling=0.00, value=55934.0
    [iter 2749000] reheat + diversify: ceiling=0.00, value=47138.0
    [iter 2754753] reheat + diversify: ceiling=0.00, value=74971.0
    [iter 2760506] reheat + diversify: ceiling=0.00, value=43433.0
    [iter 2766259] reheat + diversify: ceiling=0.00, value=41666.0
    [iter 2772012] reheat + diversify: ceiling=0.00, value=34390.0
    [iter 2777765] reheat + diversify: ceiling=0.00, value=65528.0
    [iter 2783518] reheat + diversify: ceiling=0.00, value=72463.0
    [iter 2789271] reheat + diversify: ceiling=0.00, value=80443.0
    [iter 2795024] reheat + diversify: ceiling=0.00, value=60228.0
    [iter 2800777] reheat + diversify: ceiling=0.00, value=44972.0
    [iter 2806530] reheat + diversify: ceiling=0.00, value=51185.0
    [iter 2812283] reheat + diversify: ceiling=0.00, value=56504.0
    [iter 2818036] reheat + diversify: ceiling=0.00, value=66670.0
    [iter 2823789] reheat + diversify: ceiling=0.00, value=62964.0
    [iter 2829542] reheat + diversify: ceiling=0.00, value=45941.0
    [iter 2835295] reheat + diversify: ceiling=0.00, value=40697.0
    [iter 2841048] reheat + diversify: ceiling=0.00, value=74002.0
    [iter 2846801] reheat + diversify: ceiling=0.00, value=63439.0
    [iter 2852554] reheat + diversify: ceiling=0.00, value=84718.0
    [iter 2858307] reheat + diversify: ceiling=0.00, value=74002.0
    [iter 2864060] reheat + diversify: ceiling=0.00, value=59734.0
    [iter 2869813] reheat + diversify: ceiling=0.00, value=58195.0
    [iter 2875566] reheat + diversify: ceiling=0.00, value=57151.0
    [iter 2881319] reheat + diversify: ceiling=0.00, value=83026.0
    [iter 2887072] reheat + diversify: ceiling=0.00, value=50216.0
    [iter 2892825] reheat + diversify: ceiling=0.00, value=65528.0
    [iter 2898578] reheat + diversify: ceiling=0.00, value=78257.0
    [iter 2904331] reheat + diversify: ceiling=0.00, value=67219.0
    [iter 2910084] reheat + diversify: ceiling=0.00, value=62945.0
    [iter 2915837] reheat + diversify: ceiling=0.00, value=42236.0
    [iter 2921590] reheat + diversify: ceiling=0.00, value=52229.0
    [iter 2927343] reheat + diversify: ceiling=0.00, value=43927.0
    [iter 2933096] reheat + diversify: ceiling=0.00, value=59240.0
    [iter 2938849] reheat + diversify: ceiling=0.00, value=60703.0
    [iter 2944602] reheat + diversify: ceiling=0.00, value=48183.0
    [iter 2950355] reheat + diversify: ceiling=0.00, value=54415.0
    [iter 2956108] reheat + diversify: ceiling=0.00, value=48677.0
    [iter 2961861] reheat + diversify: ceiling=0.00, value=45941.0
    [iter 2967614] reheat + diversify: ceiling=0.00, value=52229.0
    [iter 2973367] reheat + diversify: ceiling=0.00, value=91500.0
    [iter 2979120] reheat + diversify: ceiling=0.00, value=44402.0
    [iter 2984873] reheat + diversify: ceiling=0.00, value=64978.0
    [iter 2990626] reheat + diversify: ceiling=0.00, value=62945.0
    [iter 2996379] reheat + diversify: ceiling=0.00, value=69727.0
    [iter 3002132] reheat + diversify: ceiling=0.00, value=48677.0
    [iter 3007885] reheat + diversify: ceiling=0.00, value=85534.0
    [iter 3013638] reheat + diversify: ceiling=0.00, value=47633.0
    [iter 3019391] reheat + diversify: ceiling=0.00, value=49703.0
    [iter 3025144] reheat + diversify: ceiling=0.00, value=62945.0
    [iter 3030897] reheat + diversify: ceiling=0.00, value=62470.0
    [iter 3036650] reheat + diversify: ceiling=0.00, value=50690.0
    [iter 3042403] reheat + diversify: ceiling=0.00, value=45941.0
    [iter 3048156] reheat + diversify: ceiling=0.00, value=53921.0
    [iter 3053909] reheat + diversify: ceiling=0.00, value=58195.0
    [iter 3059662] reheat + diversify: ceiling=0.00, value=72463.0
    [iter 3065415] reheat + diversify: ceiling=0.00, value=50691.0
    [iter 3071168] reheat + diversify: ceiling=0.00, value=56979.0
    [iter 3076921] reheat + diversify: ceiling=0.00, value=46435.0
    [iter 3082674] reheat + diversify: ceiling=0.00, value=44744.0
    [iter 3088427] reheat + diversify: ceiling=0.00, value=69727.0
    [iter 3094180] reheat + diversify: ceiling=0.00, value=54965.0
    [iter 3099933] reheat + diversify: ceiling=0.00, value=37961.0
    [iter 3105686] reheat + diversify: ceiling=0.00, value=37961.0
    [iter 3111439] reheat + diversify: ceiling=0.00, value=44402.0
    [iter 3117192] reheat + diversify: ceiling=0.00, value=70222.0
    [iter 3122945] reheat + diversify: ceiling=0.00, value=52382.0
    [iter 3128698] reheat + diversify: ceiling=0.00, value=47138.0
    [iter 3134451] reheat + diversify: ceiling=0.00, value=85534.0
    [iter 3140204] reheat + diversify: ceiling=0.00, value=45447.0
    [iter 3145957] reheat + diversify: ceiling=0.00, value=47138.0
    [iter 3151710] reheat + diversify: ceiling=0.00, value=67714.0
    [iter 3157463] reheat + diversify: ceiling=0.00, value=62792.0
    [iter 3163216] reheat + diversify: ceiling=0.00, value=67220.0
    [iter 3168969] reheat + diversify: ceiling=0.00, value=48183.0
    [iter 3174722] reheat + diversify: ceiling=0.00, value=67220.0
    [iter 3180475] reheat + diversify: ceiling=0.00, value=74002.0
    [iter 3186228] reheat + diversify: ceiling=0.00, value=51241.0
    [iter 3191981] reheat + diversify: ceiling=0.00, value=66175.0
    [iter 3197734] reheat + diversify: ceiling=0.00, value=53768.0
    [iter 3203487] reheat + diversify: ceiling=0.00, value=61976.0
    [iter 3209240] reheat + diversify: ceiling=0.00, value=71494.0
    [iter 3214993] reheat + diversify: ceiling=0.00, value=56504.0
    [iter 3220746] reheat + diversify: ceiling=0.00, value=64958.0
    [iter 3226499] reheat + diversify: ceiling=0.00, value=71266.0
    [iter 3232252] reheat + diversify: ceiling=0.00, value=51735.0
    [iter 3238005] reheat + diversify: ceiling=0.00, value=60209.0
    [iter 3243758] reheat + diversify: ceiling=0.00, value=59734.0
    [iter 3249511] reheat + diversify: ceiling=0.00, value=68208.0
    [iter 3255264] reheat + diversify: ceiling=0.00, value=59734.0
    [iter 3261017] reheat + diversify: ceiling=0.00, value=83995.0
    [iter 3266770] reheat + diversify: ceiling=0.00, value=51260.0
    [iter 3272523] reheat + diversify: ceiling=0.00, value=62470.0
    [iter 3278276] reheat + diversify: ceiling=0.00, value=40697.0
    [iter 3284029] reheat + diversify: ceiling=0.00, value=72463.0
    [iter 3289782] reheat + diversify: ceiling=0.00, value=56979.0
    [iter 3295535] reheat + diversify: ceiling=0.00, value=82476.0
    [iter 3301288] reheat + diversify: ceiling=0.00, value=72235.0
    [iter 3307041] reheat + diversify: ceiling=0.00, value=54415.0
    [iter 3312794] reheat + diversify: ceiling=0.00, value=60703.0
    [iter 3318547] reheat + diversify: ceiling=0.00, value=61253.0
    [iter 3324300] reheat + diversify: ceiling=0.00, value=55459.0
    [iter 3330053] reheat + diversify: ceiling=0.00, value=42217.0
    [iter 3335806] reheat + diversify: ceiling=0.00, value=41666.0
    [iter 3341559] reheat + diversify: ceiling=0.00, value=44402.0
    [iter 3347312] reheat + diversify: ceiling=0.00, value=34409.0
    [iter 3353065] reheat + diversify: ceiling=0.00, value=42389.0
    [iter 3358818] reheat + diversify: ceiling=0.00, value=64978.0
    [iter 3364571] reheat + diversify: ceiling=0.00, value=48677.0
    [iter 3370324] reheat + diversify: ceiling=0.00, value=40203.0
    [iter 3376077] reheat + diversify: ceiling=0.00, value=54415.0
    [iter 3381830] reheat + diversify: ceiling=0.00, value=37467.0
    [iter 3387583] reheat + diversify: ceiling=0.00, value=51907.0
    [iter 3393336] reheat + diversify: ceiling=0.00, value=60209.0
    [iter 3399089] reheat + diversify: ceiling=0.00, value=46985.0
    [iter 3404842] reheat + diversify: ceiling=0.00, value=40850.0
    [iter 3410595] reheat + diversify: ceiling=0.00, value=53426.0
    [iter 3416348] reheat + diversify: ceiling=0.00, value=74002.0
    [iter 3422101] reheat + diversify: ceiling=0.00, value=41666.0
    [iter 3427854] reheat + diversify: ceiling=0.00, value=57151.0
    [iter 3433607] reheat + diversify: ceiling=0.00, value=31673.0
    [iter 3439360] reheat + diversify: ceiling=0.00, value=35948.0
    [iter 3445113] reheat + diversify: ceiling=0.00, value=56010.0
    [iter 3450866] reheat + diversify: ceiling=0.00, value=45447.0
    [iter 3456619] reheat + diversify: ceiling=0.00, value=48677.0
    [iter 3462372] reheat + diversify: ceiling=0.00, value=48183.0
    [iter 3468125] reheat + diversify: ceiling=0.00, value=59240.0
    [iter 3473878] reheat + diversify: ceiling=0.00, value=67714.0
    [iter 3479631] reheat + diversify: ceiling=0.00, value=36423.0
    [iter 3485384] reheat + diversify: ceiling=0.00, value=45447.0
    [iter 3491137] reheat + diversify: ceiling=0.00, value=54965.0
    [iter 3496890] reheat + diversify: ceiling=0.00, value=34409.0
    [iter 3502643] reheat + diversify: ceiling=0.00, value=74971.0
    [iter 3508396] reheat + diversify: ceiling=0.00, value=57701.0
    [iter 3514149] reheat + diversify: ceiling=0.00, value=72958.0
    [iter 3519902] reheat + diversify: ceiling=0.00, value=48658.0
    [iter 3525655] reheat + diversify: ceiling=0.00, value=40697.0
    [iter 3531408] reheat + diversify: ceiling=0.00, value=51735.0
    [iter 3537161] reheat + diversify: ceiling=0.00, value=50216.0
    [iter 3542914] reheat + diversify: ceiling=0.00, value=40678.0
    [iter 3548667] reheat + diversify: ceiling=0.00, value=63439.0
    [iter 3554420] reheat + diversify: ceiling=0.00, value=66175.0
    [iter 3560173] reheat + diversify: ceiling=0.00, value=58195.0
    [iter 3565926] reheat + diversify: ceiling=0.00, value=83995.0
    [iter 3571679] reheat + diversify: ceiling=0.00, value=57473.0
    [iter 3577432] reheat + diversify: ceiling=0.00, value=73014.0
    [iter 3583185] reheat + diversify: ceiling=0.00, value=67714.0
    [iter 3588938] reheat + diversify: ceiling=0.00, value=67220.0
    [iter 3594691] reheat + diversify: ceiling=0.00, value=63439.0
    [iter 3600444] reheat + diversify: ceiling=0.00, value=91500.0
    [iter 3606197] reheat + diversify: ceiling=0.00, value=68683.0
    [iter 3611950] reheat + diversify: ceiling=0.00, value=67714.0
    [iter 3617703] reheat + diversify: ceiling=0.00, value=50215.0
    [iter 3623456] reheat + diversify: ceiling=0.00, value=56504.0
    [iter 3629209] reheat + diversify: ceiling=0.00, value=54965.0
    [iter 3634962] reheat + diversify: ceiling=0.00, value=54471.0
    [iter 3640715] reheat + diversify: ceiling=0.00, value=43908.0
    [iter 3646468] reheat + diversify: ceiling=0.00, value=63990.0
    [iter 3652221] reheat + diversify: ceiling=0.00, value=46435.0
    [iter 3657974] reheat + diversify: ceiling=0.00, value=45941.0
    [iter 3663727] reheat + diversify: ceiling=0.00, value=82476.0
    [iter 3669480] reheat + diversify: ceiling=0.00, value=48658.0
    [iter 3675233] reheat + diversify: ceiling=0.00, value=73452.0
    [iter 3680986] reheat + diversify: ceiling=0.00, value=63989.0
    [iter 3686739] reheat + diversify: ceiling=0.00, value=53427.0
    [iter 3692492] reheat + diversify: ceiling=0.00, value=68683.0
    [iter 3698245] reheat + diversify: ceiling=0.00, value=63439.0
    [iter 3703998] reheat + diversify: ceiling=0.00, value=39653.0
    [iter 3709751] reheat + diversify: ceiling=0.00, value=63989.0
    [iter 3715504] reheat + diversify: ceiling=0.00, value=66022.0
    [iter 3721257] reheat + diversify: ceiling=0.00, value=31673.0
    [iter 3727010] reheat + diversify: ceiling=0.00, value=57701.0
    [iter 3732763] reheat + diversify: ceiling=0.00, value=51260.0
    [iter 3738516] reheat + diversify: ceiling=0.00, value=47974.0
    [iter 3744269] reheat + diversify: ceiling=0.00, value=70772.0
    [iter 3750022] reheat + diversify: ceiling=0.00, value=81982.0
    [iter 3755775] reheat + diversify: ceiling=0.00, value=59734.0
    [iter 3761528] reheat + diversify: ceiling=0.00, value=68758.0
    [iter 3767281] reheat + diversify: ceiling=0.00, value=59715.0
    [iter 3773034] reheat + diversify: ceiling=0.00, value=85534.0
    [iter 3778787] reheat + diversify: ceiling=0.00, value=66175.0
    [iter 3784540] reheat + diversify: ceiling=0.00, value=76738.0
    [iter 3790293] reheat + diversify: ceiling=0.00, value=41742.0
    [iter 3796046] reheat + diversify: ceiling=0.00, value=85534.0
    [iter 3801799] reheat + diversify: ceiling=0.00, value=56010.0
    [iter 3807552] reheat + diversify: ceiling=0.00, value=69233.0
    [iter 3813305] reheat + diversify: ceiling=0.00, value=81432.0
    [iter 3819058] reheat + diversify: ceiling=0.00, value=60931.0
    [iter 3824811] reheat + diversify: ceiling=0.00, value=46986.0
    [iter 3830564] reheat + diversify: ceiling=0.00, value=49171.0
    [iter 3836317] reheat + diversify: ceiling=0.00, value=65206.0
    [iter 3842070] reheat + diversify: ceiling=0.00, value=47480.0
    [iter 3847823] reheat + diversify: ceiling=0.00, value=41172.0
    [iter 3853576] reheat + diversify: ceiling=0.00, value=78751.0
    [iter 3859329] reheat + diversify: ceiling=0.00, value=54965.0
    [iter 3865082] reheat + diversify: ceiling=0.00, value=59240.0
    [iter 3870835] reheat + diversify: ceiling=0.00, value=53427.0
    [iter 3876588] reheat + diversify: ceiling=0.00, value=36917.0
    [iter 3882341] reheat + diversify: ceiling=0.00, value=84718.0
    [iter 3888094] reheat + diversify: ceiling=0.00, value=82304.0
    [iter 3893847] reheat + diversify: ceiling=0.00, value=56504.0
    [iter 3899600] reheat + diversify: ceiling=0.00, value=64484.0
    [iter 3905353] reheat + diversify: ceiling=0.00, value=50196.0
    [iter 3911106] reheat + diversify: ceiling=0.00, value=39653.0
    [iter 3916859] reheat + diversify: ceiling=0.00, value=45941.0
    [iter 3922612] reheat + diversify: ceiling=0.00, value=68683.0
    [iter 3928365] reheat + diversify: ceiling=0.00, value=40697.0
    [iter 3934118] reheat + diversify: ceiling=0.00, value=48677.0
    [iter 3939871] reheat + diversify: ceiling=0.00, value=50710.0
    [iter 3945624] reheat + diversify: ceiling=0.00, value=53427.0
    [iter 3951377] reheat + diversify: ceiling=0.00, value=32870.0
    [iter 3957130] reheat + diversify: ceiling=0.00, value=74002.0
    [iter 3962883] reheat + diversify: ceiling=0.00, value=59221.0
    [iter 3968636] reheat + diversify: ceiling=0.00, value=61406.0
    [iter 3974389] reheat + diversify: ceiling=0.00, value=57151.0
    [iter 3980142] reheat + diversify: ceiling=0.00, value=52229.0
    [iter 3985895] reheat + diversify: ceiling=0.00, value=76738.0
    [iter 3991648] reheat + diversify: ceiling=0.00, value=60759.0
    [iter 3997401] reheat + diversify: ceiling=0.00, value=78751.0
    [iter 4003154] reheat + diversify: ceiling=0.00, value=55459.0
    [iter 4008907] reheat + diversify: ceiling=0.00, value=72463.0
    [iter 4014660] reheat + diversify: ceiling=0.00, value=65472.0
    [iter 4020413] reheat + diversify: ceiling=0.00, value=76738.0
    [iter 4026166] reheat + diversify: ceiling=0.00, value=50690.0
    [iter 4031919] reheat + diversify: ceiling=0.00, value=56504.0
    [iter 4037672] reheat + diversify: ceiling=0.00, value=46435.0
    [iter 4043425] reheat + diversify: ceiling=0.00, value=39159.0
    [iter 4049178] reheat + diversify: ceiling=0.00, value=56657.0
    [iter 4054931] reheat + diversify: ceiling=0.00, value=66175.0
    [iter 4060684] reheat + diversify: ceiling=0.00, value=39653.0
    [iter 4066437] reheat + diversify: ceiling=0.00, value=33345.0
    [iter 4072190] reheat + diversify: ceiling=0.00, value=43358.0
    [iter 4077943] reheat + diversify: ceiling=0.00, value=42711.0
    [iter 4083696] reheat + diversify: ceiling=0.00, value=45466.0
    [iter 4089449] reheat + diversify: ceiling=0.00, value=72463.0
    [iter 4095202] reheat + diversify: ceiling=0.00, value=94236.0
    [iter 4100955] reheat + diversify: ceiling=0.00, value=41172.0
    [iter 4106708] reheat + diversify: ceiling=0.00, value=83995.0
    [iter 4112461] reheat + diversify: ceiling=0.00, value=45941.0
    [iter 4118214] reheat + diversify: ceiling=0.00, value=64483.0
    [iter 4123967] reheat + diversify: ceiling=0.00, value=52229.0
    [iter 4129720] reheat + diversify: ceiling=0.00, value=79796.0
    [iter 4135473] reheat + diversify: ceiling=0.00, value=48677.0
    [iter 4141226] reheat + diversify: ceiling=0.00, value=52229.0
    [iter 4146979] reheat + diversify: ceiling=0.00, value=43927.0
    [iter 4152732] reheat + diversify: ceiling=0.00, value=56010.0
    [iter 4158485] reheat + diversify: ceiling=0.00, value=74496.0
    [iter 4164238] reheat + diversify: ceiling=0.00, value=54415.0
    [iter 4169991] reheat + diversify: ceiling=0.00, value=37961.0
    [iter 4175744] reheat + diversify: ceiling=0.00, value=68683.0
    [iter 4181497] reheat + diversify: ceiling=0.00, value=42217.0
    [iter 4187250] reheat + diversify: ceiling=0.00, value=47480.0
    [iter 4193003] reheat + diversify: ceiling=0.00, value=42711.0
    [iter 4198756] reheat + diversify: ceiling=0.00, value=77554.0
    [iter 4204509] reheat + diversify: ceiling=0.00, value=57701.0
    [iter 4210262] reheat + diversify: ceiling=0.00, value=42711.0
    [iter 4216015] reheat + diversify: ceiling=0.00, value=39653.0
    [iter 4221768] reheat + diversify: ceiling=0.00, value=54415.0
    [iter 4227521] reheat + diversify: ceiling=0.00, value=44402.0
    [iter 4233274] reheat + diversify: ceiling=0.00, value=45447.0
    [iter 4239027] reheat + diversify: ceiling=0.00, value=53921.0
    [iter 4244780] reheat + diversify: ceiling=0.00, value=43433.0
    [iter 4250533] reheat + diversify: ceiling=0.00, value=63439.0
    [iter 4256286] reheat + diversify: ceiling=0.00, value=73508.0
    [iter 4262039] reheat + diversify: ceiling=0.00, value=67220.0
    [iter 4267792] reheat + diversify: ceiling=0.00, value=64958.0
    [iter 4273545] reheat + diversify: ceiling=0.00, value=63989.0
    [iter 4279298] reheat + diversify: ceiling=0.00, value=64978.0
    [iter 4285051] reheat + diversify: ceiling=0.00, value=51260.0
    [iter 4290804] reheat + diversify: ceiling=0.00, value=59221.0
    [iter 4296557] reheat + diversify: ceiling=0.00, value=76188.0
    [iter 4302310] reheat + diversify: ceiling=0.00, value=51907.0
    [iter 4308063] reheat + diversify: ceiling=0.00, value=62451.0
    [iter 4313816] reheat + diversify: ceiling=0.00, value=46435.0
    [iter 4319569] reheat + diversify: ceiling=0.00, value=60703.0
    [iter 4325322] reheat + diversify: ceiling=0.00, value=37962.0
    [iter 4331075] reheat + diversify: ceiling=0.00, value=59221.0
    [iter 4336828] reheat + diversify: ceiling=0.00, value=75521.0
    [iter 4342581] reheat + diversify: ceiling=0.00, value=55934.0
    [iter 4348334] reheat + diversify: ceiling=0.00, value=67220.0
    [iter 4354087] reheat + diversify: ceiling=0.00, value=61976.0
    [iter 4359840] reheat + diversify: ceiling=0.00, value=39159.0
    [iter 4365593] reheat + diversify: ceiling=0.00, value=58195.0
    [iter 4371346] reheat + diversify: ceiling=0.00, value=82798.0
    [iter 4377099] reheat + diversify: ceiling=0.00, value=44972.0
    [iter 4382852] reheat + diversify: ceiling=0.00, value=66175.0
    [iter 4388605] reheat + diversify: ceiling=0.00, value=82304.0
    [iter 4394358] reheat + diversify: ceiling=0.00, value=62945.0
    [iter 4400111] reheat + diversify: ceiling=0.00, value=49722.0
    [iter 4405864] reheat + diversify: ceiling=0.00, value=52229.0
    [iter 4411617] reheat + diversify: ceiling=0.00, value=39006.0
    [iter 4417370] reheat + diversify: ceiling=0.00, value=61254.0
    [iter 4423123] reheat + diversify: ceiling=0.00, value=55459.0
    [iter 4428876] reheat + diversify: ceiling=0.00, value=53921.0
    [iter 4434629] reheat + diversify: ceiling=0.00, value=46510.0
    [iter 4440382] reheat + diversify: ceiling=0.00, value=82798.0
    [iter 4446135] reheat + diversify: ceiling=0.00, value=82476.0
    [iter 4451888] reheat + diversify: ceiling=0.00, value=77232.0
    [iter 4457641] reheat + diversify: ceiling=0.00, value=49171.0
    [iter 4463394] reheat + diversify: ceiling=0.00, value=85040.0
    [iter 4469147] reheat + diversify: ceiling=0.00, value=79968.0
    [iter 4474900] reheat + diversify: ceiling=0.00, value=59734.0
    [iter 4480653] reheat + diversify: ceiling=0.00, value=82304.0
    [iter 4486406] reheat + diversify: ceiling=0.00, value=52402.0
    [iter 4492159] reheat + diversify: ceiling=0.00, value=62298.0
    [iter 4497912] reheat + diversify: ceiling=0.00, value=40697.0
    [iter 4503665] reheat + diversify: ceiling=0.00, value=54965.0
    [iter 4509418] reheat + diversify: ceiling=0.00, value=48183.0
    [iter 4515171] reheat + diversify: ceiling=0.00, value=58195.0
    [iter 4520924] reheat + diversify: ceiling=0.00, value=75199.0
    [iter 4526677] reheat + diversify: ceiling=0.00, value=58690.0
    [iter 4532430] reheat + diversify: ceiling=0.00, value=82476.0
    [iter 4538183] reheat + diversify: ceiling=0.00, value=67695.0
    [iter 4543936] reheat + diversify: ceiling=0.00, value=74002.0
    [iter 4549689] reheat + diversify: ceiling=0.00, value=45941.0
    [iter 4555442] reheat + diversify: ceiling=0.00, value=67714.0
    [iter 4561195] reheat + diversify: ceiling=0.00, value=75521.0
    [iter 4566948] reheat + diversify: ceiling=0.00, value=44402.0
    [iter 4572701] reheat + diversify: ceiling=0.00, value=34390.0
    [iter 4578454] reheat + diversify: ceiling=0.00, value=54471.0
    [iter 4584207] reheat + diversify: ceiling=0.00, value=70450.0
    [iter 4589960] reheat + diversify: ceiling=0.00, value=61253.0
    [iter 4595713] reheat + diversify: ceiling=0.00, value=80443.0
    [iter 4601466] reheat + diversify: ceiling=0.00, value=71266.0
    [iter 4607219] reheat + diversify: ceiling=0.00, value=45941.0
    [iter 4612972] reheat + diversify: ceiling=0.00, value=37961.0
    [iter 4618725] reheat + diversify: ceiling=0.00, value=43928.0
    [iter 4624478] reheat + diversify: ceiling=0.00, value=35378.0
    [iter 4630231] reheat + diversify: ceiling=0.00, value=72463.0
    [iter 4635984] reheat + diversify: ceiling=0.00, value=69727.0
    [iter 4641737] reheat + diversify: ceiling=0.00, value=64958.0
    [iter 4647490] reheat + diversify: ceiling=0.00, value=44972.0
    [iter 4653243] reheat + diversify: ceiling=0.00, value=51735.0
    [iter 4658996] reheat + diversify: ceiling=0.00, value=72235.0
    [iter 4664749] reheat + diversify: ceiling=0.00, value=55459.0
    [iter 4670502] reheat + diversify: ceiling=0.00, value=34903.0
    [iter 4676255] reheat + diversify: ceiling=0.00, value=49171.0
    [iter 4682008] reheat + diversify: ceiling=0.00, value=88270.0
    [iter 4687761] reheat + diversify: ceiling=0.00, value=35378.0
    [iter 4693514] reheat + diversify: ceiling=0.00, value=77060.0
    [iter 4699267] reheat + diversify: ceiling=0.00, value=69233.0
    [iter 4705020] reheat + diversify: ceiling=0.00, value=39159.0
    [iter 4710773] reheat + diversify: ceiling=0.00, value=64978.0
    [iter 4716526] reheat + diversify: ceiling=0.00, value=45941.0
    [iter 4722279] reheat + diversify: ceiling=0.00, value=74155.0
    [iter 4728032] reheat + diversify: ceiling=0.00, value=42711.0
    [iter 4733785] reheat + diversify: ceiling=0.00, value=50196.0
    [iter 4739538] reheat + diversify: ceiling=0.00, value=49721.0
    [iter 4745291] reheat + diversify: ceiling=0.00, value=65472.0
    [iter 4751044] reheat + diversify: ceiling=0.00, value=64978.0
    [iter 4756797] reheat + diversify: ceiling=0.00, value=53921.0
    [iter 4762550] reheat + diversify: ceiling=0.00, value=54965.0
    [iter 4768303] reheat + diversify: ceiling=0.00, value=51260.0
    [iter 4774056] reheat + diversify: ceiling=0.00, value=58670.0
    [iter 4779809] reheat + diversify: ceiling=0.00, value=66497.0
    [iter 4785562] reheat + diversify: ceiling=0.00, value=41172.0
    [iter 4791315] reheat + diversify: ceiling=0.00, value=71969.0
    [iter 4797068] reheat + diversify: ceiling=0.00, value=72463.0
    [iter 4802821] reheat + diversify: ceiling=0.00, value=64958.0
    [iter 4808574] reheat + diversify: ceiling=0.00, value=84718.0
    [iter 4814327] reheat + diversify: ceiling=0.00, value=64978.0
    [iter 4820080] reheat + diversify: ceiling=0.00, value=43908.0
    [iter 4825833] reheat + diversify: ceiling=0.00, value=44972.0
    [iter 4831586] reheat + diversify: ceiling=0.00, value=39159.0
    [iter 4837339] reheat + diversify: ceiling=0.00, value=66022.0
    [iter 4843092] reheat + diversify: ceiling=0.00, value=45447.0
    [iter 4848845] reheat + diversify: ceiling=0.00, value=33687.0
    [iter 4854598] reheat + diversify: ceiling=0.00, value=49171.0
    [iter 4860351] reheat + diversify: ceiling=0.00, value=69727.0
    [iter 4866104] reheat + diversify: ceiling=0.00, value=51735.0
    [iter 4871857] reheat + diversify: ceiling=0.00, value=73280.0
    [iter 4877610] reheat + diversify: ceiling=0.00, value=52229.0
    [iter 4883363] reheat + diversify: ceiling=0.00, value=63439.0
    [iter 4889116] reheat + diversify: ceiling=0.00, value=53921.0
    [iter 4894869] reheat + diversify: ceiling=0.00, value=79740.0
    [iter 4900622] reheat + diversify: ceiling=0.00, value=54946.0
    [iter 4906375] reheat + diversify: ceiling=0.00, value=74002.0
    [iter 4912128] reheat + diversify: ceiling=0.00, value=71419.0
    [iter 4917881] reheat + diversify: ceiling=0.00, value=43756.0
    [iter 4923634] reheat + diversify: ceiling=0.00, value=62945.0
    [iter 4929387] reheat + diversify: ceiling=0.00, value=79246.0
    [iter 4935140] reheat + diversify: ceiling=0.00, value=45447.0
    [iter 4940893] reheat + diversify: ceiling=0.00, value=49171.0
    [iter 4946646] reheat + diversify: ceiling=0.00, value=64483.0
    [iter 4952399] reheat + diversify: ceiling=0.00, value=59734.0
    [iter 4958152] reheat + diversify: ceiling=0.00, value=48658.0
    [iter 4963905] reheat + diversify: ceiling=0.00, value=65681.0
    [iter 4969658] reheat + diversify: ceiling=0.00, value=52780.0
    [iter 4975411] reheat + diversify: ceiling=0.00, value=54965.0
    [iter 4981164] reheat + diversify: ceiling=0.00, value=35929.0
    [iter 4986917] reheat + diversify: ceiling=0.00, value=53446.0
    [iter 4992670] reheat + diversify: ceiling=0.00, value=34390.0
    [iter 4998423] reheat + diversify: ceiling=0.00, value=61426.0
    [iter 5004176] reheat + diversify: ceiling=0.00, value=51735.0
    [iter 5009929] reheat + diversify: ceiling=0.00, value=62945.0
    [iter 5015682] reheat + diversify: ceiling=0.00, value=48677.0
    [iter 5021435] reheat + diversify: ceiling=0.00, value=59240.0
    [iter 5027188] reheat + diversify: ceiling=0.00, value=51679.0
    [iter 5032941] reheat + diversify: ceiling=0.00, value=46985.0
    [iter 5038694] reheat + diversify: ceiling=0.00, value=37961.0
    [iter 5044447] reheat + diversify: ceiling=0.00, value=59734.0
    [iter 5050200] reheat + diversify: ceiling=0.00, value=63439.0
    [iter 5055953] reheat + diversify: ceiling=0.00, value=44402.0
    [iter 5061706] reheat + diversify: ceiling=0.00, value=38684.0
    [iter 5067459] reheat + diversify: ceiling=0.00, value=34409.0
    [iter 5073212] reheat + diversify: ceiling=0.00, value=64978.0
    [iter 5078965] reheat + diversify: ceiling=0.00, value=64978.0
    [iter 5084718] reheat + diversify: ceiling=0.00, value=41666.0
    [iter 5090471] reheat + diversify: ceiling=0.00, value=50691.0
    [iter 5096224] reheat + diversify: ceiling=0.00, value=76015.0
    [iter 5101977] reheat + diversify: ceiling=0.00, value=79740.0
    [iter 5107730] reheat + diversify: ceiling=0.00, value=45447.0
    [iter 5113483] reheat + diversify: ceiling=0.00, value=66175.0
    [iter 5119236] reheat + diversify: ceiling=0.00, value=34390.0
    [iter 5124989] reheat + diversify: ceiling=0.00, value=59734.0
    [iter 5130742] reheat + diversify: ceiling=0.00, value=58690.0
    [iter 5136495] reheat + diversify: ceiling=0.00, value=63439.0
    [iter 5142248] reheat + diversify: ceiling=0.00, value=74971.0
    [iter 5148001] reheat + diversify: ceiling=0.00, value=37961.0
    [iter 5153754] reheat + diversify: ceiling=0.00, value=42236.0
    [iter 5159507] reheat + diversify: ceiling=0.00, value=64484.0
    [iter 5165260] reheat + diversify: ceiling=0.00, value=57701.0
    [iter 5171013] reheat + diversify: ceiling=0.00, value=59714.0
    [iter 5176766] reheat + diversify: ceiling=0.00, value=65947.0
    [iter 5182519] reheat + diversify: ceiling=0.00, value=67714.0
    [iter 5188272] reheat + diversify: ceiling=0.00, value=79246.0
    [iter 5194025] reheat + diversify: ceiling=0.00, value=52458.0
    [iter 5199778] reheat + diversify: ceiling=0.00, value=63439.0
    [iter 5205531] reheat + diversify: ceiling=0.00, value=64484.0
    [iter 5211284] reheat + diversify: ceiling=0.00, value=81982.0
    [iter 5217037] reheat + diversify: ceiling=0.00, value=74971.0
    [iter 5222790] reheat + diversify: ceiling=0.00, value=49722.0
    [iter 5228543] reheat + diversify: ceiling=0.00, value=45447.0
    [iter 5234296] reheat + diversify: ceiling=0.00, value=64484.0
    [iter 5240049] reheat + diversify: ceiling=0.00, value=63989.0
    [iter 5245802] reheat + diversify: ceiling=0.00, value=71266.0
    [iter 5251555] reheat + diversify: ceiling=0.00, value=51907.0
    [iter 5257308] reheat + diversify: ceiling=0.00, value=45619.0
    [iter 5263061] reheat + diversify: ceiling=0.00, value=62945.0
    [iter 5268814] reheat + diversify: ceiling=0.00, value=68208.0
    [iter 5274567] reheat + diversify: ceiling=0.00, value=68739.0
    [iter 5280320] reheat + diversify: ceiling=0.00, value=85040.0
    [iter 5286073] reheat + diversify: ceiling=0.00, value=42236.0
    [iter 5291826] reheat + diversify: ceiling=0.00, value=78751.0
    [iter 5297579] reheat + diversify: ceiling=0.00, value=45941.0
    [iter 5303332] reheat + diversify: ceiling=0.00, value=57151.0
    [iter 5309085] reheat + diversify: ceiling=0.00, value=57473.0
    [iter 5314838] reheat + diversify: ceiling=0.00, value=76738.0
    [iter 5320591] reheat + diversify: ceiling=0.00, value=65472.0
    [iter 5326344] reheat + diversify: ceiling=0.00, value=45941.0
    [iter 5332097] reheat + diversify: ceiling=0.00, value=52952.0
    [iter 5337850] reheat + diversify: ceiling=0.00, value=54262.0
    [iter 5343603] reheat + diversify: ceiling=0.00, value=83520.0
    [iter 5349356] reheat + diversify: ceiling=0.00, value=88270.0
    [iter 5355109] reheat + diversify: ceiling=0.00, value=52382.0
    [iter 5360862] reheat + diversify: ceiling=0.00, value=67220.0
    [iter 5366615] reheat + diversify: ceiling=0.00, value=59734.0
    [iter 5372368] reheat + diversify: ceiling=0.00, value=67714.0
    [iter 5378121] reheat + diversify: ceiling=0.00, value=59715.0
    [iter 5383874] reheat + diversify: ceiling=0.00, value=45447.0
    [iter 5389627] reheat + diversify: ceiling=0.00, value=65528.0
    [iter 5395380] reheat + diversify: ceiling=0.00, value=50216.0
    [iter 5401133] reheat + diversify: ceiling=0.00, value=81982.0
    [iter 5406886] reheat + diversify: ceiling=0.00, value=62945.0
    [iter 5412639] reheat + diversify: ceiling=0.00, value=45941.0
    [iter 5418392] reheat + diversify: ceiling=0.00, value=85212.0
    [iter 5424145] reheat + diversify: ceiling=0.00, value=74002.0
    [iter 5429898] reheat + diversify: ceiling=0.00, value=59240.0
    [iter 5435651] reheat + diversify: ceiling=0.00, value=45447.0
    [iter 5441404] reheat + diversify: ceiling=0.00, value=39159.0
    [iter 5447157] reheat + diversify: ceiling=0.00, value=55459.0
    [iter 5452910] reheat + diversify: ceiling=0.00, value=66175.0
    [iter 5458663] reheat + diversify: ceiling=0.00, value=62395.0
    [iter 5464416] reheat + diversify: ceiling=0.00, value=71266.0
    [iter 5470169] reheat + diversify: ceiling=0.00, value=60703.0
    [iter 5475922] reheat + diversify: ceiling=0.00, value=48183.0
    [iter 5481675] reheat + diversify: ceiling=0.00, value=49171.0
    [iter 5487428] reheat + diversify: ceiling=0.00, value=76510.0
    [iter 5493181] reheat + diversify: ceiling=0.00, value=79246.0
    [iter 5498934] reheat + diversify: ceiling=0.00, value=45466.0
    [iter 5504687] reheat + diversify: ceiling=0.00, value=34903.0
    [iter 5510440] reheat + diversify: ceiling=0.00, value=64484.0
    [iter 5516193] reheat + diversify: ceiling=0.00, value=41172.0
    [iter 5521946] reheat + diversify: ceiling=0.00, value=54965.0
    [iter 5527699] reheat + diversify: ceiling=0.00, value=41742.0
    [iter 5533452] reheat + diversify: ceiling=0.00, value=90456.0
    [iter 5539205] reheat + diversify: ceiling=0.00, value=65528.0
    [iter 5544958] reheat + diversify: ceiling=0.00, value=43908.0
    [iter 5550711] reheat + diversify: ceiling=0.00, value=78751.0
    [iter 5556464] reheat + diversify: ceiling=0.00, value=44402.0
    [iter 5562217] reheat + diversify: ceiling=0.00, value=63439.0
    [iter 5567970] reheat + diversify: ceiling=0.00, value=53274.0
    [iter 5573723] reheat + diversify: ceiling=0.00, value=34409.0
    [iter 5579476] reheat + diversify: ceiling=0.00, value=88764.0
    [iter 5585229] reheat + diversify: ceiling=0.00, value=78751.0
    [iter 5590982] reheat + diversify: ceiling=0.00, value=51907.0
    [iter 5596735] reheat + diversify: ceiling=0.00, value=61253.0
    [iter 5602488] reheat + diversify: ceiling=0.00, value=74971.0
    [iter 5608241] reheat + diversify: ceiling=0.00, value=55459.0
    [iter 5613994] reheat + diversify: ceiling=0.00, value=64978.0
    [iter 5619747] reheat + diversify: ceiling=0.00, value=59734.0
    [iter 5625500] reheat + diversify: ceiling=0.00, value=57701.0
    [iter 5631253] reheat + diversify: ceiling=0.00, value=49171.0
    [iter 5637006] reheat + diversify: ceiling=0.00, value=63439.0
    [iter 5642759] reheat + diversify: ceiling=0.00, value=63439.0
    [iter 5648512] reheat + diversify: ceiling=0.00, value=51907.0
    [iter 5654265] reheat + diversify: ceiling=0.00, value=65700.0
    [iter 5660018] reheat + diversify: ceiling=0.00, value=71419.0
    [iter 5665771] reheat + diversify: ceiling=0.00, value=34390.0
    [iter 5671524] reheat + diversify: ceiling=0.00, value=82304.0
    [iter 5677277] reheat + diversify: ceiling=0.00, value=28443.0
    [iter 5683030] reheat + diversify: ceiling=0.00, value=31673.0
    [iter 5688783] reheat + diversify: ceiling=0.00, value=30134.0
    [iter 5694536] reheat + diversify: ceiling=0.00, value=49171.0
    [iter 5700289] reheat + diversify: ceiling=0.00, value=69727.0
    [iter 5706042] reheat + diversify: ceiling=0.00, value=69727.0
    [iter 5711795] reheat + diversify: ceiling=0.00, value=48677.0
    [iter 5717548] reheat + diversify: ceiling=0.00, value=62945.0
    [iter 5723301] reheat + diversify: ceiling=0.00, value=65947.0
    [iter 5729054] reheat + diversify: ceiling=0.00, value=47138.0
    [iter 5734807] reheat + diversify: ceiling=0.00, value=51735.0
    [iter 5740560] reheat + diversify: ceiling=0.00, value=42711.0
    [iter 5746313] reheat + diversify: ceiling=0.00, value=62945.0
    [iter 5752066] reheat + diversify: ceiling=0.00, value=63439.0
    [iter 5757819] reheat + diversify: ceiling=0.00, value=44402.0
    [iter 5763572] reheat + diversify: ceiling=0.00, value=74496.0
    [iter 5769325] reheat + diversify: ceiling=0.00, value=41666.0
    [iter 5775078] reheat + diversify: ceiling=0.00, value=59734.0
    [iter 5780831] reheat + diversify: ceiling=0.00, value=56010.0
    [iter 5786584] reheat + diversify: ceiling=0.00, value=34409.0
    [iter 5792337] reheat + diversify: ceiling=0.00, value=51260.0
    [iter 5798090] reheat + diversify: ceiling=0.00, value=58690.0
    [iter 5803843] reheat + diversify: ceiling=0.00, value=41666.0
    [iter 5809596] reheat + diversify: ceiling=0.00, value=67220.0
    [iter 5815349] reheat + diversify: ceiling=0.00, value=34390.0
    [iter 5821102] reheat + diversify: ceiling=0.00, value=53768.0
    [iter 5826855] reheat + diversify: ceiling=0.00, value=70450.0
    [iter 5832608] reheat + diversify: ceiling=0.00, value=67714.0
    [iter 5838361] reheat + diversify: ceiling=0.00, value=88764.0
    [iter 5844114] reheat + diversify: ceiling=0.00, value=40147.0
    [iter 5849867] reheat + diversify: ceiling=0.00, value=66726.0
    [iter 5855620] reheat + diversify: ceiling=0.00, value=36917.0
    [iter 5861373] reheat + diversify: ceiling=0.00, value=61254.0
    [iter 5867126] reheat + diversify: ceiling=0.00, value=72958.0
    [iter 5872879] reheat + diversify: ceiling=0.00, value=37620.0
    [iter 5878632] reheat + diversify: ceiling=0.00, value=56504.0
    [iter 5884385] reheat + diversify: ceiling=0.00, value=72463.0
    [iter 5890138] reheat + diversify: ceiling=0.00, value=40697.0
    [iter 5895891] reheat + diversify: ceiling=0.00, value=56504.0
    [iter 5901644] reheat + diversify: ceiling=0.00, value=67714.0
    [iter 5907397] reheat + diversify: ceiling=0.00, value=63989.0
    [iter 5913150] reheat + diversify: ceiling=0.00, value=49171.0
    [iter 5918903] reheat + diversify: ceiling=0.00, value=72958.0
    [iter 5924656] reheat + diversify: ceiling=0.00, value=50863.0
    [iter 5930409] reheat + diversify: ceiling=0.00, value=45447.0
    [iter 5936162] reheat + diversify: ceiling=0.00, value=55459.0
    [iter 5941915] reheat + diversify: ceiling=0.00, value=48677.0
    [iter 5947668] reheat + diversify: ceiling=0.00, value=66175.0
    [iter 5953421] reheat + diversify: ceiling=0.00, value=67694.0
    [iter 5959174] reheat + diversify: ceiling=0.00, value=52229.0
    [iter 5964927] reheat + diversify: ceiling=0.00, value=50710.0
    [iter 5970680] reheat + diversify: ceiling=0.00, value=72463.0
    [iter 5976433] reheat + diversify: ceiling=0.00, value=69233.0
    [iter 5982186] reheat + diversify: ceiling=0.00, value=54471.0
    [iter 5987939] reheat + diversify: ceiling=0.00, value=54965.0
    [iter 5993692] reheat + diversify: ceiling=0.00, value=68683.0
    [iter 5999445] reheat + diversify: ceiling=0.00, value=58196.0
    [iter 6005198] reheat + diversify: ceiling=0.00, value=36917.0
    [iter 6010951] reheat + diversify: ceiling=0.00, value=32642.0
    [iter 6016704] reheat + diversify: ceiling=0.00, value=49171.0
    [iter 6022457] reheat + diversify: ceiling=0.00, value=39159.0
    [iter 6028210] reheat + diversify: ceiling=0.00, value=81259.0
    [iter 6033963] reheat + diversify: ceiling=0.00, value=41172.0
    [iter 6039716] reheat + diversify: ceiling=0.00, value=41191.0
    [iter 6045469] reheat + diversify: ceiling=0.00, value=61748.0
    [iter 6051222] reheat + diversify: ceiling=0.00, value=66991.0
    [iter 6056975] reheat + diversify: ceiling=0.00, value=75694.0
    [iter 6062728] reheat + diversify: ceiling=0.00, value=54965.0
    [iter 6068481] reheat + diversify: ceiling=0.00, value=50710.0
    [iter 6074234] reheat + diversify: ceiling=0.00, value=68683.0
    [iter 6079987] reheat + diversify: ceiling=0.00, value=41172.0
    [iter 6085740] reheat + diversify: ceiling=0.00, value=56998.0
    [iter 6091493] reheat + diversify: ceiling=0.00, value=51735.0
    [iter 6097246] reheat + diversify: ceiling=0.00, value=37962.0
    [iter 6102999] reheat + diversify: ceiling=0.00, value=77232.0
    [iter 6108752] reheat + diversify: ceiling=0.00, value=53921.0
    [iter 6114505] reheat + diversify: ceiling=0.00, value=32642.0
    [iter 6120258] reheat + diversify: ceiling=0.00, value=64978.0
    [iter 6126011] reheat + diversify: ceiling=0.00, value=88270.0
    [iter 6131764] reheat + diversify: ceiling=0.00, value=45941.0
    [iter 6137517] reheat + diversify: ceiling=0.00, value=65700.0
    [iter 6143270] reheat + diversify: ceiling=0.00, value=50216.0
    [iter 6149023] reheat + diversify: ceiling=0.00, value=63439.0
    [iter 6154776] reheat + diversify: ceiling=0.00, value=72463.0
    [iter 6160529] reheat + diversify: ceiling=0.00, value=58670.0
    [iter 6166282] reheat + diversify: ceiling=0.00, value=85040.0
    [iter 6172035] reheat + diversify: ceiling=0.00, value=77060.0
    [iter 6177788] reheat + diversify: ceiling=0.00, value=44402.0
    [iter 6183541] reheat + diversify: ceiling=0.00, value=70431.0
    [iter 6189294] reheat + diversify: ceiling=0.00, value=62945.0
    [iter 6195047] reheat + diversify: ceiling=0.00, value=54965.0
    [iter 6200800] reheat + diversify: ceiling=0.00, value=61406.0
    [iter 6206553] reheat + diversify: ceiling=0.00, value=65206.0
    [iter 6212306] reheat + diversify: ceiling=0.00, value=52402.0
    [iter 6218059] reheat + diversify: ceiling=0.00, value=54965.0
    [iter 6223812] reheat + diversify: ceiling=0.00, value=44897.0
    [iter 6229565] reheat + diversify: ceiling=0.00, value=76738.0
    [iter 6235318] reheat + diversify: ceiling=0.00, value=68208.0
    [iter 6241071] reheat + diversify: ceiling=0.00, value=43908.0
    [iter 6246824] reheat + diversify: ceiling=0.00, value=53921.0
    [iter 6252577] reheat + diversify: ceiling=0.00, value=39633.0
    [iter 6258330] reheat + diversify: ceiling=0.00, value=46986.0
    [iter 6264083] reheat + diversify: ceiling=0.00, value=72958.0
    [iter 6269836] reheat + diversify: ceiling=0.00, value=86731.0
    [iter 6275589] reheat + diversify: ceiling=0.00, value=48677.0
    [iter 6281342] reheat + diversify: ceiling=0.00, value=71494.0
    [iter 6287095] reheat + diversify: ceiling=0.00, value=60759.0
    [iter 6292848] reheat + diversify: ceiling=0.00, value=59734.0
    [iter 6298601] reheat + diversify: ceiling=0.00, value=73508.0
    [iter 6304354] reheat + diversify: ceiling=0.00, value=57701.0
    [iter 6310107] reheat + diversify: ceiling=0.00, value=60703.0
    [iter 6315860] reheat + diversify: ceiling=0.00, value=53921.0
    [iter 6321613] reheat + diversify: ceiling=0.00, value=39653.0
    [iter 6327366] reheat + diversify: ceiling=0.00, value=60703.0
    [iter 6333119] reheat + diversify: ceiling=0.00, value=83026.0
    [iter 6338872] reheat + diversify: ceiling=0.00, value=79246.0
    [iter 6344625] reheat + diversify: ceiling=0.00, value=54965.0
    [iter 6350378] reheat + diversify: ceiling=0.00, value=44972.0
    [iter 6356131] reheat + diversify: ceiling=0.00, value=56010.0
    [iter 6361884] reheat + diversify: ceiling=0.00, value=81982.0
    [iter 6367637] reheat + diversify: ceiling=0.00, value=45447.0
    [iter 6373390] reheat + diversify: ceiling=0.00, value=49171.0
    [iter 6379143] reheat + diversify: ceiling=0.00, value=67714.0
    [iter 6384896] reheat + diversify: ceiling=0.00, value=45922.0
    [iter 6390649] reheat + diversify: ceiling=0.00, value=54965.0
    [iter 6396402] reheat + diversify: ceiling=0.00, value=69727.0
    [iter 6402155] reheat + diversify: ceiling=0.00, value=54471.0
    [iter 6407908] reheat + diversify: ceiling=0.00, value=44972.0
    [iter 6413661] reheat + diversify: ceiling=0.00, value=74971.0
    [iter 6419414] reheat + diversify: ceiling=0.00, value=62945.0
    [iter 6425167] reheat + diversify: ceiling=0.00, value=77060.0
    [iter 6430920] reheat + diversify: ceiling=0.00, value=67220.0
    [iter 6436673] reheat + diversify: ceiling=0.00, value=54946.0
    [iter 6442426] reheat + diversify: ceiling=0.00, value=81982.0
    [iter 6448179] reheat + diversify: ceiling=0.00, value=74971.0
    [iter 6453932] reheat + diversify: ceiling=0.00, value=52229.0
    [iter 6459685] reheat + diversify: ceiling=0.00, value=85040.0
    [iter 6465438] reheat + diversify: ceiling=0.00, value=47480.0
    [iter 6471191] reheat + diversify: ceiling=0.00, value=66497.0
    [iter 6476944] reheat + diversify: ceiling=0.00, value=57473.0
    [iter 6482697] reheat + diversify: ceiling=0.00, value=31673.0
    [iter 6488450] reheat + diversify: ceiling=0.00, value=79968.0
    [iter 6494203] reheat + diversify: ceiling=0.00, value=42217.0
    [iter 6499956] reheat + diversify: ceiling=0.00, value=71969.0
    [iter 6505709] reheat + diversify: ceiling=0.00, value=48183.0
    [iter 6511462] reheat + diversify: ceiling=0.00, value=41666.0
    [iter 6517215] reheat + diversify: ceiling=0.00, value=52382.0
    [iter 6522968] reheat + diversify: ceiling=0.00, value=68758.0
    [iter 6528721] reheat + diversify: ceiling=0.00, value=63439.0
    [iter 6534474] reheat + diversify: ceiling=0.00, value=45466.0
    [iter 6540227] reheat + diversify: ceiling=0.00, value=80784.0
    [iter 6545980] reheat + diversify: ceiling=0.00, value=41742.0
    [iter 6551733] reheat + diversify: ceiling=0.00, value=73508.0
    [iter 6557486] reheat + diversify: ceiling=0.00, value=45941.0
    [iter 6563239] reheat + diversify: ceiling=0.00, value=45447.0
    [iter 6568992] reheat + diversify: ceiling=0.00, value=54965.0
    [iter 6574745] reheat + diversify: ceiling=0.00, value=83026.0
    [iter 6580498] reheat + diversify: ceiling=0.00, value=72463.0
    [iter 6586251] reheat + diversify: ceiling=0.00, value=44402.0
    [iter 6592004] reheat + diversify: ceiling=0.00, value=96744.0
    [iter 6597757] reheat + diversify: ceiling=0.00, value=67714.0
    [iter 6603510] reheat + diversify: ceiling=0.00, value=70450.0
    [iter 6609263] reheat + diversify: ceiling=0.00, value=46967.0
    [iter 6615016] reheat + diversify: ceiling=0.00, value=59240.0
    [iter 6620769] reheat + diversify: ceiling=0.00, value=72958.0
    [iter 6626522] reheat + diversify: ceiling=0.00, value=56657.0
    [iter 6632275] reheat + diversify: ceiling=0.00, value=91006.0
    [iter 6638028] reheat + diversify: ceiling=0.00, value=49722.0
    [iter 6643781] reheat + diversify: ceiling=0.00, value=37467.0
    [iter 6649534] reheat + diversify: ceiling=0.00, value=49171.0
    [iter 6655287] reheat + diversify: ceiling=0.00, value=60703.0
    [iter 6661040] reheat + diversify: ceiling=0.00, value=59715.0
    [iter 6666793] reheat + diversify: ceiling=0.00, value=45447.0
    [iter 6672546] reheat + diversify: ceiling=0.00, value=59221.0
    [iter 6678299] reheat + diversify: ceiling=0.00, value=55459.0
    [iter 6684052] reheat + diversify: ceiling=0.00, value=57701.0
    [iter 6689805] reheat + diversify: ceiling=0.00, value=53768.0
    [iter 6695558] reheat + diversify: ceiling=0.00, value=88270.0
    [iter 6701311] reheat + diversify: ceiling=0.00, value=48677.0
    [iter 6707064] reheat + diversify: ceiling=0.00, value=59734.0
    [iter 6712817] reheat + diversify: ceiling=0.00, value=62945.0
    [iter 6718570] reheat + diversify: ceiling=0.00, value=70772.0
    [iter 6724323] reheat + diversify: ceiling=0.00, value=49171.0
    [iter 6730076] reheat + diversify: ceiling=0.00, value=56504.0
    [iter 6735829] reheat + diversify: ceiling=0.00, value=74002.0
    [iter 6741582] reheat + diversify: ceiling=0.00, value=44402.0
    [iter 6747335] reheat + diversify: ceiling=0.00, value=62242.0
    [iter 6753088] reheat + diversify: ceiling=0.00, value=77707.0
    [iter 6758841] reheat + diversify: ceiling=0.00, value=58195.0
    [iter 6764594] reheat + diversify: ceiling=0.00, value=54965.0
    [iter 6770347] reheat + diversify: ceiling=0.00, value=70222.0
    [iter 6776100] reheat + diversify: ceiling=0.00, value=51679.0
    [iter 6781853] reheat + diversify: ceiling=0.00, value=57701.0
    [iter 6787606] reheat + diversify: ceiling=0.00, value=41666.0
    [iter 6793359] reheat + diversify: ceiling=0.00, value=39653.0
    [iter 6799112] reheat + diversify: ceiling=0.00, value=57701.0
    [iter 6804865] reheat + diversify: ceiling=0.00, value=57701.0
    [iter 6810618] reheat + diversify: ceiling=0.00, value=42389.0
    [iter 6816371] reheat + diversify: ceiling=0.00, value=48677.0
    [iter 6822124] reheat + diversify: ceiling=0.00, value=35929.0
    [iter 6827877] reheat + diversify: ceiling=0.00, value=50710.0
    [iter 6833630] reheat + diversify: ceiling=0.00, value=88764.0
    [iter 6839383] reheat + diversify: ceiling=0.00, value=56504.0
    [iter 6845136] reheat + diversify: ceiling=0.00, value=34903.0
    [iter 6850889] reheat + diversify: ceiling=0.00, value=48030.0
    [iter 6856642] reheat + diversify: ceiling=0.00, value=63439.0
    [iter 6862395] reheat + diversify: ceiling=0.00, value=90456.0
    [iter 6868148] reheat + diversify: ceiling=0.00, value=64978.0
    [iter 6873901] reheat + diversify: ceiling=0.00, value=93514.0
    [iter 6879654] reheat + diversify: ceiling=0.00, value=45941.0
    [iter 6885407] reheat + diversify: ceiling=0.00, value=84718.0
    [iter 6891160] reheat + diversify: ceiling=0.00, value=37961.0
    [iter 6896913] reheat + diversify: ceiling=0.00, value=79740.0
    [iter 6902666] reheat + diversify: ceiling=0.00, value=70450.0
    [iter 6908419] reheat + diversify: ceiling=0.00, value=73280.0
    [iter 6914172] reheat + diversify: ceiling=0.00, value=51754.0
    [iter 6919925] reheat + diversify: ceiling=0.00, value=70450.0
    [iter 6925678] reheat + diversify: ceiling=0.00, value=62945.0
    [iter 6931431] reheat + diversify: ceiling=0.00, value=64484.0
    [iter 6937184] reheat + diversify: ceiling=0.00, value=48183.0
    [iter 6942937] reheat + diversify: ceiling=0.00, value=55954.0
    [iter 6948690] reheat + diversify: ceiling=0.00, value=62945.0
    [iter 6954443] reheat + diversify: ceiling=0.00, value=73452.0
    [iter 6960196] reheat + diversify: ceiling=0.00, value=67714.0
    [iter 6965949] reheat + diversify: ceiling=0.00, value=77232.0
    [iter 6971702] reheat + diversify: ceiling=0.00, value=48677.0
    [iter 6977455] reheat + diversify: ceiling=0.00, value=59221.0
    [iter 6983208] reheat + diversify: ceiling=0.00, value=34884.0
    [iter 6988961] reheat + diversify: ceiling=0.00, value=67694.0
    [iter 6994714] reheat + diversify: ceiling=0.00, value=68264.0
    [iter 7000467] reheat + diversify: ceiling=0.00, value=34409.0
    [iter 7006220] reheat + diversify: ceiling=0.00, value=55954.0
    [iter 7011973] reheat + diversify: ceiling=0.00, value=66175.0
    [iter 7017726] reheat + diversify: ceiling=0.00, value=50369.0
    [iter 7023479] reheat + diversify: ceiling=0.00, value=44897.0
    [iter 7029232] reheat + diversify: ceiling=0.00, value=52723.0
    [iter 7034985] reheat + diversify: ceiling=0.00, value=70944.0
    [iter 7040738] reheat + diversify: ceiling=0.00, value=77707.0
    [iter 7046491] reheat + diversify: ceiling=0.00, value=58195.0
    [iter 7052244] reheat + diversify: ceiling=0.00, value=81982.0
    [iter 7057997] reheat + diversify: ceiling=0.00, value=45447.0
    [iter 7063750] reheat + diversify: ceiling=0.00, value=38114.0
    [iter 7069503] reheat + diversify: ceiling=0.00, value=31179.0
    [iter 7075256] reheat + diversify: ceiling=0.00, value=72958.0
    [iter 7081009] reheat + diversify: ceiling=0.00, value=72958.0
    [iter 7086762] reheat + diversify: ceiling=0.00, value=79246.0
    [iter 7092515] reheat + diversify: ceiling=0.00, value=32148.0
    [iter 7098268] reheat + diversify: ceiling=0.00, value=64978.0
    [iter 7104021] reheat + diversify: ceiling=0.00, value=62945.0
    [iter 7109774] reheat + diversify: ceiling=0.00, value=76188.0
    [iter 7115527] reheat + diversify: ceiling=0.00, value=52382.0
    [iter 7121280] reheat + diversify: ceiling=0.00, value=58690.0
    [iter 7127033] reheat + diversify: ceiling=0.00, value=34409.0
    [iter 7132786] reheat + diversify: ceiling=0.00, value=56998.0
    [iter 7138539] reheat + diversify: ceiling=0.00, value=57701.0
    [iter 7144292] reheat + diversify: ceiling=0.00, value=62945.0
    [iter 7150045] reheat + diversify: ceiling=0.00, value=48677.0
    [iter 7155798] reheat + diversify: ceiling=0.00, value=61406.0
    [iter 7161551] reheat + diversify: ceiling=0.00, value=64484.0
    [iter 7167304] reheat + diversify: ceiling=0.00, value=63439.0
    [iter 7173057] reheat + diversify: ceiling=0.00, value=69727.0
    [iter 7178810] reheat + diversify: ceiling=0.00, value=67714.0
    [iter 7184563] reheat + diversify: ceiling=0.00, value=72463.0
    [iter 7190316] reheat + diversify: ceiling=0.00, value=54965.0
    [iter 7196069] reheat + diversify: ceiling=0.00, value=63439.0
    [iter 7201822] reheat + diversify: ceiling=0.00, value=48677.0
    [iter 7207575] reheat + diversify: ceiling=0.00, value=74002.0
    [iter 7213328] reheat + diversify: ceiling=0.00, value=49171.0
    [iter 7219081] reheat + diversify: ceiling=0.00, value=63990.0
    [iter 7224834] reheat + diversify: ceiling=0.00, value=56010.0
    [iter 7230587] reheat + diversify: ceiling=0.00, value=53427.0
    [iter 7236340] reheat + diversify: ceiling=0.00, value=56504.0
    [iter 7242093] reheat + diversify: ceiling=0.00, value=76244.0
    [iter 7247846] reheat + diversify: ceiling=0.00, value=48677.0
    [iter 7253599] reheat + diversify: ceiling=0.00, value=42711.0
    [iter 7259352] reheat + diversify: ceiling=0.00, value=80271.0
    [iter 7265105] reheat + diversify: ceiling=0.00, value=45447.0
    [iter 7270858] reheat + diversify: ceiling=0.00, value=82476.0
    [iter 7276611] reheat + diversify: ceiling=0.00, value=64484.0
    [iter 7282364] reheat + diversify: ceiling=0.00, value=57701.0
    [iter 7288117] reheat + diversify: ceiling=0.00, value=86731.0
    [iter 7293870] reheat + diversify: ceiling=0.00, value=58195.0
    [iter 7299623] reheat + diversify: ceiling=0.00, value=51907.0
    [iter 7305376] reheat + diversify: ceiling=0.00, value=64978.0
    [iter 7311129] reheat + diversify: ceiling=0.00, value=49171.0
    [iter 7316882] reheat + diversify: ceiling=0.00, value=56998.0
    [iter 7322635] reheat + diversify: ceiling=0.00, value=56657.0
    [iter 7328388] reheat + diversify: ceiling=0.00, value=44402.0
    [iter 7334141] reheat + diversify: ceiling=0.00, value=39653.0
    [iter 7339894] reheat + diversify: ceiling=0.00, value=57226.0
    [iter 7345647] reheat + diversify: ceiling=0.00, value=72958.0
    [iter 7351400] reheat + diversify: ceiling=0.00, value=59012.0
    [iter 7357153] reheat + diversify: ceiling=0.00, value=82304.0
    [iter 7362906] reheat + diversify: ceiling=0.00, value=74971.0
    [iter 7368659] reheat + diversify: ceiling=0.00, value=44897.0
    [iter 7374412] reheat + diversify: ceiling=0.00, value=57701.0
    [iter 7380165] reheat + diversify: ceiling=0.00, value=68911.0
    [iter 7385918] reheat + diversify: ceiling=0.00, value=65528.0
    [iter 7391671] reheat + diversify: ceiling=0.00, value=55459.0
    [iter 7397424] reheat + diversify: ceiling=0.00, value=39159.0
    [iter 7403177] reheat + diversify: ceiling=0.00, value=61920.0
    [iter 7408930] reheat + diversify: ceiling=0.00, value=59734.0
    [iter 7414683] reheat + diversify: ceiling=0.00, value=63439.0
    [iter 7420436] reheat + diversify: ceiling=0.00, value=101988.0
    [iter 7426189] reheat + diversify: ceiling=0.00, value=73508.0
    [iter 7431942] reheat + diversify: ceiling=0.00, value=68683.0
    [iter 7437695] reheat + diversify: ceiling=0.00, value=40697.0
    [iter 7443448] reheat + diversify: ceiling=0.00, value=88270.0
    [iter 7449201] reheat + diversify: ceiling=0.00, value=81982.0
    [iter 7454954] reheat + diversify: ceiling=0.00, value=87720.0
    [iter 7460707] reheat + diversify: ceiling=0.00, value=101988.0
    [iter 7466460] reheat + diversify: ceiling=0.00, value=36422.0
    [iter 7472213] reheat + diversify: ceiling=0.00, value=51241.0
    [iter 7477966] reheat + diversify: ceiling=0.00, value=50690.0
    [iter 7483719] reheat + diversify: ceiling=0.00, value=82304.0
    [iter 7489472] reheat + diversify: ceiling=0.00, value=43908.0
    [iter 7495225] reheat + diversify: ceiling=0.00, value=63439.0
    [iter 7500978] reheat + diversify: ceiling=0.00, value=48677.0
    [iter 7506731] reheat + diversify: ceiling=0.00, value=41191.0
    [iter 7512484] reheat + diversify: ceiling=0.00, value=51679.0
    [iter 7518237] reheat + diversify: ceiling=0.00, value=58196.0
    [iter 7523990] reheat + diversify: ceiling=0.00, value=61748.0
    [iter 7529743] reheat + diversify: ceiling=0.00, value=44972.0
    [iter 7535496] reheat + diversify: ceiling=0.00, value=71266.0
    [iter 7541249] reheat + diversify: ceiling=0.00, value=64978.0
    [iter 7547002] reheat + diversify: ceiling=0.00, value=45941.0
    [iter 7552755] reheat + diversify: ceiling=0.00, value=59887.0
    [iter 7558508] reheat + diversify: ceiling=0.00, value=63439.0
    [iter 7564261] reheat + diversify: ceiling=0.00, value=35948.0
    [iter 7570014] reheat + diversify: ceiling=0.00, value=81259.0
    [iter 7575767] reheat + diversify: ceiling=0.00, value=85212.0
    [iter 7581520] reheat + diversify: ceiling=0.00, value=52402.0
    [iter 7587273] reheat + diversify: ceiling=0.00, value=66497.0
    [iter 7593026] reheat + diversify: ceiling=0.00, value=34903.0
    [iter 7598779] reheat + diversify: ceiling=0.00, value=60703.0
    [iter 7604532] reheat + diversify: ceiling=0.00, value=79246.0
    [iter 7610285] reheat + diversify: ceiling=0.00, value=60703.0
    [iter 7616038] reheat + diversify: ceiling=0.00, value=33687.0
    [iter 7621791] reheat + diversify: ceiling=0.00, value=63439.0
    [iter 7627544] reheat + diversify: ceiling=0.00, value=76491.0
    [iter 7633297] reheat + diversify: ceiling=0.00, value=51260.0
    [iter 7639050] reheat + diversify: ceiling=0.00, value=67714.0
    [iter 7644803] reheat + diversify: ceiling=0.00, value=52229.0
    [iter 7650556] reheat + diversify: ceiling=0.00, value=64958.0
    [iter 7656309] reheat + diversify: ceiling=0.00, value=57226.0
    [iter 7662062] reheat + diversify: ceiling=0.00, value=81487.0
    [iter 7667815] reheat + diversify: ceiling=0.00, value=48677.0
    [iter 7673568] reheat + diversify: ceiling=0.00, value=66497.0
    [iter 7679321] reheat + diversify: ceiling=0.00, value=41666.0
    [iter 7685074] reheat + diversify: ceiling=0.00, value=48677.0
    [iter 7690827] reheat + diversify: ceiling=0.00, value=37962.0
    [iter 7696580] reheat + diversify: ceiling=0.00, value=35929.0
    [iter 7702333] reheat + diversify: ceiling=0.00, value=54471.0
    [iter 7708086] reheat + diversify: ceiling=0.00, value=36422.0
    [iter 7713839] reheat + diversify: ceiling=0.00, value=96744.0
    [iter 7719592] reheat + diversify: ceiling=0.00, value=85534.0
    [iter 7725345] reheat + diversify: ceiling=0.00, value=50710.0
    [iter 7731098] reheat + diversify: ceiling=0.00, value=83026.0
    [iter 7736851] reheat + diversify: ceiling=0.00, value=70450.0
    [iter 7742604] reheat + diversify: ceiling=0.00, value=49171.0
    [iter 7748357] reheat + diversify: ceiling=0.00, value=55934.0
    [iter 7754110] reheat + diversify: ceiling=0.00, value=54490.0
    [iter 7759863] reheat + diversify: ceiling=0.00, value=46491.0
    [iter 7765616] reheat + diversify: ceiling=0.00, value=41172.0
    [iter 7771369] reheat + diversify: ceiling=0.00, value=68758.0
    [iter 7777122] reheat + diversify: ceiling=0.00, value=64978.0
    [iter 7782875] reheat + diversify: ceiling=0.00, value=48677.0
    [iter 7788628] reheat + diversify: ceiling=0.00, value=64484.0
    [iter 7794381] reheat + diversify: ceiling=0.00, value=55459.0
    [iter 7800134] reheat + diversify: ceiling=0.00, value=77060.0
    [iter 7805887] reheat + diversify: ceiling=0.00, value=39159.0
    [iter 7811640] reheat + diversify: ceiling=0.00, value=51679.0
    [iter 7817393] reheat + diversify: ceiling=0.00, value=62945.0
    [iter 7823146] reheat + diversify: ceiling=0.00, value=65206.0
    [iter 7828899] reheat + diversify: ceiling=0.00, value=59714.0
    [iter 7834652] reheat + diversify: ceiling=0.00, value=57473.0
    [iter 7840405] reheat + diversify: ceiling=0.00, value=62945.0
    [iter 7846158] reheat + diversify: ceiling=0.00, value=66022.0
    [iter 7851911] reheat + diversify: ceiling=0.00, value=62945.0
    [iter 7857664] reheat + diversify: ceiling=0.00, value=66670.0
    [iter 7863417] reheat + diversify: ceiling=0.00, value=59240.0
    [iter 7869170] reheat + diversify: ceiling=0.00, value=69727.0
    [iter 7874923] reheat + diversify: ceiling=0.00, value=82798.0
    [iter 7880676] reheat + diversify: ceiling=0.00, value=40147.0
    [iter 7886429] reheat + diversify: ceiling=0.00, value=45447.0
    [iter 7892182] reheat + diversify: ceiling=0.00, value=43908.0
    [iter 7897935] reheat + diversify: ceiling=0.00, value=44402.0
    [iter 7903688] reheat + diversify: ceiling=0.00, value=46986.0
    [iter 7909441] reheat + diversify: ceiling=0.00, value=76738.0
    [iter 7915194] reheat + diversify: ceiling=0.00, value=88270.0
    [iter 7920947] reheat + diversify: ceiling=0.00, value=58690.0
    [iter 7926700] reheat + diversify: ceiling=0.00, value=27398.0
    [iter 7932453] reheat + diversify: ceiling=0.00, value=51907.0
    [iter 7938206] reheat + diversify: ceiling=0.00, value=62945.0
    [iter 7943959] reheat + diversify: ceiling=0.00, value=49722.0
    [iter 7949712] reheat + diversify: ceiling=0.00, value=68911.0
    [iter 7955465] reheat + diversify: ceiling=0.00, value=45941.0
    [iter 7961218] reheat + diversify: ceiling=0.00, value=74002.0
    [iter 7966971] reheat + diversify: ceiling=0.00, value=99480.0
    [iter 7972724] reheat + diversify: ceiling=0.00, value=59240.0
    [iter 7978477] reheat + diversify: ceiling=0.00, value=76510.0
    [iter 7984230] reheat + diversify: ceiling=0.00, value=47480.0
    [iter 7989983] reheat + diversify: ceiling=0.00, value=42730.0
    [iter 7995736] reheat + diversify: ceiling=0.00, value=73508.0
    [iter 8001489] reheat + diversify: ceiling=0.00, value=65947.0
    [iter 8007242] reheat + diversify: ceiling=0.00, value=53426.0
    [iter 8012995] reheat + diversify: ceiling=0.00, value=56657.0
    [iter 8018748] reheat + diversify: ceiling=0.00, value=41172.0
    [iter 8024501] reheat + diversify: ceiling=0.00, value=62945.0
    [iter 8030254] reheat + diversify: ceiling=0.00, value=53446.0
    [iter 8036007] reheat + diversify: ceiling=0.00, value=53426.0
    [iter 8041760] reheat + diversify: ceiling=0.00, value=48202.0
    [iter 8047513] reheat + diversify: ceiling=0.00, value=81488.0
    [iter 8053266] reheat + diversify: ceiling=0.00, value=54415.0
    [iter 8059019] reheat + diversify: ceiling=0.00, value=53921.0
    [iter 8064772] reheat + diversify: ceiling=0.00, value=57473.0
    [iter 8070525] reheat + diversify: ceiling=0.00, value=59734.0
    [iter 8076278] reheat + diversify: ceiling=0.00, value=57701.0
    [iter 8082031] reheat + diversify: ceiling=0.00, value=74971.0
    [iter 8087784] reheat + diversify: ceiling=0.00, value=69728.0
    [iter 8093537] reheat + diversify: ceiling=0.00, value=41172.0
    [iter 8099290] reheat + diversify: ceiling=0.00, value=56657.0
    [iter 8105043] reheat + diversify: ceiling=0.00, value=59240.0
    [iter 8110796] reheat + diversify: ceiling=0.00, value=70450.0
    [iter 8116549] reheat + diversify: ceiling=0.00, value=52402.0
    [iter 8122302] reheat + diversify: ceiling=0.00, value=45447.0
    [iter 8128055] reheat + diversify: ceiling=0.00, value=56503.0
    [iter 8133808] reheat + diversify: ceiling=0.00, value=51907.0
    [iter 8139561] reheat + diversify: ceiling=0.00, value=54965.0
    [iter 8145314] reheat + diversify: ceiling=0.00, value=63989.0
    [iter 8151067] reheat + diversify: ceiling=0.00, value=82798.0
    [iter 8156820] reheat + diversify: ceiling=0.00, value=57701.0
    [iter 8162573] reheat + diversify: ceiling=0.00, value=79246.0
    [iter 8168326] reheat + diversify: ceiling=0.00, value=53996.0
    [iter 8174079] reheat + diversify: ceiling=0.00, value=42236.0
    [iter 8179832] reheat + diversify: ceiling=0.00, value=53921.0
    [iter 8185585] reheat + diversify: ceiling=0.00, value=77707.0
    [iter 8191338] reheat + diversify: ceiling=0.00, value=55459.0
    [iter 8197091] reheat + diversify: ceiling=0.00, value=58195.0
    [iter 8202844] reheat + diversify: ceiling=0.00, value=43205.0
    [iter 8208597] reheat + diversify: ceiling=0.00, value=55459.0
    [iter 8214350] reheat + diversify: ceiling=0.00, value=74971.0
    [iter 8220103] reheat + diversify: ceiling=0.00, value=53427.0
    [iter 8225856] reheat + diversify: ceiling=0.00, value=41895.0
    [iter 8231609] reheat + diversify: ceiling=0.00, value=44402.0
    [iter 8237362] reheat + diversify: ceiling=0.00, value=41666.0
    [iter 8243115] reheat + diversify: ceiling=0.00, value=46985.0
    [iter 8248868] reheat + diversify: ceiling=0.00, value=68758.0
    [iter 8254621] reheat + diversify: ceiling=0.00, value=74155.0
    [iter 8260374] reheat + diversify: ceiling=0.00, value=56010.0
    [iter 8266127] reheat + diversify: ceiling=0.00, value=41666.0
    [iter 8271880] reheat + diversify: ceiling=0.00, value=67220.0
    [iter 8277633] reheat + diversify: ceiling=0.00, value=69727.0
    [iter 8283386] reheat + diversify: ceiling=0.00, value=79246.0
    [iter 8289139] reheat + diversify: ceiling=0.00, value=72463.0
    [iter 8294892] reheat + diversify: ceiling=0.00, value=74971.0
    [iter 8300645] reheat + diversify: ceiling=0.00, value=76510.0
    [iter 8306398] reheat + diversify: ceiling=0.00, value=49722.0
    [iter 8312151] reheat + diversify: ceiling=0.00, value=75199.0
    [iter 8317904] reheat + diversify: ceiling=0.00, value=66991.0
    [iter 8323657] reheat + diversify: ceiling=0.00, value=55459.0
    [iter 8329410] reheat + diversify: ceiling=0.00, value=54965.0
    [iter 8335163] reheat + diversify: ceiling=0.00, value=77060.0
    [iter 8340916] reheat + diversify: ceiling=0.00, value=82476.0
    [iter 8346669] reheat + diversify: ceiling=0.00, value=63989.0
    [iter 8352422] reheat + diversify: ceiling=0.00, value=65472.0
    [iter 8358175] reheat + diversify: ceiling=0.00, value=61976.0
    [iter 8363928] reheat + diversify: ceiling=0.00, value=44402.0
    [iter 8369681] reheat + diversify: ceiling=0.00, value=73508.0
    [iter 8375434] reheat + diversify: ceiling=0.00, value=84718.0
    [iter 8381187] reheat + diversify: ceiling=0.00, value=65472.0
    [iter 8386940] reheat + diversify: ceiling=0.00, value=43358.0
    [iter 8392693] reheat + diversify: ceiling=0.00, value=51413.0
    [iter 8398446] reheat + diversify: ceiling=0.00, value=44972.0
    [iter 8404199] reheat + diversify: ceiling=0.00, value=69233.0
    [iter 8409952] reheat + diversify: ceiling=0.00, value=79246.0
    [iter 8415705] reheat + diversify: ceiling=0.00, value=55460.0
    [iter 8421458] reheat + diversify: ceiling=0.00, value=79246.0
    [iter 8427211] reheat + diversify: ceiling=0.00, value=76510.0
    [iter 8432964] reheat + diversify: ceiling=0.00, value=63439.0
    [iter 8438717] reheat + diversify: ceiling=0.00, value=72463.0
    [iter 8444470] reheat + diversify: ceiling=0.00, value=45466.0
    [iter 8450223] reheat + diversify: ceiling=0.00, value=85534.0
    [iter 8455976] reheat + diversify: ceiling=0.00, value=54415.0
    [iter 8461729] reheat + diversify: ceiling=0.00, value=64959.0
    [iter 8467482] reheat + diversify: ceiling=0.00, value=74002.0
    [iter 8473235] reheat + diversify: ceiling=0.00, value=52382.0
    [iter 8478988] reheat + diversify: ceiling=0.00, value=48677.0
    [iter 8484741] reheat + diversify: ceiling=0.00, value=54965.0
    [iter 8490494] reheat + diversify: ceiling=0.00, value=40697.0
    [iter 8496247] reheat + diversify: ceiling=0.00, value=61976.0
    [iter 8502000] reheat + diversify: ceiling=0.00, value=67714.0
    [iter 8507753] reheat + diversify: ceiling=0.00, value=69727.0
    [iter 8513506] reheat + diversify: ceiling=0.00, value=50216.0
    [iter 8519259] reheat + diversify: ceiling=0.00, value=48202.0
    [iter 8525012] reheat + diversify: ceiling=0.00, value=38665.0
    [iter 8530765] reheat + diversify: ceiling=0.00, value=57151.0
    [iter 8536518] reheat + diversify: ceiling=0.00, value=68911.0
    [iter 8542271] reheat + diversify: ceiling=0.00, value=51260.0
    [iter 8548024] reheat + diversify: ceiling=0.00, value=83026.0
    [iter 8553777] reheat + diversify: ceiling=0.00, value=55460.0
    [iter 8559530] reheat + diversify: ceiling=0.00, value=57701.0
    [iter 8565283] reheat + diversify: ceiling=0.00, value=33915.0
    [iter 8571036] reheat + diversify: ceiling=0.00, value=86731.0
    [iter 8576789] reheat + diversify: ceiling=0.00, value=72463.0
    [iter 8582542] reheat + diversify: ceiling=0.00, value=45447.0
    [iter 8588295] reheat + diversify: ceiling=0.00, value=62470.0
    [iter 8594048] reheat + diversify: ceiling=0.00, value=57701.0
    [iter 8599801] reheat + diversify: ceiling=0.00, value=45941.0
    [iter 8605554] reheat + diversify: ceiling=0.00, value=67714.0
    [iter 8611307] reheat + diversify: ceiling=0.00, value=45447.0
    [iter 8617060] reheat + diversify: ceiling=0.00, value=94008.0
    [iter 8622813] reheat + diversify: ceiling=0.00, value=64484.0
    [iter 8628566] reheat + diversify: ceiling=0.00, value=85212.0
    [iter 8634319] reheat + diversify: ceiling=0.00, value=63439.0
    [iter 8640072] reheat + diversify: ceiling=0.00, value=56657.0
    [iter 8645825] reheat + diversify: ceiling=0.00, value=74002.0
    [iter 8651578] reheat + diversify: ceiling=0.00, value=53427.0
    [iter 8657331] reheat + diversify: ceiling=0.00, value=67220.0
    [iter 8663084] reheat + diversify: ceiling=0.00, value=84718.0
    [iter 8668837] reheat + diversify: ceiling=0.00, value=65700.0
    [iter 8674590] reheat + diversify: ceiling=0.00, value=35948.0
    [iter 8680343] reheat + diversify: ceiling=0.00, value=49171.0
    [iter 8686096] reheat + diversify: ceiling=0.00, value=60703.0
    [iter 8691849] reheat + diversify: ceiling=0.00, value=83520.0
    [iter 8697602] reheat + diversify: ceiling=0.00, value=56657.0
    [iter 8703355] reheat + diversify: ceiling=0.00, value=71266.0
    [iter 8709108] reheat + diversify: ceiling=0.00, value=41742.0
    [iter 8714861] reheat + diversify: ceiling=0.00, value=47633.0
    [iter 8720614] reheat + diversify: ceiling=0.00, value=58746.0
    [iter 8726367] reheat + diversify: ceiling=0.00, value=52229.0
    [iter 8732120] reheat + diversify: ceiling=0.00, value=48524.0
    [iter 8737873] reheat + diversify: ceiling=0.00, value=58196.0
    [iter 8743626] reheat + diversify: ceiling=0.00, value=59734.0
    [iter 8749379] reheat + diversify: ceiling=0.00, value=45941.0
    [iter 8755132] reheat + diversify: ceiling=0.00, value=33915.0
    [iter 8760885] reheat + diversify: ceiling=0.00, value=77232.0
    [iter 8766638] reheat + diversify: ceiling=0.00, value=48183.0
    [iter 8772391] reheat + diversify: ceiling=0.00, value=34409.0
    [iter 8778144] reheat + diversify: ceiling=0.00, value=67164.0
    [iter 8783897] reheat + diversify: ceiling=0.00, value=53921.0
    [iter 8789650] reheat + diversify: ceiling=0.00, value=52229.0
    [iter 8795403] reheat + diversify: ceiling=0.00, value=64483.0
    [iter 8801156] reheat + diversify: ceiling=0.00, value=44953.0
    [iter 8806909] reheat + diversify: ceiling=0.00, value=45466.0
    [iter 8812662] reheat + diversify: ceiling=0.00, value=63268.0
    [iter 8818415] reheat + diversify: ceiling=0.00, value=38114.0
    [iter 8824168] reheat + diversify: ceiling=0.00, value=86731.0
    [iter 8829921] reheat + diversify: ceiling=0.00, value=63439.0
    [iter 8835674] reheat + diversify: ceiling=0.00, value=47138.0
    [iter 8841427] reheat + diversify: ceiling=0.00, value=68036.0
    [iter 8847180] reheat + diversify: ceiling=0.00, value=70222.0
    [iter 8852933] reheat + diversify: ceiling=0.00, value=59240.0
    [iter 8858686] reheat + diversify: ceiling=0.00, value=39159.0
    [iter 8864439] reheat + diversify: ceiling=0.00, value=39634.0
    [iter 8870192] reheat + diversify: ceiling=0.00, value=72958.0
    [iter 8875945] reheat + diversify: ceiling=0.00, value=60703.0
    [iter 8881698] reheat + diversify: ceiling=0.00, value=64978.0
    [iter 8887451] reheat + diversify: ceiling=0.00, value=74002.0
    [iter 8893204] reheat + diversify: ceiling=0.00, value=51735.0
    [iter 8898957] reheat + diversify: ceiling=0.00, value=48677.0
    [iter 8904710] reheat + diversify: ceiling=0.00, value=65472.0
    [iter 8910463] reheat + diversify: ceiling=0.00, value=56998.0
    [iter 8916216] reheat + diversify: ceiling=0.00, value=69728.0
    [iter 8921969] reheat + diversify: ceiling=0.00, value=60932.0
    [iter 8927722] reheat + diversify: ceiling=0.00, value=40697.0
    [iter 8933475] reheat + diversify: ceiling=0.00, value=87720.0
    [iter 8939228] reheat + diversify: ceiling=0.00, value=56182.0
    [iter 8944981] reheat + diversify: ceiling=0.00, value=53921.0
    [iter 8950734] reheat + diversify: ceiling=0.00, value=65472.0
    [iter 8956487] reheat + diversify: ceiling=0.00, value=46986.0
    [iter 8962240] reheat + diversify: ceiling=0.00, value=67714.0
    [iter 8967993] reheat + diversify: ceiling=0.00, value=67220.0
    [iter 8973746] reheat + diversify: ceiling=0.00, value=48677.0
    [iter 8979499] reheat + diversify: ceiling=0.00, value=44972.0
    [iter 8985252] reheat + diversify: ceiling=0.00, value=90456.0
    [iter 8991005] reheat + diversify: ceiling=0.00, value=62945.0
    [iter 8996758] reheat + diversify: ceiling=0.00, value=79246.0
    [iter 9002511] reheat + diversify: ceiling=0.00, value=70222.0
    [iter 9008264] reheat + diversify: ceiling=0.00, value=47633.0
    [iter 9014017] reheat + diversify: ceiling=0.00, value=51735.0
    [iter 9019770] reheat + diversify: ceiling=0.00, value=59734.0
    [iter 9025523] reheat + diversify: ceiling=0.00, value=49171.0
    [iter 9031276] reheat + diversify: ceiling=0.00, value=54471.0
    [iter 9037029] reheat + diversify: ceiling=0.00, value=41192.0
    [iter 9042782] reheat + diversify: ceiling=0.00, value=56010.0
    [iter 9048535] reheat + diversify: ceiling=0.00, value=48677.0
    [iter 9054288] reheat + diversify: ceiling=0.00, value=63439.0
    [iter 9060041] reheat + diversify: ceiling=0.00, value=79740.0
    [iter 9065794] reheat + diversify: ceiling=0.00, value=50216.0
    [iter 9071547] reheat + diversify: ceiling=0.00, value=60932.0
    [iter 9077300] reheat + diversify: ceiling=0.00, value=79246.0
    [iter 9083053] reheat + diversify: ceiling=0.00, value=51260.0
    [iter 9088806] reheat + diversify: ceiling=0.00, value=43433.0
    [iter 9094559] reheat + diversify: ceiling=0.00, value=62242.0
    [iter 9100312] reheat + diversify: ceiling=0.00, value=63439.0
    [iter 9106065] reheat + diversify: ceiling=0.00, value=63439.0
    [iter 9111818] reheat + diversify: ceiling=0.00, value=51735.0
    [iter 9117571] reheat + diversify: ceiling=0.00, value=39159.0
    [iter 9123324] reheat + diversify: ceiling=0.00, value=50710.0
    [iter 9129077] reheat + diversify: ceiling=0.00, value=62945.0
    [iter 9134830] reheat + diversify: ceiling=0.00, value=39159.0
    [iter 9140583] reheat + diversify: ceiling=0.00, value=63934.0
    [iter 9146336] reheat + diversify: ceiling=0.00, value=36917.0
    [iter 9152089] reheat + diversify: ceiling=0.00, value=62451.0
    [iter 9157842] reheat + diversify: ceiling=0.00, value=31673.0
    [iter 9163595] reheat + diversify: ceiling=0.00, value=60703.0
    [iter 9169348] reheat + diversify: ceiling=0.00, value=54965.0
    [iter 9175101] reheat + diversify: ceiling=0.00, value=47139.0
    [iter 9180854] reheat + diversify: ceiling=0.00, value=51735.0
    [iter 9186607] reheat + diversify: ceiling=0.00, value=75694.0
    [iter 9192360] reheat + diversify: ceiling=0.00, value=54965.0
    [iter 9198113] reheat + diversify: ceiling=0.00, value=74496.0
    [iter 9203866] reheat + diversify: ceiling=0.00, value=81982.0
    [iter 9209619] reheat + diversify: ceiling=0.00, value=56998.0
    [iter 9215372] reheat + diversify: ceiling=0.00, value=48677.0
    [iter 9221125] reheat + diversify: ceiling=0.00, value=67714.0
    [iter 9226878] reheat + diversify: ceiling=0.00, value=50216.0
    [iter 9232631] reheat + diversify: ceiling=0.00, value=54965.0
    [iter 9238384] reheat + diversify: ceiling=0.00, value=57054.0
    [iter 9244137] reheat + diversify: ceiling=0.00, value=41666.0
    [iter 9249890] reheat + diversify: ceiling=0.00, value=57151.0
    [iter 9255643] reheat + diversify: ceiling=0.00, value=47480.0
    [iter 9261396] reheat + diversify: ceiling=0.00, value=48183.0
    [iter 9267149] reheat + diversify: ceiling=0.00, value=79246.0
    [iter 9272902] reheat + diversify: ceiling=0.00, value=42217.0
    [iter 9278655] reheat + diversify: ceiling=0.00, value=60703.0
    [iter 9284408] reheat + diversify: ceiling=0.00, value=79474.0
    [iter 9290161] reheat + diversify: ceiling=0.00, value=53426.0
    [iter 9295914] reheat + diversify: ceiling=0.00, value=44402.0
    [iter 9301667] reheat + diversify: ceiling=0.00, value=64978.0
    [iter 9307420] reheat + diversify: ceiling=0.00, value=59887.0
    [iter 9313173] reheat + diversify: ceiling=0.00, value=77707.0
    [iter 9318926] reheat + diversify: ceiling=0.00, value=70772.0
    [iter 9324679] reheat + diversify: ceiling=0.00, value=72958.0
    [iter 9330432] reheat + diversify: ceiling=0.00, value=44403.0
    [iter 9336185] reheat + diversify: ceiling=0.00, value=50216.0
    [iter 9341938] reheat + diversify: ceiling=0.00, value=72958.0
    [iter 9347691] reheat + diversify: ceiling=0.00, value=46985.0
    [iter 9353444] reheat + diversify: ceiling=0.00, value=67220.0
    [iter 9359197] reheat + diversify: ceiling=0.00, value=81982.0
    [iter 9364950] reheat + diversify: ceiling=0.00, value=66003.0
    [iter 9370703] reheat + diversify: ceiling=0.00, value=73452.0
    [iter 9376456] reheat + diversify: ceiling=0.00, value=31673.0
    [iter 9382209] reheat + diversify: ceiling=0.00, value=55459.0
    [iter 9387962] reheat + diversify: ceiling=0.00, value=48677.0
    [iter 9393715] reheat + diversify: ceiling=0.00, value=46986.0
    [iter 9399468] reheat + diversify: ceiling=0.00, value=47138.0
    [iter 9405221] reheat + diversify: ceiling=0.00, value=64484.0
    [iter 9410974] reheat + diversify: ceiling=0.00, value=53996.0
    [iter 9416727] reheat + diversify: ceiling=0.00, value=63286.0
    [iter 9422480] reheat + diversify: ceiling=0.00, value=60703.0
    [iter 9428233] reheat + diversify: ceiling=0.00, value=71816.0
    [iter 9433986] reheat + diversify: ceiling=0.00, value=45447.0
    [iter 9439739] reheat + diversify: ceiling=0.00, value=45447.0
    [iter 9445492] reheat + diversify: ceiling=0.00, value=72463.0
    [iter 9451245] reheat + diversify: ceiling=0.00, value=65681.0
    [iter 9456998] reheat + diversify: ceiling=0.00, value=67714.0
    [iter 9462751] reheat + diversify: ceiling=0.00, value=46664.0
    [iter 9468504] reheat + diversify: ceiling=0.00, value=39653.0
    [iter 9474257] reheat + diversify: ceiling=0.00, value=62451.0
    [iter 9480010] reheat + diversify: ceiling=0.00, value=76719.0
    [iter 9485763] reheat + diversify: ceiling=0.00, value=81259.0
    [iter 9491516] reheat + diversify: ceiling=0.00, value=66497.0
    [iter 9497269] reheat + diversify: ceiling=0.00, value=65947.0
    [iter 9503022] reheat + diversify: ceiling=0.00, value=55460.0
    [iter 9508775] reheat + diversify: ceiling=0.00, value=54965.0
    [iter 9514528] reheat + diversify: ceiling=0.00, value=67714.0
    [iter 9520281] reheat + diversify: ceiling=0.00, value=48677.0
    [iter 9526034] reheat + diversify: ceiling=0.00, value=72463.0
    [iter 9531787] reheat + diversify: ceiling=0.00, value=88270.0
    [iter 9537540] reheat + diversify: ceiling=0.00, value=77232.0
    [iter 9543293] reheat + diversify: ceiling=0.00, value=63439.0
    [iter 9549046] reheat + diversify: ceiling=0.00, value=76510.0
    [iter 9554799] reheat + diversify: ceiling=0.00, value=91006.0
    [iter 9560552] reheat + diversify: ceiling=0.00, value=41191.0
    [iter 9566305] reheat + diversify: ceiling=0.00, value=59734.0
    [iter 9572058] reheat + diversify: ceiling=0.00, value=69727.0
    [iter 9577811] reheat + diversify: ceiling=0.00, value=81982.0
    [iter 9583564] reheat + diversify: ceiling=0.00, value=43908.0
    [iter 9589317] reheat + diversify: ceiling=0.00, value=64484.0
    [iter 9595070] reheat + diversify: ceiling=0.00, value=79246.0
    [iter 9600823] reheat + diversify: ceiling=0.00, value=34884.0
    [iter 9606576] reheat + diversify: ceiling=0.00, value=63989.0
    [iter 9612329] reheat + diversify: ceiling=0.00, value=65131.0
    [iter 9618082] reheat + diversify: ceiling=0.00, value=76738.0
    [iter 9623835] reheat + diversify: ceiling=0.00, value=48677.0
    [iter 9629588] reheat + diversify: ceiling=0.00, value=40678.0
    [iter 9635341] reheat + diversify: ceiling=0.00, value=66175.0
    [iter 9641094] reheat + diversify: ceiling=0.00, value=68208.0
    [iter 9646847] reheat + diversify: ceiling=0.00, value=79246.0
    [iter 9652600] reheat + diversify: ceiling=0.00, value=74155.0
    [iter 9658353] reheat + diversify: ceiling=0.00, value=88270.0
    [iter 9664106] reheat + diversify: ceiling=0.00, value=62470.0
    [iter 9669859] reheat + diversify: ceiling=0.00, value=54965.0
    [iter 9675612] reheat + diversify: ceiling=0.00, value=53446.0
    [iter 9681365] reheat + diversify: ceiling=0.00, value=91006.0
    [iter 9687118] reheat + diversify: ceiling=0.00, value=48677.0
    [iter 9692871] reheat + diversify: ceiling=0.00, value=39653.0
    [iter 9698624] reheat + diversify: ceiling=0.00, value=62945.0
    [iter 9704377] reheat + diversify: ceiling=0.00, value=48677.0
    [iter 9710130] reheat + diversify: ceiling=0.00, value=54490.0
    [iter 9715883] reheat + diversify: ceiling=0.00, value=50690.0
    [iter 9721636] reheat + diversify: ceiling=0.00, value=52382.0
    [iter 9727389] reheat + diversify: ceiling=0.00, value=72958.0
    [iter 9733142] reheat + diversify: ceiling=0.00, value=67714.0
    [iter 9738895] reheat + diversify: ceiling=0.00, value=58195.0
    [iter 9744648] reheat + diversify: ceiling=0.00, value=67694.0
    [iter 9750401] reheat + diversify: ceiling=0.00, value=54965.0
    [iter 9756154] reheat + diversify: ceiling=0.00, value=42217.0
    [iter 9761907] reheat + diversify: ceiling=0.00, value=59240.0
    [iter 9767660] reheat + diversify: ceiling=0.00, value=67219.0
    [iter 9773413] reheat + diversify: ceiling=0.00, value=55118.0
    [iter 9779166] reheat + diversify: ceiling=0.00, value=54965.0
    [iter 9784919] reheat + diversify: ceiling=0.00, value=79246.0
    [iter 9790672] reheat + diversify: ceiling=0.00, value=72463.0
    [iter 9796425] reheat + diversify: ceiling=0.00, value=72463.0
    [iter 9802178] reheat + diversify: ceiling=0.00, value=67694.0
    [iter 9807931] reheat + diversify: ceiling=0.00, value=43908.0
    [iter 9813684] reheat + diversify: ceiling=0.00, value=64484.0
    [iter 9819437] reheat + diversify: ceiling=0.00, value=47138.0
    [iter 9825190] reheat + diversify: ceiling=0.00, value=69727.0
    [iter 9830943] reheat + diversify: ceiling=0.00, value=54965.0
    [iter 9836696] reheat + diversify: ceiling=0.00, value=41666.0
    [iter 9842449] reheat + diversify: ceiling=0.00, value=68758.0
    [iter 9848202] reheat + diversify: ceiling=0.00, value=81259.0
    [iter 9853955] reheat + diversify: ceiling=0.00, value=83995.0
    [iter 9859708] reheat + diversify: ceiling=0.00, value=60703.0
    [iter 9865461] reheat + diversify: ceiling=0.00, value=53921.0
    [iter 9871214] reheat + diversify: ceiling=0.00, value=74002.0
    [iter 9876967] reheat + diversify: ceiling=0.00, value=82476.0
    [iter 9882720] reheat + diversify: ceiling=0.00, value=52723.0
    [iter 9888473] reheat + diversify: ceiling=0.00, value=42236.0
    [iter 9894226] reheat + diversify: ceiling=0.00, value=79796.0
    [iter 9899979] reheat + diversify: ceiling=0.00, value=83026.0
    [iter 9905732] reheat + diversify: ceiling=0.00, value=82476.0
    [iter 9911485] reheat + diversify: ceiling=0.00, value=81982.0
    [iter 9917238] reheat + diversify: ceiling=0.00, value=60209.0
    [iter 9922991] reheat + diversify: ceiling=0.00, value=64483.0
    [iter 9928744] reheat + diversify: ceiling=0.00, value=62242.0
    [iter 9934497] reheat + diversify: ceiling=0.00, value=39653.0
    [iter 9940250] reheat + diversify: ceiling=0.00, value=53426.0
    [iter 9946003] reheat + diversify: ceiling=0.00, value=76510.0
    [iter 9951756] reheat + diversify: ceiling=0.00, value=39653.0
    [iter 9957509] reheat + diversify: ceiling=0.00, value=49703.0
    [iter 9963262] reheat + diversify: ceiling=0.00, value=67695.0
    [iter 9969015] reheat + diversify: ceiling=0.00, value=39159.0
    [iter 9974768] reheat + diversify: ceiling=0.00, value=58196.0
    [iter 9980521] reheat + diversify: ceiling=0.00, value=52952.0
    [iter 9986274] reheat + diversify: ceiling=0.00, value=48677.0
    [iter 9992027] reheat + diversify: ceiling=0.00, value=47139.0
    [iter 9997780] reheat + diversify: ceiling=0.00, value=66175.0
    [iter 10003533] reheat + diversify: ceiling=0.00, value=72463.0
    [iter 10009286] reheat + diversify: ceiling=0.00, value=63989.0
    [iter 10015039] reheat + diversify: ceiling=0.00, value=72463.0
    [iter 10020792] reheat + diversify: ceiling=0.00, value=49171.0
    [iter 10026545] reheat + diversify: ceiling=0.00, value=58196.0
    [iter 10032298] reheat + diversify: ceiling=0.00, value=67714.0
    [iter 10038051] reheat + diversify: ceiling=0.00, value=69727.0
    [iter 10043804] reheat + diversify: ceiling=0.00, value=48677.0
    [iter 10049557] reheat + diversify: ceiling=0.00, value=81259.0
    [iter 10055310] reheat + diversify: ceiling=0.00, value=41666.0
    [iter 10061063] reheat + diversify: ceiling=0.00, value=73280.0
    [iter 10066816] reheat + diversify: ceiling=0.00, value=82304.0
    [iter 10072569] reheat + diversify: ceiling=0.00, value=74971.0
    [iter 10078322] reheat + diversify: ceiling=0.00, value=71266.0
    [iter 10084075] reheat + diversify: ceiling=0.00, value=94008.0
    [iter 10089828] reheat + diversify: ceiling=0.00, value=54415.0
    [iter 10095581] reheat + diversify: ceiling=0.00, value=53921.0
    [iter 10101334] reheat + diversify: ceiling=0.00, value=56657.0
    [iter 10107087] reheat + diversify: ceiling=0.00, value=71266.0
    [iter 10112840] reheat + diversify: ceiling=0.00, value=59240.0
    [iter 10118593] reheat + diversify: ceiling=0.00, value=40697.0
    [iter 10124346] reheat + diversify: ceiling=0.00, value=47138.0
    [iter 10130099] reheat + diversify: ceiling=0.00, value=57701.0
    [iter 10135852] reheat + diversify: ceiling=0.00, value=44972.0
    [iter 10141605] reheat + diversify: ceiling=0.00, value=79968.0
    [iter 10147358] reheat + diversify: ceiling=0.00, value=79246.0
    [iter 10153111] reheat + diversify: ceiling=0.00, value=48183.0
    [iter 10158864] reheat + diversify: ceiling=0.00, value=79246.0
    [iter 10164617] reheat + diversify: ceiling=0.00, value=79246.0
    [iter 10170370] reheat + diversify: ceiling=0.00, value=54965.0
    [iter 10176123] reheat + diversify: ceiling=0.00, value=83026.0
    [iter 10181876] reheat + diversify: ceiling=0.00, value=80290.0
    [iter 10187629] reheat + diversify: ceiling=0.00, value=69727.0
    [iter 10193382] reheat + diversify: ceiling=0.00, value=79246.0
    [iter 10199135] reheat + diversify: ceiling=0.00, value=74971.0
    [iter 10204888] reheat + diversify: ceiling=0.00, value=49171.0
    [iter 10210641] reheat + diversify: ceiling=0.00, value=45447.0
    [iter 10216394] reheat + diversify: ceiling=0.00, value=74971.0
    [iter 10222147] reheat + diversify: ceiling=0.00, value=57473.0
    [iter 10227900] reheat + diversify: ceiling=0.00, value=57151.0
    [iter 10233653] reheat + diversify: ceiling=0.00, value=61426.0
    [iter 10239406] reheat + diversify: ceiling=0.00, value=65528.0
    [iter 10245159] reheat + diversify: ceiling=0.00, value=74971.0
    [iter 10250912] reheat + diversify: ceiling=0.00, value=81982.0
    [iter 10256665] reheat + diversify: ceiling=0.00, value=81259.0
    [iter 10262418] reheat + diversify: ceiling=0.00, value=82304.0
    [iter 10268171] reheat + diversify: ceiling=0.00, value=84718.0
    [iter 10273924] reheat + diversify: ceiling=0.00, value=34409.0
    [iter 10279677] reheat + diversify: ceiling=0.00, value=52229.0
    [iter 10285430] reheat + diversify: ceiling=0.00, value=48677.0
    [iter 10291183] reheat + diversify: ceiling=0.00, value=60703.0
    [iter 10296936] reheat + diversify: ceiling=0.00, value=63439.0
    [iter 10302689] reheat + diversify: ceiling=0.00, value=79246.0
    [iter 10308442] reheat + diversify: ceiling=0.00, value=60703.0
    [iter 10314195] reheat + diversify: ceiling=0.00, value=71969.0
    [iter 10319948] reheat + diversify: ceiling=0.00, value=68683.0
    [iter 10325701] reheat + diversify: ceiling=0.00, value=69233.0
    [iter 10331454] reheat + diversify: ceiling=0.00, value=99480.0
    [iter 10337207] reheat + diversify: ceiling=0.00, value=40147.0
    [iter 10342960] reheat + diversify: ceiling=0.00, value=44972.0
    [iter 10348713] reheat + diversify: ceiling=0.00, value=67714.0
    [iter 10354466] reheat + diversify: ceiling=0.00, value=75694.0
    [iter 10360219] reheat + diversify: ceiling=0.00, value=50197.0
    [iter 10365972] reheat + diversify: ceiling=0.00, value=52952.0
    [iter 10371725] reheat + diversify: ceiling=0.00, value=56998.0
    [iter 10377478] reheat + diversify: ceiling=0.00, value=58690.0
    [iter 10383231] reheat + diversify: ceiling=0.00, value=62945.0
    [iter 10388984] reheat + diversify: ceiling=0.00, value=56010.0
    [iter 10394737] reheat + diversify: ceiling=0.00, value=79246.0
    [iter 10400490] reheat + diversify: ceiling=0.00, value=53921.0
    [iter 10406243] reheat + diversify: ceiling=0.00, value=45447.0
    [iter 10411996] reheat + diversify: ceiling=0.00, value=50710.0
    [iter 10417749] reheat + diversify: ceiling=0.00, value=64978.0
    [iter 10423502] reheat + diversify: ceiling=0.00, value=45447.0
    [iter 10429255] reheat + diversify: ceiling=0.00, value=79246.0
    [iter 10435008] reheat + diversify: ceiling=0.00, value=85534.0
    [iter 10440761] reheat + diversify: ceiling=0.00, value=50216.0
    [iter 10446514] reheat + diversify: ceiling=0.00, value=76510.0
    [iter 10452267] reheat + diversify: ceiling=0.00, value=34409.0
    [iter 10458020] reheat + diversify: ceiling=0.00, value=74002.0
    [iter 10463773] reheat + diversify: ceiling=0.00, value=83026.0
    [iter 10469526] reheat + diversify: ceiling=0.00, value=63439.0
    [iter 10475279] reheat + diversify: ceiling=0.00, value=72463.0
    [iter 10481032] reheat + diversify: ceiling=0.00, value=81259.0
    [iter 10486785] reheat + diversify: ceiling=0.00, value=63989.0
    [iter 10492538] reheat + diversify: ceiling=0.00, value=40697.0
    [iter 10498291] reheat + diversify: ceiling=0.00, value=81982.0
    [iter 10504044] reheat + diversify: ceiling=0.00, value=70944.0
    [iter 10509797] reheat + diversify: ceiling=0.00, value=48183.0
    [iter 10515550] reheat + diversify: ceiling=0.00, value=62451.0
    [iter 10521303] reheat + diversify: ceiling=0.00, value=66175.0
    [iter 10527056] reheat + diversify: ceiling=0.00, value=49722.0
    [iter 10532809] reheat + diversify: ceiling=0.00, value=57473.0
    [iter 10538562] reheat + diversify: ceiling=0.00, value=59734.0
    [iter 10544315] reheat + diversify: ceiling=0.00, value=64978.0
    [iter 10550068] reheat + diversify: ceiling=0.00, value=66175.0
    [iter 10555821] reheat + diversify: ceiling=0.00, value=68739.0
    [iter 10561574] reheat + diversify: ceiling=0.00, value=74002.0
    [iter 10567327] reheat + diversify: ceiling=0.00, value=79246.0
    [iter 10573080] reheat + diversify: ceiling=0.00, value=38456.0
    [iter 10578833] reheat + diversify: ceiling=0.00, value=51204.0
    [iter 10584586] reheat + diversify: ceiling=0.00, value=61748.0
    [iter 10590339] reheat + diversify: ceiling=0.00, value=48677.0
    [iter 10596092] reheat + diversify: ceiling=0.00, value=65947.0
    [iter 10601845] reheat + diversify: ceiling=0.00, value=48183.0
    [iter 10607598] reheat + diversify: ceiling=0.00, value=66175.0
    [iter 10613351] reheat + diversify: ceiling=0.00, value=66175.0
    [iter 10619104] reheat + diversify: ceiling=0.00, value=69727.0
    [iter 10624857] reheat + diversify: ceiling=0.00, value=73508.0
    [iter 10630610] reheat + diversify: ceiling=0.00, value=54965.0
    [iter 10636363] reheat + diversify: ceiling=0.00, value=74971.0
    [iter 10642116] reheat + diversify: ceiling=0.00, value=75694.0
    [iter 10647869] reheat + diversify: ceiling=0.00, value=68264.0
    [iter 10653622] reheat + diversify: ceiling=0.00, value=71969.0
    [iter 10659375] reheat + diversify: ceiling=0.00, value=54965.0
    [iter 10665128] reheat + diversify: ceiling=0.00, value=57701.0
    [iter 10670881] reheat + diversify: ceiling=0.00, value=36917.0
    [iter 10676634] reheat + diversify: ceiling=0.00, value=63439.0
    [iter 10682387] reheat + diversify: ceiling=0.00, value=62945.0
    [iter 10688140] reheat + diversify: ceiling=0.00, value=38114.0
    [iter 10693893] reheat + diversify: ceiling=0.00, value=46985.0
    [iter 10699646] reheat + diversify: ceiling=0.00, value=45941.0
    [iter 10705399] reheat + diversify: ceiling=0.00, value=75028.0
    [iter 10711152] reheat + diversify: ceiling=0.00, value=85212.0
    [iter 10716905] reheat + diversify: ceiling=0.00, value=74971.0
    [iter 10722658] reheat + diversify: ceiling=0.00, value=45447.0
    [iter 10728411] reheat + diversify: ceiling=0.00, value=61748.0
    [iter 10734164] reheat + diversify: ceiling=0.00, value=71969.0
    [iter 10739917] reheat + diversify: ceiling=0.00, value=64978.0
    [iter 10745670] reheat + diversify: ceiling=0.00, value=56638.0
    [iter 10751423] reheat + diversify: ceiling=0.00, value=82304.0
    [iter 10757176] reheat + diversify: ceiling=0.00, value=65034.0
    [iter 10762929] reheat + diversify: ceiling=0.00, value=75694.0
    [iter 10768682] reheat + diversify: ceiling=0.00, value=48677.0
    [iter 10774435] reheat + diversify: ceiling=0.00, value=44402.0
    [iter 10780188] reheat + diversify: ceiling=0.00, value=63439.0
    [iter 10785941] reheat + diversify: ceiling=0.00, value=68683.0
    [iter 10791694] reheat + diversify: ceiling=0.00, value=39633.0
    [iter 10797447] reheat + diversify: ceiling=0.00, value=82798.0
    [iter 10803200] reheat + diversify: ceiling=0.00, value=83026.0
    [iter 10808953] reheat + diversify: ceiling=0.00, value=48202.0
    [iter 10814706] reheat + diversify: ceiling=0.00, value=32148.0
    [iter 10820459] reheat + diversify: ceiling=0.00, value=45447.0
    [iter 10826212] reheat + diversify: ceiling=0.00, value=41191.0
    [iter 10831965] reheat + diversify: ceiling=0.00, value=60703.0
    [iter 10837718] reheat + diversify: ceiling=0.00, value=74155.0
    [iter 10843471] reheat + diversify: ceiling=0.00, value=54965.0
    [iter 10849224] reheat + diversify: ceiling=0.00, value=54965.0
    [iter 10854977] reheat + diversify: ceiling=0.00, value=72958.0
    [iter 10860730] reheat + diversify: ceiling=0.00, value=53996.0
  time limit reached at iteration 10865737
  SA finished: 10865737 iterations in 900.0s (12073 it/s), accepted 6225683 (57.3%), rejected 4640053, neutral 5305560 (48.8%), worsening accepted 16.5%, no-move draws 0, reheats 1887
  SA: value 104724.0 (greedy 94236.0, +10488.0), bound 114718.0, gap 8.71%, util 77.2%
  report -> /home/mcaspar/3DMHKP/results_3DMHKP_ep3/ep3-20-F-C-50-3DMHKP-SA-a0.999-r0.25-t900s.txt

================================================================================================
SUMMARY
================================================================================================
instance      boxes  packed       greedy     SA value        bound      gap    util    iters    time
------------------------------------------------------------------------------------------------
ep3-20-F-C-50     20      11      94236.0     104724.0     114718.0    8.7%   77.2% 10865737  900.0s
------------------------------------------------------------------------------------------------
proven optimal (value reaches the upper bound): 0/1
improved over greedy: 1/1 (total value 94236.0 -> 104724.0, +11.13%)
mean gap to 0-1 knapsack bound: 8.7%
mean volume utilization: 77.2%
