============================================================
  Solver:     3DMHKP-SA.py
  Instance:   /home/mcaspar/3DMHKP/Egeblad/ep3-20-C-R-50.txt
  Value mode: flat
  Timelimit:  900s
  Reports:    /home/mcaspar/3DMHKP/results_3DMHKP_ep3
  CPUs:       1
============================================================
======================================================================
3DMHKP Simulated Annealing (random single-neighbour, sequence decoder)
SA params: T0=5% of f(S_0), alpha=0.999, T_min=0.001, reheat_threshold=5753, reheat_fraction=0.25
Move weights: {'relocate': 0.0, 'swap': 1.0, '2opt': 0.0, 'promote': 1.5, 'demote': 1.5, 'orient': 1.0, 'container': 0.5}
Time limit: 900.0s per instance, seed 577584908
======================================================================

======================================================================
ep3-20-C-R-50: 20 boxes (18 types), 1 containers (1 types)
  0-1 knapsack bound: 108421.0 (continuous relaxation: 110921.9)
  initial (value-density) decode: value 4142.0 (8/20 boxes)
  T0 = 207.1 (5% of f(S_0))
  schedule: time-based, T0 -> 0.00 over 900s
    [iter 1] *** NEW BEST: value 21010.0, boxes 11/20, T=207.1, elapsed=0.1s
    [iter 3] *** NEW BEST: value 21778.0, boxes 11/20, T=206.9, elapsed=0.1s
    [iter 5] *** NEW BEST: value 55436.0, boxes 11/20, T=206.9, elapsed=0.1s
    [iter 6] *** NEW BEST: value 58140.0, boxes 12/20, T=206.9, elapsed=0.1s
    [iter 18] *** NEW BEST: value 59625.0, boxes 12/20, T=206.9, elapsed=0.1s
    [iter 5771] reheat + diversify: ceiling=51.78, value=49482.0
    [iter 5815] *** NEW BEST: value 62364.0, boxes 12/20, T=205.9, elapsed=0.4s
    [iter 11568] reheat + diversify: ceiling=46.60, value=43827.0
    [iter 17321] reheat + diversify: ceiling=41.94, value=62364.0
    [iter 23074] reheat + diversify: ceiling=37.74, value=62364.0
    [iter 28827] reheat + diversify: ceiling=33.97, value=53406.0
    [iter 34580] reheat + diversify: ceiling=30.57, value=62364.0
    [iter 40333] reheat + diversify: ceiling=27.52, value=46832.0
    [iter 46086] reheat + diversify: ceiling=24.76, value=47170.0
    [iter 51839] reheat + diversify: ceiling=22.29, value=62364.0
    [iter 57592] reheat + diversify: ceiling=20.06, value=62364.0
    [iter 63345] reheat + diversify: ceiling=18.05, value=62364.0
    [iter 69098] reheat + diversify: ceiling=16.25, value=49482.0
    [iter 74851] reheat + diversify: ceiling=14.62, value=44700.0
    [iter 80604] reheat + diversify: ceiling=13.16, value=43827.0
    [iter 86357] reheat + diversify: ceiling=11.84, value=62364.0
    [iter 92110] reheat + diversify: ceiling=10.66, value=62364.0
    [iter 97863] reheat + diversify: ceiling=9.59, value=49482.0
    [iter 103616] reheat + diversify: ceiling=8.63, value=62364.0
    [iter 109369] reheat + diversify: ceiling=7.77, value=53406.0
    [iter 115122] reheat + diversify: ceiling=6.99, value=62364.0
    [iter 120875] reheat + diversify: ceiling=6.29, value=62364.0
    [iter 126628] reheat + diversify: ceiling=5.67, value=46688.0
    [iter 132381] reheat + diversify: ceiling=5.10, value=51418.0
    [iter 138134] reheat + diversify: ceiling=4.59, value=62364.0
    [iter 143887] reheat + diversify: ceiling=4.13, value=37994.0
    [iter 149640] reheat + diversify: ceiling=3.72, value=40448.0
    [iter 155393] reheat + diversify: ceiling=3.35, value=62364.0
    [iter 161146] reheat + diversify: ceiling=3.01, value=43827.0
    [iter 166899] reheat + diversify: ceiling=2.71, value=46402.0
    [iter 172652] reheat + diversify: ceiling=2.44, value=62364.0
    [iter 178405] reheat + diversify: ceiling=2.19, value=44700.0
    [iter 184158] reheat + diversify: ceiling=1.98, value=40448.0
    [iter 189911] reheat + diversify: ceiling=1.78, value=62364.0
    [iter 195664] reheat + diversify: ceiling=1.60, value=40448.0
    [iter 201417] reheat + diversify: ceiling=1.44, value=62364.0
    [iter 207170] reheat + diversify: ceiling=1.30, value=62364.0
    [iter 212923] reheat + diversify: ceiling=1.17, value=62364.0
    [iter 218676] reheat + diversify: ceiling=1.05, value=39982.0
    [iter 224429] reheat + diversify: ceiling=0.94, value=62364.0
    [iter 230182] reheat + diversify: ceiling=0.85, value=62364.0
    [iter 235935] reheat + diversify: ceiling=0.77, value=62364.0
    [iter 241688] reheat + diversify: ceiling=0.69, value=46832.0
    [iter 247441] reheat + diversify: ceiling=0.62, value=62364.0
    [iter 253194] reheat + diversify: ceiling=0.56, value=62364.0
    [iter 258947] reheat + diversify: ceiling=0.50, value=39982.0
    [iter 264700] reheat + diversify: ceiling=0.45, value=62364.0
    [iter 270453] reheat + diversify: ceiling=0.41, value=46832.0
    [iter 276206] reheat + diversify: ceiling=0.37, value=62364.0
    [iter 281959] reheat + diversify: ceiling=0.33, value=62364.0
    [iter 287712] reheat + diversify: ceiling=0.30, value=62364.0
    [iter 293465] reheat + diversify: ceiling=0.27, value=46688.0
    [iter 299218] reheat + diversify: ceiling=0.24, value=46402.0
    [iter 304971] reheat + diversify: ceiling=0.22, value=62364.0
    [iter 310724] reheat + diversify: ceiling=0.19, value=62364.0
    [iter 316477] reheat + diversify: ceiling=0.18, value=44700.0
    [iter 322230] reheat + diversify: ceiling=0.16, value=46832.0
    [iter 327983] reheat + diversify: ceiling=0.14, value=41461.0
    [iter 333736] reheat + diversify: ceiling=0.13, value=53406.0
    [iter 339489] reheat + diversify: ceiling=0.11, value=62364.0
    [iter 345242] reheat + diversify: ceiling=0.10, value=62364.0
    [iter 350995] reheat + diversify: ceiling=0.09, value=40448.0
    [iter 356748] reheat + diversify: ceiling=0.08, value=59625.0
    [iter 362501] reheat + diversify: ceiling=0.08, value=46688.0
    [iter 368254] reheat + diversify: ceiling=0.07, value=53406.0
    [iter 374007] reheat + diversify: ceiling=0.06, value=62364.0
    [iter 379760] reheat + diversify: ceiling=0.05, value=62364.0
    [iter 385513] reheat + diversify: ceiling=0.05, value=37994.0
    [iter 391266] reheat + diversify: ceiling=0.04, value=62364.0
    [iter 397019] reheat + diversify: ceiling=0.04, value=62364.0
    [iter 402772] reheat + diversify: ceiling=0.04, value=62364.0
    [iter 408525] reheat + diversify: ceiling=0.03, value=62364.0
    [iter 414278] reheat + diversify: ceiling=0.03, value=62364.0
    [iter 420031] reheat + diversify: ceiling=0.03, value=62364.0
    [iter 425784] reheat + diversify: ceiling=0.02, value=62364.0
    [iter 431537] reheat + diversify: ceiling=0.02, value=62364.0
    [iter 437290] reheat + diversify: ceiling=0.02, value=40448.0
    [iter 443043] reheat + diversify: ceiling=0.02, value=46832.0
    [iter 448796] reheat + diversify: ceiling=0.02, value=62364.0
    [iter 454549] reheat + diversify: ceiling=0.01, value=49482.0
    [iter 460302] reheat + diversify: ceiling=0.01, value=46402.0
    [iter 466055] reheat + diversify: ceiling=0.01, value=43827.0
    [iter 471808] reheat + diversify: ceiling=0.01, value=59625.0
    [iter 477561] reheat + diversify: ceiling=0.01, value=62364.0
    [iter 483314] reheat + diversify: ceiling=0.01, value=49482.0
    [iter 489067] reheat + diversify: ceiling=0.01, value=62364.0
    [iter 494820] reheat + diversify: ceiling=0.01, value=62364.0
    [iter 500573] reheat + diversify: ceiling=0.01, value=46832.0
    [iter 506326] reheat + diversify: ceiling=0.01, value=51418.0
    [iter 512079] reheat + diversify: ceiling=0.00, value=53406.0
    [iter 517832] reheat + diversify: ceiling=0.00, value=40448.0
    [iter 523585] reheat + diversify: ceiling=0.00, value=62364.0
    [iter 529338] reheat + diversify: ceiling=0.00, value=51418.0
    [iter 535091] reheat + diversify: ceiling=0.00, value=43827.0
    [iter 540844] reheat + diversify: ceiling=0.00, value=58140.0
    [iter 546597] reheat + diversify: ceiling=0.00, value=46832.0
    [iter 552350] reheat + diversify: ceiling=0.00, value=62364.0
    [iter 558103] reheat + diversify: ceiling=0.00, value=40448.0
    [iter 563856] reheat + diversify: ceiling=0.00, value=62364.0
    [iter 569609] reheat + diversify: ceiling=0.00, value=43827.0
    [iter 575362] reheat + diversify: ceiling=0.00, value=62364.0
    [iter 581115] reheat + diversify: ceiling=0.00, value=51418.0
    [iter 586868] reheat + diversify: ceiling=0.00, value=62364.0
    [iter 592621] reheat + diversify: ceiling=0.00, value=49482.0
    [iter 598374] reheat + diversify: ceiling=0.00, value=43827.0
    [iter 604127] reheat + diversify: ceiling=0.00, value=43827.0
    [iter 609880] reheat + diversify: ceiling=0.00, value=43827.0
    [iter 615633] reheat + diversify: ceiling=0.00, value=49482.0
    [iter 621386] reheat + diversify: ceiling=0.00, value=37994.0
    [iter 627139] reheat + diversify: ceiling=0.00, value=53406.0
    [iter 632892] reheat + diversify: ceiling=0.00, value=39982.0
    [iter 638645] reheat + diversify: ceiling=0.00, value=40448.0
    [iter 644398] reheat + diversify: ceiling=0.00, value=62364.0
    [iter 650151] reheat + diversify: ceiling=0.00, value=43827.0
    [iter 655904] reheat + diversify: ceiling=0.00, value=62364.0
    [iter 661657] reheat + diversify: ceiling=0.00, value=51418.0
    [iter 667410] reheat + diversify: ceiling=0.00, value=53406.0
    [iter 673163] reheat + diversify: ceiling=0.00, value=39982.0
    [iter 678916] reheat + diversify: ceiling=0.00, value=62364.0
    [iter 684669] reheat + diversify: ceiling=0.00, value=62364.0
    [iter 690422] reheat + diversify: ceiling=0.00, value=62364.0
    [iter 696175] reheat + diversify: ceiling=0.00, value=29184.0
    [iter 701928] reheat + diversify: ceiling=0.00, value=44700.0
    [iter 707681] reheat + diversify: ceiling=0.00, value=53406.0
    [iter 713434] reheat + diversify: ceiling=0.00, value=62364.0
    [iter 719187] reheat + diversify: ceiling=0.00, value=43827.0
    [iter 724940] reheat + diversify: ceiling=0.00, value=62364.0
    [iter 730693] reheat + diversify: ceiling=0.00, value=62364.0
    [iter 736446] reheat + diversify: ceiling=0.00, value=32354.0
    [iter 742199] reheat + diversify: ceiling=0.00, value=49482.0
    [iter 747952] reheat + diversify: ceiling=0.00, value=40448.0
    [iter 753705] reheat + diversify: ceiling=0.00, value=62364.0
    [iter 759458] reheat + diversify: ceiling=0.00, value=46832.0
    [iter 765211] reheat + diversify: ceiling=0.00, value=49482.0
    [iter 770964] reheat + diversify: ceiling=0.00, value=53406.0
    [iter 776717] reheat + diversify: ceiling=0.00, value=52903.0
    [iter 782470] reheat + diversify: ceiling=0.00, value=46832.0
    [iter 788223] reheat + diversify: ceiling=0.00, value=39982.0
    [iter 793976] reheat + diversify: ceiling=0.00, value=62364.0
    [iter 799729] reheat + diversify: ceiling=0.00, value=51418.0
    [iter 805482] reheat + diversify: ceiling=0.00, value=62364.0
    [iter 811235] reheat + diversify: ceiling=0.00, value=62364.0
    [iter 816988] reheat + diversify: ceiling=0.00, value=62364.0
    [iter 822741] reheat + diversify: ceiling=0.00, value=62364.0
    [iter 828494] reheat + diversify: ceiling=0.00, value=49482.0
    [iter 834247] reheat + diversify: ceiling=0.00, value=43827.0
    [iter 840000] reheat + diversify: ceiling=0.00, value=39982.0
    [iter 845753] reheat + diversify: ceiling=0.00, value=34739.0
    [iter 851506] reheat + diversify: ceiling=0.00, value=62364.0
    [iter 857259] reheat + diversify: ceiling=0.00, value=46201.0
    [iter 863012] reheat + diversify: ceiling=0.00, value=46402.0
    [iter 868765] reheat + diversify: ceiling=0.00, value=40448.0
    [iter 874518] reheat + diversify: ceiling=0.00, value=39982.0
    [iter 880271] reheat + diversify: ceiling=0.00, value=51422.0
    [iter 886024] reheat + diversify: ceiling=0.00, value=62364.0
    [iter 891777] reheat + diversify: ceiling=0.00, value=49482.0
    [iter 897530] reheat + diversify: ceiling=0.00, value=53406.0
    [iter 903283] reheat + diversify: ceiling=0.00, value=43827.0
    [iter 909036] reheat + diversify: ceiling=0.00, value=62364.0
    [iter 914789] reheat + diversify: ceiling=0.00, value=46688.0
    [iter 920542] reheat + diversify: ceiling=0.00, value=46832.0
    [iter 926295] reheat + diversify: ceiling=0.00, value=40448.0
    [iter 932048] reheat + diversify: ceiling=0.00, value=62364.0
    [iter 937801] reheat + diversify: ceiling=0.00, value=40448.0
    [iter 943554] reheat + diversify: ceiling=0.00, value=40448.0
    [iter 949307] reheat + diversify: ceiling=0.00, value=53406.0
    [iter 955060] reheat + diversify: ceiling=0.00, value=40448.0
    [iter 960813] reheat + diversify: ceiling=0.00, value=62364.0
    [iter 966566] reheat + diversify: ceiling=0.00, value=43827.0
    [iter 972319] reheat + diversify: ceiling=0.00, value=62364.0
    [iter 978072] reheat + diversify: ceiling=0.00, value=62364.0
    [iter 983825] reheat + diversify: ceiling=0.00, value=43827.0
    [iter 989578] reheat + diversify: ceiling=0.00, value=40448.0
    [iter 995331] reheat + diversify: ceiling=0.00, value=53406.0
    [iter 1001084] reheat + diversify: ceiling=0.00, value=62364.0
    [iter 1006837] reheat + diversify: ceiling=0.00, value=46832.0
    [iter 1012590] reheat + diversify: ceiling=0.00, value=53406.0
    [iter 1018343] reheat + diversify: ceiling=0.00, value=39982.0
    [iter 1024096] reheat + diversify: ceiling=0.00, value=62364.0
    [iter 1029849] reheat + diversify: ceiling=0.00, value=44700.0
    [iter 1035602] reheat + diversify: ceiling=0.00, value=62364.0
    [iter 1041355] reheat + diversify: ceiling=0.00, value=62364.0
    [iter 1047108] reheat + diversify: ceiling=0.00, value=43827.0
    [iter 1052861] reheat + diversify: ceiling=0.00, value=62364.0
    [iter 1058614] reheat + diversify: ceiling=0.00, value=53406.0
    [iter 1064367] reheat + diversify: ceiling=0.00, value=62364.0
    [iter 1070120] reheat + diversify: ceiling=0.00, value=53406.0
    [iter 1075873] reheat + diversify: ceiling=0.00, value=49482.0
    [iter 1081626] reheat + diversify: ceiling=0.00, value=46832.0
    [iter 1087379] reheat + diversify: ceiling=0.00, value=51418.0
    [iter 1093132] reheat + diversify: ceiling=0.00, value=53406.0
    [iter 1098885] reheat + diversify: ceiling=0.00, value=52903.0
    [iter 1104638] reheat + diversify: ceiling=0.00, value=46402.0
    [iter 1110391] reheat + diversify: ceiling=0.00, value=62364.0
    [iter 1116144] reheat + diversify: ceiling=0.00, value=62364.0
    [iter 1121897] reheat + diversify: ceiling=0.00, value=62364.0
    [iter 1127650] reheat + diversify: ceiling=0.00, value=46832.0
    [iter 1133403] reheat + diversify: ceiling=0.00, value=59625.0
    [iter 1139156] reheat + diversify: ceiling=0.00, value=52903.0
    [iter 1144909] reheat + diversify: ceiling=0.00, value=62364.0
    [iter 1150662] reheat + diversify: ceiling=0.00, value=47170.0
    [iter 1156415] reheat + diversify: ceiling=0.00, value=34739.0
    [iter 1162168] reheat + diversify: ceiling=0.00, value=62364.0
    [iter 1167921] reheat + diversify: ceiling=0.00, value=46201.0
    [iter 1173674] reheat + diversify: ceiling=0.00, value=59625.0
    [iter 1179427] reheat + diversify: ceiling=0.00, value=62364.0
    [iter 1185180] reheat + diversify: ceiling=0.00, value=62364.0
    [iter 1190933] reheat + diversify: ceiling=0.00, value=62364.0
    [iter 1196686] reheat + diversify: ceiling=0.00, value=40448.0
    [iter 1202439] reheat + diversify: ceiling=0.00, value=62364.0
    [iter 1208192] reheat + diversify: ceiling=0.00, value=43827.0
    [iter 1213945] reheat + diversify: ceiling=0.00, value=46402.0
    [iter 1219698] reheat + diversify: ceiling=0.00, value=62364.0
    [iter 1225451] reheat + diversify: ceiling=0.00, value=62364.0
    [iter 1231204] reheat + diversify: ceiling=0.00, value=62364.0
    [iter 1236957] reheat + diversify: ceiling=0.00, value=53406.0
    [iter 1242710] reheat + diversify: ceiling=0.00, value=34739.0
    [iter 1248463] reheat + diversify: ceiling=0.00, value=49482.0
    [iter 1254216] reheat + diversify: ceiling=0.00, value=46832.0
    [iter 1259969] reheat + diversify: ceiling=0.00, value=62364.0
    [iter 1265722] reheat + diversify: ceiling=0.00, value=46688.0
    [iter 1271475] reheat + diversify: ceiling=0.00, value=46832.0
    [iter 1277228] reheat + diversify: ceiling=0.00, value=62364.0
    [iter 1282981] reheat + diversify: ceiling=0.00, value=62364.0
    [iter 1288734] reheat + diversify: ceiling=0.00, value=62364.0
    [iter 1294487] reheat + diversify: ceiling=0.00, value=44700.0
    [iter 1300240] reheat + diversify: ceiling=0.00, value=62364.0
    [iter 1305993] reheat + diversify: ceiling=0.00, value=51422.0
    [iter 1311746] reheat + diversify: ceiling=0.00, value=62364.0
    [iter 1317499] reheat + diversify: ceiling=0.00, value=62364.0
    [iter 1323252] reheat + diversify: ceiling=0.00, value=49482.0
    [iter 1329005] reheat + diversify: ceiling=0.00, value=62364.0
    [iter 1334758] reheat + diversify: ceiling=0.00, value=46832.0
    [iter 1340511] reheat + diversify: ceiling=0.00, value=46832.0
    [iter 1346264] reheat + diversify: ceiling=0.00, value=62364.0
    [iter 1352017] reheat + diversify: ceiling=0.00, value=47170.0
    [iter 1357770] reheat + diversify: ceiling=0.00, value=62364.0
    [iter 1363523] reheat + diversify: ceiling=0.00, value=44700.0
    [iter 1369276] reheat + diversify: ceiling=0.00, value=53406.0
    [iter 1375029] reheat + diversify: ceiling=0.00, value=62364.0
    [iter 1380782] reheat + diversify: ceiling=0.00, value=62364.0
    [iter 1386535] reheat + diversify: ceiling=0.00, value=62364.0
    [iter 1392288] reheat + diversify: ceiling=0.00, value=46688.0
    [iter 1398041] reheat + diversify: ceiling=0.00, value=43827.0
    [iter 1403794] reheat + diversify: ceiling=0.00, value=53406.0
    [iter 1409547] reheat + diversify: ceiling=0.00, value=39982.0
    [iter 1415300] reheat + diversify: ceiling=0.00, value=52903.0
    [iter 1421053] reheat + diversify: ceiling=0.00, value=37994.0
    [iter 1426806] reheat + diversify: ceiling=0.00, value=46201.0
    [iter 1432559] reheat + diversify: ceiling=0.00, value=46832.0
    [iter 1438312] reheat + diversify: ceiling=0.00, value=39982.0
    [iter 1444065] reheat + diversify: ceiling=0.00, value=46688.0
    [iter 1449818] reheat + diversify: ceiling=0.00, value=62364.0
    [iter 1455571] reheat + diversify: ceiling=0.00, value=62364.0
    [iter 1461324] reheat + diversify: ceiling=0.00, value=62364.0
    [iter 1467077] reheat + diversify: ceiling=0.00, value=62364.0
    [iter 1472830] reheat + diversify: ceiling=0.00, value=62364.0
    [iter 1478583] reheat + diversify: ceiling=0.00, value=51418.0
    [iter 1484336] reheat + diversify: ceiling=0.00, value=62364.0
    [iter 1490089] reheat + diversify: ceiling=0.00, value=62364.0
    [iter 1495842] reheat + diversify: ceiling=0.00, value=34739.0
    [iter 1501595] reheat + diversify: ceiling=0.00, value=62364.0
    [iter 1507348] reheat + diversify: ceiling=0.00, value=62364.0
    [iter 1513101] reheat + diversify: ceiling=0.00, value=43827.0
    [iter 1518854] reheat + diversify: ceiling=0.00, value=62364.0
    [iter 1524607] reheat + diversify: ceiling=0.00, value=62364.0
    [iter 1530360] reheat + diversify: ceiling=0.00, value=40448.0
    [iter 1536113] reheat + diversify: ceiling=0.00, value=62364.0
    [iter 1541866] reheat + diversify: ceiling=0.00, value=62364.0
    [iter 1547619] reheat + diversify: ceiling=0.00, value=58140.0
    [iter 1553372] reheat + diversify: ceiling=0.00, value=59625.0
    [iter 1559125] reheat + diversify: ceiling=0.00, value=62364.0
    [iter 1564878] reheat + diversify: ceiling=0.00, value=62364.0
    [iter 1570631] reheat + diversify: ceiling=0.00, value=46832.0
    [iter 1576384] reheat + diversify: ceiling=0.00, value=62364.0
    [iter 1582137] reheat + diversify: ceiling=0.00, value=51418.0
    [iter 1587890] reheat + diversify: ceiling=0.00, value=43827.0
    [iter 1593643] reheat + diversify: ceiling=0.00, value=34739.0
    [iter 1599396] reheat + diversify: ceiling=0.00, value=46832.0
    [iter 1605149] reheat + diversify: ceiling=0.00, value=49482.0
    [iter 1610902] reheat + diversify: ceiling=0.00, value=51418.0
    [iter 1616655] reheat + diversify: ceiling=0.00, value=62364.0
    [iter 1622408] reheat + diversify: ceiling=0.00, value=39982.0
    [iter 1628161] reheat + diversify: ceiling=0.00, value=62364.0
    [iter 1633914] reheat + diversify: ceiling=0.00, value=39982.0
    [iter 1639667] reheat + diversify: ceiling=0.00, value=62364.0
    [iter 1645420] reheat + diversify: ceiling=0.00, value=46832.0
    [iter 1651173] reheat + diversify: ceiling=0.00, value=62364.0
    [iter 1656926] reheat + diversify: ceiling=0.00, value=46402.0
    [iter 1662679] reheat + diversify: ceiling=0.00, value=29184.0
    [iter 1668432] reheat + diversify: ceiling=0.00, value=62364.0
    [iter 1674185] reheat + diversify: ceiling=0.00, value=53406.0
    [iter 1679938] reheat + diversify: ceiling=0.00, value=62364.0
    [iter 1685691] reheat + diversify: ceiling=0.00, value=46832.0
    [iter 1691444] reheat + diversify: ceiling=0.00, value=62364.0
    [iter 1697197] reheat + diversify: ceiling=0.00, value=62364.0
    [iter 1702950] reheat + diversify: ceiling=0.00, value=62364.0
    [iter 1708703] reheat + diversify: ceiling=0.00, value=62364.0
    [iter 1714456] reheat + diversify: ceiling=0.00, value=40448.0
    [iter 1720209] reheat + diversify: ceiling=0.00, value=62364.0
    [iter 1725962] reheat + diversify: ceiling=0.00, value=62364.0
    [iter 1731715] reheat + diversify: ceiling=0.00, value=40693.0
    [iter 1737468] reheat + diversify: ceiling=0.00, value=46832.0
    [iter 1743221] reheat + diversify: ceiling=0.00, value=62364.0
    [iter 1748974] reheat + diversify: ceiling=0.00, value=49482.0
    [iter 1754727] reheat + diversify: ceiling=0.00, value=62364.0
    [iter 1760480] reheat + diversify: ceiling=0.00, value=39483.0
    [iter 1766233] reheat + diversify: ceiling=0.00, value=45312.0
    [iter 1771986] reheat + diversify: ceiling=0.00, value=29522.0
    [iter 1777739] reheat + diversify: ceiling=0.00, value=62364.0
    [iter 1783492] reheat + diversify: ceiling=0.00, value=62364.0
    [iter 1789245] reheat + diversify: ceiling=0.00, value=53406.0
    [iter 1794998] reheat + diversify: ceiling=0.00, value=43827.0
    [iter 1800751] reheat + diversify: ceiling=0.00, value=62364.0
    [iter 1806504] reheat + diversify: ceiling=0.00, value=62364.0
    [iter 1812257] reheat + diversify: ceiling=0.00, value=58140.0
    [iter 1818010] reheat + diversify: ceiling=0.00, value=40448.0
    [iter 1823763] reheat + diversify: ceiling=0.00, value=62364.0
    [iter 1829516] reheat + diversify: ceiling=0.00, value=53406.0
    [iter 1835269] reheat + diversify: ceiling=0.00, value=53406.0
    [iter 1841022] reheat + diversify: ceiling=0.00, value=37994.0
    [iter 1846775] reheat + diversify: ceiling=0.00, value=53406.0
    [iter 1852528] reheat + diversify: ceiling=0.00, value=53406.0
    [iter 1858281] reheat + diversify: ceiling=0.00, value=59625.0
    [iter 1864034] reheat + diversify: ceiling=0.00, value=62364.0
    [iter 1869787] reheat + diversify: ceiling=0.00, value=62364.0
    [iter 1875540] reheat + diversify: ceiling=0.00, value=62364.0
    [iter 1881293] reheat + diversify: ceiling=0.00, value=62364.0
    [iter 1887046] reheat + diversify: ceiling=0.00, value=62364.0
    [iter 1892799] reheat + diversify: ceiling=0.00, value=49482.0
    [iter 1898552] reheat + diversify: ceiling=0.00, value=59625.0
    [iter 1904305] reheat + diversify: ceiling=0.00, value=44700.0
    [iter 1910058] reheat + diversify: ceiling=0.00, value=44700.0
    [iter 1915811] reheat + diversify: ceiling=0.00, value=62364.0
    [iter 1921564] reheat + diversify: ceiling=0.00, value=46832.0
    [iter 1927317] reheat + diversify: ceiling=0.00, value=51418.0
    [iter 1933070] reheat + diversify: ceiling=0.00, value=51418.0
    [iter 1938823] reheat + diversify: ceiling=0.00, value=22800.0
    [iter 1944576] reheat + diversify: ceiling=0.00, value=59625.0
    [iter 1950329] reheat + diversify: ceiling=0.00, value=53406.0
    [iter 1956082] reheat + diversify: ceiling=0.00, value=62364.0
    [iter 1961835] reheat + diversify: ceiling=0.00, value=40448.0
    [iter 1967588] reheat + diversify: ceiling=0.00, value=37994.0
    [iter 1973341] reheat + diversify: ceiling=0.00, value=46832.0
    [iter 1979094] reheat + diversify: ceiling=0.00, value=62364.0
    [iter 1984847] reheat + diversify: ceiling=0.00, value=46832.0
    [iter 1990600] reheat + diversify: ceiling=0.00, value=47170.0
    [iter 1996353] reheat + diversify: ceiling=0.00, value=62364.0
    [iter 2002106] reheat + diversify: ceiling=0.00, value=39982.0
    [iter 2007859] reheat + diversify: ceiling=0.00, value=62364.0
    [iter 2013612] reheat + diversify: ceiling=0.00, value=62364.0
    [iter 2019365] reheat + diversify: ceiling=0.00, value=62364.0
    [iter 2025118] reheat + diversify: ceiling=0.00, value=53406.0
    [iter 2030871] reheat + diversify: ceiling=0.00, value=62364.0
    [iter 2036624] reheat + diversify: ceiling=0.00, value=62364.0
    [iter 2042377] reheat + diversify: ceiling=0.00, value=62364.0
    [iter 2048130] reheat + diversify: ceiling=0.00, value=37994.0
    [iter 2053883] reheat + diversify: ceiling=0.00, value=59625.0
    [iter 2059636] reheat + diversify: ceiling=0.00, value=53406.0
    [iter 2065389] reheat + diversify: ceiling=0.00, value=39982.0
    [iter 2071142] reheat + diversify: ceiling=0.00, value=49482.0
    [iter 2076895] reheat + diversify: ceiling=0.00, value=62364.0
    [iter 2082648] reheat + diversify: ceiling=0.00, value=62364.0
    [iter 2088401] reheat + diversify: ceiling=0.00, value=62364.0
    [iter 2094154] reheat + diversify: ceiling=0.00, value=40448.0
    [iter 2099907] reheat + diversify: ceiling=0.00, value=53406.0
    [iter 2105660] reheat + diversify: ceiling=0.00, value=46201.0
    [iter 2111413] reheat + diversify: ceiling=0.00, value=62364.0
    [iter 2117166] reheat + diversify: ceiling=0.00, value=62364.0
    [iter 2122919] reheat + diversify: ceiling=0.00, value=42946.0
    [iter 2128672] reheat + diversify: ceiling=0.00, value=62364.0
    [iter 2134425] reheat + diversify: ceiling=0.00, value=43827.0
    [iter 2140178] reheat + diversify: ceiling=0.00, value=46402.0
    [iter 2145931] reheat + diversify: ceiling=0.00, value=62364.0
    [iter 2151684] reheat + diversify: ceiling=0.00, value=49482.0
    [iter 2157437] reheat + diversify: ceiling=0.00, value=62364.0
    [iter 2163190] reheat + diversify: ceiling=0.00, value=62364.0
    [iter 2168943] reheat + diversify: ceiling=0.00, value=62364.0
    [iter 2174696] reheat + diversify: ceiling=0.00, value=51418.0
    [iter 2180449] reheat + diversify: ceiling=0.00, value=43827.0
    [iter 2186202] reheat + diversify: ceiling=0.00, value=43827.0
    [iter 2191955] reheat + diversify: ceiling=0.00, value=62364.0
    [iter 2197708] reheat + diversify: ceiling=0.00, value=62364.0
    [iter 2203461] reheat + diversify: ceiling=0.00, value=43827.0
    [iter 2209214] reheat + diversify: ceiling=0.00, value=62364.0
    [iter 2214967] reheat + diversify: ceiling=0.00, value=62364.0
    [iter 2220720] reheat + diversify: ceiling=0.00, value=62364.0
    [iter 2226473] reheat + diversify: ceiling=0.00, value=62364.0
    [iter 2232226] reheat + diversify: ceiling=0.00, value=37994.0
    [iter 2237979] reheat + diversify: ceiling=0.00, value=51418.0
    [iter 2243732] reheat + diversify: ceiling=0.00, value=62364.0
    [iter 2249485] reheat + diversify: ceiling=0.00, value=40448.0
    [iter 2255238] reheat + diversify: ceiling=0.00, value=53406.0
    [iter 2260991] reheat + diversify: ceiling=0.00, value=46201.0
    [iter 2266744] reheat + diversify: ceiling=0.00, value=52903.0
    [iter 2272497] reheat + diversify: ceiling=0.00, value=34739.0
    [iter 2278250] reheat + diversify: ceiling=0.00, value=51418.0
    [iter 2284003] reheat + diversify: ceiling=0.00, value=49482.0
    [iter 2289756] reheat + diversify: ceiling=0.00, value=62364.0
    [iter 2295509] reheat + diversify: ceiling=0.00, value=62364.0
    [iter 2301262] reheat + diversify: ceiling=0.00, value=62364.0
    [iter 2307015] reheat + diversify: ceiling=0.00, value=62364.0
    [iter 2312768] reheat + diversify: ceiling=0.00, value=62364.0
    [iter 2318521] reheat + diversify: ceiling=0.00, value=62364.0
    [iter 2324274] reheat + diversify: ceiling=0.00, value=46832.0
    [iter 2330027] reheat + diversify: ceiling=0.00, value=32354.0
    [iter 2335780] reheat + diversify: ceiling=0.00, value=46832.0
    [iter 2341533] reheat + diversify: ceiling=0.00, value=62364.0
    [iter 2347286] reheat + diversify: ceiling=0.00, value=62364.0
    [iter 2353039] reheat + diversify: ceiling=0.00, value=37994.0
    [iter 2358792] reheat + diversify: ceiling=0.00, value=49482.0
    [iter 2364545] reheat + diversify: ceiling=0.00, value=62364.0
    [iter 2370298] reheat + diversify: ceiling=0.00, value=62364.0
    [iter 2376051] reheat + diversify: ceiling=0.00, value=46832.0
    [iter 2381804] reheat + diversify: ceiling=0.00, value=34739.0
    [iter 2387557] reheat + diversify: ceiling=0.00, value=62364.0
    [iter 2393310] reheat + diversify: ceiling=0.00, value=62364.0
    [iter 2399063] reheat + diversify: ceiling=0.00, value=62364.0
    [iter 2404816] reheat + diversify: ceiling=0.00, value=62364.0
    [iter 2410569] reheat + diversify: ceiling=0.00, value=62364.0
    [iter 2416322] reheat + diversify: ceiling=0.00, value=62364.0
    [iter 2422075] reheat + diversify: ceiling=0.00, value=53406.0
    [iter 2427828] reheat + diversify: ceiling=0.00, value=40448.0
    [iter 2433581] reheat + diversify: ceiling=0.00, value=47170.0
    [iter 2439334] reheat + diversify: ceiling=0.00, value=45312.0
    [iter 2445087] reheat + diversify: ceiling=0.00, value=46832.0
    [iter 2450840] reheat + diversify: ceiling=0.00, value=49482.0
    [iter 2456593] reheat + diversify: ceiling=0.00, value=59625.0
    [iter 2462346] reheat + diversify: ceiling=0.00, value=53406.0
    [iter 2468099] reheat + diversify: ceiling=0.00, value=34739.0
    [iter 2473852] reheat + diversify: ceiling=0.00, value=51418.0
    [iter 2479605] reheat + diversify: ceiling=0.00, value=62364.0
    [iter 2485358] reheat + diversify: ceiling=0.00, value=43827.0
    [iter 2491111] reheat + diversify: ceiling=0.00, value=62364.0
    [iter 2496864] reheat + diversify: ceiling=0.00, value=62364.0
    [iter 2502617] reheat + diversify: ceiling=0.00, value=40448.0
    [iter 2508370] reheat + diversify: ceiling=0.00, value=62364.0
    [iter 2514123] reheat + diversify: ceiling=0.00, value=39982.0
    [iter 2519876] reheat + diversify: ceiling=0.00, value=37994.0
    [iter 2525629] reheat + diversify: ceiling=0.00, value=42946.0
    [iter 2531382] reheat + diversify: ceiling=0.00, value=46402.0
    [iter 2537135] reheat + diversify: ceiling=0.00, value=62364.0
    [iter 2542888] reheat + diversify: ceiling=0.00, value=37994.0
    [iter 2548641] reheat + diversify: ceiling=0.00, value=62364.0
    [iter 2554394] reheat + diversify: ceiling=0.00, value=49482.0
    [iter 2560147] reheat + diversify: ceiling=0.00, value=53406.0
    [iter 2565900] reheat + diversify: ceiling=0.00, value=40448.0
    [iter 2571653] reheat + diversify: ceiling=0.00, value=62364.0
    [iter 2577406] reheat + diversify: ceiling=0.00, value=62364.0
    [iter 2583159] reheat + diversify: ceiling=0.00, value=62364.0
    [iter 2588912] reheat + diversify: ceiling=0.00, value=40448.0
    [iter 2594665] reheat + diversify: ceiling=0.00, value=46832.0
    [iter 2600418] reheat + diversify: ceiling=0.00, value=58140.0
    [iter 2606171] reheat + diversify: ceiling=0.00, value=51418.0
    [iter 2611924] reheat + diversify: ceiling=0.00, value=62364.0
    [iter 2617677] reheat + diversify: ceiling=0.00, value=53406.0
    [iter 2623430] reheat + diversify: ceiling=0.00, value=46688.0
    [iter 2629183] reheat + diversify: ceiling=0.00, value=62364.0
    [iter 2634936] reheat + diversify: ceiling=0.00, value=45312.0
    [iter 2640689] reheat + diversify: ceiling=0.00, value=49482.0
    [iter 2646442] reheat + diversify: ceiling=0.00, value=46832.0
    [iter 2652195] reheat + diversify: ceiling=0.00, value=62364.0
    [iter 2657948] reheat + diversify: ceiling=0.00, value=62364.0
    [iter 2663701] reheat + diversify: ceiling=0.00, value=62364.0
    [iter 2669454] reheat + diversify: ceiling=0.00, value=62364.0
    [iter 2675207] reheat + diversify: ceiling=0.00, value=46201.0
    [iter 2680960] reheat + diversify: ceiling=0.00, value=51418.0
    [iter 2686713] reheat + diversify: ceiling=0.00, value=52903.0
    [iter 2692466] reheat + diversify: ceiling=0.00, value=62364.0
    [iter 2698219] reheat + diversify: ceiling=0.00, value=46832.0
    [iter 2703972] reheat + diversify: ceiling=0.00, value=62364.0
    [iter 2709725] reheat + diversify: ceiling=0.00, value=46402.0
    [iter 2715478] reheat + diversify: ceiling=0.00, value=62364.0
    [iter 2721231] reheat + diversify: ceiling=0.00, value=62364.0
    [iter 2726984] reheat + diversify: ceiling=0.00, value=62364.0
    [iter 2732737] reheat + diversify: ceiling=0.00, value=62364.0
    [iter 2738490] reheat + diversify: ceiling=0.00, value=53406.0
    [iter 2744243] reheat + diversify: ceiling=0.00, value=62364.0
    [iter 2749996] reheat + diversify: ceiling=0.00, value=62364.0
    [iter 2755749] reheat + diversify: ceiling=0.00, value=62364.0
    [iter 2761502] reheat + diversify: ceiling=0.00, value=53406.0
    [iter 2767255] reheat + diversify: ceiling=0.00, value=43827.0
    [iter 2773008] reheat + diversify: ceiling=0.00, value=34739.0
    [iter 2778761] reheat + diversify: ceiling=0.00, value=40448.0
    [iter 2784514] reheat + diversify: ceiling=0.00, value=34739.0
    [iter 2790267] reheat + diversify: ceiling=0.00, value=62364.0
    [iter 2796020] reheat + diversify: ceiling=0.00, value=46688.0
    [iter 2801773] reheat + diversify: ceiling=0.00, value=62364.0
    [iter 2807526] reheat + diversify: ceiling=0.00, value=44700.0
    [iter 2813279] reheat + diversify: ceiling=0.00, value=46201.0
    [iter 2819032] reheat + diversify: ceiling=0.00, value=62364.0
    [iter 2824785] reheat + diversify: ceiling=0.00, value=46688.0
    [iter 2830538] reheat + diversify: ceiling=0.00, value=59625.0
    [iter 2836291] reheat + diversify: ceiling=0.00, value=62364.0
    [iter 2842044] reheat + diversify: ceiling=0.00, value=37994.0
    [iter 2847797] reheat + diversify: ceiling=0.00, value=36224.0
    [iter 2853550] reheat + diversify: ceiling=0.00, value=40448.0
    [iter 2859303] reheat + diversify: ceiling=0.00, value=62364.0
    [iter 2865056] reheat + diversify: ceiling=0.00, value=38308.0
    [iter 2870809] reheat + diversify: ceiling=0.00, value=62364.0
    [iter 2876562] reheat + diversify: ceiling=0.00, value=53406.0
    [iter 2882315] reheat + diversify: ceiling=0.00, value=46402.0
    [iter 2888068] reheat + diversify: ceiling=0.00, value=46832.0
    [iter 2893821] reheat + diversify: ceiling=0.00, value=44700.0
    [iter 2899574] reheat + diversify: ceiling=0.00, value=62364.0
    [iter 2905327] reheat + diversify: ceiling=0.00, value=46832.0
    [iter 2911080] reheat + diversify: ceiling=0.00, value=62364.0
    [iter 2916833] reheat + diversify: ceiling=0.00, value=62364.0
    [iter 2922586] reheat + diversify: ceiling=0.00, value=62364.0
    [iter 2928339] reheat + diversify: ceiling=0.00, value=43827.0
    [iter 2934092] reheat + diversify: ceiling=0.00, value=62364.0
    [iter 2939845] reheat + diversify: ceiling=0.00, value=51418.0
    [iter 2945598] reheat + diversify: ceiling=0.00, value=62364.0
    [iter 2951351] reheat + diversify: ceiling=0.00, value=34739.0
    [iter 2957104] reheat + diversify: ceiling=0.00, value=46688.0
    [iter 2962857] reheat + diversify: ceiling=0.00, value=46201.0
    [iter 2968610] reheat + diversify: ceiling=0.00, value=46832.0
    [iter 2974363] reheat + diversify: ceiling=0.00, value=46832.0
    [iter 2980116] reheat + diversify: ceiling=0.00, value=43827.0
    [iter 2985869] reheat + diversify: ceiling=0.00, value=44700.0
    [iter 2991622] reheat + diversify: ceiling=0.00, value=62364.0
    [iter 2997375] reheat + diversify: ceiling=0.00, value=39982.0
    [iter 3003128] reheat + diversify: ceiling=0.00, value=49482.0
    [iter 3008881] reheat + diversify: ceiling=0.00, value=43827.0
    [iter 3014634] reheat + diversify: ceiling=0.00, value=62364.0
    [iter 3020387] reheat + diversify: ceiling=0.00, value=62364.0
    [iter 3026140] reheat + diversify: ceiling=0.00, value=46832.0
    [iter 3031893] reheat + diversify: ceiling=0.00, value=62364.0
    [iter 3037646] reheat + diversify: ceiling=0.00, value=46832.0
    [iter 3043399] reheat + diversify: ceiling=0.00, value=40448.0
    [iter 3049152] reheat + diversify: ceiling=0.00, value=62364.0
    [iter 3054905] reheat + diversify: ceiling=0.00, value=44700.0
    [iter 3060658] reheat + diversify: ceiling=0.00, value=62364.0
    [iter 3066411] reheat + diversify: ceiling=0.00, value=62364.0
    [iter 3072164] reheat + diversify: ceiling=0.00, value=62364.0
    [iter 3077917] reheat + diversify: ceiling=0.00, value=44700.0
    [iter 3083670] reheat + diversify: ceiling=0.00, value=37994.0
    [iter 3089423] reheat + diversify: ceiling=0.00, value=62364.0
    [iter 3095176] reheat + diversify: ceiling=0.00, value=62364.0
    [iter 3100929] reheat + diversify: ceiling=0.00, value=37994.0
    [iter 3106682] reheat + diversify: ceiling=0.00, value=62364.0
    [iter 3112435] reheat + diversify: ceiling=0.00, value=43827.0
    [iter 3118188] reheat + diversify: ceiling=0.00, value=62364.0
    [iter 3123941] reheat + diversify: ceiling=0.00, value=29184.0
    [iter 3129694] reheat + diversify: ceiling=0.00, value=62364.0
    [iter 3135447] reheat + diversify: ceiling=0.00, value=53406.0
    [iter 3141200] reheat + diversify: ceiling=0.00, value=46201.0
    [iter 3146953] reheat + diversify: ceiling=0.00, value=43827.0
    [iter 3152706] reheat + diversify: ceiling=0.00, value=45312.0
    [iter 3158459] reheat + diversify: ceiling=0.00, value=62364.0
    [iter 3164212] reheat + diversify: ceiling=0.00, value=62364.0
    [iter 3169965] reheat + diversify: ceiling=0.00, value=49482.0
    [iter 3175718] reheat + diversify: ceiling=0.00, value=59625.0
    [iter 3181471] reheat + diversify: ceiling=0.00, value=59625.0
    [iter 3187224] reheat + diversify: ceiling=0.00, value=34739.0
    [iter 3192977] reheat + diversify: ceiling=0.00, value=49482.0
    [iter 3198730] reheat + diversify: ceiling=0.00, value=42946.0
    [iter 3204483] reheat + diversify: ceiling=0.00, value=44700.0
    [iter 3210236] reheat + diversify: ceiling=0.00, value=51418.0
    [iter 3215989] reheat + diversify: ceiling=0.00, value=62364.0
    [iter 3221742] reheat + diversify: ceiling=0.00, value=62364.0
    [iter 3227495] reheat + diversify: ceiling=0.00, value=53406.0
    [iter 3233248] reheat + diversify: ceiling=0.00, value=62364.0
    [iter 3239001] reheat + diversify: ceiling=0.00, value=53406.0
    [iter 3244754] reheat + diversify: ceiling=0.00, value=36224.0
    [iter 3250507] reheat + diversify: ceiling=0.00, value=45312.0
    [iter 3256260] reheat + diversify: ceiling=0.00, value=62364.0
    [iter 3262013] reheat + diversify: ceiling=0.00, value=62364.0
    [iter 3267766] reheat + diversify: ceiling=0.00, value=37994.0
    [iter 3273519] reheat + diversify: ceiling=0.00, value=62364.0
    [iter 3279272] reheat + diversify: ceiling=0.00, value=40448.0
    [iter 3285025] reheat + diversify: ceiling=0.00, value=39982.0
    [iter 3290778] reheat + diversify: ceiling=0.00, value=40448.0
    [iter 3296531] reheat + diversify: ceiling=0.00, value=62364.0
    [iter 3302284] reheat + diversify: ceiling=0.00, value=53406.0
    [iter 3308037] reheat + diversify: ceiling=0.00, value=39982.0
    [iter 3313790] reheat + diversify: ceiling=0.00, value=43827.0
    [iter 3319543] reheat + diversify: ceiling=0.00, value=62364.0
    [iter 3325296] reheat + diversify: ceiling=0.00, value=62364.0
    [iter 3331049] reheat + diversify: ceiling=0.00, value=40448.0
    [iter 3336802] reheat + diversify: ceiling=0.00, value=49482.0
    [iter 3342555] reheat + diversify: ceiling=0.00, value=51418.0
    [iter 3348308] reheat + diversify: ceiling=0.00, value=62364.0
    [iter 3354061] reheat + diversify: ceiling=0.00, value=62364.0
    [iter 3359814] reheat + diversify: ceiling=0.00, value=62364.0
    [iter 3365567] reheat + diversify: ceiling=0.00, value=62364.0
    [iter 3371320] reheat + diversify: ceiling=0.00, value=40448.0
    [iter 3377073] reheat + diversify: ceiling=0.00, value=53406.0
    [iter 3382826] reheat + diversify: ceiling=0.00, value=62364.0
    [iter 3388579] reheat + diversify: ceiling=0.00, value=39076.0
    [iter 3394332] reheat + diversify: ceiling=0.00, value=47170.0
    [iter 3400085] reheat + diversify: ceiling=0.00, value=59625.0
    [iter 3405838] reheat + diversify: ceiling=0.00, value=45312.0
    [iter 3411591] reheat + diversify: ceiling=0.00, value=62364.0
    [iter 3417344] reheat + diversify: ceiling=0.00, value=46688.0
    [iter 3423097] reheat + diversify: ceiling=0.00, value=62364.0
    [iter 3428850] reheat + diversify: ceiling=0.00, value=34739.0
    [iter 3434603] reheat + diversify: ceiling=0.00, value=53406.0
    [iter 3440356] reheat + diversify: ceiling=0.00, value=34739.0
    [iter 3446109] reheat + diversify: ceiling=0.00, value=62364.0
    [iter 3451862] reheat + diversify: ceiling=0.00, value=40448.0
    [iter 3457615] reheat + diversify: ceiling=0.00, value=53406.0
    [iter 3463368] reheat + diversify: ceiling=0.00, value=62364.0
    [iter 3469121] reheat + diversify: ceiling=0.00, value=49482.0
    [iter 3474874] reheat + diversify: ceiling=0.00, value=53406.0
    [iter 3480627] reheat + diversify: ceiling=0.00, value=62364.0
    [iter 3486380] reheat + diversify: ceiling=0.00, value=62364.0
    [iter 3492133] reheat + diversify: ceiling=0.00, value=40448.0
    [iter 3497886] reheat + diversify: ceiling=0.00, value=36228.0
    [iter 3503639] reheat + diversify: ceiling=0.00, value=59625.0
    [iter 3509392] reheat + diversify: ceiling=0.00, value=45312.0
    [iter 3515145] reheat + diversify: ceiling=0.00, value=51418.0
    [iter 3520898] reheat + diversify: ceiling=0.00, value=39483.0
    [iter 3526651] reheat + diversify: ceiling=0.00, value=38308.0
    [iter 3532404] reheat + diversify: ceiling=0.00, value=49482.0
    [iter 3538157] reheat + diversify: ceiling=0.00, value=43827.0
    [iter 3543910] reheat + diversify: ceiling=0.00, value=49482.0
    [iter 3549663] reheat + diversify: ceiling=0.00, value=58140.0
    [iter 3555416] reheat + diversify: ceiling=0.00, value=37994.0
    [iter 3561169] reheat + diversify: ceiling=0.00, value=62364.0
    [iter 3566922] reheat + diversify: ceiling=0.00, value=46832.0
    [iter 3572675] reheat + diversify: ceiling=0.00, value=62364.0
    [iter 3578428] reheat + diversify: ceiling=0.00, value=34739.0
    [iter 3584181] reheat + diversify: ceiling=0.00, value=62364.0
    [iter 3589934] reheat + diversify: ceiling=0.00, value=62364.0
    [iter 3595687] reheat + diversify: ceiling=0.00, value=43827.0
    [iter 3601440] reheat + diversify: ceiling=0.00, value=62364.0
    [iter 3607193] reheat + diversify: ceiling=0.00, value=62364.0
    [iter 3612946] reheat + diversify: ceiling=0.00, value=40448.0
    [iter 3618699] reheat + diversify: ceiling=0.00, value=59625.0
    [iter 3624452] reheat + diversify: ceiling=0.00, value=62364.0
    [iter 3630205] reheat + diversify: ceiling=0.00, value=62364.0
    [iter 3635958] reheat + diversify: ceiling=0.00, value=62364.0
    [iter 3641711] reheat + diversify: ceiling=0.00, value=62364.0
    [iter 3647464] reheat + diversify: ceiling=0.00, value=62364.0
    [iter 3653217] reheat + diversify: ceiling=0.00, value=62364.0
    [iter 3658970] reheat + diversify: ceiling=0.00, value=37994.0
    [iter 3664723] reheat + diversify: ceiling=0.00, value=40448.0
    [iter 3670476] reheat + diversify: ceiling=0.00, value=37994.0
    [iter 3676229] reheat + diversify: ceiling=0.00, value=62364.0
    [iter 3681982] reheat + diversify: ceiling=0.00, value=37994.0
    [iter 3687735] reheat + diversify: ceiling=0.00, value=51418.0
    [iter 3693488] reheat + diversify: ceiling=0.00, value=53406.0
    [iter 3699241] reheat + diversify: ceiling=0.00, value=62364.0
    [iter 3704994] reheat + diversify: ceiling=0.00, value=39982.0
    [iter 3710747] reheat + diversify: ceiling=0.00, value=40448.0
    [iter 3716500] reheat + diversify: ceiling=0.00, value=62364.0
    [iter 3722253] reheat + diversify: ceiling=0.00, value=62364.0
    [iter 3728006] reheat + diversify: ceiling=0.00, value=29184.0
    [iter 3733759] reheat + diversify: ceiling=0.00, value=62364.0
    [iter 3739512] reheat + diversify: ceiling=0.00, value=62364.0
    [iter 3745265] reheat + diversify: ceiling=0.00, value=62364.0
    [iter 3751018] reheat + diversify: ceiling=0.00, value=62364.0
    [iter 3756771] reheat + diversify: ceiling=0.00, value=39982.0
    [iter 3762524] reheat + diversify: ceiling=0.00, value=46832.0
    [iter 3768277] reheat + diversify: ceiling=0.00, value=46832.0
    [iter 3774030] reheat + diversify: ceiling=0.00, value=62364.0
    [iter 3779783] reheat + diversify: ceiling=0.00, value=37994.0
    [iter 3785536] reheat + diversify: ceiling=0.00, value=53406.0
    [iter 3791289] reheat + diversify: ceiling=0.00, value=45312.0
    [iter 3797042] reheat + diversify: ceiling=0.00, value=62364.0
    [iter 3802795] reheat + diversify: ceiling=0.00, value=46402.0
    [iter 3808548] reheat + diversify: ceiling=0.00, value=62364.0
    [iter 3814301] reheat + diversify: ceiling=0.00, value=39982.0
    [iter 3820054] reheat + diversify: ceiling=0.00, value=43827.0
    [iter 3825807] reheat + diversify: ceiling=0.00, value=53406.0
    [iter 3831560] reheat + diversify: ceiling=0.00, value=62364.0
    [iter 3837313] reheat + diversify: ceiling=0.00, value=39982.0
    [iter 3843066] reheat + diversify: ceiling=0.00, value=62364.0
    [iter 3848819] reheat + diversify: ceiling=0.00, value=53406.0
    [iter 3854572] reheat + diversify: ceiling=0.00, value=62364.0
    [iter 3860325] reheat + diversify: ceiling=0.00, value=46832.0
    [iter 3866078] reheat + diversify: ceiling=0.00, value=34739.0
    [iter 3871831] reheat + diversify: ceiling=0.00, value=62364.0
    [iter 3877584] reheat + diversify: ceiling=0.00, value=39982.0
    [iter 3883337] reheat + diversify: ceiling=0.00, value=43827.0
    [iter 3889090] reheat + diversify: ceiling=0.00, value=49482.0
    [iter 3894843] reheat + diversify: ceiling=0.00, value=62364.0
    [iter 3900596] reheat + diversify: ceiling=0.00, value=62364.0
    [iter 3906349] reheat + diversify: ceiling=0.00, value=49482.0
    [iter 3912102] reheat + diversify: ceiling=0.00, value=43827.0
    [iter 3917855] reheat + diversify: ceiling=0.00, value=45312.0
    [iter 3923608] reheat + diversify: ceiling=0.00, value=45312.0
    [iter 3929361] reheat + diversify: ceiling=0.00, value=46832.0
    [iter 3935114] reheat + diversify: ceiling=0.00, value=46688.0
    [iter 3940867] reheat + diversify: ceiling=0.00, value=44700.0
    [iter 3946620] reheat + diversify: ceiling=0.00, value=45312.0
    [iter 3952373] reheat + diversify: ceiling=0.00, value=62364.0
    [iter 3958126] reheat + diversify: ceiling=0.00, value=39076.0
    [iter 3963879] reheat + diversify: ceiling=0.00, value=49482.0
    [iter 3969632] reheat + diversify: ceiling=0.00, value=51422.0
    [iter 3975385] reheat + diversify: ceiling=0.00, value=43827.0
    [iter 3981138] reheat + diversify: ceiling=0.00, value=46201.0
    [iter 3986891] reheat + diversify: ceiling=0.00, value=62364.0
    [iter 3992644] reheat + diversify: ceiling=0.00, value=62364.0
    [iter 3998397] reheat + diversify: ceiling=0.00, value=62364.0
    [iter 4004150] reheat + diversify: ceiling=0.00, value=62364.0
    [iter 4009903] reheat + diversify: ceiling=0.00, value=46688.0
    [iter 4015656] reheat + diversify: ceiling=0.00, value=43827.0
    [iter 4021409] reheat + diversify: ceiling=0.00, value=53406.0
    [iter 4027162] reheat + diversify: ceiling=0.00, value=40448.0
    [iter 4032915] reheat + diversify: ceiling=0.00, value=46688.0
    [iter 4038668] reheat + diversify: ceiling=0.00, value=62364.0
    [iter 4044421] reheat + diversify: ceiling=0.00, value=43827.0
    [iter 4050174] reheat + diversify: ceiling=0.00, value=39982.0
    [iter 4055927] reheat + diversify: ceiling=0.00, value=62364.0
    [iter 4061680] reheat + diversify: ceiling=0.00, value=62364.0
    [iter 4067433] reheat + diversify: ceiling=0.00, value=51418.0
    [iter 4073186] reheat + diversify: ceiling=0.00, value=39076.0
    [iter 4078939] reheat + diversify: ceiling=0.00, value=62364.0
    [iter 4084692] reheat + diversify: ceiling=0.00, value=62364.0
    [iter 4090445] reheat + diversify: ceiling=0.00, value=62364.0
    [iter 4096198] reheat + diversify: ceiling=0.00, value=37994.0
    [iter 4101951] reheat + diversify: ceiling=0.00, value=53406.0
    [iter 4107704] reheat + diversify: ceiling=0.00, value=59625.0
    [iter 4113457] reheat + diversify: ceiling=0.00, value=62364.0
    [iter 4119210] reheat + diversify: ceiling=0.00, value=62364.0
    [iter 4124963] reheat + diversify: ceiling=0.00, value=62364.0
    [iter 4130716] reheat + diversify: ceiling=0.00, value=40448.0
    [iter 4136469] reheat + diversify: ceiling=0.00, value=62364.0
    [iter 4142222] reheat + diversify: ceiling=0.00, value=62364.0
    [iter 4147975] reheat + diversify: ceiling=0.00, value=39982.0
    [iter 4153728] reheat + diversify: ceiling=0.00, value=46832.0
    [iter 4159481] reheat + diversify: ceiling=0.00, value=62364.0
    [iter 4165234] reheat + diversify: ceiling=0.00, value=46688.0
    [iter 4170987] reheat + diversify: ceiling=0.00, value=62364.0
    [iter 4176740] reheat + diversify: ceiling=0.00, value=62364.0
    [iter 4182493] reheat + diversify: ceiling=0.00, value=43827.0
    [iter 4188246] reheat + diversify: ceiling=0.00, value=62364.0
    [iter 4193999] reheat + diversify: ceiling=0.00, value=46688.0
    [iter 4199752] reheat + diversify: ceiling=0.00, value=39076.0
    [iter 4205505] reheat + diversify: ceiling=0.00, value=53406.0
    [iter 4211258] reheat + diversify: ceiling=0.00, value=46201.0
    [iter 4217011] reheat + diversify: ceiling=0.00, value=36224.0
    [iter 4222764] reheat + diversify: ceiling=0.00, value=53406.0
    [iter 4228517] reheat + diversify: ceiling=0.00, value=62364.0
    [iter 4234270] reheat + diversify: ceiling=0.00, value=53406.0
    [iter 4240023] reheat + diversify: ceiling=0.00, value=62364.0
    [iter 4245776] reheat + diversify: ceiling=0.00, value=62364.0
    [iter 4251529] reheat + diversify: ceiling=0.00, value=62364.0
    [iter 4257282] reheat + diversify: ceiling=0.00, value=62364.0
    [iter 4263035] reheat + diversify: ceiling=0.00, value=49482.0
    [iter 4268788] reheat + diversify: ceiling=0.00, value=53406.0
    [iter 4274541] reheat + diversify: ceiling=0.00, value=46402.0
    [iter 4280294] reheat + diversify: ceiling=0.00, value=62364.0
    [iter 4286047] reheat + diversify: ceiling=0.00, value=49482.0
    [iter 4291800] reheat + diversify: ceiling=0.00, value=44700.0
    [iter 4297553] reheat + diversify: ceiling=0.00, value=62364.0
    [iter 4303306] reheat + diversify: ceiling=0.00, value=43827.0
    [iter 4309059] reheat + diversify: ceiling=0.00, value=37994.0
    [iter 4314812] reheat + diversify: ceiling=0.00, value=51418.0
    [iter 4320565] reheat + diversify: ceiling=0.00, value=37994.0
    [iter 4326318] reheat + diversify: ceiling=0.00, value=62364.0
    [iter 4332071] reheat + diversify: ceiling=0.00, value=62364.0
    [iter 4337824] reheat + diversify: ceiling=0.00, value=46688.0
    [iter 4343577] reheat + diversify: ceiling=0.00, value=62364.0
    [iter 4349330] reheat + diversify: ceiling=0.00, value=62364.0
    [iter 4355083] reheat + diversify: ceiling=0.00, value=31018.0
    [iter 4360836] reheat + diversify: ceiling=0.00, value=51418.0
    [iter 4366589] reheat + diversify: ceiling=0.00, value=62364.0
    [iter 4372342] reheat + diversify: ceiling=0.00, value=53406.0
    [iter 4378095] reheat + diversify: ceiling=0.00, value=46688.0
    [iter 4383848] reheat + diversify: ceiling=0.00, value=49482.0
    [iter 4389601] reheat + diversify: ceiling=0.00, value=62364.0
    [iter 4395354] reheat + diversify: ceiling=0.00, value=51422.0
    [iter 4401107] reheat + diversify: ceiling=0.00, value=51422.0
    [iter 4406860] reheat + diversify: ceiling=0.00, value=59625.0
    [iter 4412613] reheat + diversify: ceiling=0.00, value=59625.0
    [iter 4418366] reheat + diversify: ceiling=0.00, value=62364.0
    [iter 4424119] reheat + diversify: ceiling=0.00, value=32354.0
    [iter 4429872] reheat + diversify: ceiling=0.00, value=62364.0
    [iter 4435625] reheat + diversify: ceiling=0.00, value=51418.0
    [iter 4441378] reheat + diversify: ceiling=0.00, value=53406.0
    [iter 4447131] reheat + diversify: ceiling=0.00, value=46201.0
    [iter 4452884] reheat + diversify: ceiling=0.00, value=59625.0
    [iter 4458637] reheat + diversify: ceiling=0.00, value=45312.0
    [iter 4464390] reheat + diversify: ceiling=0.00, value=46832.0
    [iter 4470143] reheat + diversify: ceiling=0.00, value=62364.0
    [iter 4475896] reheat + diversify: ceiling=0.00, value=53406.0
    [iter 4481649] reheat + diversify: ceiling=0.00, value=62364.0
    [iter 4487402] reheat + diversify: ceiling=0.00, value=51418.0
    [iter 4493155] reheat + diversify: ceiling=0.00, value=52903.0
    [iter 4498908] reheat + diversify: ceiling=0.00, value=62364.0
    [iter 4504661] reheat + diversify: ceiling=0.00, value=34739.0
    [iter 4510414] reheat + diversify: ceiling=0.00, value=62364.0
    [iter 4516167] reheat + diversify: ceiling=0.00, value=51418.0
    [iter 4521920] reheat + diversify: ceiling=0.00, value=62364.0
    [iter 4527673] reheat + diversify: ceiling=0.00, value=53406.0
    [iter 4533426] reheat + diversify: ceiling=0.00, value=44700.0
    [iter 4539179] reheat + diversify: ceiling=0.00, value=22800.0
    [iter 4544932] reheat + diversify: ceiling=0.00, value=62364.0
    [iter 4550685] reheat + diversify: ceiling=0.00, value=62364.0
    [iter 4556438] reheat + diversify: ceiling=0.00, value=62364.0
    [iter 4562191] reheat + diversify: ceiling=0.00, value=40448.0
    [iter 4567944] reheat + diversify: ceiling=0.00, value=46201.0
    [iter 4573697] reheat + diversify: ceiling=0.00, value=62364.0
    [iter 4579450] reheat + diversify: ceiling=0.00, value=46832.0
    [iter 4585203] reheat + diversify: ceiling=0.00, value=49482.0
    [iter 4590956] reheat + diversify: ceiling=0.00, value=45312.0
    [iter 4596709] reheat + diversify: ceiling=0.00, value=62364.0
    [iter 4602462] reheat + diversify: ceiling=0.00, value=62364.0
    [iter 4608215] reheat + diversify: ceiling=0.00, value=46832.0
    [iter 4613968] reheat + diversify: ceiling=0.00, value=59625.0
    [iter 4619721] reheat + diversify: ceiling=0.00, value=62364.0
    [iter 4625474] reheat + diversify: ceiling=0.00, value=47170.0
    [iter 4631227] reheat + diversify: ceiling=0.00, value=49482.0
    [iter 4636980] reheat + diversify: ceiling=0.00, value=43827.0
    [iter 4642733] reheat + diversify: ceiling=0.00, value=46185.0
    [iter 4648486] reheat + diversify: ceiling=0.00, value=62364.0
    [iter 4654239] reheat + diversify: ceiling=0.00, value=44700.0
    [iter 4659992] reheat + diversify: ceiling=0.00, value=53406.0
    [iter 4665745] reheat + diversify: ceiling=0.00, value=62364.0
    [iter 4671498] reheat + diversify: ceiling=0.00, value=62364.0
    [iter 4677251] reheat + diversify: ceiling=0.00, value=49482.0
    [iter 4683004] reheat + diversify: ceiling=0.00, value=62364.0
    [iter 4688757] reheat + diversify: ceiling=0.00, value=53406.0
    [iter 4694510] reheat + diversify: ceiling=0.00, value=49482.0
    [iter 4700263] reheat + diversify: ceiling=0.00, value=46402.0
    [iter 4706016] reheat + diversify: ceiling=0.00, value=62364.0
    [iter 4711769] reheat + diversify: ceiling=0.00, value=51418.0
    [iter 4717522] reheat + diversify: ceiling=0.00, value=44700.0
    [iter 4723275] reheat + diversify: ceiling=0.00, value=53406.0
    [iter 4729028] reheat + diversify: ceiling=0.00, value=62364.0
    [iter 4734781] reheat + diversify: ceiling=0.00, value=22800.0
    [iter 4740534] reheat + diversify: ceiling=0.00, value=45312.0
    [iter 4746287] reheat + diversify: ceiling=0.00, value=52903.0
    [iter 4752040] reheat + diversify: ceiling=0.00, value=62364.0
    [iter 4757793] reheat + diversify: ceiling=0.00, value=51418.0
    [iter 4763546] reheat + diversify: ceiling=0.00, value=49482.0
    [iter 4769299] reheat + diversify: ceiling=0.00, value=59625.0
    [iter 4775052] reheat + diversify: ceiling=0.00, value=62364.0
    [iter 4780805] reheat + diversify: ceiling=0.00, value=53406.0
    [iter 4786558] reheat + diversify: ceiling=0.00, value=53406.0
    [iter 4792311] reheat + diversify: ceiling=0.00, value=39982.0
    [iter 4798064] reheat + diversify: ceiling=0.00, value=62364.0
    [iter 4803817] reheat + diversify: ceiling=0.00, value=40448.0
    [iter 4809570] reheat + diversify: ceiling=0.00, value=46832.0
    [iter 4815323] reheat + diversify: ceiling=0.00, value=39982.0
    [iter 4821076] reheat + diversify: ceiling=0.00, value=59625.0
    [iter 4826829] reheat + diversify: ceiling=0.00, value=52903.0
    [iter 4832582] reheat + diversify: ceiling=0.00, value=62364.0
    [iter 4838335] reheat + diversify: ceiling=0.00, value=40448.0
    [iter 4844088] reheat + diversify: ceiling=0.00, value=51418.0
    [iter 4849841] reheat + diversify: ceiling=0.00, value=52903.0
    [iter 4855594] reheat + diversify: ceiling=0.00, value=52903.0
    [iter 4861347] reheat + diversify: ceiling=0.00, value=59625.0
    [iter 4867100] reheat + diversify: ceiling=0.00, value=46185.0
    [iter 4872853] reheat + diversify: ceiling=0.00, value=49482.0
    [iter 4878606] reheat + diversify: ceiling=0.00, value=62364.0
    [iter 4884359] reheat + diversify: ceiling=0.00, value=51418.0
    [iter 4890112] reheat + diversify: ceiling=0.00, value=53406.0
    [iter 4895865] reheat + diversify: ceiling=0.00, value=62364.0
    [iter 4901618] reheat + diversify: ceiling=0.00, value=62364.0
    [iter 4907371] reheat + diversify: ceiling=0.00, value=62364.0
    [iter 4913124] reheat + diversify: ceiling=0.00, value=62364.0
    [iter 4918877] reheat + diversify: ceiling=0.00, value=62364.0
    [iter 4924630] reheat + diversify: ceiling=0.00, value=43827.0
    [iter 4930383] reheat + diversify: ceiling=0.00, value=62364.0
    [iter 4936136] reheat + diversify: ceiling=0.00, value=46832.0
    [iter 4941889] reheat + diversify: ceiling=0.00, value=62364.0
    [iter 4947642] reheat + diversify: ceiling=0.00, value=62364.0
    [iter 4953395] reheat + diversify: ceiling=0.00, value=46688.0
    [iter 4959148] reheat + diversify: ceiling=0.00, value=49482.0
    [iter 4964901] reheat + diversify: ceiling=0.00, value=49482.0
    [iter 4970654] reheat + diversify: ceiling=0.00, value=46832.0
    [iter 4976407] reheat + diversify: ceiling=0.00, value=53406.0
    [iter 4982160] reheat + diversify: ceiling=0.00, value=62364.0
    [iter 4987913] reheat + diversify: ceiling=0.00, value=62364.0
    [iter 4993666] reheat + diversify: ceiling=0.00, value=53406.0
    [iter 4999419] reheat + diversify: ceiling=0.00, value=38308.0
    [iter 5005172] reheat + diversify: ceiling=0.00, value=62364.0
    [iter 5010925] reheat + diversify: ceiling=0.00, value=43827.0
    [iter 5016678] reheat + diversify: ceiling=0.00, value=62364.0
    [iter 5022431] reheat + diversify: ceiling=0.00, value=53406.0
    [iter 5028184] reheat + diversify: ceiling=0.00, value=49482.0
    [iter 5033937] reheat + diversify: ceiling=0.00, value=62364.0
    [iter 5039690] reheat + diversify: ceiling=0.00, value=62364.0
    [iter 5045443] reheat + diversify: ceiling=0.00, value=62364.0
    [iter 5051196] reheat + diversify: ceiling=0.00, value=62364.0
    [iter 5056949] reheat + diversify: ceiling=0.00, value=53406.0
    [iter 5062702] reheat + diversify: ceiling=0.00, value=45312.0
    [iter 5068455] reheat + diversify: ceiling=0.00, value=40448.0
    [iter 5074208] reheat + diversify: ceiling=0.00, value=59625.0
    [iter 5079961] reheat + diversify: ceiling=0.00, value=62364.0
    [iter 5085714] reheat + diversify: ceiling=0.00, value=62364.0
    [iter 5091467] reheat + diversify: ceiling=0.00, value=53406.0
    [iter 5097220] reheat + diversify: ceiling=0.00, value=43827.0
    [iter 5102973] reheat + diversify: ceiling=0.00, value=62364.0
    [iter 5108726] reheat + diversify: ceiling=0.00, value=62364.0
    [iter 5114479] reheat + diversify: ceiling=0.00, value=62364.0
    [iter 5120232] reheat + diversify: ceiling=0.00, value=47170.0
    [iter 5125985] reheat + diversify: ceiling=0.00, value=47170.0
    [iter 5131738] reheat + diversify: ceiling=0.00, value=49482.0
    [iter 5137491] reheat + diversify: ceiling=0.00, value=46201.0
    [iter 5143244] reheat + diversify: ceiling=0.00, value=49482.0
    [iter 5148997] reheat + diversify: ceiling=0.00, value=62364.0
    [iter 5154750] reheat + diversify: ceiling=0.00, value=62364.0
    [iter 5160503] reheat + diversify: ceiling=0.00, value=62364.0
    [iter 5166256] reheat + diversify: ceiling=0.00, value=62364.0
    [iter 5172009] reheat + diversify: ceiling=0.00, value=62364.0
    [iter 5177762] reheat + diversify: ceiling=0.00, value=46832.0
    [iter 5183515] reheat + diversify: ceiling=0.00, value=47170.0
    [iter 5189268] reheat + diversify: ceiling=0.00, value=43827.0
    [iter 5195021] reheat + diversify: ceiling=0.00, value=49482.0
    [iter 5200774] reheat + diversify: ceiling=0.00, value=62364.0
    [iter 5206527] reheat + diversify: ceiling=0.00, value=46201.0
    [iter 5212280] reheat + diversify: ceiling=0.00, value=43827.0
    [iter 5218033] reheat + diversify: ceiling=0.00, value=53406.0
    [iter 5223786] reheat + diversify: ceiling=0.00, value=39982.0
    [iter 5229539] reheat + diversify: ceiling=0.00, value=62364.0
    [iter 5235292] reheat + diversify: ceiling=0.00, value=49482.0
    [iter 5241045] reheat + diversify: ceiling=0.00, value=46832.0
    [iter 5246798] reheat + diversify: ceiling=0.00, value=62364.0
    [iter 5252551] reheat + diversify: ceiling=0.00, value=62364.0
    [iter 5258304] reheat + diversify: ceiling=0.00, value=43827.0
    [iter 5264057] reheat + diversify: ceiling=0.00, value=62364.0
    [iter 5269810] reheat + diversify: ceiling=0.00, value=62364.0
    [iter 5275563] reheat + diversify: ceiling=0.00, value=44700.0
    [iter 5281316] reheat + diversify: ceiling=0.00, value=46201.0
    [iter 5287069] reheat + diversify: ceiling=0.00, value=51418.0
    [iter 5292822] reheat + diversify: ceiling=0.00, value=46402.0
    [iter 5298575] reheat + diversify: ceiling=0.00, value=62364.0
    [iter 5304328] reheat + diversify: ceiling=0.00, value=62364.0
    [iter 5310081] reheat + diversify: ceiling=0.00, value=46832.0
    [iter 5315834] reheat + diversify: ceiling=0.00, value=62364.0
    [iter 5321587] reheat + diversify: ceiling=0.00, value=62364.0
    [iter 5327340] reheat + diversify: ceiling=0.00, value=62364.0
    [iter 5333093] reheat + diversify: ceiling=0.00, value=49482.0
    [iter 5338846] reheat + diversify: ceiling=0.00, value=62364.0
    [iter 5344599] reheat + diversify: ceiling=0.00, value=62364.0
    [iter 5350352] reheat + diversify: ceiling=0.00, value=53406.0
    [iter 5356105] reheat + diversify: ceiling=0.00, value=62364.0
    [iter 5361858] reheat + diversify: ceiling=0.00, value=53406.0
    [iter 5367611] reheat + diversify: ceiling=0.00, value=53406.0
    [iter 5373364] reheat + diversify: ceiling=0.00, value=62364.0
    [iter 5379117] reheat + diversify: ceiling=0.00, value=62364.0
    [iter 5384870] reheat + diversify: ceiling=0.00, value=39982.0
    [iter 5390623] reheat + diversify: ceiling=0.00, value=45312.0
    [iter 5396376] reheat + diversify: ceiling=0.00, value=43827.0
    [iter 5402129] reheat + diversify: ceiling=0.00, value=40448.0
    [iter 5407882] reheat + diversify: ceiling=0.00, value=62364.0
    [iter 5413635] reheat + diversify: ceiling=0.00, value=62364.0
    [iter 5419388] reheat + diversify: ceiling=0.00, value=44716.0
    [iter 5425141] reheat + diversify: ceiling=0.00, value=59625.0
    [iter 5430894] reheat + diversify: ceiling=0.00, value=39982.0
    [iter 5436647] reheat + diversify: ceiling=0.00, value=51418.0
    [iter 5442400] reheat + diversify: ceiling=0.00, value=53406.0
    [iter 5448153] reheat + diversify: ceiling=0.00, value=59625.0
    [iter 5453906] reheat + diversify: ceiling=0.00, value=62364.0
    [iter 5459659] reheat + diversify: ceiling=0.00, value=53406.0
    [iter 5465412] reheat + diversify: ceiling=0.00, value=62364.0
    [iter 5471165] reheat + diversify: ceiling=0.00, value=49482.0
    [iter 5476918] reheat + diversify: ceiling=0.00, value=39982.0
    [iter 5482671] reheat + diversify: ceiling=0.00, value=62364.0
    [iter 5488424] reheat + diversify: ceiling=0.00, value=62364.0
    [iter 5494177] reheat + diversify: ceiling=0.00, value=43827.0
    [iter 5499930] reheat + diversify: ceiling=0.00, value=40448.0
    [iter 5505683] reheat + diversify: ceiling=0.00, value=62364.0
    [iter 5511436] reheat + diversify: ceiling=0.00, value=53406.0
    [iter 5517189] reheat + diversify: ceiling=0.00, value=62364.0
    [iter 5522942] reheat + diversify: ceiling=0.00, value=37994.0
    [iter 5528695] reheat + diversify: ceiling=0.00, value=62364.0
    [iter 5534448] reheat + diversify: ceiling=0.00, value=62364.0
    [iter 5540201] reheat + diversify: ceiling=0.00, value=38738.0
    [iter 5545954] reheat + diversify: ceiling=0.00, value=53406.0
    [iter 5551707] reheat + diversify: ceiling=0.00, value=47170.0
    [iter 5557460] reheat + diversify: ceiling=0.00, value=39982.0
    [iter 5563213] reheat + diversify: ceiling=0.00, value=34739.0
    [iter 5568966] reheat + diversify: ceiling=0.00, value=44700.0
    [iter 5574719] reheat + diversify: ceiling=0.00, value=49482.0
    [iter 5580472] reheat + diversify: ceiling=0.00, value=62364.0
    [iter 5586225] reheat + diversify: ceiling=0.00, value=44716.0
    [iter 5591978] reheat + diversify: ceiling=0.00, value=53406.0
    [iter 5597731] reheat + diversify: ceiling=0.00, value=39982.0
    [iter 5603484] reheat + diversify: ceiling=0.00, value=45312.0
    [iter 5609237] reheat + diversify: ceiling=0.00, value=46688.0
    [iter 5614990] reheat + diversify: ceiling=0.00, value=49482.0
    [iter 5620743] reheat + diversify: ceiling=0.00, value=29184.0
    [iter 5626496] reheat + diversify: ceiling=0.00, value=49482.0
    [iter 5632249] reheat + diversify: ceiling=0.00, value=40693.0
    [iter 5638002] reheat + diversify: ceiling=0.00, value=62364.0
    [iter 5643755] reheat + diversify: ceiling=0.00, value=37994.0
    [iter 5649508] reheat + diversify: ceiling=0.00, value=62364.0
    [iter 5655261] reheat + diversify: ceiling=0.00, value=62364.0
    [iter 5661014] reheat + diversify: ceiling=0.00, value=62364.0
    [iter 5666767] reheat + diversify: ceiling=0.00, value=46402.0
    [iter 5672520] reheat + diversify: ceiling=0.00, value=62364.0
    [iter 5678273] reheat + diversify: ceiling=0.00, value=46185.0
    [iter 5684026] reheat + diversify: ceiling=0.00, value=62364.0
    [iter 5689779] reheat + diversify: ceiling=0.00, value=62364.0
    [iter 5695532] reheat + diversify: ceiling=0.00, value=62364.0
    [iter 5701285] reheat + diversify: ceiling=0.00, value=49482.0
    [iter 5707038] reheat + diversify: ceiling=0.00, value=62364.0
    [iter 5712791] reheat + diversify: ceiling=0.00, value=62364.0
    [iter 5718544] reheat + diversify: ceiling=0.00, value=62364.0
    [iter 5724297] reheat + diversify: ceiling=0.00, value=51418.0
    [iter 5730050] reheat + diversify: ceiling=0.00, value=62364.0
    [iter 5735803] reheat + diversify: ceiling=0.00, value=62364.0
    [iter 5741556] reheat + diversify: ceiling=0.00, value=43827.0
    [iter 5747309] reheat + diversify: ceiling=0.00, value=62364.0
    [iter 5753062] reheat + diversify: ceiling=0.00, value=46832.0
    [iter 5758815] reheat + diversify: ceiling=0.00, value=46201.0
    [iter 5764568] reheat + diversify: ceiling=0.00, value=62364.0
    [iter 5770321] reheat + diversify: ceiling=0.00, value=62364.0
    [iter 5776074] reheat + diversify: ceiling=0.00, value=49482.0
    [iter 5781827] reheat + diversify: ceiling=0.00, value=37994.0
    [iter 5787580] reheat + diversify: ceiling=0.00, value=44700.0
    [iter 5793333] reheat + diversify: ceiling=0.00, value=53406.0
    [iter 5799086] reheat + diversify: ceiling=0.00, value=40448.0
    [iter 5804839] reheat + diversify: ceiling=0.00, value=49482.0
    [iter 5810592] reheat + diversify: ceiling=0.00, value=62364.0
    [iter 5816345] reheat + diversify: ceiling=0.00, value=40448.0
    [iter 5822098] reheat + diversify: ceiling=0.00, value=62364.0
    [iter 5827851] reheat + diversify: ceiling=0.00, value=39982.0
    [iter 5833604] reheat + diversify: ceiling=0.00, value=43827.0
    [iter 5839357] reheat + diversify: ceiling=0.00, value=62364.0
    [iter 5845110] reheat + diversify: ceiling=0.00, value=62364.0
    [iter 5850863] reheat + diversify: ceiling=0.00, value=51418.0
    [iter 5856616] reheat + diversify: ceiling=0.00, value=43827.0
    [iter 5862369] reheat + diversify: ceiling=0.00, value=44700.0
    [iter 5868122] reheat + diversify: ceiling=0.00, value=62364.0
    [iter 5873875] reheat + diversify: ceiling=0.00, value=62364.0
    [iter 5879628] reheat + diversify: ceiling=0.00, value=62364.0
    [iter 5885381] reheat + diversify: ceiling=0.00, value=45312.0
    [iter 5891134] reheat + diversify: ceiling=0.00, value=47170.0
    [iter 5896887] reheat + diversify: ceiling=0.00, value=43827.0
    [iter 5902640] reheat + diversify: ceiling=0.00, value=62364.0
    [iter 5908393] reheat + diversify: ceiling=0.00, value=46688.0
    [iter 5914146] reheat + diversify: ceiling=0.00, value=52903.0
    [iter 5919899] reheat + diversify: ceiling=0.00, value=52903.0
    [iter 5925652] reheat + diversify: ceiling=0.00, value=46832.0
    [iter 5931405] reheat + diversify: ceiling=0.00, value=62364.0
    [iter 5937158] reheat + diversify: ceiling=0.00, value=62364.0
    [iter 5942911] reheat + diversify: ceiling=0.00, value=62364.0
    [iter 5948664] reheat + diversify: ceiling=0.00, value=62364.0
    [iter 5954417] reheat + diversify: ceiling=0.00, value=44700.0
    [iter 5960170] reheat + diversify: ceiling=0.00, value=62364.0
    [iter 5965923] reheat + diversify: ceiling=0.00, value=44700.0
    [iter 5971676] reheat + diversify: ceiling=0.00, value=46688.0
    [iter 5977429] reheat + diversify: ceiling=0.00, value=62364.0
    [iter 5983182] reheat + diversify: ceiling=0.00, value=46185.0
    [iter 5988935] reheat + diversify: ceiling=0.00, value=45312.0
    [iter 5994688] reheat + diversify: ceiling=0.00, value=46832.0
    [iter 6000441] reheat + diversify: ceiling=0.00, value=37994.0
    [iter 6006194] reheat + diversify: ceiling=0.00, value=40448.0
    [iter 6011947] reheat + diversify: ceiling=0.00, value=46832.0
    [iter 6017700] reheat + diversify: ceiling=0.00, value=46688.0
    [iter 6023453] reheat + diversify: ceiling=0.00, value=46832.0
    [iter 6029206] reheat + diversify: ceiling=0.00, value=53406.0
    [iter 6034959] reheat + diversify: ceiling=0.00, value=62364.0
    [iter 6040712] reheat + diversify: ceiling=0.00, value=62364.0
    [iter 6046465] reheat + diversify: ceiling=0.00, value=49482.0
    [iter 6052218] reheat + diversify: ceiling=0.00, value=38308.0
    [iter 6057971] reheat + diversify: ceiling=0.00, value=49482.0
    [iter 6063724] reheat + diversify: ceiling=0.00, value=62364.0
    [iter 6069477] reheat + diversify: ceiling=0.00, value=29506.0
    [iter 6075230] reheat + diversify: ceiling=0.00, value=34739.0
    [iter 6080983] reheat + diversify: ceiling=0.00, value=44700.0
    [iter 6086736] reheat + diversify: ceiling=0.00, value=62364.0
    [iter 6092489] reheat + diversify: ceiling=0.00, value=43827.0
    [iter 6098242] reheat + diversify: ceiling=0.00, value=62364.0
    [iter 6103995] reheat + diversify: ceiling=0.00, value=46688.0
    [iter 6109748] reheat + diversify: ceiling=0.00, value=62364.0
    [iter 6115501] reheat + diversify: ceiling=0.00, value=43827.0
    [iter 6121254] reheat + diversify: ceiling=0.00, value=39982.0
    [iter 6127007] reheat + diversify: ceiling=0.00, value=46402.0
    [iter 6132760] reheat + diversify: ceiling=0.00, value=39982.0
    [iter 6138513] reheat + diversify: ceiling=0.00, value=40448.0
    [iter 6144266] reheat + diversify: ceiling=0.00, value=43827.0
    [iter 6150019] reheat + diversify: ceiling=0.00, value=43827.0
    [iter 6155772] reheat + diversify: ceiling=0.00, value=62364.0
    [iter 6161525] reheat + diversify: ceiling=0.00, value=62364.0
    [iter 6167278] reheat + diversify: ceiling=0.00, value=62364.0
    [iter 6173031] reheat + diversify: ceiling=0.00, value=46832.0
    [iter 6178784] reheat + diversify: ceiling=0.00, value=46688.0
    [iter 6184537] reheat + diversify: ceiling=0.00, value=52903.0
    [iter 6190290] reheat + diversify: ceiling=0.00, value=62364.0
    [iter 6196043] reheat + diversify: ceiling=0.00, value=53406.0
    [iter 6201796] reheat + diversify: ceiling=0.00, value=46832.0
    [iter 6207549] reheat + diversify: ceiling=0.00, value=62364.0
    [iter 6213302] reheat + diversify: ceiling=0.00, value=62364.0
    [iter 6219055] reheat + diversify: ceiling=0.00, value=43827.0
    [iter 6224808] reheat + diversify: ceiling=0.00, value=37994.0
    [iter 6230561] reheat + diversify: ceiling=0.00, value=45312.0
    [iter 6236314] reheat + diversify: ceiling=0.00, value=39982.0
    [iter 6242067] reheat + diversify: ceiling=0.00, value=46402.0
    [iter 6247820] reheat + diversify: ceiling=0.00, value=62364.0
    [iter 6253573] reheat + diversify: ceiling=0.00, value=62364.0
    [iter 6259326] reheat + diversify: ceiling=0.00, value=62364.0
    [iter 6265079] reheat + diversify: ceiling=0.00, value=53406.0
    [iter 6270832] reheat + diversify: ceiling=0.00, value=62364.0
    [iter 6276585] reheat + diversify: ceiling=0.00, value=62364.0
    [iter 6282338] reheat + diversify: ceiling=0.00, value=49482.0
    [iter 6288091] reheat + diversify: ceiling=0.00, value=62364.0
    [iter 6293844] reheat + diversify: ceiling=0.00, value=62364.0
    [iter 6299597] reheat + diversify: ceiling=0.00, value=46832.0
    [iter 6305350] reheat + diversify: ceiling=0.00, value=62364.0
    [iter 6311103] reheat + diversify: ceiling=0.00, value=40448.0
    [iter 6316856] reheat + diversify: ceiling=0.00, value=62364.0
    [iter 6322609] reheat + diversify: ceiling=0.00, value=44700.0
    [iter 6328362] reheat + diversify: ceiling=0.00, value=62364.0
    [iter 6334115] reheat + diversify: ceiling=0.00, value=62364.0
    [iter 6339868] reheat + diversify: ceiling=0.00, value=62364.0
    [iter 6345621] reheat + diversify: ceiling=0.00, value=62364.0
    [iter 6351374] reheat + diversify: ceiling=0.00, value=62364.0
    [iter 6357127] reheat + diversify: ceiling=0.00, value=53406.0
    [iter 6362880] reheat + diversify: ceiling=0.00, value=62364.0
    [iter 6368633] reheat + diversify: ceiling=0.00, value=25499.0
    [iter 6374386] reheat + diversify: ceiling=0.00, value=62364.0
    [iter 6380139] reheat + diversify: ceiling=0.00, value=62364.0
    [iter 6385892] reheat + diversify: ceiling=0.00, value=40448.0
    [iter 6391645] reheat + diversify: ceiling=0.00, value=62364.0
    [iter 6397398] reheat + diversify: ceiling=0.00, value=53406.0
    [iter 6403151] reheat + diversify: ceiling=0.00, value=62364.0
    [iter 6408904] reheat + diversify: ceiling=0.00, value=34739.0
    [iter 6414657] reheat + diversify: ceiling=0.00, value=37994.0
    [iter 6420410] reheat + diversify: ceiling=0.00, value=62364.0
    [iter 6426163] reheat + diversify: ceiling=0.00, value=38738.0
    [iter 6431916] reheat + diversify: ceiling=0.00, value=46832.0
    [iter 6437669] reheat + diversify: ceiling=0.00, value=62364.0
    [iter 6443422] reheat + diversify: ceiling=0.00, value=62364.0
    [iter 6449175] reheat + diversify: ceiling=0.00, value=62364.0
    [iter 6454928] reheat + diversify: ceiling=0.00, value=62364.0
    [iter 6460681] reheat + diversify: ceiling=0.00, value=62364.0
    [iter 6466434] reheat + diversify: ceiling=0.00, value=46832.0
    [iter 6472187] reheat + diversify: ceiling=0.00, value=46201.0
    [iter 6477940] reheat + diversify: ceiling=0.00, value=40448.0
    [iter 6483693] reheat + diversify: ceiling=0.00, value=40448.0
    [iter 6489446] reheat + diversify: ceiling=0.00, value=47170.0
    [iter 6495199] reheat + diversify: ceiling=0.00, value=46832.0
    [iter 6500952] reheat + diversify: ceiling=0.00, value=53406.0
    [iter 6506705] reheat + diversify: ceiling=0.00, value=49482.0
    [iter 6512458] reheat + diversify: ceiling=0.00, value=44700.0
    [iter 6518211] reheat + diversify: ceiling=0.00, value=52907.0
    [iter 6523964] reheat + diversify: ceiling=0.00, value=39982.0
    [iter 6529717] reheat + diversify: ceiling=0.00, value=62364.0
    [iter 6535470] reheat + diversify: ceiling=0.00, value=43827.0
    [iter 6541223] reheat + diversify: ceiling=0.00, value=49482.0
    [iter 6546976] reheat + diversify: ceiling=0.00, value=46832.0
    [iter 6552729] reheat + diversify: ceiling=0.00, value=62364.0
    [iter 6558482] reheat + diversify: ceiling=0.00, value=62364.0
    [iter 6564235] reheat + diversify: ceiling=0.00, value=62364.0
    [iter 6569988] reheat + diversify: ceiling=0.00, value=62364.0
    [iter 6575741] reheat + diversify: ceiling=0.00, value=49482.0
    [iter 6581494] reheat + diversify: ceiling=0.00, value=53406.0
    [iter 6587247] reheat + diversify: ceiling=0.00, value=62364.0
    [iter 6593000] reheat + diversify: ceiling=0.00, value=46832.0
    [iter 6598753] reheat + diversify: ceiling=0.00, value=46832.0
    [iter 6604506] reheat + diversify: ceiling=0.00, value=62364.0
    [iter 6610259] reheat + diversify: ceiling=0.00, value=39982.0
    [iter 6616012] reheat + diversify: ceiling=0.00, value=53406.0
    [iter 6621765] reheat + diversify: ceiling=0.00, value=62364.0
    [iter 6627518] reheat + diversify: ceiling=0.00, value=62364.0
    [iter 6633271] reheat + diversify: ceiling=0.00, value=39076.0
    [iter 6639024] reheat + diversify: ceiling=0.00, value=62364.0
    [iter 6644777] reheat + diversify: ceiling=0.00, value=62364.0
    [iter 6650530] reheat + diversify: ceiling=0.00, value=62364.0
    [iter 6656283] reheat + diversify: ceiling=0.00, value=62364.0
    [iter 6662036] reheat + diversify: ceiling=0.00, value=62364.0
    [iter 6667789] reheat + diversify: ceiling=0.00, value=45312.0
    [iter 6673542] reheat + diversify: ceiling=0.00, value=62364.0
    [iter 6679295] reheat + diversify: ceiling=0.00, value=38308.0
    [iter 6685048] reheat + diversify: ceiling=0.00, value=38308.0
    [iter 6690801] reheat + diversify: ceiling=0.00, value=62364.0
    [iter 6696554] reheat + diversify: ceiling=0.00, value=62364.0
    [iter 6702307] reheat + diversify: ceiling=0.00, value=44700.0
    [iter 6708060] reheat + diversify: ceiling=0.00, value=45312.0
    [iter 6713813] reheat + diversify: ceiling=0.00, value=62364.0
    [iter 6719566] reheat + diversify: ceiling=0.00, value=49482.0
    [iter 6725319] reheat + diversify: ceiling=0.00, value=49482.0
    [iter 6731072] reheat + diversify: ceiling=0.00, value=62364.0
    [iter 6736825] reheat + diversify: ceiling=0.00, value=38308.0
    [iter 6742578] reheat + diversify: ceiling=0.00, value=32354.0
    [iter 6748331] reheat + diversify: ceiling=0.00, value=40448.0
    [iter 6754084] reheat + diversify: ceiling=0.00, value=59625.0
    [iter 6759837] reheat + diversify: ceiling=0.00, value=45312.0
    [iter 6765590] reheat + diversify: ceiling=0.00, value=49482.0
    [iter 6771343] reheat + diversify: ceiling=0.00, value=59625.0
    [iter 6777096] reheat + diversify: ceiling=0.00, value=52907.0
    [iter 6782849] reheat + diversify: ceiling=0.00, value=62364.0
    [iter 6788602] reheat + diversify: ceiling=0.00, value=62364.0
    [iter 6794355] reheat + diversify: ceiling=0.00, value=51418.0
    [iter 6800108] reheat + diversify: ceiling=0.00, value=46832.0
    [iter 6805861] reheat + diversify: ceiling=0.00, value=62364.0
    [iter 6811614] reheat + diversify: ceiling=0.00, value=53406.0
    [iter 6817367] reheat + diversify: ceiling=0.00, value=39982.0
    [iter 6823120] reheat + diversify: ceiling=0.00, value=46402.0
    [iter 6828873] reheat + diversify: ceiling=0.00, value=51418.0
    [iter 6834626] reheat + diversify: ceiling=0.00, value=53406.0
    [iter 6840379] reheat + diversify: ceiling=0.00, value=46832.0
    [iter 6846132] reheat + diversify: ceiling=0.00, value=62364.0
    [iter 6851885] reheat + diversify: ceiling=0.00, value=51418.0
    [iter 6857638] reheat + diversify: ceiling=0.00, value=62364.0
    [iter 6863391] reheat + diversify: ceiling=0.00, value=62364.0
    [iter 6869144] reheat + diversify: ceiling=0.00, value=37994.0
    [iter 6874897] reheat + diversify: ceiling=0.00, value=53406.0
    [iter 6880650] reheat + diversify: ceiling=0.00, value=62364.0
    [iter 6886403] reheat + diversify: ceiling=0.00, value=39076.0
    [iter 6892156] reheat + diversify: ceiling=0.00, value=62364.0
    [iter 6897909] reheat + diversify: ceiling=0.00, value=62364.0
    [iter 6903662] reheat + diversify: ceiling=0.00, value=51418.0
    [iter 6909415] reheat + diversify: ceiling=0.00, value=59625.0
    [iter 6915168] reheat + diversify: ceiling=0.00, value=52903.0
    [iter 6920921] reheat + diversify: ceiling=0.00, value=42946.0
    [iter 6926674] reheat + diversify: ceiling=0.00, value=62364.0
    [iter 6932427] reheat + diversify: ceiling=0.00, value=62364.0
    [iter 6938180] reheat + diversify: ceiling=0.00, value=62364.0
    [iter 6943933] reheat + diversify: ceiling=0.00, value=49482.0
    [iter 6949686] reheat + diversify: ceiling=0.00, value=62364.0
    [iter 6955439] reheat + diversify: ceiling=0.00, value=62364.0
    [iter 6961192] reheat + diversify: ceiling=0.00, value=62364.0
    [iter 6966945] reheat + diversify: ceiling=0.00, value=46688.0
    [iter 6972698] reheat + diversify: ceiling=0.00, value=43827.0
    [iter 6978451] reheat + diversify: ceiling=0.00, value=62364.0
    [iter 6984204] reheat + diversify: ceiling=0.00, value=44716.0
    [iter 6989957] reheat + diversify: ceiling=0.00, value=39982.0
    [iter 6995710] reheat + diversify: ceiling=0.00, value=62364.0
    [iter 7001463] reheat + diversify: ceiling=0.00, value=62364.0
    [iter 7007216] reheat + diversify: ceiling=0.00, value=62364.0
    [iter 7012969] reheat + diversify: ceiling=0.00, value=62364.0
    [iter 7018722] reheat + diversify: ceiling=0.00, value=46688.0
    [iter 7024475] reheat + diversify: ceiling=0.00, value=62364.0
    [iter 7030228] reheat + diversify: ceiling=0.00, value=49482.0
    [iter 7035981] reheat + diversify: ceiling=0.00, value=62364.0
    [iter 7041734] reheat + diversify: ceiling=0.00, value=62364.0
    [iter 7047487] reheat + diversify: ceiling=0.00, value=43827.0
    [iter 7053240] reheat + diversify: ceiling=0.00, value=46832.0
    [iter 7058993] reheat + diversify: ceiling=0.00, value=59625.0
    [iter 7064746] reheat + diversify: ceiling=0.00, value=45312.0
    [iter 7070499] reheat + diversify: ceiling=0.00, value=40448.0
    [iter 7076252] reheat + diversify: ceiling=0.00, value=62364.0
    [iter 7082005] reheat + diversify: ceiling=0.00, value=46185.0
    [iter 7087758] reheat + diversify: ceiling=0.00, value=45312.0
    [iter 7093511] reheat + diversify: ceiling=0.00, value=62364.0
    [iter 7099264] reheat + diversify: ceiling=0.00, value=62364.0
    [iter 7105017] reheat + diversify: ceiling=0.00, value=62364.0
    [iter 7110770] reheat + diversify: ceiling=0.00, value=62364.0
    [iter 7116523] reheat + diversify: ceiling=0.00, value=49482.0
    [iter 7122276] reheat + diversify: ceiling=0.00, value=45312.0
    [iter 7128029] reheat + diversify: ceiling=0.00, value=49482.0
    [iter 7133782] reheat + diversify: ceiling=0.00, value=40448.0
    [iter 7139535] reheat + diversify: ceiling=0.00, value=40448.0
    [iter 7145288] reheat + diversify: ceiling=0.00, value=51418.0
    [iter 7151041] reheat + diversify: ceiling=0.00, value=53406.0
    [iter 7156794] reheat + diversify: ceiling=0.00, value=62364.0
    [iter 7162547] reheat + diversify: ceiling=0.00, value=62364.0
    [iter 7168300] reheat + diversify: ceiling=0.00, value=51418.0
    [iter 7174053] reheat + diversify: ceiling=0.00, value=62364.0
    [iter 7179806] reheat + diversify: ceiling=0.00, value=62364.0
    [iter 7185559] reheat + diversify: ceiling=0.00, value=62364.0
    [iter 7191312] reheat + diversify: ceiling=0.00, value=62364.0
    [iter 7197065] reheat + diversify: ceiling=0.00, value=46688.0
    [iter 7202818] reheat + diversify: ceiling=0.00, value=51418.0
    [iter 7208571] reheat + diversify: ceiling=0.00, value=62364.0
    [iter 7214324] reheat + diversify: ceiling=0.00, value=46688.0
    [iter 7220077] reheat + diversify: ceiling=0.00, value=46832.0
    [iter 7225830] reheat + diversify: ceiling=0.00, value=49482.0
    [iter 7231583] reheat + diversify: ceiling=0.00, value=44716.0
    [iter 7237336] reheat + diversify: ceiling=0.00, value=62364.0
    [iter 7243089] reheat + diversify: ceiling=0.00, value=62364.0
    [iter 7248842] reheat + diversify: ceiling=0.00, value=62364.0
    [iter 7254595] reheat + diversify: ceiling=0.00, value=49482.0
    [iter 7260348] reheat + diversify: ceiling=0.00, value=37994.0
    [iter 7266101] reheat + diversify: ceiling=0.00, value=62364.0
    [iter 7271854] reheat + diversify: ceiling=0.00, value=43827.0
    [iter 7277607] reheat + diversify: ceiling=0.00, value=62364.0
    [iter 7283360] reheat + diversify: ceiling=0.00, value=53406.0
    [iter 7289113] reheat + diversify: ceiling=0.00, value=62364.0
    [iter 7294866] reheat + diversify: ceiling=0.00, value=46832.0
    [iter 7300619] reheat + diversify: ceiling=0.00, value=46688.0
    [iter 7306372] reheat + diversify: ceiling=0.00, value=34739.0
    [iter 7312125] reheat + diversify: ceiling=0.00, value=62364.0
    [iter 7317878] reheat + diversify: ceiling=0.00, value=62364.0
    [iter 7323631] reheat + diversify: ceiling=0.00, value=40448.0
    [iter 7329384] reheat + diversify: ceiling=0.00, value=40448.0
    [iter 7335137] reheat + diversify: ceiling=0.00, value=52903.0
    [iter 7340890] reheat + diversify: ceiling=0.00, value=46201.0
    [iter 7346643] reheat + diversify: ceiling=0.00, value=45312.0
    [iter 7352396] reheat + diversify: ceiling=0.00, value=49482.0
    [iter 7358149] reheat + diversify: ceiling=0.00, value=62364.0
    [iter 7363902] reheat + diversify: ceiling=0.00, value=53406.0
    [iter 7369655] reheat + diversify: ceiling=0.00, value=62364.0
    [iter 7375408] reheat + diversify: ceiling=0.00, value=43827.0
    [iter 7381161] reheat + diversify: ceiling=0.00, value=49482.0
    [iter 7386914] reheat + diversify: ceiling=0.00, value=59625.0
    [iter 7392667] reheat + diversify: ceiling=0.00, value=45312.0
    [iter 7398420] reheat + diversify: ceiling=0.00, value=46201.0
    [iter 7404173] reheat + diversify: ceiling=0.00, value=51418.0
    [iter 7409926] reheat + diversify: ceiling=0.00, value=62364.0
    [iter 7415679] reheat + diversify: ceiling=0.00, value=62364.0
    [iter 7421432] reheat + diversify: ceiling=0.00, value=62364.0
    [iter 7427185] reheat + diversify: ceiling=0.00, value=62364.0
    [iter 7432938] reheat + diversify: ceiling=0.00, value=62364.0
    [iter 7438691] reheat + diversify: ceiling=0.00, value=62364.0
    [iter 7444444] reheat + diversify: ceiling=0.00, value=51418.0
    [iter 7450197] reheat + diversify: ceiling=0.00, value=39982.0
    [iter 7455950] reheat + diversify: ceiling=0.00, value=62364.0
    [iter 7461703] reheat + diversify: ceiling=0.00, value=62364.0
    [iter 7467456] reheat + diversify: ceiling=0.00, value=53406.0
    [iter 7473209] reheat + diversify: ceiling=0.00, value=62364.0
    [iter 7478962] reheat + diversify: ceiling=0.00, value=62364.0
    [iter 7484715] reheat + diversify: ceiling=0.00, value=40448.0
    [iter 7490468] reheat + diversify: ceiling=0.00, value=46832.0
    [iter 7496221] reheat + diversify: ceiling=0.00, value=37994.0
    [iter 7501974] reheat + diversify: ceiling=0.00, value=62364.0
    [iter 7507727] reheat + diversify: ceiling=0.00, value=46832.0
    [iter 7513480] reheat + diversify: ceiling=0.00, value=62364.0
    [iter 7519233] reheat + diversify: ceiling=0.00, value=62364.0
    [iter 7524986] reheat + diversify: ceiling=0.00, value=62364.0
    [iter 7530739] reheat + diversify: ceiling=0.00, value=62364.0
    [iter 7536492] reheat + diversify: ceiling=0.00, value=62364.0
    [iter 7542245] reheat + diversify: ceiling=0.00, value=40448.0
    [iter 7547998] reheat + diversify: ceiling=0.00, value=53406.0
    [iter 7553751] reheat + diversify: ceiling=0.00, value=51418.0
    [iter 7559504] reheat + diversify: ceiling=0.00, value=62364.0
    [iter 7565257] reheat + diversify: ceiling=0.00, value=44700.0
    [iter 7571010] reheat + diversify: ceiling=0.00, value=53406.0
    [iter 7576763] reheat + diversify: ceiling=0.00, value=62364.0
    [iter 7582516] reheat + diversify: ceiling=0.00, value=62364.0
    [iter 7588269] reheat + diversify: ceiling=0.00, value=62364.0
    [iter 7594022] reheat + diversify: ceiling=0.00, value=62364.0
    [iter 7599775] reheat + diversify: ceiling=0.00, value=62364.0
    [iter 7605528] reheat + diversify: ceiling=0.00, value=37994.0
    [iter 7611281] reheat + diversify: ceiling=0.00, value=39483.0
    [iter 7617034] reheat + diversify: ceiling=0.00, value=36224.0
    [iter 7622787] reheat + diversify: ceiling=0.00, value=52903.0
    [iter 7628540] reheat + diversify: ceiling=0.00, value=53406.0
    [iter 7634293] reheat + diversify: ceiling=0.00, value=52903.0
    [iter 7640046] reheat + diversify: ceiling=0.00, value=62364.0
    [iter 7645799] reheat + diversify: ceiling=0.00, value=62364.0
    [iter 7651552] reheat + diversify: ceiling=0.00, value=62364.0
    [iter 7657305] reheat + diversify: ceiling=0.00, value=62364.0
    [iter 7663058] reheat + diversify: ceiling=0.00, value=62364.0
    [iter 7668811] reheat + diversify: ceiling=0.00, value=37994.0
    [iter 7674564] reheat + diversify: ceiling=0.00, value=62364.0
    [iter 7680317] reheat + diversify: ceiling=0.00, value=44700.0
    [iter 7686070] reheat + diversify: ceiling=0.00, value=43827.0
    [iter 7691823] reheat + diversify: ceiling=0.00, value=62364.0
    [iter 7697576] reheat + diversify: ceiling=0.00, value=46832.0
    [iter 7703329] reheat + diversify: ceiling=0.00, value=40448.0
    [iter 7709082] reheat + diversify: ceiling=0.00, value=52903.0
    [iter 7714835] reheat + diversify: ceiling=0.00, value=37994.0
    [iter 7720588] reheat + diversify: ceiling=0.00, value=62364.0
    [iter 7726341] reheat + diversify: ceiling=0.00, value=62364.0
    [iter 7732094] reheat + diversify: ceiling=0.00, value=62364.0
    [iter 7737847] reheat + diversify: ceiling=0.00, value=44700.0
    [iter 7743600] reheat + diversify: ceiling=0.00, value=34739.0
    [iter 7749353] reheat + diversify: ceiling=0.00, value=59625.0
    [iter 7755106] reheat + diversify: ceiling=0.00, value=46688.0
    [iter 7760859] reheat + diversify: ceiling=0.00, value=34739.0
    [iter 7766612] reheat + diversify: ceiling=0.00, value=62364.0
    [iter 7772365] reheat + diversify: ceiling=0.00, value=39982.0
    [iter 7778118] reheat + diversify: ceiling=0.00, value=44716.0
    [iter 7783871] reheat + diversify: ceiling=0.00, value=51418.0
    [iter 7789624] reheat + diversify: ceiling=0.00, value=49482.0
    [iter 7795377] reheat + diversify: ceiling=0.00, value=62364.0
    [iter 7801130] reheat + diversify: ceiling=0.00, value=53406.0
    [iter 7806883] reheat + diversify: ceiling=0.00, value=46688.0
    [iter 7812636] reheat + diversify: ceiling=0.00, value=40448.0
    [iter 7818389] reheat + diversify: ceiling=0.00, value=46832.0
    [iter 7824142] reheat + diversify: ceiling=0.00, value=62364.0
    [iter 7829895] reheat + diversify: ceiling=0.00, value=62364.0
    [iter 7835648] reheat + diversify: ceiling=0.00, value=53406.0
    [iter 7841401] reheat + diversify: ceiling=0.00, value=38594.0
    [iter 7847154] reheat + diversify: ceiling=0.00, value=29506.0
    [iter 7852907] reheat + diversify: ceiling=0.00, value=44700.0
    [iter 7858660] reheat + diversify: ceiling=0.00, value=40448.0
    [iter 7864413] reheat + diversify: ceiling=0.00, value=62364.0
    [iter 7870166] reheat + diversify: ceiling=0.00, value=62364.0
    [iter 7875919] reheat + diversify: ceiling=0.00, value=47170.0
    [iter 7881672] reheat + diversify: ceiling=0.00, value=59625.0
    [iter 7887425] reheat + diversify: ceiling=0.00, value=62364.0
    [iter 7893178] reheat + diversify: ceiling=0.00, value=62364.0
    [iter 7898931] reheat + diversify: ceiling=0.00, value=46402.0
    [iter 7904684] reheat + diversify: ceiling=0.00, value=43827.0
    [iter 7910437] reheat + diversify: ceiling=0.00, value=39483.0
    [iter 7916190] reheat + diversify: ceiling=0.00, value=46688.0
    [iter 7921943] reheat + diversify: ceiling=0.00, value=44700.0
    [iter 7927696] reheat + diversify: ceiling=0.00, value=62364.0
    [iter 7933449] reheat + diversify: ceiling=0.00, value=51418.0
    [iter 7939202] reheat + diversify: ceiling=0.00, value=37994.0
    [iter 7944955] reheat + diversify: ceiling=0.00, value=62364.0
    [iter 7950708] reheat + diversify: ceiling=0.00, value=62364.0
    [iter 7956461] reheat + diversify: ceiling=0.00, value=49482.0
    [iter 7962214] reheat + diversify: ceiling=0.00, value=46402.0
    [iter 7967967] reheat + diversify: ceiling=0.00, value=51418.0
    [iter 7973720] reheat + diversify: ceiling=0.00, value=62364.0
    [iter 7979473] reheat + diversify: ceiling=0.00, value=44700.0
    [iter 7985226] reheat + diversify: ceiling=0.00, value=62364.0
    [iter 7990979] reheat + diversify: ceiling=0.00, value=46832.0
    [iter 7996732] reheat + diversify: ceiling=0.00, value=51418.0
    [iter 8002485] reheat + diversify: ceiling=0.00, value=59625.0
    [iter 8008238] reheat + diversify: ceiling=0.00, value=59625.0
    [iter 8013991] reheat + diversify: ceiling=0.00, value=53406.0
    [iter 8019744] reheat + diversify: ceiling=0.00, value=39982.0
    [iter 8025497] reheat + diversify: ceiling=0.00, value=44700.0
    [iter 8031250] reheat + diversify: ceiling=0.00, value=62364.0
    [iter 8037003] reheat + diversify: ceiling=0.00, value=46832.0
    [iter 8042756] reheat + diversify: ceiling=0.00, value=62364.0
    [iter 8048509] reheat + diversify: ceiling=0.00, value=62364.0
    [iter 8054262] reheat + diversify: ceiling=0.00, value=40448.0
    [iter 8060015] reheat + diversify: ceiling=0.00, value=52903.0
    [iter 8065768] reheat + diversify: ceiling=0.00, value=62364.0
    [iter 8071521] reheat + diversify: ceiling=0.00, value=62364.0
    [iter 8077274] reheat + diversify: ceiling=0.00, value=62364.0
    [iter 8083027] reheat + diversify: ceiling=0.00, value=53406.0
    [iter 8088780] reheat + diversify: ceiling=0.00, value=51418.0
    [iter 8094533] reheat + diversify: ceiling=0.00, value=40448.0
    [iter 8100286] reheat + diversify: ceiling=0.00, value=62364.0
    [iter 8106039] reheat + diversify: ceiling=0.00, value=62364.0
    [iter 8111792] reheat + diversify: ceiling=0.00, value=43827.0
    [iter 8117545] reheat + diversify: ceiling=0.00, value=62364.0
    [iter 8123298] reheat + diversify: ceiling=0.00, value=62364.0
    [iter 8129051] reheat + diversify: ceiling=0.00, value=46832.0
    [iter 8134804] reheat + diversify: ceiling=0.00, value=59625.0
    [iter 8140557] reheat + diversify: ceiling=0.00, value=46185.0
    [iter 8146310] reheat + diversify: ceiling=0.00, value=46688.0
    [iter 8152063] reheat + diversify: ceiling=0.00, value=62364.0
    [iter 8157816] reheat + diversify: ceiling=0.00, value=62364.0
    [iter 8163569] reheat + diversify: ceiling=0.00, value=62364.0
    [iter 8169322] reheat + diversify: ceiling=0.00, value=46832.0
    [iter 8175075] reheat + diversify: ceiling=0.00, value=62364.0
    [iter 8180828] reheat + diversify: ceiling=0.00, value=62364.0
    [iter 8186581] reheat + diversify: ceiling=0.00, value=43827.0
    [iter 8192334] reheat + diversify: ceiling=0.00, value=46688.0
    [iter 8198087] reheat + diversify: ceiling=0.00, value=51418.0
    [iter 8203840] reheat + diversify: ceiling=0.00, value=46688.0
    [iter 8209593] reheat + diversify: ceiling=0.00, value=52907.0
    [iter 8215346] reheat + diversify: ceiling=0.00, value=39076.0
    [iter 8221099] reheat + diversify: ceiling=0.00, value=52903.0
    [iter 8226852] reheat + diversify: ceiling=0.00, value=46688.0
    [iter 8232605] reheat + diversify: ceiling=0.00, value=43827.0
    [iter 8238358] reheat + diversify: ceiling=0.00, value=53406.0
    [iter 8244111] reheat + diversify: ceiling=0.00, value=38308.0
    [iter 8249864] reheat + diversify: ceiling=0.00, value=43827.0
    [iter 8255617] reheat + diversify: ceiling=0.00, value=62364.0
    [iter 8261370] reheat + diversify: ceiling=0.00, value=49482.0
    [iter 8267123] reheat + diversify: ceiling=0.00, value=49482.0
    [iter 8272876] reheat + diversify: ceiling=0.00, value=43827.0
    [iter 8278629] reheat + diversify: ceiling=0.00, value=62364.0
    [iter 8284382] reheat + diversify: ceiling=0.00, value=62364.0
    [iter 8290135] reheat + diversify: ceiling=0.00, value=51418.0
    [iter 8295888] reheat + diversify: ceiling=0.00, value=62364.0
    [iter 8301641] reheat + diversify: ceiling=0.00, value=62364.0
    [iter 8307394] reheat + diversify: ceiling=0.00, value=62364.0
    [iter 8313147] reheat + diversify: ceiling=0.00, value=62364.0
    [iter 8318900] reheat + diversify: ceiling=0.00, value=62364.0
    [iter 8324653] reheat + diversify: ceiling=0.00, value=45312.0
    [iter 8330406] reheat + diversify: ceiling=0.00, value=49482.0
    [iter 8336159] reheat + diversify: ceiling=0.00, value=40448.0
    [iter 8341912] reheat + diversify: ceiling=0.00, value=47170.0
    [iter 8347665] reheat + diversify: ceiling=0.00, value=47170.0
    [iter 8353418] reheat + diversify: ceiling=0.00, value=62364.0
    [iter 8359171] reheat + diversify: ceiling=0.00, value=62364.0
    [iter 8364924] reheat + diversify: ceiling=0.00, value=39483.0
    [iter 8370677] reheat + diversify: ceiling=0.00, value=62364.0
    [iter 8376430] reheat + diversify: ceiling=0.00, value=62364.0
    [iter 8382183] reheat + diversify: ceiling=0.00, value=62364.0
    [iter 8387936] reheat + diversify: ceiling=0.00, value=62364.0
    [iter 8393689] reheat + diversify: ceiling=0.00, value=62364.0
    [iter 8399442] reheat + diversify: ceiling=0.00, value=42178.0
    [iter 8405195] reheat + diversify: ceiling=0.00, value=51418.0
    [iter 8410948] reheat + diversify: ceiling=0.00, value=62364.0
    [iter 8416701] reheat + diversify: ceiling=0.00, value=62364.0
    [iter 8422454] reheat + diversify: ceiling=0.00, value=62364.0
    [iter 8428207] reheat + diversify: ceiling=0.00, value=62364.0
    [iter 8433960] reheat + diversify: ceiling=0.00, value=53406.0
    [iter 8439713] reheat + diversify: ceiling=0.00, value=62364.0
    [iter 8445466] reheat + diversify: ceiling=0.00, value=62364.0
    [iter 8451219] reheat + diversify: ceiling=0.00, value=62364.0
    [iter 8456972] reheat + diversify: ceiling=0.00, value=38308.0
    [iter 8462725] reheat + diversify: ceiling=0.00, value=39982.0
    [iter 8468478] reheat + diversify: ceiling=0.00, value=46688.0
    [iter 8474231] reheat + diversify: ceiling=0.00, value=62364.0
    [iter 8479984] reheat + diversify: ceiling=0.00, value=62364.0
    [iter 8485737] reheat + diversify: ceiling=0.00, value=62364.0
    [iter 8491490] reheat + diversify: ceiling=0.00, value=62364.0
    [iter 8497243] reheat + diversify: ceiling=0.00, value=62364.0
    [iter 8502996] reheat + diversify: ceiling=0.00, value=62364.0
    [iter 8508749] reheat + diversify: ceiling=0.00, value=40448.0
    [iter 8514502] reheat + diversify: ceiling=0.00, value=44700.0
    [iter 8520255] reheat + diversify: ceiling=0.00, value=39982.0
    [iter 8526008] reheat + diversify: ceiling=0.00, value=49482.0
    [iter 8531761] reheat + diversify: ceiling=0.00, value=51418.0
    [iter 8537514] reheat + diversify: ceiling=0.00, value=62364.0
    [iter 8543267] reheat + diversify: ceiling=0.00, value=62364.0
    [iter 8549020] reheat + diversify: ceiling=0.00, value=62364.0
    [iter 8554773] reheat + diversify: ceiling=0.00, value=62364.0
    [iter 8560526] reheat + diversify: ceiling=0.00, value=43827.0
    [iter 8566279] reheat + diversify: ceiling=0.00, value=45312.0
    [iter 8572032] reheat + diversify: ceiling=0.00, value=52903.0
    [iter 8577785] reheat + diversify: ceiling=0.00, value=62364.0
    [iter 8583538] reheat + diversify: ceiling=0.00, value=62364.0
    [iter 8589291] reheat + diversify: ceiling=0.00, value=62364.0
    [iter 8595044] reheat + diversify: ceiling=0.00, value=62364.0
    [iter 8600797] reheat + diversify: ceiling=0.00, value=62364.0
    [iter 8606550] reheat + diversify: ceiling=0.00, value=62364.0
    [iter 8612303] reheat + diversify: ceiling=0.00, value=62364.0
    [iter 8618056] reheat + diversify: ceiling=0.00, value=45312.0
    [iter 8623809] reheat + diversify: ceiling=0.00, value=51418.0
    [iter 8629562] reheat + diversify: ceiling=0.00, value=45312.0
    [iter 8635315] reheat + diversify: ceiling=0.00, value=46832.0
    [iter 8641068] reheat + diversify: ceiling=0.00, value=46832.0
    [iter 8646821] reheat + diversify: ceiling=0.00, value=62364.0
    [iter 8652574] reheat + diversify: ceiling=0.00, value=51418.0
    [iter 8658327] reheat + diversify: ceiling=0.00, value=53406.0
    [iter 8664080] reheat + diversify: ceiling=0.00, value=46402.0
    [iter 8669833] reheat + diversify: ceiling=0.00, value=62364.0
    [iter 8675586] reheat + diversify: ceiling=0.00, value=62364.0
    [iter 8681339] reheat + diversify: ceiling=0.00, value=62364.0
    [iter 8687092] reheat + diversify: ceiling=0.00, value=62364.0
    [iter 8692845] reheat + diversify: ceiling=0.00, value=49482.0
    [iter 8698598] reheat + diversify: ceiling=0.00, value=62364.0
    [iter 8704351] reheat + diversify: ceiling=0.00, value=51422.0
    [iter 8710104] reheat + diversify: ceiling=0.00, value=49482.0
    [iter 8715857] reheat + diversify: ceiling=0.00, value=62364.0
    [iter 8721610] reheat + diversify: ceiling=0.00, value=40448.0
    [iter 8727363] reheat + diversify: ceiling=0.00, value=46832.0
    [iter 8733116] reheat + diversify: ceiling=0.00, value=43827.0
    [iter 8738869] reheat + diversify: ceiling=0.00, value=49482.0
    [iter 8744622] reheat + diversify: ceiling=0.00, value=51418.0
    [iter 8750375] reheat + diversify: ceiling=0.00, value=49482.0
    [iter 8756128] reheat + diversify: ceiling=0.00, value=62364.0
    [iter 8761881] reheat + diversify: ceiling=0.00, value=39982.0
    [iter 8767634] reheat + diversify: ceiling=0.00, value=44700.0
    [iter 8773387] reheat + diversify: ceiling=0.00, value=62364.0
    [iter 8779140] reheat + diversify: ceiling=0.00, value=53406.0
    [iter 8784893] reheat + diversify: ceiling=0.00, value=37994.0
    [iter 8790646] reheat + diversify: ceiling=0.00, value=62364.0
    [iter 8796399] reheat + diversify: ceiling=0.00, value=51418.0
    [iter 8802152] reheat + diversify: ceiling=0.00, value=53406.0
    [iter 8807905] reheat + diversify: ceiling=0.00, value=34739.0
    [iter 8813658] reheat + diversify: ceiling=0.00, value=39982.0
    [iter 8819411] reheat + diversify: ceiling=0.00, value=40448.0
    [iter 8825164] reheat + diversify: ceiling=0.00, value=46688.0
    [iter 8830917] reheat + diversify: ceiling=0.00, value=53406.0
    [iter 8836670] reheat + diversify: ceiling=0.00, value=62364.0
    [iter 8842423] reheat + diversify: ceiling=0.00, value=62364.0
    [iter 8848176] reheat + diversify: ceiling=0.00, value=44700.0
    [iter 8853929] reheat + diversify: ceiling=0.00, value=47170.0
    [iter 8859682] reheat + diversify: ceiling=0.00, value=62364.0
    [iter 8865435] reheat + diversify: ceiling=0.00, value=37994.0
    [iter 8871188] reheat + diversify: ceiling=0.00, value=37994.0
    [iter 8876941] reheat + diversify: ceiling=0.00, value=62364.0
    [iter 8882694] reheat + diversify: ceiling=0.00, value=46832.0
    [iter 8888447] reheat + diversify: ceiling=0.00, value=49482.0
    [iter 8894200] reheat + diversify: ceiling=0.00, value=62364.0
    [iter 8899953] reheat + diversify: ceiling=0.00, value=49482.0
    [iter 8905706] reheat + diversify: ceiling=0.00, value=43827.0
    [iter 8911459] reheat + diversify: ceiling=0.00, value=59625.0
    [iter 8917212] reheat + diversify: ceiling=0.00, value=52903.0
    [iter 8922965] reheat + diversify: ceiling=0.00, value=49482.0
    [iter 8928718] reheat + diversify: ceiling=0.00, value=62364.0
    [iter 8934471] reheat + diversify: ceiling=0.00, value=46832.0
    [iter 8940224] reheat + diversify: ceiling=0.00, value=62364.0
    [iter 8945977] reheat + diversify: ceiling=0.00, value=62364.0
    [iter 8951730] reheat + diversify: ceiling=0.00, value=37994.0
    [iter 8957483] reheat + diversify: ceiling=0.00, value=44700.0
    [iter 8963236] reheat + diversify: ceiling=0.00, value=62364.0
    [iter 8968989] reheat + diversify: ceiling=0.00, value=49482.0
    [iter 8974742] reheat + diversify: ceiling=0.00, value=62364.0
    [iter 8980495] reheat + diversify: ceiling=0.00, value=62364.0
    [iter 8986248] reheat + diversify: ceiling=0.00, value=46688.0
    [iter 8992001] reheat + diversify: ceiling=0.00, value=32354.0
    [iter 8997754] reheat + diversify: ceiling=0.00, value=62364.0
    [iter 9003507] reheat + diversify: ceiling=0.00, value=49482.0
    [iter 9009260] reheat + diversify: ceiling=0.00, value=53406.0
    [iter 9015013] reheat + diversify: ceiling=0.00, value=59625.0
    [iter 9020766] reheat + diversify: ceiling=0.00, value=52903.0
    [iter 9026519] reheat + diversify: ceiling=0.00, value=29184.0
    [iter 9032272] reheat + diversify: ceiling=0.00, value=62364.0
    [iter 9038025] reheat + diversify: ceiling=0.00, value=62364.0
    [iter 9043778] reheat + diversify: ceiling=0.00, value=62364.0
    [iter 9049531] reheat + diversify: ceiling=0.00, value=46832.0
    [iter 9055284] reheat + diversify: ceiling=0.00, value=62364.0
    [iter 9061037] reheat + diversify: ceiling=0.00, value=62364.0
    [iter 9066790] reheat + diversify: ceiling=0.00, value=62364.0
    [iter 9072543] reheat + diversify: ceiling=0.00, value=62364.0
    [iter 9078296] reheat + diversify: ceiling=0.00, value=62364.0
    [iter 9084049] reheat + diversify: ceiling=0.00, value=62364.0
    [iter 9089802] reheat + diversify: ceiling=0.00, value=62364.0
    [iter 9095555] reheat + diversify: ceiling=0.00, value=62364.0
    [iter 9101308] reheat + diversify: ceiling=0.00, value=62364.0
    [iter 9107061] reheat + diversify: ceiling=0.00, value=59625.0
    [iter 9112814] reheat + diversify: ceiling=0.00, value=52903.0
    [iter 9118567] reheat + diversify: ceiling=0.00, value=46832.0
    [iter 9124320] reheat + diversify: ceiling=0.00, value=43827.0
    [iter 9130073] reheat + diversify: ceiling=0.00, value=62364.0
    [iter 9135826] reheat + diversify: ceiling=0.00, value=43827.0
    [iter 9141579] reheat + diversify: ceiling=0.00, value=62364.0
    [iter 9147332] reheat + diversify: ceiling=0.00, value=62364.0
    [iter 9153085] reheat + diversify: ceiling=0.00, value=44700.0
    [iter 9158838] reheat + diversify: ceiling=0.00, value=62364.0
    [iter 9164591] reheat + diversify: ceiling=0.00, value=62364.0
    [iter 9170344] reheat + diversify: ceiling=0.00, value=62364.0
    [iter 9176097] reheat + diversify: ceiling=0.00, value=62364.0
    [iter 9181850] reheat + diversify: ceiling=0.00, value=43827.0
    [iter 9187603] reheat + diversify: ceiling=0.00, value=62364.0
    [iter 9193356] reheat + diversify: ceiling=0.00, value=39982.0
    [iter 9199109] reheat + diversify: ceiling=0.00, value=44700.0
    [iter 9204862] reheat + diversify: ceiling=0.00, value=62364.0
    [iter 9210615] reheat + diversify: ceiling=0.00, value=62364.0
    [iter 9216368] reheat + diversify: ceiling=0.00, value=34739.0
    [iter 9222121] reheat + diversify: ceiling=0.00, value=46832.0
    [iter 9227874] reheat + diversify: ceiling=0.00, value=37994.0
    [iter 9233627] reheat + diversify: ceiling=0.00, value=34739.0
    [iter 9239380] reheat + diversify: ceiling=0.00, value=62364.0
    [iter 9245133] reheat + diversify: ceiling=0.00, value=32354.0
    [iter 9250886] reheat + diversify: ceiling=0.00, value=46832.0
    [iter 9256639] reheat + diversify: ceiling=0.00, value=62364.0
    [iter 9262392] reheat + diversify: ceiling=0.00, value=51418.0
    [iter 9268145] reheat + diversify: ceiling=0.00, value=29522.0
    [iter 9273898] reheat + diversify: ceiling=0.00, value=53406.0
    [iter 9279651] reheat + diversify: ceiling=0.00, value=51418.0
    [iter 9285404] reheat + diversify: ceiling=0.00, value=62364.0
    [iter 9291157] reheat + diversify: ceiling=0.00, value=62364.0
    [iter 9296910] reheat + diversify: ceiling=0.00, value=53406.0
    [iter 9302663] reheat + diversify: ceiling=0.00, value=40448.0
    [iter 9308416] reheat + diversify: ceiling=0.00, value=62364.0
    [iter 9314169] reheat + diversify: ceiling=0.00, value=32354.0
    [iter 9319922] reheat + diversify: ceiling=0.00, value=62364.0
    [iter 9325675] reheat + diversify: ceiling=0.00, value=53406.0
    [iter 9331428] reheat + diversify: ceiling=0.00, value=46688.0
    [iter 9337181] reheat + diversify: ceiling=0.00, value=52903.0
    [iter 9342934] reheat + diversify: ceiling=0.00, value=51418.0
    [iter 9348687] reheat + diversify: ceiling=0.00, value=62364.0
    [iter 9354440] reheat + diversify: ceiling=0.00, value=44700.0
    [iter 9360193] reheat + diversify: ceiling=0.00, value=62364.0
    [iter 9365946] reheat + diversify: ceiling=0.00, value=62364.0
    [iter 9371699] reheat + diversify: ceiling=0.00, value=51422.0
    [iter 9377452] reheat + diversify: ceiling=0.00, value=62364.0
    [iter 9383205] reheat + diversify: ceiling=0.00, value=62364.0
    [iter 9388958] reheat + diversify: ceiling=0.00, value=53406.0
    [iter 9394711] reheat + diversify: ceiling=0.00, value=62364.0
    [iter 9400464] reheat + diversify: ceiling=0.00, value=58140.0
    [iter 9406217] reheat + diversify: ceiling=0.00, value=45312.0
    [iter 9411970] reheat + diversify: ceiling=0.00, value=44700.0
    [iter 9417723] reheat + diversify: ceiling=0.00, value=47170.0
    [iter 9423476] reheat + diversify: ceiling=0.00, value=53406.0
    [iter 9429229] reheat + diversify: ceiling=0.00, value=47170.0
    [iter 9434982] reheat + diversify: ceiling=0.00, value=46832.0
    [iter 9440735] reheat + diversify: ceiling=0.00, value=44700.0
    [iter 9446488] reheat + diversify: ceiling=0.00, value=62364.0
    [iter 9452241] reheat + diversify: ceiling=0.00, value=44700.0
    [iter 9457994] reheat + diversify: ceiling=0.00, value=62364.0
    [iter 9463747] reheat + diversify: ceiling=0.00, value=49482.0
    [iter 9469500] reheat + diversify: ceiling=0.00, value=39483.0
    [iter 9475253] reheat + diversify: ceiling=0.00, value=43827.0
    [iter 9481006] reheat + diversify: ceiling=0.00, value=46688.0
    [iter 9486759] reheat + diversify: ceiling=0.00, value=46688.0
    [iter 9492512] reheat + diversify: ceiling=0.00, value=62364.0
    [iter 9498265] reheat + diversify: ceiling=0.00, value=62364.0
    [iter 9504018] reheat + diversify: ceiling=0.00, value=62364.0
    [iter 9509771] reheat + diversify: ceiling=0.00, value=40448.0
    [iter 9515524] reheat + diversify: ceiling=0.00, value=37994.0
    [iter 9521277] reheat + diversify: ceiling=0.00, value=52903.0
    [iter 9527030] reheat + diversify: ceiling=0.00, value=43827.0
    [iter 9532783] reheat + diversify: ceiling=0.00, value=39982.0
    [iter 9538536] reheat + diversify: ceiling=0.00, value=39076.0
    [iter 9544289] reheat + diversify: ceiling=0.00, value=62364.0
    [iter 9550042] reheat + diversify: ceiling=0.00, value=62364.0
    [iter 9555795] reheat + diversify: ceiling=0.00, value=62364.0
    [iter 9561548] reheat + diversify: ceiling=0.00, value=62364.0
    [iter 9567301] reheat + diversify: ceiling=0.00, value=53406.0
    [iter 9573054] reheat + diversify: ceiling=0.00, value=39982.0
    [iter 9578807] reheat + diversify: ceiling=0.00, value=49482.0
    [iter 9584560] reheat + diversify: ceiling=0.00, value=38594.0
    [iter 9590313] reheat + diversify: ceiling=0.00, value=51418.0
    [iter 9596066] reheat + diversify: ceiling=0.00, value=62364.0
    [iter 9601819] reheat + diversify: ceiling=0.00, value=39982.0
    [iter 9607572] reheat + diversify: ceiling=0.00, value=59625.0
    [iter 9613325] reheat + diversify: ceiling=0.00, value=49482.0
    [iter 9619078] reheat + diversify: ceiling=0.00, value=40448.0
    [iter 9624831] reheat + diversify: ceiling=0.00, value=53406.0
    [iter 9630584] reheat + diversify: ceiling=0.00, value=47170.0
    [iter 9636337] reheat + diversify: ceiling=0.00, value=62364.0
    [iter 9642090] reheat + diversify: ceiling=0.00, value=62364.0
    [iter 9647843] reheat + diversify: ceiling=0.00, value=62364.0
    [iter 9653596] reheat + diversify: ceiling=0.00, value=46688.0
    [iter 9659349] reheat + diversify: ceiling=0.00, value=46688.0
    [iter 9665102] reheat + diversify: ceiling=0.00, value=62364.0
    [iter 9670855] reheat + diversify: ceiling=0.00, value=43827.0
    [iter 9676608] reheat + diversify: ceiling=0.00, value=29184.0
    [iter 9682361] reheat + diversify: ceiling=0.00, value=40448.0
    [iter 9688114] reheat + diversify: ceiling=0.00, value=59625.0
    [iter 9693867] reheat + diversify: ceiling=0.00, value=62364.0
    [iter 9699620] reheat + diversify: ceiling=0.00, value=38308.0
    [iter 9705373] reheat + diversify: ceiling=0.00, value=62364.0
    [iter 9711126] reheat + diversify: ceiling=0.00, value=62364.0
    [iter 9716879] reheat + diversify: ceiling=0.00, value=62364.0
    [iter 9722632] reheat + diversify: ceiling=0.00, value=62364.0
    [iter 9728385] reheat + diversify: ceiling=0.00, value=47170.0
    [iter 9734138] reheat + diversify: ceiling=0.00, value=43827.0
    [iter 9739891] reheat + diversify: ceiling=0.00, value=40448.0
    [iter 9745644] reheat + diversify: ceiling=0.00, value=62364.0
    [iter 9751397] reheat + diversify: ceiling=0.00, value=62364.0
    [iter 9757150] reheat + diversify: ceiling=0.00, value=62364.0
    [iter 9762903] reheat + diversify: ceiling=0.00, value=43827.0
    [iter 9768656] reheat + diversify: ceiling=0.00, value=44700.0
    [iter 9774409] reheat + diversify: ceiling=0.00, value=62364.0
    [iter 9780162] reheat + diversify: ceiling=0.00, value=43827.0
    [iter 9785915] reheat + diversify: ceiling=0.00, value=46832.0
    [iter 9791668] reheat + diversify: ceiling=0.00, value=62364.0
    [iter 9797421] reheat + diversify: ceiling=0.00, value=62364.0
    [iter 9803174] reheat + diversify: ceiling=0.00, value=40448.0
    [iter 9808927] reheat + diversify: ceiling=0.00, value=43827.0
    [iter 9814680] reheat + diversify: ceiling=0.00, value=62364.0
    [iter 9820433] reheat + diversify: ceiling=0.00, value=51418.0
    [iter 9826186] reheat + diversify: ceiling=0.00, value=34739.0
    [iter 9831939] reheat + diversify: ceiling=0.00, value=53406.0
    [iter 9837692] reheat + diversify: ceiling=0.00, value=62364.0
    [iter 9843445] reheat + diversify: ceiling=0.00, value=62364.0
    [iter 9849198] reheat + diversify: ceiling=0.00, value=62364.0
    [iter 9854951] reheat + diversify: ceiling=0.00, value=62364.0
    [iter 9860704] reheat + diversify: ceiling=0.00, value=40448.0
    [iter 9866457] reheat + diversify: ceiling=0.00, value=62364.0
    [iter 9872210] reheat + diversify: ceiling=0.00, value=62364.0
    [iter 9877963] reheat + diversify: ceiling=0.00, value=40448.0
    [iter 9883716] reheat + diversify: ceiling=0.00, value=46201.0
    [iter 9889469] reheat + diversify: ceiling=0.00, value=53406.0
    [iter 9895222] reheat + diversify: ceiling=0.00, value=62364.0
    [iter 9900975] reheat + diversify: ceiling=0.00, value=46832.0
    [iter 9906728] reheat + diversify: ceiling=0.00, value=62364.0
    [iter 9912481] reheat + diversify: ceiling=0.00, value=62364.0
    [iter 9918234] reheat + diversify: ceiling=0.00, value=62364.0
    [iter 9923987] reheat + diversify: ceiling=0.00, value=51418.0
    [iter 9929740] reheat + diversify: ceiling=0.00, value=59625.0
    [iter 9935493] reheat + diversify: ceiling=0.00, value=51418.0
    [iter 9941246] reheat + diversify: ceiling=0.00, value=62364.0
    [iter 9946999] reheat + diversify: ceiling=0.00, value=37994.0
    [iter 9952752] reheat + diversify: ceiling=0.00, value=44700.0
    [iter 9958505] reheat + diversify: ceiling=0.00, value=62364.0
    [iter 9964258] reheat + diversify: ceiling=0.00, value=51418.0
    [iter 9970011] reheat + diversify: ceiling=0.00, value=51418.0
    [iter 9975764] reheat + diversify: ceiling=0.00, value=43827.0
    [iter 9981517] reheat + diversify: ceiling=0.00, value=62364.0
    [iter 9987270] reheat + diversify: ceiling=0.00, value=43827.0
    [iter 9993023] reheat + diversify: ceiling=0.00, value=49482.0
    [iter 9998776] reheat + diversify: ceiling=0.00, value=62364.0
    [iter 10004529] reheat + diversify: ceiling=0.00, value=62364.0
    [iter 10010282] reheat + diversify: ceiling=0.00, value=62364.0
    [iter 10016035] reheat + diversify: ceiling=0.00, value=62364.0
    [iter 10021788] reheat + diversify: ceiling=0.00, value=45312.0
    [iter 10027541] reheat + diversify: ceiling=0.00, value=59625.0
    [iter 10033294] reheat + diversify: ceiling=0.00, value=59625.0
    [iter 10039047] reheat + diversify: ceiling=0.00, value=59625.0
    [iter 10044800] reheat + diversify: ceiling=0.00, value=52907.0
    [iter 10050553] reheat + diversify: ceiling=0.00, value=59625.0
    [iter 10056306] reheat + diversify: ceiling=0.00, value=51422.0
    [iter 10062059] reheat + diversify: ceiling=0.00, value=51418.0
    [iter 10067812] reheat + diversify: ceiling=0.00, value=49482.0
    [iter 10073565] reheat + diversify: ceiling=0.00, value=46832.0
    [iter 10079318] reheat + diversify: ceiling=0.00, value=62364.0
    [iter 10085071] reheat + diversify: ceiling=0.00, value=53406.0
    [iter 10090824] reheat + diversify: ceiling=0.00, value=62364.0
    [iter 10096577] reheat + diversify: ceiling=0.00, value=37994.0
    [iter 10102330] reheat + diversify: ceiling=0.00, value=40448.0
    [iter 10108083] reheat + diversify: ceiling=0.00, value=49482.0
    [iter 10113836] reheat + diversify: ceiling=0.00, value=51418.0
    [iter 10119589] reheat + diversify: ceiling=0.00, value=62364.0
    [iter 10125342] reheat + diversify: ceiling=0.00, value=49482.0
    [iter 10131095] reheat + diversify: ceiling=0.00, value=62364.0
    [iter 10136848] reheat + diversify: ceiling=0.00, value=40448.0
    [iter 10142601] reheat + diversify: ceiling=0.00, value=53406.0
    [iter 10148354] reheat + diversify: ceiling=0.00, value=62364.0
    [iter 10154107] reheat + diversify: ceiling=0.00, value=38308.0
    [iter 10159860] reheat + diversify: ceiling=0.00, value=53406.0
    [iter 10165613] reheat + diversify: ceiling=0.00, value=59625.0
    [iter 10171366] reheat + diversify: ceiling=0.00, value=46688.0
    [iter 10177119] reheat + diversify: ceiling=0.00, value=43827.0
    [iter 10182872] reheat + diversify: ceiling=0.00, value=39982.0
    [iter 10188625] reheat + diversify: ceiling=0.00, value=62364.0
    [iter 10194378] reheat + diversify: ceiling=0.00, value=34739.0
    [iter 10200131] reheat + diversify: ceiling=0.00, value=46688.0
    [iter 10205884] reheat + diversify: ceiling=0.00, value=51418.0
    [iter 10211637] reheat + diversify: ceiling=0.00, value=62364.0
    [iter 10217390] reheat + diversify: ceiling=0.00, value=62364.0
    [iter 10223143] reheat + diversify: ceiling=0.00, value=46402.0
    [iter 10228896] reheat + diversify: ceiling=0.00, value=62364.0
    [iter 10234649] reheat + diversify: ceiling=0.00, value=62364.0
    [iter 10240402] reheat + diversify: ceiling=0.00, value=62364.0
    [iter 10246155] reheat + diversify: ceiling=0.00, value=40448.0
    [iter 10251908] reheat + diversify: ceiling=0.00, value=43827.0
    [iter 10257661] reheat + diversify: ceiling=0.00, value=49482.0
    [iter 10263414] reheat + diversify: ceiling=0.00, value=62364.0
    [iter 10269167] reheat + diversify: ceiling=0.00, value=39483.0
    [iter 10274920] reheat + diversify: ceiling=0.00, value=49482.0
    [iter 10280673] reheat + diversify: ceiling=0.00, value=59625.0
    [iter 10286426] reheat + diversify: ceiling=0.00, value=53406.0
    [iter 10292179] reheat + diversify: ceiling=0.00, value=46201.0
    [iter 10297932] reheat + diversify: ceiling=0.00, value=51418.0
    [iter 10303685] reheat + diversify: ceiling=0.00, value=62364.0
    [iter 10309438] reheat + diversify: ceiling=0.00, value=62364.0
    [iter 10315191] reheat + diversify: ceiling=0.00, value=49482.0
    [iter 10320944] reheat + diversify: ceiling=0.00, value=36224.0
    [iter 10326697] reheat + diversify: ceiling=0.00, value=52907.0
    [iter 10332450] reheat + diversify: ceiling=0.00, value=62364.0
    [iter 10338203] reheat + diversify: ceiling=0.00, value=62364.0
    [iter 10343956] reheat + diversify: ceiling=0.00, value=49482.0
    [iter 10349709] reheat + diversify: ceiling=0.00, value=62364.0
    [iter 10355462] reheat + diversify: ceiling=0.00, value=62364.0
    [iter 10361215] reheat + diversify: ceiling=0.00, value=47170.0
    [iter 10366968] reheat + diversify: ceiling=0.00, value=52907.0
    [iter 10372721] reheat + diversify: ceiling=0.00, value=51418.0
    [iter 10378474] reheat + diversify: ceiling=0.00, value=46688.0
    [iter 10384227] reheat + diversify: ceiling=0.00, value=62364.0
    [iter 10389980] reheat + diversify: ceiling=0.00, value=49482.0
    [iter 10395733] reheat + diversify: ceiling=0.00, value=29184.0
    [iter 10401486] reheat + diversify: ceiling=0.00, value=39982.0
    [iter 10407239] reheat + diversify: ceiling=0.00, value=51418.0
    [iter 10412992] reheat + diversify: ceiling=0.00, value=32354.0
    [iter 10418745] reheat + diversify: ceiling=0.00, value=40448.0
    [iter 10424498] reheat + diversify: ceiling=0.00, value=53406.0
    [iter 10430251] reheat + diversify: ceiling=0.00, value=62364.0
    [iter 10436004] reheat + diversify: ceiling=0.00, value=40448.0
    [iter 10441757] reheat + diversify: ceiling=0.00, value=39982.0
    [iter 10447510] reheat + diversify: ceiling=0.00, value=62364.0
    [iter 10453263] reheat + diversify: ceiling=0.00, value=37994.0
    [iter 10459016] reheat + diversify: ceiling=0.00, value=46402.0
    [iter 10464769] reheat + diversify: ceiling=0.00, value=43827.0
    [iter 10470522] reheat + diversify: ceiling=0.00, value=62364.0
    [iter 10476275] reheat + diversify: ceiling=0.00, value=62364.0
    [iter 10482028] reheat + diversify: ceiling=0.00, value=62364.0
    [iter 10487781] reheat + diversify: ceiling=0.00, value=62364.0
    [iter 10493534] reheat + diversify: ceiling=0.00, value=44700.0
    [iter 10499287] reheat + diversify: ceiling=0.00, value=53406.0
    [iter 10505040] reheat + diversify: ceiling=0.00, value=62364.0
    [iter 10510793] reheat + diversify: ceiling=0.00, value=38594.0
    [iter 10516546] reheat + diversify: ceiling=0.00, value=49482.0
    [iter 10522299] reheat + diversify: ceiling=0.00, value=49482.0
    [iter 10528052] reheat + diversify: ceiling=0.00, value=62364.0
    [iter 10533805] reheat + diversify: ceiling=0.00, value=62364.0
    [iter 10539558] reheat + diversify: ceiling=0.00, value=62364.0
    [iter 10545311] reheat + diversify: ceiling=0.00, value=51422.0
    [iter 10551064] reheat + diversify: ceiling=0.00, value=46832.0
    [iter 10556817] reheat + diversify: ceiling=0.00, value=62364.0
    [iter 10562570] reheat + diversify: ceiling=0.00, value=46832.0
    [iter 10568323] reheat + diversify: ceiling=0.00, value=62364.0
    [iter 10574076] reheat + diversify: ceiling=0.00, value=46688.0
    [iter 10579829] reheat + diversify: ceiling=0.00, value=43827.0
    [iter 10585582] reheat + diversify: ceiling=0.00, value=46402.0
    [iter 10591335] reheat + diversify: ceiling=0.00, value=62364.0
    [iter 10597088] reheat + diversify: ceiling=0.00, value=62364.0
    [iter 10602841] reheat + diversify: ceiling=0.00, value=62364.0
    [iter 10608594] reheat + diversify: ceiling=0.00, value=53406.0
    [iter 10614347] reheat + diversify: ceiling=0.00, value=62364.0
    [iter 10620100] reheat + diversify: ceiling=0.00, value=53406.0
    [iter 10625853] reheat + diversify: ceiling=0.00, value=46201.0
    [iter 10631606] reheat + diversify: ceiling=0.00, value=49482.0
    [iter 10637359] reheat + diversify: ceiling=0.00, value=59625.0
    [iter 10643112] reheat + diversify: ceiling=0.00, value=52903.0
    [iter 10648865] reheat + diversify: ceiling=0.00, value=62364.0
    [iter 10654618] reheat + diversify: ceiling=0.00, value=53406.0
    [iter 10660371] reheat + diversify: ceiling=0.00, value=62364.0
    [iter 10666124] reheat + diversify: ceiling=0.00, value=62364.0
    [iter 10671877] reheat + diversify: ceiling=0.00, value=39982.0
    [iter 10677630] reheat + diversify: ceiling=0.00, value=40448.0
    [iter 10683383] reheat + diversify: ceiling=0.00, value=43827.0
    [iter 10689136] reheat + diversify: ceiling=0.00, value=62364.0
    [iter 10694889] reheat + diversify: ceiling=0.00, value=62364.0
    [iter 10700642] reheat + diversify: ceiling=0.00, value=62364.0
    [iter 10706395] reheat + diversify: ceiling=0.00, value=62364.0
    [iter 10712148] reheat + diversify: ceiling=0.00, value=40448.0
    [iter 10717901] reheat + diversify: ceiling=0.00, value=43827.0
    [iter 10723654] reheat + diversify: ceiling=0.00, value=62364.0
    [iter 10729407] reheat + diversify: ceiling=0.00, value=62364.0
    [iter 10735160] reheat + diversify: ceiling=0.00, value=62364.0
    [iter 10740913] reheat + diversify: ceiling=0.00, value=51418.0
    [iter 10746666] reheat + diversify: ceiling=0.00, value=53406.0
    [iter 10752419] reheat + diversify: ceiling=0.00, value=39483.0
    [iter 10758172] reheat + diversify: ceiling=0.00, value=62364.0
    [iter 10763925] reheat + diversify: ceiling=0.00, value=49482.0
    [iter 10769678] reheat + diversify: ceiling=0.00, value=62364.0
    [iter 10775431] reheat + diversify: ceiling=0.00, value=46832.0
    [iter 10781184] reheat + diversify: ceiling=0.00, value=62364.0
    [iter 10786937] reheat + diversify: ceiling=0.00, value=43827.0
    [iter 10792690] reheat + diversify: ceiling=0.00, value=36224.0
    [iter 10798443] reheat + diversify: ceiling=0.00, value=43827.0
    [iter 10804196] reheat + diversify: ceiling=0.00, value=46832.0
    [iter 10809949] reheat + diversify: ceiling=0.00, value=22800.0
    [iter 10815702] reheat + diversify: ceiling=0.00, value=43827.0
    [iter 10821455] reheat + diversify: ceiling=0.00, value=49482.0
    [iter 10827208] reheat + diversify: ceiling=0.00, value=47170.0
    [iter 10832961] reheat + diversify: ceiling=0.00, value=62364.0
    [iter 10838714] reheat + diversify: ceiling=0.00, value=62364.0
    [iter 10844467] reheat + diversify: ceiling=0.00, value=40448.0
    [iter 10850220] reheat + diversify: ceiling=0.00, value=51418.0
    [iter 10855973] reheat + diversify: ceiling=0.00, value=53406.0
    [iter 10861726] reheat + diversify: ceiling=0.00, value=62364.0
    [iter 10867479] reheat + diversify: ceiling=0.00, value=34739.0
    [iter 10873232] reheat + diversify: ceiling=0.00, value=62364.0
    [iter 10878985] reheat + diversify: ceiling=0.00, value=44700.0
    [iter 10884738] reheat + diversify: ceiling=0.00, value=43827.0
    [iter 10890491] reheat + diversify: ceiling=0.00, value=44700.0
    [iter 10896244] reheat + diversify: ceiling=0.00, value=40448.0
    [iter 10901997] reheat + diversify: ceiling=0.00, value=62364.0
    [iter 10907750] reheat + diversify: ceiling=0.00, value=62364.0
    [iter 10913503] reheat + diversify: ceiling=0.00, value=62364.0
    [iter 10919256] reheat + diversify: ceiling=0.00, value=53406.0
    [iter 10925009] reheat + diversify: ceiling=0.00, value=62364.0
    [iter 10930762] reheat + diversify: ceiling=0.00, value=39982.0
    [iter 10936515] reheat + diversify: ceiling=0.00, value=46832.0
    [iter 10942268] reheat + diversify: ceiling=0.00, value=44700.0
    [iter 10948021] reheat + diversify: ceiling=0.00, value=62364.0
    [iter 10953774] reheat + diversify: ceiling=0.00, value=62364.0
    [iter 10959527] reheat + diversify: ceiling=0.00, value=34739.0
    [iter 10965280] reheat + diversify: ceiling=0.00, value=46832.0
    [iter 10971033] reheat + diversify: ceiling=0.00, value=37994.0
    [iter 10976786] reheat + diversify: ceiling=0.00, value=51418.0
    [iter 10982539] reheat + diversify: ceiling=0.00, value=62364.0
    [iter 10988292] reheat + diversify: ceiling=0.00, value=49482.0
    [iter 10994045] reheat + diversify: ceiling=0.00, value=62364.0
    [iter 10999798] reheat + diversify: ceiling=0.00, value=40448.0
    [iter 11005551] reheat + diversify: ceiling=0.00, value=62364.0
    [iter 11011304] reheat + diversify: ceiling=0.00, value=51418.0
    [iter 11017057] reheat + diversify: ceiling=0.00, value=32354.0
    [iter 11022810] reheat + diversify: ceiling=0.00, value=44700.0
    [iter 11028563] reheat + diversify: ceiling=0.00, value=49482.0
    [iter 11034316] reheat + diversify: ceiling=0.00, value=62364.0
    [iter 11040069] reheat + diversify: ceiling=0.00, value=46832.0
    [iter 11045822] reheat + diversify: ceiling=0.00, value=62364.0
    [iter 11051575] reheat + diversify: ceiling=0.00, value=46402.0
    [iter 11057328] reheat + diversify: ceiling=0.00, value=37994.0
    [iter 11063081] reheat + diversify: ceiling=0.00, value=59625.0
    [iter 11068834] reheat + diversify: ceiling=0.00, value=52903.0
    [iter 11074587] reheat + diversify: ceiling=0.00, value=52903.0
    [iter 11080340] reheat + diversify: ceiling=0.00, value=62364.0
    [iter 11086093] reheat + diversify: ceiling=0.00, value=51418.0
    [iter 11091846] reheat + diversify: ceiling=0.00, value=49482.0
    [iter 11097599] reheat + diversify: ceiling=0.00, value=43827.0
    [iter 11103352] reheat + diversify: ceiling=0.00, value=62364.0
    [iter 11109105] reheat + diversify: ceiling=0.00, value=46832.0
    [iter 11114858] reheat + diversify: ceiling=0.00, value=62364.0
    [iter 11120611] reheat + diversify: ceiling=0.00, value=37994.0
    [iter 11126364] reheat + diversify: ceiling=0.00, value=62364.0
    [iter 11132117] reheat + diversify: ceiling=0.00, value=62364.0
    [iter 11137870] reheat + diversify: ceiling=0.00, value=32354.0
    [iter 11143623] reheat + diversify: ceiling=0.00, value=53406.0
    [iter 11149376] reheat + diversify: ceiling=0.00, value=40448.0
    [iter 11155129] reheat + diversify: ceiling=0.00, value=62364.0
    [iter 11160882] reheat + diversify: ceiling=0.00, value=46688.0
    [iter 11166635] reheat + diversify: ceiling=0.00, value=62364.0
    [iter 11172388] reheat + diversify: ceiling=0.00, value=62364.0
    [iter 11178141] reheat + diversify: ceiling=0.00, value=62364.0
    [iter 11183894] reheat + diversify: ceiling=0.00, value=44700.0
    [iter 11189647] reheat + diversify: ceiling=0.00, value=46832.0
    [iter 11195400] reheat + diversify: ceiling=0.00, value=62364.0
    [iter 11201153] reheat + diversify: ceiling=0.00, value=43827.0
    [iter 11206906] reheat + diversify: ceiling=0.00, value=29184.0
    [iter 11212659] reheat + diversify: ceiling=0.00, value=62364.0
    [iter 11218412] reheat + diversify: ceiling=0.00, value=62364.0
    [iter 11224165] reheat + diversify: ceiling=0.00, value=62364.0
    [iter 11229918] reheat + diversify: ceiling=0.00, value=62364.0
    [iter 11235671] reheat + diversify: ceiling=0.00, value=49482.0
    [iter 11241424] reheat + diversify: ceiling=0.00, value=39982.0
    [iter 11247177] reheat + diversify: ceiling=0.00, value=62364.0
    [iter 11252930] reheat + diversify: ceiling=0.00, value=43827.0
    [iter 11258683] reheat + diversify: ceiling=0.00, value=62364.0
    [iter 11264436] reheat + diversify: ceiling=0.00, value=62364.0
    [iter 11270189] reheat + diversify: ceiling=0.00, value=51418.0
    [iter 11275942] reheat + diversify: ceiling=0.00, value=39982.0
    [iter 11281695] reheat + diversify: ceiling=0.00, value=62364.0
    [iter 11287448] reheat + diversify: ceiling=0.00, value=53406.0
    [iter 11293201] reheat + diversify: ceiling=0.00, value=43827.0
    [iter 11298954] reheat + diversify: ceiling=0.00, value=53406.0
    [iter 11304707] reheat + diversify: ceiling=0.00, value=62364.0
    [iter 11310460] reheat + diversify: ceiling=0.00, value=62364.0
    [iter 11316213] reheat + diversify: ceiling=0.00, value=62364.0
    [iter 11321966] reheat + diversify: ceiling=0.00, value=47170.0
    [iter 11327719] reheat + diversify: ceiling=0.00, value=62364.0
    [iter 11333472] reheat + diversify: ceiling=0.00, value=62364.0
    [iter 11339225] reheat + diversify: ceiling=0.00, value=46201.0
    [iter 11344978] reheat + diversify: ceiling=0.00, value=43827.0
    [iter 11350731] reheat + diversify: ceiling=0.00, value=62364.0
    [iter 11356484] reheat + diversify: ceiling=0.00, value=62364.0
    [iter 11362237] reheat + diversify: ceiling=0.00, value=51418.0
    [iter 11367990] reheat + diversify: ceiling=0.00, value=45312.0
    [iter 11373743] reheat + diversify: ceiling=0.00, value=59625.0
    [iter 11379496] reheat + diversify: ceiling=0.00, value=52903.0
    [iter 11385249] reheat + diversify: ceiling=0.00, value=62364.0
    [iter 11391002] reheat + diversify: ceiling=0.00, value=49482.0
    [iter 11396755] reheat + diversify: ceiling=0.00, value=49482.0
    [iter 11402508] reheat + diversify: ceiling=0.00, value=29522.0
    [iter 11408261] reheat + diversify: ceiling=0.00, value=45312.0
    [iter 11414014] reheat + diversify: ceiling=0.00, value=46688.0
    [iter 11419767] reheat + diversify: ceiling=0.00, value=52903.0
    [iter 11425520] reheat + diversify: ceiling=0.00, value=49482.0
    [iter 11431273] reheat + diversify: ceiling=0.00, value=43827.0
    [iter 11437026] reheat + diversify: ceiling=0.00, value=40448.0
    [iter 11442779] reheat + diversify: ceiling=0.00, value=39982.0
    [iter 11448532] reheat + diversify: ceiling=0.00, value=43827.0
    [iter 11454285] reheat + diversify: ceiling=0.00, value=62364.0
    [iter 11460038] reheat + diversify: ceiling=0.00, value=44700.0
    [iter 11465791] reheat + diversify: ceiling=0.00, value=62364.0
    [iter 11471544] reheat + diversify: ceiling=0.00, value=62364.0
    [iter 11477297] reheat + diversify: ceiling=0.00, value=62364.0
    [iter 11483050] reheat + diversify: ceiling=0.00, value=43827.0
    [iter 11488803] reheat + diversify: ceiling=0.00, value=46185.0
    [iter 11494556] reheat + diversify: ceiling=0.00, value=62364.0
    [iter 11500309] reheat + diversify: ceiling=0.00, value=37994.0
    [iter 11506062] reheat + diversify: ceiling=0.00, value=62364.0
    [iter 11511815] reheat + diversify: ceiling=0.00, value=62364.0
    [iter 11517568] reheat + diversify: ceiling=0.00, value=62364.0
    [iter 11523321] reheat + diversify: ceiling=0.00, value=62364.0
    [iter 11529074] reheat + diversify: ceiling=0.00, value=43827.0
    [iter 11534827] reheat + diversify: ceiling=0.00, value=49482.0
    [iter 11540580] reheat + diversify: ceiling=0.00, value=62364.0
    [iter 11546333] reheat + diversify: ceiling=0.00, value=62364.0
    [iter 11552086] reheat + diversify: ceiling=0.00, value=62364.0
    [iter 11557839] reheat + diversify: ceiling=0.00, value=46832.0
    [iter 11563592] reheat + diversify: ceiling=0.00, value=40448.0
    [iter 11569345] reheat + diversify: ceiling=0.00, value=62364.0
    [iter 11575098] reheat + diversify: ceiling=0.00, value=62364.0
    [iter 11580851] reheat + diversify: ceiling=0.00, value=62364.0
    [iter 11586604] reheat + diversify: ceiling=0.00, value=46402.0
    [iter 11592357] reheat + diversify: ceiling=0.00, value=62364.0
    [iter 11598110] reheat + diversify: ceiling=0.00, value=49482.0
    [iter 11603863] reheat + diversify: ceiling=0.00, value=44700.0
    [iter 11609616] reheat + diversify: ceiling=0.00, value=49482.0
    [iter 11615369] reheat + diversify: ceiling=0.00, value=46832.0
    [iter 11621122] reheat + diversify: ceiling=0.00, value=45312.0
    [iter 11626875] reheat + diversify: ceiling=0.00, value=62364.0
    [iter 11632628] reheat + diversify: ceiling=0.00, value=62364.0
    [iter 11638381] reheat + diversify: ceiling=0.00, value=51418.0
    [iter 11644134] reheat + diversify: ceiling=0.00, value=45312.0
    [iter 11649887] reheat + diversify: ceiling=0.00, value=52903.0
    [iter 11655640] reheat + diversify: ceiling=0.00, value=32354.0
    [iter 11661393] reheat + diversify: ceiling=0.00, value=62364.0
    [iter 11667146] reheat + diversify: ceiling=0.00, value=42946.0
    [iter 11672899] reheat + diversify: ceiling=0.00, value=49482.0
    [iter 11678652] reheat + diversify: ceiling=0.00, value=46688.0
    [iter 11684405] reheat + diversify: ceiling=0.00, value=62364.0
    [iter 11690158] reheat + diversify: ceiling=0.00, value=37994.0
    [iter 11695911] reheat + diversify: ceiling=0.00, value=58140.0
    [iter 11701664] reheat + diversify: ceiling=0.00, value=46402.0
    [iter 11707417] reheat + diversify: ceiling=0.00, value=62364.0
    [iter 11713170] reheat + diversify: ceiling=0.00, value=38308.0
    [iter 11718923] reheat + diversify: ceiling=0.00, value=62364.0
    [iter 11724676] reheat + diversify: ceiling=0.00, value=62364.0
    [iter 11730429] reheat + diversify: ceiling=0.00, value=52903.0
    [iter 11736182] reheat + diversify: ceiling=0.00, value=29184.0
    [iter 11741935] reheat + diversify: ceiling=0.00, value=62364.0
    [iter 11747688] reheat + diversify: ceiling=0.00, value=47170.0
    [iter 11753441] reheat + diversify: ceiling=0.00, value=62364.0
    [iter 11759194] reheat + diversify: ceiling=0.00, value=37994.0
    [iter 11764947] reheat + diversify: ceiling=0.00, value=51422.0
    [iter 11770700] reheat + diversify: ceiling=0.00, value=52903.0
    [iter 11776453] reheat + diversify: ceiling=0.00, value=45312.0
    [iter 11782206] reheat + diversify: ceiling=0.00, value=39982.0
    [iter 11787959] reheat + diversify: ceiling=0.00, value=53406.0
    [iter 11793712] reheat + diversify: ceiling=0.00, value=62364.0
    [iter 11799465] reheat + diversify: ceiling=0.00, value=62364.0
    [iter 11805218] reheat + diversify: ceiling=0.00, value=62364.0
    [iter 11810971] reheat + diversify: ceiling=0.00, value=39982.0
    [iter 11816724] reheat + diversify: ceiling=0.00, value=44700.0
    [iter 11822477] reheat + diversify: ceiling=0.00, value=53406.0
    [iter 11828230] reheat + diversify: ceiling=0.00, value=46832.0
    [iter 11833983] reheat + diversify: ceiling=0.00, value=62364.0
    [iter 11839736] reheat + diversify: ceiling=0.00, value=62364.0
    [iter 11845489] reheat + diversify: ceiling=0.00, value=62364.0
    [iter 11851242] reheat + diversify: ceiling=0.00, value=46185.0
    [iter 11856995] reheat + diversify: ceiling=0.00, value=51418.0
    [iter 11862748] reheat + diversify: ceiling=0.00, value=43827.0
    [iter 11868501] reheat + diversify: ceiling=0.00, value=62364.0
    [iter 11874254] reheat + diversify: ceiling=0.00, value=62364.0
    [iter 11880007] reheat + diversify: ceiling=0.00, value=62364.0
    [iter 11885760] reheat + diversify: ceiling=0.00, value=51418.0
    [iter 11891513] reheat + diversify: ceiling=0.00, value=62364.0
    [iter 11897266] reheat + diversify: ceiling=0.00, value=62364.0
    [iter 11903019] reheat + diversify: ceiling=0.00, value=46688.0
    [iter 11908772] reheat + diversify: ceiling=0.00, value=62364.0
    [iter 11914525] reheat + diversify: ceiling=0.00, value=37994.0
    [iter 11920278] reheat + diversify: ceiling=0.00, value=40448.0
    [iter 11926031] reheat + diversify: ceiling=0.00, value=46688.0
    [iter 11931784] reheat + diversify: ceiling=0.00, value=38594.0
    [iter 11937537] reheat + diversify: ceiling=0.00, value=62364.0
    [iter 11943290] reheat + diversify: ceiling=0.00, value=46832.0
    [iter 11949043] reheat + diversify: ceiling=0.00, value=53406.0
    [iter 11954796] reheat + diversify: ceiling=0.00, value=51418.0
    [iter 11960549] reheat + diversify: ceiling=0.00, value=45312.0
    [iter 11966302] reheat + diversify: ceiling=0.00, value=49482.0
    [iter 11972055] reheat + diversify: ceiling=0.00, value=29522.0
    [iter 11977808] reheat + diversify: ceiling=0.00, value=62364.0
    [iter 11983561] reheat + diversify: ceiling=0.00, value=51418.0
    [iter 11989314] reheat + diversify: ceiling=0.00, value=46688.0
    [iter 11995067] reheat + diversify: ceiling=0.00, value=62364.0
    [iter 12000820] reheat + diversify: ceiling=0.00, value=62364.0
    [iter 12006573] reheat + diversify: ceiling=0.00, value=40448.0
    [iter 12012326] reheat + diversify: ceiling=0.00, value=53406.0
    [iter 12018079] reheat + diversify: ceiling=0.00, value=62364.0
    [iter 12023832] reheat + diversify: ceiling=0.00, value=62364.0
    [iter 12029585] reheat + diversify: ceiling=0.00, value=62364.0
    [iter 12035338] reheat + diversify: ceiling=0.00, value=44700.0
    [iter 12041091] reheat + diversify: ceiling=0.00, value=46688.0
    [iter 12046844] reheat + diversify: ceiling=0.00, value=62364.0
    [iter 12052597] reheat + diversify: ceiling=0.00, value=62364.0
    [iter 12058350] reheat + diversify: ceiling=0.00, value=44700.0
    [iter 12064103] reheat + diversify: ceiling=0.00, value=59625.0
    [iter 12069856] reheat + diversify: ceiling=0.00, value=49482.0
    [iter 12075609] reheat + diversify: ceiling=0.00, value=62364.0
    [iter 12081362] reheat + diversify: ceiling=0.00, value=62364.0
    [iter 12087115] reheat + diversify: ceiling=0.00, value=62364.0
    [iter 12092868] reheat + diversify: ceiling=0.00, value=49482.0
    [iter 12098621] reheat + diversify: ceiling=0.00, value=51418.0
    [iter 12104374] reheat + diversify: ceiling=0.00, value=58140.0
    [iter 12110127] reheat + diversify: ceiling=0.00, value=51418.0
    [iter 12115880] reheat + diversify: ceiling=0.00, value=59625.0
    [iter 12121633] reheat + diversify: ceiling=0.00, value=45312.0
    [iter 12127386] reheat + diversify: ceiling=0.00, value=62364.0
    [iter 12133139] reheat + diversify: ceiling=0.00, value=62364.0
    [iter 12138892] reheat + diversify: ceiling=0.00, value=43827.0
    [iter 12144645] reheat + diversify: ceiling=0.00, value=62364.0
    [iter 12150398] reheat + diversify: ceiling=0.00, value=46832.0
    [iter 12156151] reheat + diversify: ceiling=0.00, value=59625.0
    [iter 12161904] reheat + diversify: ceiling=0.00, value=40448.0
    [iter 12167657] reheat + diversify: ceiling=0.00, value=49482.0
    [iter 12173410] reheat + diversify: ceiling=0.00, value=37994.0
    [iter 12179163] reheat + diversify: ceiling=0.00, value=51418.0
    [iter 12184916] reheat + diversify: ceiling=0.00, value=62364.0
    [iter 12190669] reheat + diversify: ceiling=0.00, value=52907.0
    [iter 12196422] reheat + diversify: ceiling=0.00, value=34739.0
    [iter 12202175] reheat + diversify: ceiling=0.00, value=62364.0
    [iter 12207928] reheat + diversify: ceiling=0.00, value=62364.0
    [iter 12213681] reheat + diversify: ceiling=0.00, value=39982.0
    [iter 12219434] reheat + diversify: ceiling=0.00, value=49482.0
    [iter 12225187] reheat + diversify: ceiling=0.00, value=49482.0
    [iter 12230940] reheat + diversify: ceiling=0.00, value=51418.0
    [iter 12236693] reheat + diversify: ceiling=0.00, value=38308.0
    [iter 12242446] reheat + diversify: ceiling=0.00, value=62364.0
    [iter 12248199] reheat + diversify: ceiling=0.00, value=46832.0
    [iter 12253952] reheat + diversify: ceiling=0.00, value=45312.0
    [iter 12259705] reheat + diversify: ceiling=0.00, value=62364.0
    [iter 12265458] reheat + diversify: ceiling=0.00, value=62364.0
    [iter 12271211] reheat + diversify: ceiling=0.00, value=46832.0
    [iter 12276964] reheat + diversify: ceiling=0.00, value=46832.0
    [iter 12282717] reheat + diversify: ceiling=0.00, value=62364.0
    [iter 12288470] reheat + diversify: ceiling=0.00, value=47170.0
    [iter 12294223] reheat + diversify: ceiling=0.00, value=46832.0
    [iter 12299976] reheat + diversify: ceiling=0.00, value=62364.0
    [iter 12305729] reheat + diversify: ceiling=0.00, value=49482.0
    [iter 12311482] reheat + diversify: ceiling=0.00, value=34739.0
    [iter 12317235] reheat + diversify: ceiling=0.00, value=46688.0
    [iter 12322988] reheat + diversify: ceiling=0.00, value=38308.0
    [iter 12328741] reheat + diversify: ceiling=0.00, value=52903.0
    [iter 12334494] reheat + diversify: ceiling=0.00, value=59625.0
    [iter 12340247] reheat + diversify: ceiling=0.00, value=49482.0
    [iter 12346000] reheat + diversify: ceiling=0.00, value=51418.0
    [iter 12351753] reheat + diversify: ceiling=0.00, value=46402.0
    [iter 12357506] reheat + diversify: ceiling=0.00, value=51418.0
    [iter 12363259] reheat + diversify: ceiling=0.00, value=62364.0
    [iter 12369012] reheat + diversify: ceiling=0.00, value=40448.0
    [iter 12374765] reheat + diversify: ceiling=0.00, value=62364.0
    [iter 12380518] reheat + diversify: ceiling=0.00, value=62364.0
    [iter 12386271] reheat + diversify: ceiling=0.00, value=62364.0
    [iter 12392024] reheat + diversify: ceiling=0.00, value=49482.0
    [iter 12397777] reheat + diversify: ceiling=0.00, value=53406.0
    [iter 12403530] reheat + diversify: ceiling=0.00, value=51418.0
    [iter 12409283] reheat + diversify: ceiling=0.00, value=62364.0
    [iter 12415036] reheat + diversify: ceiling=0.00, value=43827.0
    [iter 12420789] reheat + diversify: ceiling=0.00, value=62364.0
    [iter 12426542] reheat + diversify: ceiling=0.00, value=34739.0
    [iter 12432295] reheat + diversify: ceiling=0.00, value=52903.0
    [iter 12438048] reheat + diversify: ceiling=0.00, value=44716.0
    [iter 12443801] reheat + diversify: ceiling=0.00, value=62364.0
    [iter 12449554] reheat + diversify: ceiling=0.00, value=47170.0
    [iter 12455307] reheat + diversify: ceiling=0.00, value=62364.0
    [iter 12461060] reheat + diversify: ceiling=0.00, value=38594.0
    [iter 12466813] reheat + diversify: ceiling=0.00, value=62364.0
    [iter 12472566] reheat + diversify: ceiling=0.00, value=62364.0
    [iter 12478319] reheat + diversify: ceiling=0.00, value=37994.0
    [iter 12484072] reheat + diversify: ceiling=0.00, value=62364.0
    [iter 12489825] reheat + diversify: ceiling=0.00, value=46201.0
    [iter 12495578] reheat + diversify: ceiling=0.00, value=39982.0
    [iter 12501331] reheat + diversify: ceiling=0.00, value=45312.0
    [iter 12507084] reheat + diversify: ceiling=0.00, value=46832.0
    [iter 12512837] reheat + diversify: ceiling=0.00, value=51418.0
    [iter 12518590] reheat + diversify: ceiling=0.00, value=62364.0
    [iter 12524343] reheat + diversify: ceiling=0.00, value=51418.0
    [iter 12530096] reheat + diversify: ceiling=0.00, value=62364.0
    [iter 12535849] reheat + diversify: ceiling=0.00, value=49482.0
    [iter 12541602] reheat + diversify: ceiling=0.00, value=62364.0
    [iter 12547355] reheat + diversify: ceiling=0.00, value=53406.0
    [iter 12553108] reheat + diversify: ceiling=0.00, value=62364.0
    [iter 12558861] reheat + diversify: ceiling=0.00, value=44700.0
    [iter 12564614] reheat + diversify: ceiling=0.00, value=62364.0
    [iter 12570367] reheat + diversify: ceiling=0.00, value=44700.0
    [iter 12576120] reheat + diversify: ceiling=0.00, value=45312.0
    [iter 12581873] reheat + diversify: ceiling=0.00, value=62364.0
    [iter 12587626] reheat + diversify: ceiling=0.00, value=46832.0
    [iter 12593379] reheat + diversify: ceiling=0.00, value=43827.0
    [iter 12599132] reheat + diversify: ceiling=0.00, value=62364.0
    [iter 12604885] reheat + diversify: ceiling=0.00, value=62364.0
    [iter 12610638] reheat + diversify: ceiling=0.00, value=46688.0
    [iter 12616391] reheat + diversify: ceiling=0.00, value=52903.0
    [iter 12622144] reheat + diversify: ceiling=0.00, value=62364.0
    [iter 12627897] reheat + diversify: ceiling=0.00, value=62364.0
    [iter 12633650] reheat + diversify: ceiling=0.00, value=62364.0
    [iter 12639403] reheat + diversify: ceiling=0.00, value=38594.0
    [iter 12645156] reheat + diversify: ceiling=0.00, value=46688.0
    [iter 12650909] reheat + diversify: ceiling=0.00, value=53406.0
    [iter 12656662] reheat + diversify: ceiling=0.00, value=46185.0
    [iter 12662415] reheat + diversify: ceiling=0.00, value=62364.0
    [iter 12668168] reheat + diversify: ceiling=0.00, value=62364.0
    [iter 12673921] reheat + diversify: ceiling=0.00, value=62364.0
    [iter 12679674] reheat + diversify: ceiling=0.00, value=37994.0
    [iter 12685427] reheat + diversify: ceiling=0.00, value=52903.0
    [iter 12691180] reheat + diversify: ceiling=0.00, value=44700.0
    [iter 12696933] reheat + diversify: ceiling=0.00, value=62364.0
    [iter 12702686] reheat + diversify: ceiling=0.00, value=51418.0
    [iter 12708439] reheat + diversify: ceiling=0.00, value=62364.0
    [iter 12714192] reheat + diversify: ceiling=0.00, value=46688.0
    [iter 12719945] reheat + diversify: ceiling=0.00, value=37994.0
    [iter 12725698] reheat + diversify: ceiling=0.00, value=62364.0
    [iter 12731451] reheat + diversify: ceiling=0.00, value=62364.0
    [iter 12737204] reheat + diversify: ceiling=0.00, value=43827.0
    [iter 12742957] reheat + diversify: ceiling=0.00, value=62364.0
    [iter 12748710] reheat + diversify: ceiling=0.00, value=53406.0
    [iter 12754463] reheat + diversify: ceiling=0.00, value=62364.0
    [iter 12760216] reheat + diversify: ceiling=0.00, value=62364.0
    [iter 12765969] reheat + diversify: ceiling=0.00, value=51422.0
    [iter 12771722] reheat + diversify: ceiling=0.00, value=62364.0
    [iter 12777475] reheat + diversify: ceiling=0.00, value=62364.0
    [iter 12783228] reheat + diversify: ceiling=0.00, value=46688.0
    [iter 12788981] reheat + diversify: ceiling=0.00, value=46832.0
    [iter 12794734] reheat + diversify: ceiling=0.00, value=40448.0
    [iter 12800487] reheat + diversify: ceiling=0.00, value=47170.0
    [iter 12806240] reheat + diversify: ceiling=0.00, value=62364.0
    [iter 12811993] reheat + diversify: ceiling=0.00, value=62364.0
    [iter 12817746] reheat + diversify: ceiling=0.00, value=62364.0
    [iter 12823499] reheat + diversify: ceiling=0.00, value=62364.0
    [iter 12829252] reheat + diversify: ceiling=0.00, value=62364.0
    [iter 12835005] reheat + diversify: ceiling=0.00, value=44700.0
    [iter 12840758] reheat + diversify: ceiling=0.00, value=37994.0
    [iter 12846511] reheat + diversify: ceiling=0.00, value=62364.0
    [iter 12852264] reheat + diversify: ceiling=0.00, value=62364.0
    [iter 12858017] reheat + diversify: ceiling=0.00, value=49482.0
    [iter 12863770] reheat + diversify: ceiling=0.00, value=62364.0
    [iter 12869523] reheat + diversify: ceiling=0.00, value=62364.0
    [iter 12875276] reheat + diversify: ceiling=0.00, value=62364.0
    [iter 12881029] reheat + diversify: ceiling=0.00, value=39982.0
    [iter 12886782] reheat + diversify: ceiling=0.00, value=62364.0
    [iter 12892535] reheat + diversify: ceiling=0.00, value=62364.0
    [iter 12898288] reheat + diversify: ceiling=0.00, value=62364.0
    [iter 12904041] reheat + diversify: ceiling=0.00, value=46832.0
    [iter 12909794] reheat + diversify: ceiling=0.00, value=49482.0
    [iter 12915547] reheat + diversify: ceiling=0.00, value=62364.0
    [iter 12921300] reheat + diversify: ceiling=0.00, value=53406.0
    [iter 12927053] reheat + diversify: ceiling=0.00, value=46832.0
    [iter 12932806] reheat + diversify: ceiling=0.00, value=62364.0
    [iter 12938559] reheat + diversify: ceiling=0.00, value=62364.0
    [iter 12944312] reheat + diversify: ceiling=0.00, value=40448.0
    [iter 12950065] reheat + diversify: ceiling=0.00, value=40448.0
    [iter 12955818] reheat + diversify: ceiling=0.00, value=45312.0
    [iter 12961571] reheat + diversify: ceiling=0.00, value=49482.0
    [iter 12967324] reheat + diversify: ceiling=0.00, value=46688.0
    [iter 12973077] reheat + diversify: ceiling=0.00, value=62364.0
    [iter 12978830] reheat + diversify: ceiling=0.00, value=46832.0
    [iter 12984583] reheat + diversify: ceiling=0.00, value=59625.0
    [iter 12990336] reheat + diversify: ceiling=0.00, value=53406.0
    [iter 12996089] reheat + diversify: ceiling=0.00, value=53406.0
    [iter 13001842] reheat + diversify: ceiling=0.00, value=62364.0
    [iter 13007595] reheat + diversify: ceiling=0.00, value=53406.0
    [iter 13013348] reheat + diversify: ceiling=0.00, value=51418.0
    [iter 13019101] reheat + diversify: ceiling=0.00, value=46402.0
    [iter 13024854] reheat + diversify: ceiling=0.00, value=62364.0
    [iter 13030607] reheat + diversify: ceiling=0.00, value=49482.0
    [iter 13036360] reheat + diversify: ceiling=0.00, value=46832.0
    [iter 13042113] reheat + diversify: ceiling=0.00, value=62364.0
    [iter 13047866] reheat + diversify: ceiling=0.00, value=43827.0
    [iter 13053619] reheat + diversify: ceiling=0.00, value=53406.0
    [iter 13059372] reheat + diversify: ceiling=0.00, value=49482.0
    [iter 13065125] reheat + diversify: ceiling=0.00, value=62364.0
    [iter 13070878] reheat + diversify: ceiling=0.00, value=62364.0
    [iter 13076631] reheat + diversify: ceiling=0.00, value=53406.0
    [iter 13082384] reheat + diversify: ceiling=0.00, value=62364.0
    [iter 13088137] reheat + diversify: ceiling=0.00, value=46832.0
    [iter 13093890] reheat + diversify: ceiling=0.00, value=62364.0
    [iter 13099643] reheat + diversify: ceiling=0.00, value=53406.0
    [iter 13105396] reheat + diversify: ceiling=0.00, value=62364.0
    [iter 13111149] reheat + diversify: ceiling=0.00, value=62364.0
    [iter 13116902] reheat + diversify: ceiling=0.00, value=51418.0
    [iter 13122655] reheat + diversify: ceiling=0.00, value=62364.0
    [iter 13128408] reheat + diversify: ceiling=0.00, value=51418.0
    [iter 13134161] reheat + diversify: ceiling=0.00, value=62364.0
    [iter 13139914] reheat + diversify: ceiling=0.00, value=62364.0
    [iter 13145667] reheat + diversify: ceiling=0.00, value=62364.0
    [iter 13151420] reheat + diversify: ceiling=0.00, value=62364.0
    [iter 13157173] reheat + diversify: ceiling=0.00, value=62364.0
    [iter 13162926] reheat + diversify: ceiling=0.00, value=62364.0
    [iter 13168679] reheat + diversify: ceiling=0.00, value=39076.0
    [iter 13174432] reheat + diversify: ceiling=0.00, value=46688.0
    [iter 13180185] reheat + diversify: ceiling=0.00, value=49482.0
    [iter 13185938] reheat + diversify: ceiling=0.00, value=62364.0
    [iter 13191691] reheat + diversify: ceiling=0.00, value=62364.0
    [iter 13197444] reheat + diversify: ceiling=0.00, value=40448.0
    [iter 13203197] reheat + diversify: ceiling=0.00, value=46402.0
    [iter 13208950] reheat + diversify: ceiling=0.00, value=43827.0
    [iter 13214703] reheat + diversify: ceiling=0.00, value=58140.0
    [iter 13220456] reheat + diversify: ceiling=0.00, value=46832.0
    [iter 13226209] reheat + diversify: ceiling=0.00, value=62364.0
    [iter 13231962] reheat + diversify: ceiling=0.00, value=62364.0
    [iter 13237715] reheat + diversify: ceiling=0.00, value=46832.0
    [iter 13243468] reheat + diversify: ceiling=0.00, value=58140.0
    [iter 13249221] reheat + diversify: ceiling=0.00, value=62364.0
    [iter 13254974] reheat + diversify: ceiling=0.00, value=53406.0
    [iter 13260727] reheat + diversify: ceiling=0.00, value=62364.0
    [iter 13266480] reheat + diversify: ceiling=0.00, value=44700.0
    [iter 13272233] reheat + diversify: ceiling=0.00, value=62364.0
    [iter 13277986] reheat + diversify: ceiling=0.00, value=39982.0
    [iter 13283739] reheat + diversify: ceiling=0.00, value=62364.0
    [iter 13289492] reheat + diversify: ceiling=0.00, value=62364.0
    [iter 13295245] reheat + diversify: ceiling=0.00, value=62364.0
    [iter 13300998] reheat + diversify: ceiling=0.00, value=62364.0
    [iter 13306751] reheat + diversify: ceiling=0.00, value=46832.0
    [iter 13312504] reheat + diversify: ceiling=0.00, value=62364.0
    [iter 13318257] reheat + diversify: ceiling=0.00, value=62364.0
    [iter 13324010] reheat + diversify: ceiling=0.00, value=62364.0
    [iter 13329763] reheat + diversify: ceiling=0.00, value=62364.0
    [iter 13335516] reheat + diversify: ceiling=0.00, value=43827.0
    [iter 13341269] reheat + diversify: ceiling=0.00, value=62364.0
    [iter 13347022] reheat + diversify: ceiling=0.00, value=40448.0
    [iter 13352775] reheat + diversify: ceiling=0.00, value=62364.0
    [iter 13358528] reheat + diversify: ceiling=0.00, value=35460.0
    [iter 13364281] reheat + diversify: ceiling=0.00, value=51418.0
    [iter 13370034] reheat + diversify: ceiling=0.00, value=44716.0
    [iter 13375787] reheat + diversify: ceiling=0.00, value=62364.0
    [iter 13381540] reheat + diversify: ceiling=0.00, value=62364.0
    [iter 13387293] reheat + diversify: ceiling=0.00, value=62364.0
    [iter 13393046] reheat + diversify: ceiling=0.00, value=47170.0
    [iter 13398799] reheat + diversify: ceiling=0.00, value=46832.0
    [iter 13404552] reheat + diversify: ceiling=0.00, value=47170.0
    [iter 13410305] reheat + diversify: ceiling=0.00, value=40448.0
    [iter 13416058] reheat + diversify: ceiling=0.00, value=62364.0
    [iter 13421811] reheat + diversify: ceiling=0.00, value=43827.0
    [iter 13427564] reheat + diversify: ceiling=0.00, value=62364.0
    [iter 13433317] reheat + diversify: ceiling=0.00, value=53406.0
    [iter 13439070] reheat + diversify: ceiling=0.00, value=62364.0
    [iter 13444823] reheat + diversify: ceiling=0.00, value=62364.0
    [iter 13450576] reheat + diversify: ceiling=0.00, value=51418.0
    [iter 13456329] reheat + diversify: ceiling=0.00, value=62364.0
    [iter 13462082] reheat + diversify: ceiling=0.00, value=39982.0
    [iter 13467835] reheat + diversify: ceiling=0.00, value=62364.0
    [iter 13473588] reheat + diversify: ceiling=0.00, value=62364.0
    [iter 13479341] reheat + diversify: ceiling=0.00, value=47170.0
    [iter 13485094] reheat + diversify: ceiling=0.00, value=46832.0
    [iter 13490847] reheat + diversify: ceiling=0.00, value=51422.0
    [iter 13496600] reheat + diversify: ceiling=0.00, value=58140.0
    [iter 13502353] reheat + diversify: ceiling=0.00, value=62364.0
    [iter 13508106] reheat + diversify: ceiling=0.00, value=53406.0
    [iter 13513859] reheat + diversify: ceiling=0.00, value=53406.0
    [iter 13519612] reheat + diversify: ceiling=0.00, value=38308.0
    [iter 13525365] reheat + diversify: ceiling=0.00, value=46402.0
    [iter 13531118] reheat + diversify: ceiling=0.00, value=62364.0
    [iter 13536871] reheat + diversify: ceiling=0.00, value=44700.0
    [iter 13542624] reheat + diversify: ceiling=0.00, value=59625.0
    [iter 13548377] reheat + diversify: ceiling=0.00, value=52907.0
    [iter 13554130] reheat + diversify: ceiling=0.00, value=59625.0
    [iter 13559883] reheat + diversify: ceiling=0.00, value=46688.0
    [iter 13565636] reheat + diversify: ceiling=0.00, value=40448.0
    [iter 13571389] reheat + diversify: ceiling=0.00, value=46832.0
    [iter 13577142] reheat + diversify: ceiling=0.00, value=46688.0
    [iter 13582895] reheat + diversify: ceiling=0.00, value=51418.0
    [iter 13588648] reheat + diversify: ceiling=0.00, value=43827.0
    [iter 13594401] reheat + diversify: ceiling=0.00, value=53406.0
    [iter 13600154] reheat + diversify: ceiling=0.00, value=45312.0
    [iter 13605907] reheat + diversify: ceiling=0.00, value=59625.0
    [iter 13611660] reheat + diversify: ceiling=0.00, value=46201.0
    [iter 13617413] reheat + diversify: ceiling=0.00, value=51418.0
    [iter 13623166] reheat + diversify: ceiling=0.00, value=40448.0
    [iter 13628919] reheat + diversify: ceiling=0.00, value=62364.0
    [iter 13634672] reheat + diversify: ceiling=0.00, value=58140.0
    [iter 13640425] reheat + diversify: ceiling=0.00, value=62364.0
    [iter 13646178] reheat + diversify: ceiling=0.00, value=40448.0
    [iter 13651931] reheat + diversify: ceiling=0.00, value=62364.0
    [iter 13657684] reheat + diversify: ceiling=0.00, value=53406.0
    [iter 13663437] reheat + diversify: ceiling=0.00, value=40448.0
    [iter 13669190] reheat + diversify: ceiling=0.00, value=62364.0
    [iter 13674943] reheat + diversify: ceiling=0.00, value=62364.0
    [iter 13680696] reheat + diversify: ceiling=0.00, value=51418.0
    [iter 13686449] reheat + diversify: ceiling=0.00, value=46402.0
    [iter 13692202] reheat + diversify: ceiling=0.00, value=37994.0
    [iter 13697955] reheat + diversify: ceiling=0.00, value=62364.0
    [iter 13703708] reheat + diversify: ceiling=0.00, value=62364.0
    [iter 13709461] reheat + diversify: ceiling=0.00, value=49482.0
    [iter 13715214] reheat + diversify: ceiling=0.00, value=62364.0
    [iter 13720967] reheat + diversify: ceiling=0.00, value=51422.0
    [iter 13726720] reheat + diversify: ceiling=0.00, value=51418.0
    [iter 13732473] reheat + diversify: ceiling=0.00, value=46832.0
    [iter 13738226] reheat + diversify: ceiling=0.00, value=62364.0
    [iter 13743979] reheat + diversify: ceiling=0.00, value=37994.0
    [iter 13749732] reheat + diversify: ceiling=0.00, value=39982.0
    [iter 13755485] reheat + diversify: ceiling=0.00, value=38594.0
    [iter 13761238] reheat + diversify: ceiling=0.00, value=59625.0
    [iter 13766991] reheat + diversify: ceiling=0.00, value=49482.0
    [iter 13772744] reheat + diversify: ceiling=0.00, value=62364.0
    [iter 13778497] reheat + diversify: ceiling=0.00, value=43827.0
    [iter 13784250] reheat + diversify: ceiling=0.00, value=62364.0
    [iter 13790003] reheat + diversify: ceiling=0.00, value=43827.0
    [iter 13795756] reheat + diversify: ceiling=0.00, value=51418.0
    [iter 13801509] reheat + diversify: ceiling=0.00, value=62364.0
    [iter 13807262] reheat + diversify: ceiling=0.00, value=62364.0
    [iter 13813015] reheat + diversify: ceiling=0.00, value=62364.0
    [iter 13818768] reheat + diversify: ceiling=0.00, value=37994.0
    [iter 13824521] reheat + diversify: ceiling=0.00, value=62364.0
    [iter 13830274] reheat + diversify: ceiling=0.00, value=53406.0
    [iter 13836027] reheat + diversify: ceiling=0.00, value=46832.0
    [iter 13841780] reheat + diversify: ceiling=0.00, value=62364.0
    [iter 13847533] reheat + diversify: ceiling=0.00, value=46688.0
    [iter 13853286] reheat + diversify: ceiling=0.00, value=51418.0
    [iter 13859039] reheat + diversify: ceiling=0.00, value=62364.0
    [iter 13864792] reheat + diversify: ceiling=0.00, value=62364.0
    [iter 13870545] reheat + diversify: ceiling=0.00, value=46832.0
    [iter 13876298] reheat + diversify: ceiling=0.00, value=62364.0
    [iter 13882051] reheat + diversify: ceiling=0.00, value=39982.0
    [iter 13887804] reheat + diversify: ceiling=0.00, value=44700.0
    [iter 13893557] reheat + diversify: ceiling=0.00, value=62364.0
    [iter 13899310] reheat + diversify: ceiling=0.00, value=62364.0
    [iter 13905063] reheat + diversify: ceiling=0.00, value=37994.0
    [iter 13910816] reheat + diversify: ceiling=0.00, value=62364.0
    [iter 13916569] reheat + diversify: ceiling=0.00, value=62364.0
    [iter 13922322] reheat + diversify: ceiling=0.00, value=62364.0
    [iter 13928075] reheat + diversify: ceiling=0.00, value=32354.0
    [iter 13933828] reheat + diversify: ceiling=0.00, value=46832.0
    [iter 13939581] reheat + diversify: ceiling=0.00, value=46688.0
    [iter 13945334] reheat + diversify: ceiling=0.00, value=62364.0
    [iter 13951087] reheat + diversify: ceiling=0.00, value=62364.0
    [iter 13956840] reheat + diversify: ceiling=0.00, value=53406.0
    [iter 13962593] reheat + diversify: ceiling=0.00, value=62364.0
    [iter 13968346] reheat + diversify: ceiling=0.00, value=43827.0
    [iter 13974099] reheat + diversify: ceiling=0.00, value=43827.0
    [iter 13979852] reheat + diversify: ceiling=0.00, value=46185.0
    [iter 13985605] reheat + diversify: ceiling=0.00, value=62364.0
    [iter 13991358] reheat + diversify: ceiling=0.00, value=46185.0
    [iter 13997111] reheat + diversify: ceiling=0.00, value=53406.0
    [iter 14002864] reheat + diversify: ceiling=0.00, value=45312.0
    [iter 14008617] reheat + diversify: ceiling=0.00, value=52907.0
    [iter 14014370] reheat + diversify: ceiling=0.00, value=62364.0
    [iter 14020123] reheat + diversify: ceiling=0.00, value=62364.0
    [iter 14025876] reheat + diversify: ceiling=0.00, value=62364.0
    [iter 14031629] reheat + diversify: ceiling=0.00, value=46688.0
    [iter 14037382] reheat + diversify: ceiling=0.00, value=45312.0
    [iter 14043135] reheat + diversify: ceiling=0.00, value=59625.0
    [iter 14048888] reheat + diversify: ceiling=0.00, value=46402.0
    [iter 14054641] reheat + diversify: ceiling=0.00, value=47170.0
    [iter 14060394] reheat + diversify: ceiling=0.00, value=46832.0
    [iter 14066147] reheat + diversify: ceiling=0.00, value=45312.0
    [iter 14071900] reheat + diversify: ceiling=0.00, value=44700.0
    [iter 14077653] reheat + diversify: ceiling=0.00, value=62364.0
    [iter 14083406] reheat + diversify: ceiling=0.00, value=62364.0
    [iter 14089159] reheat + diversify: ceiling=0.00, value=35460.0
    [iter 14094912] reheat + diversify: ceiling=0.00, value=45312.0
    [iter 14100665] reheat + diversify: ceiling=0.00, value=46832.0
    [iter 14106418] reheat + diversify: ceiling=0.00, value=62364.0
    [iter 14112171] reheat + diversify: ceiling=0.00, value=40448.0
    [iter 14117924] reheat + diversify: ceiling=0.00, value=52907.0
    [iter 14123677] reheat + diversify: ceiling=0.00, value=52903.0
    [iter 14129430] reheat + diversify: ceiling=0.00, value=62364.0
    [iter 14135183] reheat + diversify: ceiling=0.00, value=62364.0
    [iter 14140936] reheat + diversify: ceiling=0.00, value=47170.0
    [iter 14146689] reheat + diversify: ceiling=0.00, value=45312.0
    [iter 14152442] reheat + diversify: ceiling=0.00, value=62364.0
    [iter 14158195] reheat + diversify: ceiling=0.00, value=62364.0
    [iter 14163948] reheat + diversify: ceiling=0.00, value=53406.0
    [iter 14169701] reheat + diversify: ceiling=0.00, value=34739.0
    [iter 14175454] reheat + diversify: ceiling=0.00, value=46402.0
    [iter 14181207] reheat + diversify: ceiling=0.00, value=53406.0
    [iter 14186960] reheat + diversify: ceiling=0.00, value=46201.0
    [iter 14192713] reheat + diversify: ceiling=0.00, value=39982.0
    [iter 14198466] reheat + diversify: ceiling=0.00, value=62364.0
    [iter 14204219] reheat + diversify: ceiling=0.00, value=49482.0
    [iter 14209972] reheat + diversify: ceiling=0.00, value=44700.0
    [iter 14215725] reheat + diversify: ceiling=0.00, value=53406.0
    [iter 14221478] reheat + diversify: ceiling=0.00, value=37994.0
    [iter 14227231] reheat + diversify: ceiling=0.00, value=49482.0
    [iter 14232984] reheat + diversify: ceiling=0.00, value=59625.0
    [iter 14238737] reheat + diversify: ceiling=0.00, value=59625.0
    [iter 14244490] reheat + diversify: ceiling=0.00, value=59625.0
    [iter 14250243] reheat + diversify: ceiling=0.00, value=42946.0
    [iter 14255996] reheat + diversify: ceiling=0.00, value=52903.0
    [iter 14261749] reheat + diversify: ceiling=0.00, value=59625.0
    [iter 14267502] reheat + diversify: ceiling=0.00, value=53406.0
    [iter 14273255] reheat + diversify: ceiling=0.00, value=62364.0
    [iter 14279008] reheat + diversify: ceiling=0.00, value=62364.0
    [iter 14284761] reheat + diversify: ceiling=0.00, value=62364.0
    [iter 14290514] reheat + diversify: ceiling=0.00, value=62364.0
    [iter 14296267] reheat + diversify: ceiling=0.00, value=46832.0
    [iter 14302020] reheat + diversify: ceiling=0.00, value=62364.0
    [iter 14307773] reheat + diversify: ceiling=0.00, value=62364.0
    [iter 14313526] reheat + diversify: ceiling=0.00, value=36224.0
    [iter 14319279] reheat + diversify: ceiling=0.00, value=62364.0
    [iter 14325032] reheat + diversify: ceiling=0.00, value=40448.0
    [iter 14330785] reheat + diversify: ceiling=0.00, value=46832.0
    [iter 14336538] reheat + diversify: ceiling=0.00, value=62364.0
    [iter 14342291] reheat + diversify: ceiling=0.00, value=53406.0
    [iter 14348044] reheat + diversify: ceiling=0.00, value=43827.0
    [iter 14353797] reheat + diversify: ceiling=0.00, value=62364.0
    [iter 14359550] reheat + diversify: ceiling=0.00, value=53406.0
    [iter 14365303] reheat + diversify: ceiling=0.00, value=53406.0
    [iter 14371056] reheat + diversify: ceiling=0.00, value=43827.0
    [iter 14376809] reheat + diversify: ceiling=0.00, value=62364.0
    [iter 14382562] reheat + diversify: ceiling=0.00, value=43827.0
    [iter 14388315] reheat + diversify: ceiling=0.00, value=43827.0
    [iter 14394068] reheat + diversify: ceiling=0.00, value=62364.0
    [iter 14399821] reheat + diversify: ceiling=0.00, value=62364.0
    [iter 14405574] reheat + diversify: ceiling=0.00, value=49482.0
    [iter 14411327] reheat + diversify: ceiling=0.00, value=62364.0
    [iter 14417080] reheat + diversify: ceiling=0.00, value=49482.0
    [iter 14422833] reheat + diversify: ceiling=0.00, value=62364.0
    [iter 14428586] reheat + diversify: ceiling=0.00, value=49482.0
    [iter 14434339] reheat + diversify: ceiling=0.00, value=52907.0
    [iter 14440092] reheat + diversify: ceiling=0.00, value=62364.0
    [iter 14445845] reheat + diversify: ceiling=0.00, value=51422.0
    [iter 14451598] reheat + diversify: ceiling=0.00, value=52903.0
    [iter 14457351] reheat + diversify: ceiling=0.00, value=62364.0
    [iter 14463104] reheat + diversify: ceiling=0.00, value=62364.0
    [iter 14468857] reheat + diversify: ceiling=0.00, value=62364.0
    [iter 14474610] reheat + diversify: ceiling=0.00, value=53406.0
    [iter 14480363] reheat + diversify: ceiling=0.00, value=53406.0
    [iter 14486116] reheat + diversify: ceiling=0.00, value=59625.0
    [iter 14491869] reheat + diversify: ceiling=0.00, value=49482.0
    [iter 14497622] reheat + diversify: ceiling=0.00, value=45312.0
    [iter 14503375] reheat + diversify: ceiling=0.00, value=46688.0
    [iter 14509128] reheat + diversify: ceiling=0.00, value=62364.0
    [iter 14514881] reheat + diversify: ceiling=0.00, value=45312.0
    [iter 14520634] reheat + diversify: ceiling=0.00, value=51418.0
    [iter 14526387] reheat + diversify: ceiling=0.00, value=62364.0
    [iter 14532140] reheat + diversify: ceiling=0.00, value=38308.0
    [iter 14537893] reheat + diversify: ceiling=0.00, value=46832.0
    [iter 14543646] reheat + diversify: ceiling=0.00, value=53406.0
    [iter 14549399] reheat + diversify: ceiling=0.00, value=34739.0
    [iter 14555152] reheat + diversify: ceiling=0.00, value=62364.0
    [iter 14560905] reheat + diversify: ceiling=0.00, value=37994.0
    [iter 14566658] reheat + diversify: ceiling=0.00, value=62364.0
    [iter 14572411] reheat + diversify: ceiling=0.00, value=46688.0
    [iter 14578164] reheat + diversify: ceiling=0.00, value=62364.0
    [iter 14583917] reheat + diversify: ceiling=0.00, value=53406.0
    [iter 14589670] reheat + diversify: ceiling=0.00, value=62364.0
    [iter 14595423] reheat + diversify: ceiling=0.00, value=51422.0
    [iter 14601176] reheat + diversify: ceiling=0.00, value=47170.0
    [iter 14606929] reheat + diversify: ceiling=0.00, value=28754.0
    [iter 14612682] reheat + diversify: ceiling=0.00, value=45312.0
    [iter 14618435] reheat + diversify: ceiling=0.00, value=62364.0
    [iter 14624188] reheat + diversify: ceiling=0.00, value=52903.0
    [iter 14629941] reheat + diversify: ceiling=0.00, value=46832.0
    [iter 14635694] reheat + diversify: ceiling=0.00, value=53406.0
    [iter 14641447] reheat + diversify: ceiling=0.00, value=59625.0
    [iter 14647200] reheat + diversify: ceiling=0.00, value=62364.0
    [iter 14652953] reheat + diversify: ceiling=0.00, value=62364.0
    [iter 14658706] reheat + diversify: ceiling=0.00, value=62364.0
    [iter 14664459] reheat + diversify: ceiling=0.00, value=46832.0
    [iter 14670212] reheat + diversify: ceiling=0.00, value=53406.0
    [iter 14675965] reheat + diversify: ceiling=0.00, value=62364.0
    [iter 14681718] reheat + diversify: ceiling=0.00, value=62364.0
    [iter 14687471] reheat + diversify: ceiling=0.00, value=62364.0
    [iter 14693224] reheat + diversify: ceiling=0.00, value=40448.0
    [iter 14698977] reheat + diversify: ceiling=0.00, value=49482.0
    [iter 14704730] reheat + diversify: ceiling=0.00, value=44716.0
    [iter 14710483] reheat + diversify: ceiling=0.00, value=62364.0
    [iter 14716236] reheat + diversify: ceiling=0.00, value=62364.0
    [iter 14721989] reheat + diversify: ceiling=0.00, value=40448.0
    [iter 14727742] reheat + diversify: ceiling=0.00, value=62364.0
    [iter 14733495] reheat + diversify: ceiling=0.00, value=43827.0
    [iter 14739248] reheat + diversify: ceiling=0.00, value=53406.0
    [iter 14745001] reheat + diversify: ceiling=0.00, value=49482.0
    [iter 14750754] reheat + diversify: ceiling=0.00, value=62364.0
    [iter 14756507] reheat + diversify: ceiling=0.00, value=51418.0
    [iter 14762260] reheat + diversify: ceiling=0.00, value=62364.0
    [iter 14768013] reheat + diversify: ceiling=0.00, value=45312.0
    [iter 14773766] reheat + diversify: ceiling=0.00, value=62364.0
    [iter 14779519] reheat + diversify: ceiling=0.00, value=62364.0
    [iter 14785272] reheat + diversify: ceiling=0.00, value=62364.0
    [iter 14791025] reheat + diversify: ceiling=0.00, value=37994.0
    [iter 14796778] reheat + diversify: ceiling=0.00, value=52903.0
    [iter 14802531] reheat + diversify: ceiling=0.00, value=45312.0
    [iter 14808284] reheat + diversify: ceiling=0.00, value=46688.0
    [iter 14814037] reheat + diversify: ceiling=0.00, value=62364.0
    [iter 14819790] reheat + diversify: ceiling=0.00, value=46688.0
    [iter 14825543] reheat + diversify: ceiling=0.00, value=46832.0
    [iter 14831296] reheat + diversify: ceiling=0.00, value=51418.0
    [iter 14837049] reheat + diversify: ceiling=0.00, value=62364.0
    [iter 14842802] reheat + diversify: ceiling=0.00, value=53406.0
    [iter 14848555] reheat + diversify: ceiling=0.00, value=62364.0
    [iter 14854308] reheat + diversify: ceiling=0.00, value=45312.0
    [iter 14860061] reheat + diversify: ceiling=0.00, value=53406.0
    [iter 14865814] reheat + diversify: ceiling=0.00, value=59625.0
    [iter 14871567] reheat + diversify: ceiling=0.00, value=62364.0
    [iter 14877320] reheat + diversify: ceiling=0.00, value=62364.0
    [iter 14883073] reheat + diversify: ceiling=0.00, value=62364.0
    [iter 14888826] reheat + diversify: ceiling=0.00, value=62364.0
    [iter 14894579] reheat + diversify: ceiling=0.00, value=40448.0
    [iter 14900332] reheat + diversify: ceiling=0.00, value=39982.0
    [iter 14906085] reheat + diversify: ceiling=0.00, value=47170.0
    [iter 14911838] reheat + diversify: ceiling=0.00, value=53406.0
    [iter 14917591] reheat + diversify: ceiling=0.00, value=47170.0
    [iter 14923344] reheat + diversify: ceiling=0.00, value=46688.0
    [iter 14929097] reheat + diversify: ceiling=0.00, value=39076.0
    [iter 14934850] reheat + diversify: ceiling=0.00, value=52903.0
    [iter 14940603] reheat + diversify: ceiling=0.00, value=59625.0
    [iter 14946356] reheat + diversify: ceiling=0.00, value=46201.0
    [iter 14952109] reheat + diversify: ceiling=0.00, value=52903.0
    [iter 14957862] reheat + diversify: ceiling=0.00, value=62364.0
    [iter 14963615] reheat + diversify: ceiling=0.00, value=43827.0
    [iter 14969368] reheat + diversify: ceiling=0.00, value=43827.0
    [iter 14975121] reheat + diversify: ceiling=0.00, value=40448.0
    [iter 14980874] reheat + diversify: ceiling=0.00, value=40448.0
    [iter 14986627] reheat + diversify: ceiling=0.00, value=62364.0
    [iter 14992380] reheat + diversify: ceiling=0.00, value=62364.0
    [iter 14998133] reheat + diversify: ceiling=0.00, value=62364.0
    [iter 15003886] reheat + diversify: ceiling=0.00, value=62364.0
    [iter 15009639] reheat + diversify: ceiling=0.00, value=29506.0
    [iter 15015392] reheat + diversify: ceiling=0.00, value=51418.0
    [iter 15021145] reheat + diversify: ceiling=0.00, value=59625.0
    [iter 15026898] reheat + diversify: ceiling=0.00, value=49482.0
    [iter 15032651] reheat + diversify: ceiling=0.00, value=45312.0
    [iter 15038404] reheat + diversify: ceiling=0.00, value=52903.0
    [iter 15044157] reheat + diversify: ceiling=0.00, value=59625.0
    [iter 15049910] reheat + diversify: ceiling=0.00, value=39982.0
    [iter 15055663] reheat + diversify: ceiling=0.00, value=62364.0
    [iter 15061416] reheat + diversify: ceiling=0.00, value=40448.0
    [iter 15067169] reheat + diversify: ceiling=0.00, value=62364.0
    [iter 15072922] reheat + diversify: ceiling=0.00, value=62364.0
    [iter 15078675] reheat + diversify: ceiling=0.00, value=62364.0
    [iter 15084428] reheat + diversify: ceiling=0.00, value=37994.0
    [iter 15090181] reheat + diversify: ceiling=0.00, value=37994.0
    [iter 15095934] reheat + diversify: ceiling=0.00, value=43827.0
    [iter 15101687] reheat + diversify: ceiling=0.00, value=62364.0
    [iter 15107440] reheat + diversify: ceiling=0.00, value=46688.0
    [iter 15113193] reheat + diversify: ceiling=0.00, value=62364.0
    [iter 15118946] reheat + diversify: ceiling=0.00, value=62364.0
    [iter 15124699] reheat + diversify: ceiling=0.00, value=62364.0
    [iter 15130452] reheat + diversify: ceiling=0.00, value=46688.0
    [iter 15136205] reheat + diversify: ceiling=0.00, value=46688.0
    [iter 15141958] reheat + diversify: ceiling=0.00, value=49482.0
    [iter 15147711] reheat + diversify: ceiling=0.00, value=53406.0
    [iter 15153464] reheat + diversify: ceiling=0.00, value=44700.0
    [iter 15159217] reheat + diversify: ceiling=0.00, value=36228.0
    [iter 15164970] reheat + diversify: ceiling=0.00, value=40448.0
    [iter 15170723] reheat + diversify: ceiling=0.00, value=49482.0
    [iter 15176476] reheat + diversify: ceiling=0.00, value=46832.0
    [iter 15182229] reheat + diversify: ceiling=0.00, value=43827.0
    [iter 15187982] reheat + diversify: ceiling=0.00, value=62364.0
    [iter 15193735] reheat + diversify: ceiling=0.00, value=62364.0
    [iter 15199488] reheat + diversify: ceiling=0.00, value=46832.0
    [iter 15205241] reheat + diversify: ceiling=0.00, value=44700.0
    [iter 15210994] reheat + diversify: ceiling=0.00, value=62364.0
    [iter 15216747] reheat + diversify: ceiling=0.00, value=43827.0
    [iter 15222500] reheat + diversify: ceiling=0.00, value=46832.0
    [iter 15228253] reheat + diversify: ceiling=0.00, value=62364.0
    [iter 15234006] reheat + diversify: ceiling=0.00, value=62364.0
    [iter 15239759] reheat + diversify: ceiling=0.00, value=62364.0
    [iter 15245512] reheat + diversify: ceiling=0.00, value=62364.0
    [iter 15251265] reheat + diversify: ceiling=0.00, value=62364.0
    [iter 15257018] reheat + diversify: ceiling=0.00, value=53406.0
    [iter 15262771] reheat + diversify: ceiling=0.00, value=43827.0
    [iter 15268524] reheat + diversify: ceiling=0.00, value=62364.0
    [iter 15274277] reheat + diversify: ceiling=0.00, value=62364.0
    [iter 15280030] reheat + diversify: ceiling=0.00, value=40448.0
    [iter 15285783] reheat + diversify: ceiling=0.00, value=62364.0
    [iter 15291536] reheat + diversify: ceiling=0.00, value=51418.0
    [iter 15297289] reheat + diversify: ceiling=0.00, value=62364.0
    [iter 15303042] reheat + diversify: ceiling=0.00, value=62364.0
    [iter 15308795] reheat + diversify: ceiling=0.00, value=62364.0
    [iter 15314548] reheat + diversify: ceiling=0.00, value=62364.0
    [iter 15320301] reheat + diversify: ceiling=0.00, value=53406.0
    [iter 15326054] reheat + diversify: ceiling=0.00, value=62364.0
    [iter 15331807] reheat + diversify: ceiling=0.00, value=62364.0
    [iter 15337560] reheat + diversify: ceiling=0.00, value=62364.0
    [iter 15343313] reheat + diversify: ceiling=0.00, value=43827.0
    [iter 15349066] reheat + diversify: ceiling=0.00, value=62364.0
    [iter 15354819] reheat + diversify: ceiling=0.00, value=62364.0
    [iter 15360572] reheat + diversify: ceiling=0.00, value=62364.0
    [iter 15366325] reheat + diversify: ceiling=0.00, value=34739.0
    [iter 15372078] reheat + diversify: ceiling=0.00, value=62364.0
    [iter 15377831] reheat + diversify: ceiling=0.00, value=62364.0
    [iter 15383584] reheat + diversify: ceiling=0.00, value=62364.0
    [iter 15389337] reheat + diversify: ceiling=0.00, value=40448.0
    [iter 15395090] reheat + diversify: ceiling=0.00, value=37994.0
    [iter 15400843] reheat + diversify: ceiling=0.00, value=62364.0
    [iter 15406596] reheat + diversify: ceiling=0.00, value=62364.0
    [iter 15412349] reheat + diversify: ceiling=0.00, value=62364.0
    [iter 15418102] reheat + diversify: ceiling=0.00, value=62364.0
    [iter 15423855] reheat + diversify: ceiling=0.00, value=62364.0
    [iter 15429608] reheat + diversify: ceiling=0.00, value=46688.0
    [iter 15435361] reheat + diversify: ceiling=0.00, value=58140.0
    [iter 15441114] reheat + diversify: ceiling=0.00, value=47170.0
    [iter 15446867] reheat + diversify: ceiling=0.00, value=38738.0
    [iter 15452620] reheat + diversify: ceiling=0.00, value=62364.0
    [iter 15458373] reheat + diversify: ceiling=0.00, value=62364.0
    [iter 15464126] reheat + diversify: ceiling=0.00, value=62364.0
    [iter 15469879] reheat + diversify: ceiling=0.00, value=62364.0
    [iter 15475632] reheat + diversify: ceiling=0.00, value=46832.0
    [iter 15481385] reheat + diversify: ceiling=0.00, value=52907.0
    [iter 15487138] reheat + diversify: ceiling=0.00, value=51418.0
    [iter 15492891] reheat + diversify: ceiling=0.00, value=29506.0
    [iter 15498644] reheat + diversify: ceiling=0.00, value=44716.0
    [iter 15504397] reheat + diversify: ceiling=0.00, value=62364.0
    [iter 15510150] reheat + diversify: ceiling=0.00, value=62364.0
    [iter 15515903] reheat + diversify: ceiling=0.00, value=53406.0
    [iter 15521656] reheat + diversify: ceiling=0.00, value=62364.0
    [iter 15527409] reheat + diversify: ceiling=0.00, value=62364.0
    [iter 15533162] reheat + diversify: ceiling=0.00, value=62364.0
    [iter 15538915] reheat + diversify: ceiling=0.00, value=53406.0
    [iter 15544668] reheat + diversify: ceiling=0.00, value=53406.0
    [iter 15550421] reheat + diversify: ceiling=0.00, value=46832.0
    [iter 15556174] reheat + diversify: ceiling=0.00, value=40448.0
    [iter 15561927] reheat + diversify: ceiling=0.00, value=62364.0
    [iter 15567680] reheat + diversify: ceiling=0.00, value=62364.0
    [iter 15573433] reheat + diversify: ceiling=0.00, value=62364.0
    [iter 15579186] reheat + diversify: ceiling=0.00, value=51418.0
    [iter 15584939] reheat + diversify: ceiling=0.00, value=59625.0
    [iter 15590692] reheat + diversify: ceiling=0.00, value=59625.0
    [iter 15596445] reheat + diversify: ceiling=0.00, value=46185.0
    [iter 15602198] reheat + diversify: ceiling=0.00, value=37994.0
    [iter 15607951] reheat + diversify: ceiling=0.00, value=62364.0
    [iter 15613704] reheat + diversify: ceiling=0.00, value=62364.0
    [iter 15619457] reheat + diversify: ceiling=0.00, value=43827.0
    [iter 15625210] reheat + diversify: ceiling=0.00, value=53406.0
    [iter 15630963] reheat + diversify: ceiling=0.00, value=59625.0
    [iter 15636716] reheat + diversify: ceiling=0.00, value=59625.0
    [iter 15642469] reheat + diversify: ceiling=0.00, value=46688.0
    [iter 15648222] reheat + diversify: ceiling=0.00, value=62364.0
    [iter 15653975] reheat + diversify: ceiling=0.00, value=62364.0
    [iter 15659728] reheat + diversify: ceiling=0.00, value=62364.0
    [iter 15665481] reheat + diversify: ceiling=0.00, value=62364.0
    [iter 15671234] reheat + diversify: ceiling=0.00, value=39982.0
    [iter 15676987] reheat + diversify: ceiling=0.00, value=37994.0
    [iter 15682740] reheat + diversify: ceiling=0.00, value=62364.0
    [iter 15688493] reheat + diversify: ceiling=0.00, value=49482.0
    [iter 15694246] reheat + diversify: ceiling=0.00, value=44700.0
    [iter 15699999] reheat + diversify: ceiling=0.00, value=62364.0
    [iter 15705752] reheat + diversify: ceiling=0.00, value=46402.0
    [iter 15711505] reheat + diversify: ceiling=0.00, value=51418.0
    [iter 15717258] reheat + diversify: ceiling=0.00, value=53406.0
    [iter 15723011] reheat + diversify: ceiling=0.00, value=40448.0
    [iter 15728764] reheat + diversify: ceiling=0.00, value=51418.0
    [iter 15734517] reheat + diversify: ceiling=0.00, value=62364.0
    [iter 15740270] reheat + diversify: ceiling=0.00, value=53406.0
    [iter 15746023] reheat + diversify: ceiling=0.00, value=62364.0
    [iter 15751776] reheat + diversify: ceiling=0.00, value=46688.0
    [iter 15757529] reheat + diversify: ceiling=0.00, value=62364.0
    [iter 15763282] reheat + diversify: ceiling=0.00, value=37994.0
    [iter 15769035] reheat + diversify: ceiling=0.00, value=44700.0
    [iter 15774788] reheat + diversify: ceiling=0.00, value=62364.0
    [iter 15780541] reheat + diversify: ceiling=0.00, value=62364.0
    [iter 15786294] reheat + diversify: ceiling=0.00, value=62364.0
    [iter 15792047] reheat + diversify: ceiling=0.00, value=62364.0
    [iter 15797800] reheat + diversify: ceiling=0.00, value=62364.0
    [iter 15803553] reheat + diversify: ceiling=0.00, value=40448.0
    [iter 15809306] reheat + diversify: ceiling=0.00, value=62364.0
    [iter 15815059] reheat + diversify: ceiling=0.00, value=46832.0
    [iter 15820812] reheat + diversify: ceiling=0.00, value=47170.0
    [iter 15826565] reheat + diversify: ceiling=0.00, value=40448.0
    [iter 15832318] reheat + diversify: ceiling=0.00, value=46832.0
    [iter 15838071] reheat + diversify: ceiling=0.00, value=46832.0
    [iter 15843824] reheat + diversify: ceiling=0.00, value=43827.0
    [iter 15849577] reheat + diversify: ceiling=0.00, value=62364.0
    [iter 15855330] reheat + diversify: ceiling=0.00, value=51422.0
    [iter 15861083] reheat + diversify: ceiling=0.00, value=53406.0
    [iter 15866836] reheat + diversify: ceiling=0.00, value=52903.0
    [iter 15872589] reheat + diversify: ceiling=0.00, value=42946.0
    [iter 15878342] reheat + diversify: ceiling=0.00, value=62364.0
    [iter 15884095] reheat + diversify: ceiling=0.00, value=53406.0
    [iter 15889848] reheat + diversify: ceiling=0.00, value=62364.0
    [iter 15895601] reheat + diversify: ceiling=0.00, value=38594.0
    [iter 15901354] reheat + diversify: ceiling=0.00, value=58140.0
    [iter 15907107] reheat + diversify: ceiling=0.00, value=62364.0
    [iter 15912860] reheat + diversify: ceiling=0.00, value=49482.0
    [iter 15918613] reheat + diversify: ceiling=0.00, value=39076.0
    [iter 15924366] reheat + diversify: ceiling=0.00, value=62364.0
    [iter 15930119] reheat + diversify: ceiling=0.00, value=49482.0
    [iter 15935872] reheat + diversify: ceiling=0.00, value=62364.0
    [iter 15941625] reheat + diversify: ceiling=0.00, value=37994.0
    [iter 15947378] reheat + diversify: ceiling=0.00, value=46832.0
    [iter 15953131] reheat + diversify: ceiling=0.00, value=62364.0
    [iter 15958884] reheat + diversify: ceiling=0.00, value=39982.0
    [iter 15964637] reheat + diversify: ceiling=0.00, value=62364.0
    [iter 15970390] reheat + diversify: ceiling=0.00, value=46832.0
    [iter 15976143] reheat + diversify: ceiling=0.00, value=58140.0
    [iter 15981896] reheat + diversify: ceiling=0.00, value=47170.0
    [iter 15987649] reheat + diversify: ceiling=0.00, value=62364.0
    [iter 15993402] reheat + diversify: ceiling=0.00, value=62364.0
    [iter 15999155] reheat + diversify: ceiling=0.00, value=46832.0
    [iter 16004908] reheat + diversify: ceiling=0.00, value=62364.0
    [iter 16010661] reheat + diversify: ceiling=0.00, value=62364.0
    [iter 16016414] reheat + diversify: ceiling=0.00, value=62364.0
    [iter 16022167] reheat + diversify: ceiling=0.00, value=39076.0
    [iter 16027920] reheat + diversify: ceiling=0.00, value=52903.0
    [iter 16033673] reheat + diversify: ceiling=0.00, value=52903.0
    [iter 16039426] reheat + diversify: ceiling=0.00, value=51422.0
    [iter 16045179] reheat + diversify: ceiling=0.00, value=42946.0
    [iter 16050932] reheat + diversify: ceiling=0.00, value=62364.0
    [iter 16056685] reheat + diversify: ceiling=0.00, value=46402.0
    [iter 16062438] reheat + diversify: ceiling=0.00, value=62364.0
    [iter 16068191] reheat + diversify: ceiling=0.00, value=37994.0
    [iter 16073944] reheat + diversify: ceiling=0.00, value=46402.0
    [iter 16079697] reheat + diversify: ceiling=0.00, value=52903.0
    [iter 16085450] reheat + diversify: ceiling=0.00, value=29184.0
    [iter 16091203] reheat + diversify: ceiling=0.00, value=49482.0
    [iter 16096956] reheat + diversify: ceiling=0.00, value=62364.0
    [iter 16102709] reheat + diversify: ceiling=0.00, value=62364.0
    [iter 16108462] reheat + diversify: ceiling=0.00, value=62364.0
    [iter 16114215] reheat + diversify: ceiling=0.00, value=62364.0
    [iter 16119968] reheat + diversify: ceiling=0.00, value=62364.0
    [iter 16125721] reheat + diversify: ceiling=0.00, value=46688.0
    [iter 16131474] reheat + diversify: ceiling=0.00, value=62364.0
    [iter 16137227] reheat + diversify: ceiling=0.00, value=40448.0
    [iter 16142980] reheat + diversify: ceiling=0.00, value=46832.0
  time limit reached at iteration 16148149
  SA finished: 16148149 iterations in 900.0s (17942 it/s), accepted 11539374 (71.5%), rejected 4608774, neutral 11535538 (71.4%), worsening accepted 0.1%, no-move draws 0, reheats 2806
  SA: value 62364.0 (greedy 4142.0, +58222.0), bound 108421.0, gap 42.48%, util 54.4%
  report -> /home/mcaspar/3DMHKP/results_3DMHKP_ep3/ep3-20-C-R-50-3DMHKP-SA-a0.999-r0.25-t900s.txt

================================================================================================
SUMMARY
================================================================================================
instance      boxes  packed       greedy     SA value        bound      gap    util    iters    time
------------------------------------------------------------------------------------------------
ep3-20-C-R-50     20      12       4142.0      62364.0     108421.0   42.5%   54.4% 16148149  900.0s
------------------------------------------------------------------------------------------------
proven optimal (value reaches the upper bound): 0/1
improved over greedy: 1/1 (total value 4142.0 -> 62364.0, +1405.65%)
mean gap to 0-1 knapsack bound: 42.5%
mean volume utilization: 54.4%
