============================================================
  Solver:     3DMHKP-SA.py
  Instance:   /home/mcaspar/3DMHKP/Egeblad/ep3-20-U-R-50.txt
  Value mode: flat
  Timelimit:  900s
  Reports:    /home/mcaspar/3DMHKP/results_3DMHKP_ep3
  CPUs:       1
============================================================
======================================================================
3DMHKP Simulated Annealing (random single-neighbour, sequence decoder)
SA params: T0=5% of f(S_0), alpha=0.999, T_min=0.001, reheat_threshold=5753, reheat_fraction=0.25
Move weights: {'relocate': 0.0, 'swap': 1.0, '2opt': 0.0, 'promote': 1.5, 'demote': 1.5, 'orient': 1.0, 'container': 0.5}
Time limit: 900.0s per instance, seed 186643509
======================================================================

======================================================================
ep3-20-U-R-50: 20 boxes (20 types), 1 containers (1 types)
  0-1 knapsack bound: 140762.0 (continuous relaxation: 144346.3)
  initial (value-density) decode: value 86267.0 (6/20 boxes)
  T0 = 3169.1 (calibrated, 272 worsening draws, target accept 35%)
  schedule: time-based, T0 -> 722.45 over 900s
    [iter 3] *** NEW BEST: value 87227.0, boxes 6/20, T=3168.6, elapsed=0.1s
    [iter 5] *** NEW BEST: value 94715.0, boxes 6/20, T=3168.6, elapsed=0.1s
    [iter 6] *** NEW BEST: value 97878.0, boxes 7/20, T=3168.6, elapsed=0.1s
    [iter 48] *** NEW BEST: value 98680.0, boxes 7/20, T=3168.5, elapsed=0.1s
    [iter 576] *** NEW BEST: value 103259.0, boxes 10/20, T=3168.3, elapsed=0.2s
    [iter 689] *** NEW BEST: value 104009.0, boxes 8/20, T=3168.2, elapsed=0.2s
    [iter 702] *** NEW BEST: value 104051.0, boxes 8/20, T=3168.2, elapsed=0.2s
    [iter 711] *** NEW BEST: value 104058.0, boxes 8/20, T=3168.2, elapsed=0.2s
    [iter 1222] *** NEW BEST: value 106884.0, boxes 7/20, T=3167.9, elapsed=0.2s
    [iter 3252] *** NEW BEST: value 107834.0, boxes 8/20, T=3166.9, elapsed=0.4s
    [iter 4741] *** NEW BEST: value 111270.0, boxes 9/20, T=3166.1, elapsed=0.6s
    [iter 10494] reheat + diversify: ceiling=792.28, value=66297.0
    [iter 16247] reheat + diversify: ceiling=713.05, value=86914.0
    [iter 22000] reheat + diversify: ceiling=641.74, value=70303.0
    [iter 27753] reheat + diversify: ceiling=577.57, value=33822.0
    [iter 33506] reheat + diversify: ceiling=519.81, value=89111.0
    [iter 39259] reheat + diversify: ceiling=467.83, value=66701.0
    [iter 45012] reheat + diversify: ceiling=421.05, value=61219.0
    [iter 50765] reheat + diversify: ceiling=378.94, value=87270.0
    [iter 56518] reheat + diversify: ceiling=341.05, value=59769.0
    [iter 62271] reheat + diversify: ceiling=306.94, value=56598.0
    [iter 68024] reheat + diversify: ceiling=276.25, value=56435.0
    [iter 73777] reheat + diversify: ceiling=248.62, value=80658.0
    [iter 79530] reheat + diversify: ceiling=223.76, value=72233.0
    [iter 85283] reheat + diversify: ceiling=201.39, value=64790.0
    [iter 91036] reheat + diversify: ceiling=181.25, value=62590.0
    [iter 96789] reheat + diversify: ceiling=163.12, value=60309.0
    [iter 102542] reheat + diversify: ceiling=146.81, value=83584.0
    [iter 108295] reheat + diversify: ceiling=132.13, value=63053.0
    [iter 114048] reheat + diversify: ceiling=118.92, value=74752.0
    [iter 119801] reheat + diversify: ceiling=107.02, value=97887.0
    [iter 125554] reheat + diversify: ceiling=96.32, value=65403.0
    [iter 131307] reheat + diversify: ceiling=86.69, value=53207.0
    [iter 137060] reheat + diversify: ceiling=78.02, value=67213.0
    [iter 142813] reheat + diversify: ceiling=70.22, value=76277.0
    [iter 148566] reheat + diversify: ceiling=63.20, value=80793.0
    [iter 154319] reheat + diversify: ceiling=56.88, value=58930.0
    [iter 160072] reheat + diversify: ceiling=51.19, value=86746.0
    [iter 165825] reheat + diversify: ceiling=46.07, value=49076.0
    [iter 171578] reheat + diversify: ceiling=41.46, value=61009.0
    [iter 177331] reheat + diversify: ceiling=37.32, value=73732.0
    [iter 183084] reheat + diversify: ceiling=33.59, value=63042.0
    [iter 188837] reheat + diversify: ceiling=30.23, value=90065.0
    [iter 194590] reheat + diversify: ceiling=27.20, value=62438.0
    [iter 200343] reheat + diversify: ceiling=24.48, value=79263.0
    [iter 206096] reheat + diversify: ceiling=22.04, value=81543.0
    [iter 211849] reheat + diversify: ceiling=19.83, value=96044.0
    [iter 217602] reheat + diversify: ceiling=17.85, value=63132.0
    [iter 223355] reheat + diversify: ceiling=16.06, value=89029.0
    [iter 229108] reheat + diversify: ceiling=14.46, value=89261.0
    [iter 234861] reheat + diversify: ceiling=13.01, value=66786.0
    [iter 240614] reheat + diversify: ceiling=11.71, value=48707.0
    [iter 246367] reheat + diversify: ceiling=10.54, value=76420.0
    [iter 252120] reheat + diversify: ceiling=9.49, value=69911.0
    [iter 257873] reheat + diversify: ceiling=8.54, value=87030.0
    [iter 263626] reheat + diversify: ceiling=7.68, value=42285.0
    [iter 269379] reheat + diversify: ceiling=6.91, value=63642.0
    [iter 275132] reheat + diversify: ceiling=6.22, value=95679.0
    [iter 280885] reheat + diversify: ceiling=5.60, value=66721.0
    [iter 286638] reheat + diversify: ceiling=5.04, value=70228.0
    [iter 292391] reheat + diversify: ceiling=4.54, value=79345.0
    [iter 298144] reheat + diversify: ceiling=4.08, value=61372.0
    [iter 303897] reheat + diversify: ceiling=3.67, value=72539.0
    [iter 309650] reheat + diversify: ceiling=3.31, value=73428.0
    [iter 315403] reheat + diversify: ceiling=2.98, value=72078.0
    [iter 321156] reheat + diversify: ceiling=2.68, value=91385.0
    [iter 326909] reheat + diversify: ceiling=2.41, value=99334.0
    [iter 332662] reheat + diversify: ceiling=2.17, value=88329.0
    [iter 338415] reheat + diversify: ceiling=1.95, value=52033.0
    [iter 344168] reheat + diversify: ceiling=1.76, value=104818.0
    [iter 349921] reheat + diversify: ceiling=1.58, value=75005.0
    [iter 355674] reheat + diversify: ceiling=1.42, value=72559.0
    [iter 361427] reheat + diversify: ceiling=1.28, value=90463.0
    [iter 367180] reheat + diversify: ceiling=1.15, value=85609.0
    [iter 372933] reheat + diversify: ceiling=1.04, value=91705.0
    [iter 378686] reheat + diversify: ceiling=0.93, value=77465.0
    [iter 384439] reheat + diversify: ceiling=0.84, value=64967.0
    [iter 390192] reheat + diversify: ceiling=0.76, value=83248.0
    [iter 395945] reheat + diversify: ceiling=0.68, value=68408.0
    [iter 401698] reheat + diversify: ceiling=0.61, value=74459.0
    [iter 407451] reheat + diversify: ceiling=0.55, value=68881.0
    [iter 413204] reheat + diversify: ceiling=0.50, value=58487.0
    [iter 418957] reheat + diversify: ceiling=0.45, value=80427.0
    [iter 424710] reheat + diversify: ceiling=0.40, value=68476.0
    [iter 430463] reheat + diversify: ceiling=0.36, value=68830.0
    [iter 436216] reheat + diversify: ceiling=0.33, value=83837.0
    [iter 441969] reheat + diversify: ceiling=0.29, value=79817.0
    [iter 447722] reheat + diversify: ceiling=0.26, value=54569.0
    [iter 453475] reheat + diversify: ceiling=0.24, value=76978.0
    [iter 459228] reheat + diversify: ceiling=0.21, value=79080.0
    [iter 464981] reheat + diversify: ceiling=0.19, value=68869.0
    [iter 470734] reheat + diversify: ceiling=0.17, value=61578.0
    [iter 476487] reheat + diversify: ceiling=0.16, value=79826.0
    [iter 482240] reheat + diversify: ceiling=0.14, value=52145.0
    [iter 487993] reheat + diversify: ceiling=0.13, value=72052.0
    [iter 493746] reheat + diversify: ceiling=0.11, value=64569.0
    [iter 499499] reheat + diversify: ceiling=0.10, value=70188.0
    [iter 505252] reheat + diversify: ceiling=0.09, value=58160.0
    [iter 511005] reheat + diversify: ceiling=0.08, value=80264.0
    [iter 516758] reheat + diversify: ceiling=0.07, value=72173.0
    [iter 522511] reheat + diversify: ceiling=0.07, value=78795.0
    [iter 528264] reheat + diversify: ceiling=0.06, value=77598.0
    [iter 534017] reheat + diversify: ceiling=0.05, value=79897.0
    [iter 539770] reheat + diversify: ceiling=0.05, value=69793.0
    [iter 545523] reheat + diversify: ceiling=0.04, value=67022.0
    [iter 551276] reheat + diversify: ceiling=0.04, value=60898.0
    [iter 557029] reheat + diversify: ceiling=0.04, value=62008.0
    [iter 562782] reheat + diversify: ceiling=0.03, value=72224.0
    [iter 568535] reheat + diversify: ceiling=0.03, value=70250.0
    [iter 574288] reheat + diversify: ceiling=0.03, value=62196.0
    [iter 580041] reheat + diversify: ceiling=0.02, value=83294.0
    [iter 585794] reheat + diversify: ceiling=0.02, value=72986.0
    [iter 591547] reheat + diversify: ceiling=0.02, value=59655.0
    [iter 597300] reheat + diversify: ceiling=0.02, value=89786.0
    [iter 603053] reheat + diversify: ceiling=0.02, value=78152.0
    [iter 608806] reheat + diversify: ceiling=0.01, value=63079.0
    [iter 614559] reheat + diversify: ceiling=0.01, value=77361.0
    [iter 620312] reheat + diversify: ceiling=0.01, value=64881.0
    [iter 626065] reheat + diversify: ceiling=0.01, value=85617.0
    [iter 631818] reheat + diversify: ceiling=0.01, value=65840.0
    [iter 637571] reheat + diversify: ceiling=0.01, value=69650.0
    [iter 643324] reheat + diversify: ceiling=0.01, value=45758.0
    [iter 649077] reheat + diversify: ceiling=0.01, value=67069.0
    [iter 654830] reheat + diversify: ceiling=0.01, value=84274.0
    [iter 660583] reheat + diversify: ceiling=0.01, value=68682.0
    [iter 666336] reheat + diversify: ceiling=0.00, value=44500.0
    [iter 672089] reheat + diversify: ceiling=0.00, value=64235.0
    [iter 677842] reheat + diversify: ceiling=0.00, value=65533.0
    [iter 683595] reheat + diversify: ceiling=0.00, value=73055.0
    [iter 689348] reheat + diversify: ceiling=0.00, value=58097.0
    [iter 695101] reheat + diversify: ceiling=0.00, value=78099.0
    [iter 700854] reheat + diversify: ceiling=0.00, value=67540.0
    [iter 706607] reheat + diversify: ceiling=0.00, value=83957.0
    [iter 712360] reheat + diversify: ceiling=0.00, value=75329.0
    [iter 718113] reheat + diversify: ceiling=0.00, value=78490.0
    [iter 723866] reheat + diversify: ceiling=0.00, value=70232.0
    [iter 729619] reheat + diversify: ceiling=0.00, value=76009.0
    [iter 735372] reheat + diversify: ceiling=0.00, value=68023.0
    [iter 741125] reheat + diversify: ceiling=0.00, value=69901.0
    [iter 746878] reheat + diversify: ceiling=0.00, value=78651.0
    [iter 752631] reheat + diversify: ceiling=0.00, value=75398.0
    [iter 758384] reheat + diversify: ceiling=0.00, value=55833.0
    [iter 764137] reheat + diversify: ceiling=0.00, value=88554.0
    [iter 769890] reheat + diversify: ceiling=0.00, value=60926.0
    [iter 775643] reheat + diversify: ceiling=0.00, value=69676.0
    [iter 781396] reheat + diversify: ceiling=0.00, value=65969.0
    [iter 787149] reheat + diversify: ceiling=0.00, value=84708.0
    [iter 792902] reheat + diversify: ceiling=0.00, value=86941.0
    [iter 798655] reheat + diversify: ceiling=0.00, value=69208.0
    [iter 804408] reheat + diversify: ceiling=0.00, value=77721.0
    [iter 810161] reheat + diversify: ceiling=0.00, value=55987.0
    [iter 815914] reheat + diversify: ceiling=0.00, value=70001.0
    [iter 821667] reheat + diversify: ceiling=0.00, value=72049.0
    [iter 827420] reheat + diversify: ceiling=0.00, value=88600.0
    [iter 833173] reheat + diversify: ceiling=0.00, value=87791.0
    [iter 838926] reheat + diversify: ceiling=0.00, value=66545.0
    [iter 844679] reheat + diversify: ceiling=0.00, value=83454.0
    [iter 850432] reheat + diversify: ceiling=0.00, value=98302.0
    [iter 856185] reheat + diversify: ceiling=0.00, value=70585.0
    [iter 861938] reheat + diversify: ceiling=0.00, value=63333.0
    [iter 867691] reheat + diversify: ceiling=0.00, value=75235.0
    [iter 873444] reheat + diversify: ceiling=0.00, value=65514.0
    [iter 879197] reheat + diversify: ceiling=0.00, value=51456.0
    [iter 884950] reheat + diversify: ceiling=0.00, value=84255.0
    [iter 890703] reheat + diversify: ceiling=0.00, value=94192.0
    [iter 896456] reheat + diversify: ceiling=0.00, value=69275.0
    [iter 902209] reheat + diversify: ceiling=0.00, value=62143.0
    [iter 907962] reheat + diversify: ceiling=0.00, value=72334.0
    [iter 913715] reheat + diversify: ceiling=0.00, value=71471.0
    [iter 919468] reheat + diversify: ceiling=0.00, value=79550.0
    [iter 925221] reheat + diversify: ceiling=0.00, value=59994.0
    [iter 930974] reheat + diversify: ceiling=0.00, value=58268.0
    [iter 936727] reheat + diversify: ceiling=0.00, value=103227.0
    [iter 942480] reheat + diversify: ceiling=0.00, value=62754.0
    [iter 948233] reheat + diversify: ceiling=0.00, value=75446.0
    [iter 953986] reheat + diversify: ceiling=0.00, value=62910.0
    [iter 959739] reheat + diversify: ceiling=0.00, value=74352.0
    [iter 965492] reheat + diversify: ceiling=0.00, value=73023.0
    [iter 971245] reheat + diversify: ceiling=0.00, value=62503.0
    [iter 976998] reheat + diversify: ceiling=0.00, value=82729.0
    [iter 982751] reheat + diversify: ceiling=0.00, value=84664.0
    [iter 988504] reheat + diversify: ceiling=0.00, value=72103.0
    [iter 994257] reheat + diversify: ceiling=0.00, value=77182.0
    [iter 1000010] reheat + diversify: ceiling=0.00, value=58016.0
    [iter 1005763] reheat + diversify: ceiling=0.00, value=97079.0
    [iter 1011516] reheat + diversify: ceiling=0.00, value=100233.0
    [iter 1017269] reheat + diversify: ceiling=0.00, value=68313.0
    [iter 1023022] reheat + diversify: ceiling=0.00, value=83225.0
    [iter 1028775] reheat + diversify: ceiling=0.00, value=85665.0
    [iter 1034528] reheat + diversify: ceiling=0.00, value=89094.0
    [iter 1040281] reheat + diversify: ceiling=0.00, value=71231.0
    [iter 1046034] reheat + diversify: ceiling=0.00, value=53902.0
    [iter 1051787] reheat + diversify: ceiling=0.00, value=83231.0
    [iter 1057540] reheat + diversify: ceiling=0.00, value=73498.0
    [iter 1063293] reheat + diversify: ceiling=0.00, value=78433.0
    [iter 1069046] reheat + diversify: ceiling=0.00, value=88110.0
    [iter 1074799] reheat + diversify: ceiling=0.00, value=73854.0
    [iter 1080552] reheat + diversify: ceiling=0.00, value=59315.0
    [iter 1086305] reheat + diversify: ceiling=0.00, value=71771.0
    [iter 1092058] reheat + diversify: ceiling=0.00, value=79154.0
    [iter 1097811] reheat + diversify: ceiling=0.00, value=97826.0
    [iter 1103564] reheat + diversify: ceiling=0.00, value=86400.0
    [iter 1109317] reheat + diversify: ceiling=0.00, value=72232.0
    [iter 1115070] reheat + diversify: ceiling=0.00, value=76420.0
    [iter 1120823] reheat + diversify: ceiling=0.00, value=70647.0
    [iter 1126576] reheat + diversify: ceiling=0.00, value=72103.0
    [iter 1132329] reheat + diversify: ceiling=0.00, value=89365.0
    [iter 1138082] reheat + diversify: ceiling=0.00, value=56622.0
    [iter 1143835] reheat + diversify: ceiling=0.00, value=83857.0
    [iter 1149588] reheat + diversify: ceiling=0.00, value=65854.0
    [iter 1155341] reheat + diversify: ceiling=0.00, value=65276.0
    [iter 1161094] reheat + diversify: ceiling=0.00, value=86474.0
    [iter 1166847] reheat + diversify: ceiling=0.00, value=82880.0
    [iter 1172600] reheat + diversify: ceiling=0.00, value=76682.0
    [iter 1178353] reheat + diversify: ceiling=0.00, value=63218.0
    [iter 1184106] reheat + diversify: ceiling=0.00, value=77717.0
    [iter 1189859] reheat + diversify: ceiling=0.00, value=69702.0
    [iter 1195612] reheat + diversify: ceiling=0.00, value=63699.0
    [iter 1201365] reheat + diversify: ceiling=0.00, value=56368.0
    [iter 1207118] reheat + diversify: ceiling=0.00, value=77540.0
    [iter 1212871] reheat + diversify: ceiling=0.00, value=46796.0
    [iter 1218624] reheat + diversify: ceiling=0.00, value=77662.0
    [iter 1224377] reheat + diversify: ceiling=0.00, value=40665.0
    [iter 1230130] reheat + diversify: ceiling=0.00, value=50631.0
    [iter 1235883] reheat + diversify: ceiling=0.00, value=87149.0
    [iter 1241636] reheat + diversify: ceiling=0.00, value=81977.0
    [iter 1247389] reheat + diversify: ceiling=0.00, value=70350.0
    [iter 1253142] reheat + diversify: ceiling=0.00, value=33120.0
    [iter 1258895] reheat + diversify: ceiling=0.00, value=74057.0
    [iter 1264648] reheat + diversify: ceiling=0.00, value=79950.0
    [iter 1270401] reheat + diversify: ceiling=0.00, value=62333.0
    [iter 1276154] reheat + diversify: ceiling=0.00, value=81654.0
    [iter 1281907] reheat + diversify: ceiling=0.00, value=88394.0
    [iter 1287660] reheat + diversify: ceiling=0.00, value=63260.0
    [iter 1293413] reheat + diversify: ceiling=0.00, value=59663.0
    [iter 1299166] reheat + diversify: ceiling=0.00, value=97455.0
    [iter 1304919] reheat + diversify: ceiling=0.00, value=68385.0
    [iter 1310672] reheat + diversify: ceiling=0.00, value=64415.0
    [iter 1316425] reheat + diversify: ceiling=0.00, value=55008.0
    [iter 1322178] reheat + diversify: ceiling=0.00, value=82727.0
    [iter 1327931] reheat + diversify: ceiling=0.00, value=75060.0
    [iter 1333684] reheat + diversify: ceiling=0.00, value=80351.0
    [iter 1339437] reheat + diversify: ceiling=0.00, value=78376.0
    [iter 1345190] reheat + diversify: ceiling=0.00, value=59093.0
    [iter 1350943] reheat + diversify: ceiling=0.00, value=71750.0
    [iter 1356696] reheat + diversify: ceiling=0.00, value=97245.0
    [iter 1362449] reheat + diversify: ceiling=0.00, value=67623.0
    [iter 1368202] reheat + diversify: ceiling=0.00, value=55245.0
    [iter 1373955] reheat + diversify: ceiling=0.00, value=80754.0
    [iter 1379708] reheat + diversify: ceiling=0.00, value=72430.0
    [iter 1385461] reheat + diversify: ceiling=0.00, value=50394.0
    [iter 1391214] reheat + diversify: ceiling=0.00, value=57721.0
    [iter 1396967] reheat + diversify: ceiling=0.00, value=68793.0
    [iter 1402720] reheat + diversify: ceiling=0.00, value=89272.0
    [iter 1408473] reheat + diversify: ceiling=0.00, value=66084.0
    [iter 1414226] reheat + diversify: ceiling=0.00, value=72863.0
    [iter 1419979] reheat + diversify: ceiling=0.00, value=52868.0
    [iter 1425732] reheat + diversify: ceiling=0.00, value=84147.0
    [iter 1431485] reheat + diversify: ceiling=0.00, value=74385.0
    [iter 1437238] reheat + diversify: ceiling=0.00, value=72807.0
    [iter 1442991] reheat + diversify: ceiling=0.00, value=61618.0
    [iter 1448744] reheat + diversify: ceiling=0.00, value=71818.0
    [iter 1454497] reheat + diversify: ceiling=0.00, value=77309.0
    [iter 1460250] reheat + diversify: ceiling=0.00, value=71784.0
    [iter 1466003] reheat + diversify: ceiling=0.00, value=84809.0
    [iter 1471756] reheat + diversify: ceiling=0.00, value=71330.0
    [iter 1477509] reheat + diversify: ceiling=0.00, value=85013.0
    [iter 1483262] reheat + diversify: ceiling=0.00, value=69033.0
    [iter 1489015] reheat + diversify: ceiling=0.00, value=76935.0
    [iter 1494768] reheat + diversify: ceiling=0.00, value=69164.0
    [iter 1500521] reheat + diversify: ceiling=0.00, value=80730.0
    [iter 1506274] reheat + diversify: ceiling=0.00, value=81356.0
    [iter 1512027] reheat + diversify: ceiling=0.00, value=61647.0
    [iter 1517780] reheat + diversify: ceiling=0.00, value=60926.0
    [iter 1523533] reheat + diversify: ceiling=0.00, value=60329.0
    [iter 1529286] reheat + diversify: ceiling=0.00, value=56882.0
    [iter 1535039] reheat + diversify: ceiling=0.00, value=68562.0
    [iter 1540792] reheat + diversify: ceiling=0.00, value=74386.0
    [iter 1546545] reheat + diversify: ceiling=0.00, value=49271.0
    [iter 1552298] reheat + diversify: ceiling=0.00, value=83177.0
    [iter 1558051] reheat + diversify: ceiling=0.00, value=63190.0
    [iter 1563804] reheat + diversify: ceiling=0.00, value=50636.0
    [iter 1569557] reheat + diversify: ceiling=0.00, value=77562.0
    [iter 1575310] reheat + diversify: ceiling=0.00, value=77187.0
    [iter 1581063] reheat + diversify: ceiling=0.00, value=59438.0
    [iter 1586816] reheat + diversify: ceiling=0.00, value=62745.0
    [iter 1592569] reheat + diversify: ceiling=0.00, value=84325.0
    [iter 1598322] reheat + diversify: ceiling=0.00, value=50536.0
    [iter 1604075] reheat + diversify: ceiling=0.00, value=80915.0
    [iter 1609828] reheat + diversify: ceiling=0.00, value=50785.0
    [iter 1615581] reheat + diversify: ceiling=0.00, value=65913.0
    [iter 1621334] reheat + diversify: ceiling=0.00, value=74120.0
    [iter 1627087] reheat + diversify: ceiling=0.00, value=81899.0
    [iter 1632840] reheat + diversify: ceiling=0.00, value=101272.0
    [iter 1638593] reheat + diversify: ceiling=0.00, value=62201.0
    [iter 1644346] reheat + diversify: ceiling=0.00, value=71608.0
    [iter 1650099] reheat + diversify: ceiling=0.00, value=69030.0
    [iter 1655852] reheat + diversify: ceiling=0.00, value=39973.0
    [iter 1661605] reheat + diversify: ceiling=0.00, value=65757.0
    [iter 1667358] reheat + diversify: ceiling=0.00, value=89735.0
    [iter 1673111] reheat + diversify: ceiling=0.00, value=87222.0
    [iter 1678864] reheat + diversify: ceiling=0.00, value=81434.0
    [iter 1684617] reheat + diversify: ceiling=0.00, value=57817.0
    [iter 1690370] reheat + diversify: ceiling=0.00, value=56623.0
    [iter 1696123] reheat + diversify: ceiling=0.00, value=72060.0
    [iter 1701876] reheat + diversify: ceiling=0.00, value=94715.0
    [iter 1707629] reheat + diversify: ceiling=0.00, value=42188.0
    [iter 1713382] reheat + diversify: ceiling=0.00, value=84598.0
    [iter 1719135] reheat + diversify: ceiling=0.00, value=87703.0
    [iter 1724888] reheat + diversify: ceiling=0.00, value=79080.0
    [iter 1730641] reheat + diversify: ceiling=0.00, value=80466.0
    [iter 1736394] reheat + diversify: ceiling=0.00, value=77182.0
    [iter 1742147] reheat + diversify: ceiling=0.00, value=71686.0
    [iter 1747900] reheat + diversify: ceiling=0.00, value=80154.0
    [iter 1753653] reheat + diversify: ceiling=0.00, value=70247.0
    [iter 1759406] reheat + diversify: ceiling=0.00, value=71735.0
    [iter 1765159] reheat + diversify: ceiling=0.00, value=79166.0
    [iter 1770912] reheat + diversify: ceiling=0.00, value=67254.0
    [iter 1776665] reheat + diversify: ceiling=0.00, value=85623.0
    [iter 1782418] reheat + diversify: ceiling=0.00, value=67837.0
    [iter 1788171] reheat + diversify: ceiling=0.00, value=56898.0
    [iter 1793924] reheat + diversify: ceiling=0.00, value=75948.0
    [iter 1799677] reheat + diversify: ceiling=0.00, value=82615.0
    [iter 1805430] reheat + diversify: ceiling=0.00, value=86412.0
    [iter 1811183] reheat + diversify: ceiling=0.00, value=82698.0
    [iter 1816936] reheat + diversify: ceiling=0.00, value=65250.0
    [iter 1822689] reheat + diversify: ceiling=0.00, value=62917.0
    [iter 1828442] reheat + diversify: ceiling=0.00, value=75779.0
    [iter 1834195] reheat + diversify: ceiling=0.00, value=48488.0
    [iter 1839948] reheat + diversify: ceiling=0.00, value=58827.0
    [iter 1845701] reheat + diversify: ceiling=0.00, value=46185.0
    [iter 1851454] reheat + diversify: ceiling=0.00, value=69465.0
    [iter 1857207] reheat + diversify: ceiling=0.00, value=67645.0
    [iter 1862960] reheat + diversify: ceiling=0.00, value=65257.0
    [iter 1868713] reheat + diversify: ceiling=0.00, value=76360.0
    [iter 1874466] reheat + diversify: ceiling=0.00, value=65968.0
    [iter 1880219] reheat + diversify: ceiling=0.00, value=86100.0
    [iter 1885972] reheat + diversify: ceiling=0.00, value=78862.0
    [iter 1891725] reheat + diversify: ceiling=0.00, value=55122.0
    [iter 1897478] reheat + diversify: ceiling=0.00, value=68250.0
    [iter 1903231] reheat + diversify: ceiling=0.00, value=66225.0
    [iter 1908984] reheat + diversify: ceiling=0.00, value=53063.0
    [iter 1914737] reheat + diversify: ceiling=0.00, value=83843.0
    [iter 1920490] reheat + diversify: ceiling=0.00, value=81377.0
    [iter 1926243] reheat + diversify: ceiling=0.00, value=104016.0
    [iter 1931996] reheat + diversify: ceiling=0.00, value=87276.0
    [iter 1937749] reheat + diversify: ceiling=0.00, value=89490.0
    [iter 1943502] reheat + diversify: ceiling=0.00, value=74577.0
    [iter 1949255] reheat + diversify: ceiling=0.00, value=75547.0
    [iter 1955008] reheat + diversify: ceiling=0.00, value=54218.0
    [iter 1960761] reheat + diversify: ceiling=0.00, value=63932.0
    [iter 1966514] reheat + diversify: ceiling=0.00, value=66983.0
    [iter 1972267] reheat + diversify: ceiling=0.00, value=96918.0
    [iter 1978020] reheat + diversify: ceiling=0.00, value=62959.0
    [iter 1983773] reheat + diversify: ceiling=0.00, value=42513.0
    [iter 1989526] reheat + diversify: ceiling=0.00, value=91496.0
    [iter 1995279] reheat + diversify: ceiling=0.00, value=78263.0
    [iter 2001032] reheat + diversify: ceiling=0.00, value=93111.0
    [iter 2006785] reheat + diversify: ceiling=0.00, value=74400.0
    [iter 2012538] reheat + diversify: ceiling=0.00, value=74886.0
    [iter 2018291] reheat + diversify: ceiling=0.00, value=98124.0
    [iter 2024044] reheat + diversify: ceiling=0.00, value=65923.0
    [iter 2029797] reheat + diversify: ceiling=0.00, value=72473.0
    [iter 2035550] reheat + diversify: ceiling=0.00, value=94802.0
    [iter 2041303] reheat + diversify: ceiling=0.00, value=52138.0
    [iter 2047056] reheat + diversify: ceiling=0.00, value=45300.0
    [iter 2052809] reheat + diversify: ceiling=0.00, value=84663.0
    [iter 2058562] reheat + diversify: ceiling=0.00, value=77735.0
    [iter 2064315] reheat + diversify: ceiling=0.00, value=65961.0
    [iter 2070068] reheat + diversify: ceiling=0.00, value=76128.0
    [iter 2075821] reheat + diversify: ceiling=0.00, value=78916.0
    [iter 2081574] reheat + diversify: ceiling=0.00, value=68577.0
    [iter 2087327] reheat + diversify: ceiling=0.00, value=75733.0
    [iter 2093080] reheat + diversify: ceiling=0.00, value=69316.0
    [iter 2098833] reheat + diversify: ceiling=0.00, value=61145.0
    [iter 2104586] reheat + diversify: ceiling=0.00, value=94102.0
    [iter 2110339] reheat + diversify: ceiling=0.00, value=58839.0
    [iter 2116092] reheat + diversify: ceiling=0.00, value=70482.0
    [iter 2121845] reheat + diversify: ceiling=0.00, value=79929.0
    [iter 2127598] reheat + diversify: ceiling=0.00, value=70960.0
    [iter 2133351] reheat + diversify: ceiling=0.00, value=63907.0
    [iter 2139104] reheat + diversify: ceiling=0.00, value=95242.0
    [iter 2144857] reheat + diversify: ceiling=0.00, value=101170.0
    [iter 2150610] reheat + diversify: ceiling=0.00, value=60286.0
    [iter 2156363] reheat + diversify: ceiling=0.00, value=86425.0
    [iter 2162116] reheat + diversify: ceiling=0.00, value=73930.0
    [iter 2167869] reheat + diversify: ceiling=0.00, value=64019.0
    [iter 2173622] reheat + diversify: ceiling=0.00, value=91154.0
    [iter 2179375] reheat + diversify: ceiling=0.00, value=69336.0
    [iter 2185128] reheat + diversify: ceiling=0.00, value=88598.0
    [iter 2190881] reheat + diversify: ceiling=0.00, value=77859.0
    [iter 2196634] reheat + diversify: ceiling=0.00, value=78089.0
    [iter 2202387] reheat + diversify: ceiling=0.00, value=81897.0
    [iter 2208140] reheat + diversify: ceiling=0.00, value=54888.0
    [iter 2213893] reheat + diversify: ceiling=0.00, value=67524.0
    [iter 2219646] reheat + diversify: ceiling=0.00, value=55947.0
    [iter 2225399] reheat + diversify: ceiling=0.00, value=72141.0
    [iter 2231152] reheat + diversify: ceiling=0.00, value=94221.0
    [iter 2236905] reheat + diversify: ceiling=0.00, value=66491.0
    [iter 2242658] reheat + diversify: ceiling=0.00, value=80879.0
    [iter 2248411] reheat + diversify: ceiling=0.00, value=86968.0
    [iter 2254164] reheat + diversify: ceiling=0.00, value=81248.0
    [iter 2259917] reheat + diversify: ceiling=0.00, value=78841.0
    [iter 2265670] reheat + diversify: ceiling=0.00, value=78550.0
    [iter 2271423] reheat + diversify: ceiling=0.00, value=63805.0
    [iter 2277176] reheat + diversify: ceiling=0.00, value=62138.0
    [iter 2282929] reheat + diversify: ceiling=0.00, value=56776.0
    [iter 2288682] reheat + diversify: ceiling=0.00, value=91848.0
    [iter 2294435] reheat + diversify: ceiling=0.00, value=84690.0
    [iter 2300188] reheat + diversify: ceiling=0.00, value=84713.0
    [iter 2305941] reheat + diversify: ceiling=0.00, value=80439.0
    [iter 2311694] reheat + diversify: ceiling=0.00, value=91985.0
    [iter 2317447] reheat + diversify: ceiling=0.00, value=76555.0
    [iter 2323200] reheat + diversify: ceiling=0.00, value=65570.0
    [iter 2328953] reheat + diversify: ceiling=0.00, value=60954.0
    [iter 2334706] reheat + diversify: ceiling=0.00, value=76956.0
    [iter 2340459] reheat + diversify: ceiling=0.00, value=82635.0
    [iter 2346212] reheat + diversify: ceiling=0.00, value=62989.0
    [iter 2351965] reheat + diversify: ceiling=0.00, value=76949.0
    [iter 2357718] reheat + diversify: ceiling=0.00, value=87091.0
    [iter 2363471] reheat + diversify: ceiling=0.00, value=75309.0
    [iter 2369224] reheat + diversify: ceiling=0.00, value=91717.0
    [iter 2374977] reheat + diversify: ceiling=0.00, value=88281.0
    [iter 2380730] reheat + diversify: ceiling=0.00, value=55987.0
    [iter 2386483] reheat + diversify: ceiling=0.00, value=86609.0
    [iter 2392236] reheat + diversify: ceiling=0.00, value=54962.0
    [iter 2397989] reheat + diversify: ceiling=0.00, value=47153.0
    [iter 2403742] reheat + diversify: ceiling=0.00, value=63206.0
    [iter 2409495] reheat + diversify: ceiling=0.00, value=85706.0
    [iter 2415248] reheat + diversify: ceiling=0.00, value=74337.0
    [iter 2421001] reheat + diversify: ceiling=0.00, value=52522.0
    [iter 2426754] reheat + diversify: ceiling=0.00, value=63333.0
    [iter 2432507] reheat + diversify: ceiling=0.00, value=45720.0
    [iter 2438260] reheat + diversify: ceiling=0.00, value=91489.0
    [iter 2444013] reheat + diversify: ceiling=0.00, value=49924.0
    [iter 2449766] reheat + diversify: ceiling=0.00, value=88615.0
    [iter 2455519] reheat + diversify: ceiling=0.00, value=48323.0
    [iter 2461272] reheat + diversify: ceiling=0.00, value=76365.0
    [iter 2467025] reheat + diversify: ceiling=0.00, value=61252.0
    [iter 2472778] reheat + diversify: ceiling=0.00, value=75270.0
    [iter 2478531] reheat + diversify: ceiling=0.00, value=64909.0
    [iter 2484284] reheat + diversify: ceiling=0.00, value=76978.0
    [iter 2490037] reheat + diversify: ceiling=0.00, value=69501.0
    [iter 2495790] reheat + diversify: ceiling=0.00, value=83480.0
    [iter 2501543] reheat + diversify: ceiling=0.00, value=64176.0
    [iter 2507296] reheat + diversify: ceiling=0.00, value=62040.0
    [iter 2513049] reheat + diversify: ceiling=0.00, value=102760.0
    [iter 2518802] reheat + diversify: ceiling=0.00, value=55231.0
    [iter 2524555] reheat + diversify: ceiling=0.00, value=65012.0
    [iter 2530308] reheat + diversify: ceiling=0.00, value=94891.0
    [iter 2536061] reheat + diversify: ceiling=0.00, value=64329.0
    [iter 2541814] reheat + diversify: ceiling=0.00, value=76222.0
    [iter 2547567] reheat + diversify: ceiling=0.00, value=82424.0
    [iter 2553320] reheat + diversify: ceiling=0.00, value=99959.0
    [iter 2559073] reheat + diversify: ceiling=0.00, value=71756.0
    [iter 2564826] reheat + diversify: ceiling=0.00, value=79463.0
    [iter 2570579] reheat + diversify: ceiling=0.00, value=63686.0
    [iter 2576332] reheat + diversify: ceiling=0.00, value=80754.0
    [iter 2582085] reheat + diversify: ceiling=0.00, value=62749.0
    [iter 2587838] reheat + diversify: ceiling=0.00, value=78593.0
    [iter 2593591] reheat + diversify: ceiling=0.00, value=83968.0
    [iter 2599344] reheat + diversify: ceiling=0.00, value=76043.0
    [iter 2605097] reheat + diversify: ceiling=0.00, value=86929.0
    [iter 2610850] reheat + diversify: ceiling=0.00, value=71925.0
    [iter 2616603] reheat + diversify: ceiling=0.00, value=85390.0
    [iter 2622356] reheat + diversify: ceiling=0.00, value=69278.0
    [iter 2628109] reheat + diversify: ceiling=0.00, value=76838.0
    [iter 2633862] reheat + diversify: ceiling=0.00, value=90224.0
    [iter 2639615] reheat + diversify: ceiling=0.00, value=75242.0
    [iter 2645368] reheat + diversify: ceiling=0.00, value=87263.0
    [iter 2651121] reheat + diversify: ceiling=0.00, value=73817.0
    [iter 2656874] reheat + diversify: ceiling=0.00, value=63908.0
    [iter 2662627] reheat + diversify: ceiling=0.00, value=65830.0
    [iter 2668380] reheat + diversify: ceiling=0.00, value=77694.0
    [iter 2674133] reheat + diversify: ceiling=0.00, value=86907.0
    [iter 2679886] reheat + diversify: ceiling=0.00, value=81953.0
    [iter 2685639] reheat + diversify: ceiling=0.00, value=67354.0
    [iter 2691392] reheat + diversify: ceiling=0.00, value=75424.0
    [iter 2697145] reheat + diversify: ceiling=0.00, value=81228.0
    [iter 2702898] reheat + diversify: ceiling=0.00, value=67797.0
    [iter 2708651] reheat + diversify: ceiling=0.00, value=37098.0
    [iter 2714404] reheat + diversify: ceiling=0.00, value=83253.0
    [iter 2720157] reheat + diversify: ceiling=0.00, value=80946.0
    [iter 2725910] reheat + diversify: ceiling=0.00, value=82281.0
    [iter 2731663] reheat + diversify: ceiling=0.00, value=70167.0
    [iter 2737416] reheat + diversify: ceiling=0.00, value=66313.0
    [iter 2743169] reheat + diversify: ceiling=0.00, value=78986.0
    [iter 2748922] reheat + diversify: ceiling=0.00, value=72532.0
    [iter 2754675] reheat + diversify: ceiling=0.00, value=63320.0
    [iter 2760428] reheat + diversify: ceiling=0.00, value=82174.0
    [iter 2766181] reheat + diversify: ceiling=0.00, value=81051.0
    [iter 2771934] reheat + diversify: ceiling=0.00, value=84844.0
    [iter 2777687] reheat + diversify: ceiling=0.00, value=90753.0
    [iter 2783440] reheat + diversify: ceiling=0.00, value=65308.0
    [iter 2789193] reheat + diversify: ceiling=0.00, value=76592.0
    [iter 2794946] reheat + diversify: ceiling=0.00, value=67171.0
    [iter 2800699] reheat + diversify: ceiling=0.00, value=53154.0
    [iter 2806452] reheat + diversify: ceiling=0.00, value=85623.0
    [iter 2812205] reheat + diversify: ceiling=0.00, value=75840.0
    [iter 2817958] reheat + diversify: ceiling=0.00, value=62464.0
    [iter 2823711] reheat + diversify: ceiling=0.00, value=63460.0
    [iter 2829464] reheat + diversify: ceiling=0.00, value=75600.0
    [iter 2835217] reheat + diversify: ceiling=0.00, value=62454.0
    [iter 2840970] reheat + diversify: ceiling=0.00, value=68833.0
    [iter 2846723] reheat + diversify: ceiling=0.00, value=75170.0
    [iter 2852476] reheat + diversify: ceiling=0.00, value=72497.0
    [iter 2858229] reheat + diversify: ceiling=0.00, value=76978.0
    [iter 2863982] reheat + diversify: ceiling=0.00, value=72994.0
    [iter 2869735] reheat + diversify: ceiling=0.00, value=94319.0
    [iter 2875488] reheat + diversify: ceiling=0.00, value=88145.0
    [iter 2881241] reheat + diversify: ceiling=0.00, value=77628.0
    [iter 2886994] reheat + diversify: ceiling=0.00, value=80963.0
    [iter 2892747] reheat + diversify: ceiling=0.00, value=64816.0
    [iter 2898500] reheat + diversify: ceiling=0.00, value=60369.0
    [iter 2904253] reheat + diversify: ceiling=0.00, value=55176.0
    [iter 2910006] reheat + diversify: ceiling=0.00, value=72856.0
    [iter 2915759] reheat + diversify: ceiling=0.00, value=76812.0
    [iter 2921512] reheat + diversify: ceiling=0.00, value=92901.0
    [iter 2927265] reheat + diversify: ceiling=0.00, value=77750.0
    [iter 2933018] reheat + diversify: ceiling=0.00, value=72449.0
    [iter 2938771] reheat + diversify: ceiling=0.00, value=70562.0
    [iter 2944524] reheat + diversify: ceiling=0.00, value=61185.0
    [iter 2950277] reheat + diversify: ceiling=0.00, value=57817.0
    [iter 2956030] reheat + diversify: ceiling=0.00, value=60999.0
    [iter 2961783] reheat + diversify: ceiling=0.00, value=65232.0
    [iter 2967536] reheat + diversify: ceiling=0.00, value=73199.0
    [iter 2973289] reheat + diversify: ceiling=0.00, value=80946.0
    [iter 2979042] reheat + diversify: ceiling=0.00, value=63856.0
    [iter 2984795] reheat + diversify: ceiling=0.00, value=66870.0
    [iter 2990548] reheat + diversify: ceiling=0.00, value=73299.0
    [iter 2996301] reheat + diversify: ceiling=0.00, value=84072.0
    [iter 3002054] reheat + diversify: ceiling=0.00, value=64887.0
    [iter 3007807] reheat + diversify: ceiling=0.00, value=59542.0
    [iter 3013560] reheat + diversify: ceiling=0.00, value=88089.0
    [iter 3019313] reheat + diversify: ceiling=0.00, value=70978.0
    [iter 3025066] reheat + diversify: ceiling=0.00, value=56604.0
    [iter 3030819] reheat + diversify: ceiling=0.00, value=76449.0
    [iter 3036572] reheat + diversify: ceiling=0.00, value=67170.0
    [iter 3042325] reheat + diversify: ceiling=0.00, value=72167.0
    [iter 3048078] reheat + diversify: ceiling=0.00, value=99504.0
    [iter 3053831] reheat + diversify: ceiling=0.00, value=80967.0
    [iter 3059584] reheat + diversify: ceiling=0.00, value=82727.0
    [iter 3065337] reheat + diversify: ceiling=0.00, value=81850.0
    [iter 3071090] reheat + diversify: ceiling=0.00, value=86581.0
    [iter 3076843] reheat + diversify: ceiling=0.00, value=70986.0
    [iter 3082596] reheat + diversify: ceiling=0.00, value=76978.0
    [iter 3088349] reheat + diversify: ceiling=0.00, value=76547.0
    [iter 3094102] reheat + diversify: ceiling=0.00, value=68198.0
    [iter 3099855] reheat + diversify: ceiling=0.00, value=67938.0
    [iter 3105608] reheat + diversify: ceiling=0.00, value=83255.0
    [iter 3111361] reheat + diversify: ceiling=0.00, value=65132.0
    [iter 3117114] reheat + diversify: ceiling=0.00, value=83497.0
    [iter 3122867] reheat + diversify: ceiling=0.00, value=88279.0
    [iter 3128620] reheat + diversify: ceiling=0.00, value=80294.0
    [iter 3134373] reheat + diversify: ceiling=0.00, value=83327.0
    [iter 3140126] reheat + diversify: ceiling=0.00, value=82674.0
    [iter 3145879] reheat + diversify: ceiling=0.00, value=50400.0
    [iter 3151632] reheat + diversify: ceiling=0.00, value=53967.0
    [iter 3157385] reheat + diversify: ceiling=0.00, value=65029.0
    [iter 3163138] reheat + diversify: ceiling=0.00, value=75098.0
    [iter 3168891] reheat + diversify: ceiling=0.00, value=67903.0
    [iter 3174644] reheat + diversify: ceiling=0.00, value=65564.0
    [iter 3180397] reheat + diversify: ceiling=0.00, value=67646.0
    [iter 3186150] reheat + diversify: ceiling=0.00, value=66280.0
    [iter 3191903] reheat + diversify: ceiling=0.00, value=67095.0
    [iter 3197656] reheat + diversify: ceiling=0.00, value=58963.0
    [iter 3203409] reheat + diversify: ceiling=0.00, value=92609.0
    [iter 3209162] reheat + diversify: ceiling=0.00, value=72778.0
    [iter 3214915] reheat + diversify: ceiling=0.00, value=74332.0
    [iter 3220668] reheat + diversify: ceiling=0.00, value=54355.0
    [iter 3226421] reheat + diversify: ceiling=0.00, value=72130.0
    [iter 3232174] reheat + diversify: ceiling=0.00, value=70255.0
    [iter 3237927] reheat + diversify: ceiling=0.00, value=70874.0
    [iter 3243680] reheat + diversify: ceiling=0.00, value=72920.0
    [iter 3249433] reheat + diversify: ceiling=0.00, value=69967.0
    [iter 3255186] reheat + diversify: ceiling=0.00, value=79575.0
    [iter 3260939] reheat + diversify: ceiling=0.00, value=71805.0
    [iter 3266692] reheat + diversify: ceiling=0.00, value=87843.0
    [iter 3272445] reheat + diversify: ceiling=0.00, value=78102.0
    [iter 3278198] reheat + diversify: ceiling=0.00, value=73748.0
    [iter 3283951] reheat + diversify: ceiling=0.00, value=88746.0
    [iter 3289704] reheat + diversify: ceiling=0.00, value=77784.0
    [iter 3295457] reheat + diversify: ceiling=0.00, value=74840.0
    [iter 3301210] reheat + diversify: ceiling=0.00, value=58807.0
    [iter 3306963] reheat + diversify: ceiling=0.00, value=75067.0
    [iter 3312716] reheat + diversify: ceiling=0.00, value=60160.0
    [iter 3318469] reheat + diversify: ceiling=0.00, value=74494.0
    [iter 3324222] reheat + diversify: ceiling=0.00, value=88110.0
    [iter 3329975] reheat + diversify: ceiling=0.00, value=66517.0
    [iter 3335728] reheat + diversify: ceiling=0.00, value=76441.0
    [iter 3341481] reheat + diversify: ceiling=0.00, value=72220.0
    [iter 3347234] reheat + diversify: ceiling=0.00, value=81419.0
    [iter 3352987] reheat + diversify: ceiling=0.00, value=67956.0
    [iter 3358740] reheat + diversify: ceiling=0.00, value=84162.0
    [iter 3364493] reheat + diversify: ceiling=0.00, value=62203.0
    [iter 3370246] reheat + diversify: ceiling=0.00, value=64059.0
    [iter 3375999] reheat + diversify: ceiling=0.00, value=77116.0
    [iter 3381752] reheat + diversify: ceiling=0.00, value=59058.0
    [iter 3387505] reheat + diversify: ceiling=0.00, value=82315.0
    [iter 3393258] reheat + diversify: ceiling=0.00, value=70261.0
    [iter 3399011] reheat + diversify: ceiling=0.00, value=87501.0
    [iter 3404764] reheat + diversify: ceiling=0.00, value=68359.0
    [iter 3410517] reheat + diversify: ceiling=0.00, value=60076.0
    [iter 3416270] reheat + diversify: ceiling=0.00, value=56939.0
    [iter 3422023] reheat + diversify: ceiling=0.00, value=72921.0
    [iter 3427776] reheat + diversify: ceiling=0.00, value=64738.0
    [iter 3433529] reheat + diversify: ceiling=0.00, value=54805.0
    [iter 3439282] reheat + diversify: ceiling=0.00, value=54771.0
    [iter 3445035] reheat + diversify: ceiling=0.00, value=56573.0
    [iter 3450788] reheat + diversify: ceiling=0.00, value=84328.0
    [iter 3456541] reheat + diversify: ceiling=0.00, value=52277.0
    [iter 3462294] reheat + diversify: ceiling=0.00, value=94429.0
    [iter 3468047] reheat + diversify: ceiling=0.00, value=60872.0
    [iter 3473800] reheat + diversify: ceiling=0.00, value=74288.0
    [iter 3479553] reheat + diversify: ceiling=0.00, value=81675.0
    [iter 3485306] reheat + diversify: ceiling=0.00, value=99061.0
    [iter 3491059] reheat + diversify: ceiling=0.00, value=75916.0
    [iter 3496812] reheat + diversify: ceiling=0.00, value=60056.0
    [iter 3502565] reheat + diversify: ceiling=0.00, value=78027.0
    [iter 3508318] reheat + diversify: ceiling=0.00, value=75927.0
    [iter 3514071] reheat + diversify: ceiling=0.00, value=75454.0
    [iter 3519824] reheat + diversify: ceiling=0.00, value=87545.0
    [iter 3525577] reheat + diversify: ceiling=0.00, value=53132.0
    [iter 3531330] reheat + diversify: ceiling=0.00, value=87349.0
    [iter 3537083] reheat + diversify: ceiling=0.00, value=53990.0
    [iter 3542836] reheat + diversify: ceiling=0.00, value=79463.0
    [iter 3548589] reheat + diversify: ceiling=0.00, value=52535.0
    [iter 3554342] reheat + diversify: ceiling=0.00, value=77837.0
    [iter 3560095] reheat + diversify: ceiling=0.00, value=65613.0
    [iter 3565848] reheat + diversify: ceiling=0.00, value=94417.0
    [iter 3571601] reheat + diversify: ceiling=0.00, value=93851.0
    [iter 3577354] reheat + diversify: ceiling=0.00, value=76731.0
    [iter 3583107] reheat + diversify: ceiling=0.00, value=84778.0
    [iter 3588860] reheat + diversify: ceiling=0.00, value=91003.0
    [iter 3594613] reheat + diversify: ceiling=0.00, value=81065.0
    [iter 3600366] reheat + diversify: ceiling=0.00, value=81114.0
    [iter 3606119] reheat + diversify: ceiling=0.00, value=80763.0
    [iter 3611872] reheat + diversify: ceiling=0.00, value=77502.0
    [iter 3617625] reheat + diversify: ceiling=0.00, value=75703.0
    [iter 3623378] reheat + diversify: ceiling=0.00, value=82149.0
    [iter 3629131] reheat + diversify: ceiling=0.00, value=65973.0
    [iter 3634884] reheat + diversify: ceiling=0.00, value=73700.0
    [iter 3640637] reheat + diversify: ceiling=0.00, value=78816.0
    [iter 3646390] reheat + diversify: ceiling=0.00, value=90927.0
    [iter 3652143] reheat + diversify: ceiling=0.00, value=89439.0
    [iter 3657896] reheat + diversify: ceiling=0.00, value=85128.0
    [iter 3663649] reheat + diversify: ceiling=0.00, value=73727.0
    [iter 3669402] reheat + diversify: ceiling=0.00, value=88068.0
    [iter 3675155] reheat + diversify: ceiling=0.00, value=63462.0
    [iter 3680908] reheat + diversify: ceiling=0.00, value=79724.0
    [iter 3686661] reheat + diversify: ceiling=0.00, value=74245.0
    [iter 3692414] reheat + diversify: ceiling=0.00, value=76279.0
    [iter 3698167] reheat + diversify: ceiling=0.00, value=74590.0
    [iter 3703920] reheat + diversify: ceiling=0.00, value=65296.0
    [iter 3709673] reheat + diversify: ceiling=0.00, value=79060.0
    [iter 3715426] reheat + diversify: ceiling=0.00, value=69850.0
    [iter 3721179] reheat + diversify: ceiling=0.00, value=93838.0
    [iter 3726932] reheat + diversify: ceiling=0.00, value=95804.0
    [iter 3732685] reheat + diversify: ceiling=0.00, value=71477.0
    [iter 3738438] reheat + diversify: ceiling=0.00, value=70616.0
    [iter 3744191] reheat + diversify: ceiling=0.00, value=70317.0
    [iter 3749944] reheat + diversify: ceiling=0.00, value=102900.0
    [iter 3755697] reheat + diversify: ceiling=0.00, value=63535.0
    [iter 3761450] reheat + diversify: ceiling=0.00, value=70612.0
    [iter 3767203] reheat + diversify: ceiling=0.00, value=83742.0
    [iter 3772956] reheat + diversify: ceiling=0.00, value=68965.0
    [iter 3778709] reheat + diversify: ceiling=0.00, value=71367.0
    [iter 3784462] reheat + diversify: ceiling=0.00, value=95941.0
    [iter 3790215] reheat + diversify: ceiling=0.00, value=64740.0
    [iter 3795968] reheat + diversify: ceiling=0.00, value=79786.0
    [iter 3801721] reheat + diversify: ceiling=0.00, value=56510.0
    [iter 3807474] reheat + diversify: ceiling=0.00, value=52182.0
    [iter 3813227] reheat + diversify: ceiling=0.00, value=31758.0
    [iter 3818980] reheat + diversify: ceiling=0.00, value=81946.0
    [iter 3824733] reheat + diversify: ceiling=0.00, value=100701.0
    [iter 3830486] reheat + diversify: ceiling=0.00, value=77674.0
    [iter 3836239] reheat + diversify: ceiling=0.00, value=76279.0
    [iter 3841992] reheat + diversify: ceiling=0.00, value=76628.0
    [iter 3847745] reheat + diversify: ceiling=0.00, value=90326.0
    [iter 3853498] reheat + diversify: ceiling=0.00, value=65886.0
    [iter 3859251] reheat + diversify: ceiling=0.00, value=91927.0
    [iter 3865004] reheat + diversify: ceiling=0.00, value=83845.0
    [iter 3870757] reheat + diversify: ceiling=0.00, value=64169.0
    [iter 3876510] reheat + diversify: ceiling=0.00, value=84810.0
    [iter 3882263] reheat + diversify: ceiling=0.00, value=66970.0
    [iter 3888016] reheat + diversify: ceiling=0.00, value=89134.0
    [iter 3893769] reheat + diversify: ceiling=0.00, value=72027.0
    [iter 3899522] reheat + diversify: ceiling=0.00, value=77957.0
    [iter 3905275] reheat + diversify: ceiling=0.00, value=66574.0
    [iter 3911028] reheat + diversify: ceiling=0.00, value=63947.0
    [iter 3916781] reheat + diversify: ceiling=0.00, value=72785.0
    [iter 3922534] reheat + diversify: ceiling=0.00, value=74867.0
    [iter 3928287] reheat + diversify: ceiling=0.00, value=75990.0
    [iter 3934040] reheat + diversify: ceiling=0.00, value=75862.0
    [iter 3939793] reheat + diversify: ceiling=0.00, value=78612.0
    [iter 3945546] reheat + diversify: ceiling=0.00, value=75076.0
    [iter 3951299] reheat + diversify: ceiling=0.00, value=80611.0
    [iter 3957052] reheat + diversify: ceiling=0.00, value=65210.0
    [iter 3962805] reheat + diversify: ceiling=0.00, value=91081.0
    [iter 3968558] reheat + diversify: ceiling=0.00, value=88681.0
    [iter 3974311] reheat + diversify: ceiling=0.00, value=54022.0
    [iter 3980064] reheat + diversify: ceiling=0.00, value=84481.0
    [iter 3985817] reheat + diversify: ceiling=0.00, value=58921.0
    [iter 3991570] reheat + diversify: ceiling=0.00, value=62409.0
    [iter 3997323] reheat + diversify: ceiling=0.00, value=80599.0
    [iter 4003076] reheat + diversify: ceiling=0.00, value=68975.0
    [iter 4008829] reheat + diversify: ceiling=0.00, value=83428.0
    [iter 4014582] reheat + diversify: ceiling=0.00, value=54188.0
    [iter 4020335] reheat + diversify: ceiling=0.00, value=79656.0
    [iter 4026088] reheat + diversify: ceiling=0.00, value=68806.0
    [iter 4031841] reheat + diversify: ceiling=0.00, value=82656.0
    [iter 4037594] reheat + diversify: ceiling=0.00, value=78326.0
    [iter 4043347] reheat + diversify: ceiling=0.00, value=57836.0
    [iter 4049100] reheat + diversify: ceiling=0.00, value=63094.0
    [iter 4054853] reheat + diversify: ceiling=0.00, value=101852.0
    [iter 4060606] reheat + diversify: ceiling=0.00, value=88799.0
    [iter 4066359] reheat + diversify: ceiling=0.00, value=75392.0
    [iter 4072112] reheat + diversify: ceiling=0.00, value=86441.0
    [iter 4077865] reheat + diversify: ceiling=0.00, value=61508.0
    [iter 4083618] reheat + diversify: ceiling=0.00, value=78693.0
    [iter 4089371] reheat + diversify: ceiling=0.00, value=88609.0
    [iter 4095124] reheat + diversify: ceiling=0.00, value=60911.0
    [iter 4100877] reheat + diversify: ceiling=0.00, value=70866.0
    [iter 4106630] reheat + diversify: ceiling=0.00, value=73781.0
    [iter 4112383] reheat + diversify: ceiling=0.00, value=86914.0
    [iter 4118136] reheat + diversify: ceiling=0.00, value=84423.0
    [iter 4123889] reheat + diversify: ceiling=0.00, value=71505.0
    [iter 4129642] reheat + diversify: ceiling=0.00, value=89605.0
    [iter 4135395] reheat + diversify: ceiling=0.00, value=85374.0
    [iter 4141148] reheat + diversify: ceiling=0.00, value=67898.0
    [iter 4146901] reheat + diversify: ceiling=0.00, value=83036.0
    [iter 4152654] reheat + diversify: ceiling=0.00, value=60911.0
    [iter 4158407] reheat + diversify: ceiling=0.00, value=72768.0
    [iter 4164160] reheat + diversify: ceiling=0.00, value=48771.0
    [iter 4169913] reheat + diversify: ceiling=0.00, value=74462.0
    [iter 4175666] reheat + diversify: ceiling=0.00, value=76591.0
    [iter 4181419] reheat + diversify: ceiling=0.00, value=88037.0
    [iter 4187172] reheat + diversify: ceiling=0.00, value=89048.0
    [iter 4192925] reheat + diversify: ceiling=0.00, value=86471.0
    [iter 4198678] reheat + diversify: ceiling=0.00, value=76038.0
    [iter 4204431] reheat + diversify: ceiling=0.00, value=68073.0
    [iter 4210184] reheat + diversify: ceiling=0.00, value=59569.0
    [iter 4215937] reheat + diversify: ceiling=0.00, value=78186.0
    [iter 4221690] reheat + diversify: ceiling=0.00, value=61888.0
    [iter 4227443] reheat + diversify: ceiling=0.00, value=77182.0
    [iter 4233196] reheat + diversify: ceiling=0.00, value=62536.0
    [iter 4238949] reheat + diversify: ceiling=0.00, value=81303.0
    [iter 4244702] reheat + diversify: ceiling=0.00, value=89246.0
    [iter 4250455] reheat + diversify: ceiling=0.00, value=75933.0
    [iter 4256208] reheat + diversify: ceiling=0.00, value=59087.0
    [iter 4261961] reheat + diversify: ceiling=0.00, value=87545.0
    [iter 4267714] reheat + diversify: ceiling=0.00, value=106926.0
    [iter 4273467] reheat + diversify: ceiling=0.00, value=62310.0
    [iter 4279220] reheat + diversify: ceiling=0.00, value=67888.0
    [iter 4284973] reheat + diversify: ceiling=0.00, value=47970.0
    [iter 4290726] reheat + diversify: ceiling=0.00, value=80356.0
    [iter 4296479] reheat + diversify: ceiling=0.00, value=71744.0
    [iter 4302232] reheat + diversify: ceiling=0.00, value=72998.0
    [iter 4307985] reheat + diversify: ceiling=0.00, value=66432.0
    [iter 4313738] reheat + diversify: ceiling=0.00, value=59085.0
    [iter 4319491] reheat + diversify: ceiling=0.00, value=55260.0
    [iter 4325244] reheat + diversify: ceiling=0.00, value=69924.0
    [iter 4330997] reheat + diversify: ceiling=0.00, value=57113.0
    [iter 4336750] reheat + diversify: ceiling=0.00, value=86889.0
    [iter 4342503] reheat + diversify: ceiling=0.00, value=66721.0
    [iter 4348256] reheat + diversify: ceiling=0.00, value=75776.0
    [iter 4354009] reheat + diversify: ceiling=0.00, value=80765.0
    [iter 4359762] reheat + diversify: ceiling=0.00, value=83036.0
    [iter 4365515] reheat + diversify: ceiling=0.00, value=63658.0
    [iter 4371268] reheat + diversify: ceiling=0.00, value=43884.0
    [iter 4377021] reheat + diversify: ceiling=0.00, value=65232.0
    [iter 4382774] reheat + diversify: ceiling=0.00, value=70838.0
    [iter 4388527] reheat + diversify: ceiling=0.00, value=94670.0
    [iter 4394280] reheat + diversify: ceiling=0.00, value=71205.0
    [iter 4400033] reheat + diversify: ceiling=0.00, value=43716.0
    [iter 4405786] reheat + diversify: ceiling=0.00, value=71912.0
    [iter 4411539] reheat + diversify: ceiling=0.00, value=88518.0
    [iter 4417292] reheat + diversify: ceiling=0.00, value=79465.0
    [iter 4423045] reheat + diversify: ceiling=0.00, value=98244.0
    [iter 4428798] reheat + diversify: ceiling=0.00, value=57785.0
    [iter 4434551] reheat + diversify: ceiling=0.00, value=53174.0
    [iter 4440304] reheat + diversify: ceiling=0.00, value=86127.0
    [iter 4446057] reheat + diversify: ceiling=0.00, value=82626.0
    [iter 4451810] reheat + diversify: ceiling=0.00, value=62490.0
    [iter 4457563] reheat + diversify: ceiling=0.00, value=73915.0
    [iter 4463316] reheat + diversify: ceiling=0.00, value=84387.0
    [iter 4469069] reheat + diversify: ceiling=0.00, value=69966.0
    [iter 4474822] reheat + diversify: ceiling=0.00, value=92198.0
    [iter 4480575] reheat + diversify: ceiling=0.00, value=72274.0
    [iter 4486328] reheat + diversify: ceiling=0.00, value=61747.0
    [iter 4492081] reheat + diversify: ceiling=0.00, value=76622.0
    [iter 4497834] reheat + diversify: ceiling=0.00, value=74984.0
    [iter 4503587] reheat + diversify: ceiling=0.00, value=86474.0
    [iter 4509340] reheat + diversify: ceiling=0.00, value=63768.0
    [iter 4515093] reheat + diversify: ceiling=0.00, value=85689.0
    [iter 4520846] reheat + diversify: ceiling=0.00, value=80164.0
    [iter 4526599] reheat + diversify: ceiling=0.00, value=71261.0
    [iter 4532352] reheat + diversify: ceiling=0.00, value=81567.0
    [iter 4538105] reheat + diversify: ceiling=0.00, value=66721.0
    [iter 4543858] reheat + diversify: ceiling=0.00, value=85053.0
    [iter 4549611] reheat + diversify: ceiling=0.00, value=95205.0
    [iter 4555364] reheat + diversify: ceiling=0.00, value=67149.0
    [iter 4561117] reheat + diversify: ceiling=0.00, value=70305.0
    [iter 4566870] reheat + diversify: ceiling=0.00, value=59548.0
    [iter 4572623] reheat + diversify: ceiling=0.00, value=95379.0
    [iter 4578376] reheat + diversify: ceiling=0.00, value=77994.0
    [iter 4584129] reheat + diversify: ceiling=0.00, value=55010.0
    [iter 4589882] reheat + diversify: ceiling=0.00, value=51541.0
    [iter 4595635] reheat + diversify: ceiling=0.00, value=77609.0
    [iter 4601388] reheat + diversify: ceiling=0.00, value=78206.0
    [iter 4607141] reheat + diversify: ceiling=0.00, value=91203.0
    [iter 4612894] reheat + diversify: ceiling=0.00, value=96736.0
    [iter 4618647] reheat + diversify: ceiling=0.00, value=76804.0
    [iter 4624400] reheat + diversify: ceiling=0.00, value=58117.0
    [iter 4630153] reheat + diversify: ceiling=0.00, value=76366.0
    [iter 4635906] reheat + diversify: ceiling=0.00, value=65884.0
    [iter 4641659] reheat + diversify: ceiling=0.00, value=73927.0
    [iter 4647412] reheat + diversify: ceiling=0.00, value=74054.0
    [iter 4653165] reheat + diversify: ceiling=0.00, value=65178.0
    [iter 4658918] reheat + diversify: ceiling=0.00, value=74644.0
    [iter 4664671] reheat + diversify: ceiling=0.00, value=78404.0
    [iter 4670424] reheat + diversify: ceiling=0.00, value=75229.0
    [iter 4676177] reheat + diversify: ceiling=0.00, value=62177.0
    [iter 4681930] reheat + diversify: ceiling=0.00, value=71738.0
    [iter 4687683] reheat + diversify: ceiling=0.00, value=75571.0
    [iter 4693436] reheat + diversify: ceiling=0.00, value=84978.0
    [iter 4699189] reheat + diversify: ceiling=0.00, value=71599.0
    [iter 4704942] reheat + diversify: ceiling=0.00, value=51555.0
    [iter 4710695] reheat + diversify: ceiling=0.00, value=80276.0
    [iter 4716448] reheat + diversify: ceiling=0.00, value=61343.0
    [iter 4722201] reheat + diversify: ceiling=0.00, value=82957.0
    [iter 4727954] reheat + diversify: ceiling=0.00, value=67150.0
    [iter 4733707] reheat + diversify: ceiling=0.00, value=79463.0
    [iter 4739460] reheat + diversify: ceiling=0.00, value=84147.0
    [iter 4745213] reheat + diversify: ceiling=0.00, value=45720.0
    [iter 4750966] reheat + diversify: ceiling=0.00, value=67449.0
    [iter 4756719] reheat + diversify: ceiling=0.00, value=78843.0
    [iter 4762472] reheat + diversify: ceiling=0.00, value=47623.0
    [iter 4768225] reheat + diversify: ceiling=0.00, value=67170.0
    [iter 4773978] reheat + diversify: ceiling=0.00, value=65192.0
    [iter 4779731] reheat + diversify: ceiling=0.00, value=71633.0
    [iter 4785484] reheat + diversify: ceiling=0.00, value=100346.0
    [iter 4791237] reheat + diversify: ceiling=0.00, value=80615.0
    [iter 4796990] reheat + diversify: ceiling=0.00, value=91317.0
    [iter 4802743] reheat + diversify: ceiling=0.00, value=72445.0
    [iter 4808496] reheat + diversify: ceiling=0.00, value=66991.0
    [iter 4814249] reheat + diversify: ceiling=0.00, value=66621.0
    [iter 4820002] reheat + diversify: ceiling=0.00, value=66313.0
    [iter 4825755] reheat + diversify: ceiling=0.00, value=85961.0
    [iter 4831508] reheat + diversify: ceiling=0.00, value=67320.0
    [iter 4837261] reheat + diversify: ceiling=0.00, value=89899.0
    [iter 4843014] reheat + diversify: ceiling=0.00, value=87160.0
    [iter 4848767] reheat + diversify: ceiling=0.00, value=88936.0
    [iter 4854520] reheat + diversify: ceiling=0.00, value=91841.0
    [iter 4860273] reheat + diversify: ceiling=0.00, value=100156.0
    [iter 4866026] reheat + diversify: ceiling=0.00, value=81456.0
    [iter 4871779] reheat + diversify: ceiling=0.00, value=68344.0
    [iter 4877532] reheat + diversify: ceiling=0.00, value=102378.0
    [iter 4883285] reheat + diversify: ceiling=0.00, value=82956.0
    [iter 4889038] reheat + diversify: ceiling=0.00, value=74005.0
    [iter 4894791] reheat + diversify: ceiling=0.00, value=65408.0
    [iter 4900544] reheat + diversify: ceiling=0.00, value=67456.0
    [iter 4906297] reheat + diversify: ceiling=0.00, value=77621.0
    [iter 4912050] reheat + diversify: ceiling=0.00, value=84978.0
    [iter 4917803] reheat + diversify: ceiling=0.00, value=86223.0
    [iter 4923556] reheat + diversify: ceiling=0.00, value=86510.0
    [iter 4929309] reheat + diversify: ceiling=0.00, value=70260.0
    [iter 4935062] reheat + diversify: ceiling=0.00, value=73428.0
    [iter 4940815] reheat + diversify: ceiling=0.00, value=70122.0
    [iter 4946568] reheat + diversify: ceiling=0.00, value=83321.0
    [iter 4952321] reheat + diversify: ceiling=0.00, value=55145.0
    [iter 4958074] reheat + diversify: ceiling=0.00, value=64615.0
    [iter 4963827] reheat + diversify: ceiling=0.00, value=70872.0
    [iter 4969580] reheat + diversify: ceiling=0.00, value=71567.0
    [iter 4975333] reheat + diversify: ceiling=0.00, value=70511.0
    [iter 4981086] reheat + diversify: ceiling=0.00, value=70928.0
    [iter 4986839] reheat + diversify: ceiling=0.00, value=51059.0
    [iter 4992592] reheat + diversify: ceiling=0.00, value=89137.0
    [iter 4998345] reheat + diversify: ceiling=0.00, value=66989.0
    [iter 5004098] reheat + diversify: ceiling=0.00, value=51922.0
    [iter 5009851] reheat + diversify: ceiling=0.00, value=82436.0
    [iter 5015604] reheat + diversify: ceiling=0.00, value=104009.0
    [iter 5021357] reheat + diversify: ceiling=0.00, value=101817.0
    [iter 5027110] reheat + diversify: ceiling=0.00, value=90694.0
    [iter 5032863] reheat + diversify: ceiling=0.00, value=64752.0
    [iter 5038616] reheat + diversify: ceiling=0.00, value=93679.0
    [iter 5044369] reheat + diversify: ceiling=0.00, value=79948.0
    [iter 5050122] reheat + diversify: ceiling=0.00, value=76539.0
    [iter 5055875] reheat + diversify: ceiling=0.00, value=97951.0
    [iter 5061628] reheat + diversify: ceiling=0.00, value=61374.0
    [iter 5067381] reheat + diversify: ceiling=0.00, value=69171.0
    [iter 5073134] reheat + diversify: ceiling=0.00, value=95531.0
    [iter 5078887] reheat + diversify: ceiling=0.00, value=72350.0
    [iter 5084640] reheat + diversify: ceiling=0.00, value=72000.0
    [iter 5090393] reheat + diversify: ceiling=0.00, value=76037.0
    [iter 5096146] reheat + diversify: ceiling=0.00, value=67409.0
    [iter 5101899] reheat + diversify: ceiling=0.00, value=78510.0
    [iter 5107652] reheat + diversify: ceiling=0.00, value=77464.0
    [iter 5113405] reheat + diversify: ceiling=0.00, value=82838.0
    [iter 5119158] reheat + diversify: ceiling=0.00, value=78946.0
    [iter 5124911] reheat + diversify: ceiling=0.00, value=61485.0
    [iter 5130664] reheat + diversify: ceiling=0.00, value=96086.0
    [iter 5136417] reheat + diversify: ceiling=0.00, value=90926.0
    [iter 5142170] reheat + diversify: ceiling=0.00, value=86618.0
    [iter 5147923] reheat + diversify: ceiling=0.00, value=98915.0
    [iter 5153676] reheat + diversify: ceiling=0.00, value=74410.0
    [iter 5159429] reheat + diversify: ceiling=0.00, value=62041.0
    [iter 5165182] reheat + diversify: ceiling=0.00, value=58772.0
    [iter 5170935] reheat + diversify: ceiling=0.00, value=88148.0
    [iter 5176688] reheat + diversify: ceiling=0.00, value=81359.0
    [iter 5182441] reheat + diversify: ceiling=0.00, value=95205.0
    [iter 5188194] reheat + diversify: ceiling=0.00, value=52984.0
    [iter 5193947] reheat + diversify: ceiling=0.00, value=95517.0
    [iter 5199700] reheat + diversify: ceiling=0.00, value=61068.0
    [iter 5205453] reheat + diversify: ceiling=0.00, value=76978.0
    [iter 5211206] reheat + diversify: ceiling=0.00, value=85671.0
    [iter 5216959] reheat + diversify: ceiling=0.00, value=80731.0
    [iter 5222712] reheat + diversify: ceiling=0.00, value=89210.0
    [iter 5228465] reheat + diversify: ceiling=0.00, value=86100.0
    [iter 5234218] reheat + diversify: ceiling=0.00, value=67212.0
    [iter 5239971] reheat + diversify: ceiling=0.00, value=84551.0
    [iter 5245724] reheat + diversify: ceiling=0.00, value=85541.0
    [iter 5251477] reheat + diversify: ceiling=0.00, value=83823.0
    [iter 5257230] reheat + diversify: ceiling=0.00, value=69889.0
    [iter 5262983] reheat + diversify: ceiling=0.00, value=64439.0
    [iter 5268736] reheat + diversify: ceiling=0.00, value=69038.0
    [iter 5274489] reheat + diversify: ceiling=0.00, value=66363.0
    [iter 5280242] reheat + diversify: ceiling=0.00, value=92858.0
    [iter 5285995] reheat + diversify: ceiling=0.00, value=82620.0
    [iter 5291748] reheat + diversify: ceiling=0.00, value=74681.0
    [iter 5297501] reheat + diversify: ceiling=0.00, value=63774.0
    [iter 5303254] reheat + diversify: ceiling=0.00, value=64915.0
    [iter 5309007] reheat + diversify: ceiling=0.00, value=88173.0
    [iter 5314760] reheat + diversify: ceiling=0.00, value=70617.0
    [iter 5320513] reheat + diversify: ceiling=0.00, value=52413.0
    [iter 5326266] reheat + diversify: ceiling=0.00, value=71082.0
    [iter 5332019] reheat + diversify: ceiling=0.00, value=68051.0
    [iter 5337772] reheat + diversify: ceiling=0.00, value=64698.0
    [iter 5343525] reheat + diversify: ceiling=0.00, value=64622.0
    [iter 5349278] reheat + diversify: ceiling=0.00, value=83198.0
    [iter 5355031] reheat + diversify: ceiling=0.00, value=70540.0
    [iter 5360784] reheat + diversify: ceiling=0.00, value=60082.0
    [iter 5366537] reheat + diversify: ceiling=0.00, value=61757.0
    [iter 5372290] reheat + diversify: ceiling=0.00, value=83387.0
    [iter 5378043] reheat + diversify: ceiling=0.00, value=88564.0
    [iter 5383796] reheat + diversify: ceiling=0.00, value=54127.0
    [iter 5389549] reheat + diversify: ceiling=0.00, value=63366.0
    [iter 5395302] reheat + diversify: ceiling=0.00, value=76107.0
    [iter 5401055] reheat + diversify: ceiling=0.00, value=80958.0
    [iter 5406808] reheat + diversify: ceiling=0.00, value=64084.0
    [iter 5412561] reheat + diversify: ceiling=0.00, value=63181.0
    [iter 5418314] reheat + diversify: ceiling=0.00, value=47686.0
    [iter 5424067] reheat + diversify: ceiling=0.00, value=79724.0
    [iter 5429820] reheat + diversify: ceiling=0.00, value=84079.0
    [iter 5435573] reheat + diversify: ceiling=0.00, value=76279.0
    [iter 5441326] reheat + diversify: ceiling=0.00, value=76010.0
    [iter 5447079] reheat + diversify: ceiling=0.00, value=107494.0
    [iter 5452832] reheat + diversify: ceiling=0.00, value=82443.0
    [iter 5458585] reheat + diversify: ceiling=0.00, value=67741.0
    [iter 5464338] reheat + diversify: ceiling=0.00, value=73546.0
    [iter 5470091] reheat + diversify: ceiling=0.00, value=85689.0
    [iter 5475844] reheat + diversify: ceiling=0.00, value=107834.0
    [iter 5481597] reheat + diversify: ceiling=0.00, value=92740.0
    [iter 5487350] reheat + diversify: ceiling=0.00, value=85689.0
    [iter 5493103] reheat + diversify: ceiling=0.00, value=90744.0
    [iter 5498856] reheat + diversify: ceiling=0.00, value=95452.0
    [iter 5504609] reheat + diversify: ceiling=0.00, value=93742.0
    [iter 5510362] reheat + diversify: ceiling=0.00, value=83921.0
    [iter 5516115] reheat + diversify: ceiling=0.00, value=62101.0
    [iter 5521868] reheat + diversify: ceiling=0.00, value=64132.0
    [iter 5527621] reheat + diversify: ceiling=0.00, value=92894.0
    [iter 5533374] reheat + diversify: ceiling=0.00, value=79948.0
    [iter 5539127] reheat + diversify: ceiling=0.00, value=97455.0
    [iter 5544880] reheat + diversify: ceiling=0.00, value=81896.0
    [iter 5550633] reheat + diversify: ceiling=0.00, value=68456.0
    [iter 5556386] reheat + diversify: ceiling=0.00, value=77274.0
    [iter 5562139] reheat + diversify: ceiling=0.00, value=81889.0
    [iter 5567892] reheat + diversify: ceiling=0.00, value=83129.0
    [iter 5573645] reheat + diversify: ceiling=0.00, value=80967.0
    [iter 5579398] reheat + diversify: ceiling=0.00, value=80843.0
    [iter 5585151] reheat + diversify: ceiling=0.00, value=67948.0
    [iter 5590904] reheat + diversify: ceiling=0.00, value=92830.0
    [iter 5596657] reheat + diversify: ceiling=0.00, value=77138.0
    [iter 5602410] reheat + diversify: ceiling=0.00, value=87091.0
    [iter 5608163] reheat + diversify: ceiling=0.00, value=60825.0
    [iter 5613916] reheat + diversify: ceiling=0.00, value=70207.0
    [iter 5619669] reheat + diversify: ceiling=0.00, value=63757.0
    [iter 5625422] reheat + diversify: ceiling=0.00, value=70669.0
    [iter 5631175] reheat + diversify: ceiling=0.00, value=75177.0
    [iter 5636928] reheat + diversify: ceiling=0.00, value=71344.0
    [iter 5642681] reheat + diversify: ceiling=0.00, value=83626.0
    [iter 5648434] reheat + diversify: ceiling=0.00, value=88799.0
    [iter 5654187] reheat + diversify: ceiling=0.00, value=98669.0
    [iter 5659940] reheat + diversify: ceiling=0.00, value=68306.0
    [iter 5665693] reheat + diversify: ceiling=0.00, value=72100.0
    [iter 5671446] reheat + diversify: ceiling=0.00, value=70845.0
    [iter 5677199] reheat + diversify: ceiling=0.00, value=56666.0
    [iter 5682952] reheat + diversify: ceiling=0.00, value=56340.0
    [iter 5688705] reheat + diversify: ceiling=0.00, value=65834.0
    [iter 5694458] reheat + diversify: ceiling=0.00, value=62617.0
    [iter 5700211] reheat + diversify: ceiling=0.00, value=103527.0
    [iter 5705964] reheat + diversify: ceiling=0.00, value=71503.0
    [iter 5711717] reheat + diversify: ceiling=0.00, value=87757.0
    [iter 5717470] reheat + diversify: ceiling=0.00, value=69187.0
    [iter 5723223] reheat + diversify: ceiling=0.00, value=93682.0
    [iter 5728976] reheat + diversify: ceiling=0.00, value=97894.0
    [iter 5734729] reheat + diversify: ceiling=0.00, value=89605.0
    [iter 5740482] reheat + diversify: ceiling=0.00, value=73595.0
    [iter 5746235] reheat + diversify: ceiling=0.00, value=90463.0
    [iter 5751988] reheat + diversify: ceiling=0.00, value=66180.0
    [iter 5757741] reheat + diversify: ceiling=0.00, value=75704.0
    [iter 5763494] reheat + diversify: ceiling=0.00, value=82905.0
    [iter 5769247] reheat + diversify: ceiling=0.00, value=61600.0
    [iter 5775000] reheat + diversify: ceiling=0.00, value=80101.0
    [iter 5780753] reheat + diversify: ceiling=0.00, value=91934.0
    [iter 5786506] reheat + diversify: ceiling=0.00, value=69000.0
    [iter 5792259] reheat + diversify: ceiling=0.00, value=99796.0
    [iter 5798012] reheat + diversify: ceiling=0.00, value=69147.0
    [iter 5803765] reheat + diversify: ceiling=0.00, value=90737.0
    [iter 5809518] reheat + diversify: ceiling=0.00, value=47106.0
    [iter 5815271] reheat + diversify: ceiling=0.00, value=52573.0
    [iter 5821024] reheat + diversify: ceiling=0.00, value=81201.0
    [iter 5826777] reheat + diversify: ceiling=0.00, value=83253.0
    [iter 5832530] reheat + diversify: ceiling=0.00, value=91046.0
    [iter 5838283] reheat + diversify: ceiling=0.00, value=84861.0
    [iter 5844036] reheat + diversify: ceiling=0.00, value=86392.0
    [iter 5849789] reheat + diversify: ceiling=0.00, value=92602.0
    [iter 5855542] reheat + diversify: ceiling=0.00, value=72380.0
    [iter 5861295] reheat + diversify: ceiling=0.00, value=77806.0
    [iter 5867048] reheat + diversify: ceiling=0.00, value=71620.0
    [iter 5872801] reheat + diversify: ceiling=0.00, value=56666.0
    [iter 5878554] reheat + diversify: ceiling=0.00, value=64236.0
    [iter 5884307] reheat + diversify: ceiling=0.00, value=89857.0
    [iter 5890060] reheat + diversify: ceiling=0.00, value=71756.0
    [iter 5895813] reheat + diversify: ceiling=0.00, value=70567.0
    [iter 5901566] reheat + diversify: ceiling=0.00, value=99823.0
    [iter 5907319] reheat + diversify: ceiling=0.00, value=59894.0
    [iter 5913072] reheat + diversify: ceiling=0.00, value=58516.0
    [iter 5918825] reheat + diversify: ceiling=0.00, value=71633.0
    [iter 5924578] reheat + diversify: ceiling=0.00, value=84136.0
    [iter 5930331] reheat + diversify: ceiling=0.00, value=66300.0
    [iter 5936084] reheat + diversify: ceiling=0.00, value=68342.0
    [iter 5941837] reheat + diversify: ceiling=0.00, value=68069.0
    [iter 5947590] reheat + diversify: ceiling=0.00, value=92584.0
    [iter 5953343] reheat + diversify: ceiling=0.00, value=93900.0
    [iter 5959096] reheat + diversify: ceiling=0.00, value=53318.0
    [iter 5964849] reheat + diversify: ceiling=0.00, value=79270.0
    [iter 5970602] reheat + diversify: ceiling=0.00, value=93170.0
    [iter 5976355] reheat + diversify: ceiling=0.00, value=42787.0
    [iter 5982108] reheat + diversify: ceiling=0.00, value=76492.0
    [iter 5987861] reheat + diversify: ceiling=0.00, value=82662.0
    [iter 5993614] reheat + diversify: ceiling=0.00, value=70582.0
    [iter 5999367] reheat + diversify: ceiling=0.00, value=90052.0
    [iter 6005120] reheat + diversify: ceiling=0.00, value=87359.0
    [iter 6010873] reheat + diversify: ceiling=0.00, value=77152.0
    [iter 6016626] reheat + diversify: ceiling=0.00, value=70490.0
    [iter 6022379] reheat + diversify: ceiling=0.00, value=87001.0
    [iter 6028132] reheat + diversify: ceiling=0.00, value=74408.0
    [iter 6033885] reheat + diversify: ceiling=0.00, value=82656.0
    [iter 6039638] reheat + diversify: ceiling=0.00, value=86127.0
    [iter 6045391] reheat + diversify: ceiling=0.00, value=99779.0
    [iter 6051144] reheat + diversify: ceiling=0.00, value=93659.0
    [iter 6056897] reheat + diversify: ceiling=0.00, value=78905.0
    [iter 6062650] reheat + diversify: ceiling=0.00, value=63623.0
    [iter 6068403] reheat + diversify: ceiling=0.00, value=69720.0
    [iter 6074156] reheat + diversify: ceiling=0.00, value=87717.0
    [iter 6079909] reheat + diversify: ceiling=0.00, value=52088.0
    [iter 6085662] reheat + diversify: ceiling=0.00, value=87372.0
    [iter 6091415] reheat + diversify: ceiling=0.00, value=96521.0
    [iter 6097168] reheat + diversify: ceiling=0.00, value=84540.0
    [iter 6102921] reheat + diversify: ceiling=0.00, value=78864.0
    [iter 6108674] reheat + diversify: ceiling=0.00, value=66279.0
    [iter 6114427] reheat + diversify: ceiling=0.00, value=75297.0
    [iter 6120180] reheat + diversify: ceiling=0.00, value=78226.0
    [iter 6125933] reheat + diversify: ceiling=0.00, value=89697.0
    [iter 6131686] reheat + diversify: ceiling=0.00, value=58658.0
    [iter 6137439] reheat + diversify: ceiling=0.00, value=93099.0
    [iter 6143192] reheat + diversify: ceiling=0.00, value=66158.0
    [iter 6148945] reheat + diversify: ceiling=0.00, value=66729.0
    [iter 6154698] reheat + diversify: ceiling=0.00, value=77764.0
    [iter 6160451] reheat + diversify: ceiling=0.00, value=68007.0
    [iter 6166204] reheat + diversify: ceiling=0.00, value=66972.0
    [iter 6171957] reheat + diversify: ceiling=0.00, value=74787.0
    [iter 6177710] reheat + diversify: ceiling=0.00, value=81469.0
    [iter 6183463] reheat + diversify: ceiling=0.00, value=94430.0
    [iter 6189216] reheat + diversify: ceiling=0.00, value=60557.0
    [iter 6194969] reheat + diversify: ceiling=0.00, value=88810.0
    [iter 6200722] reheat + diversify: ceiling=0.00, value=73832.0
    [iter 6206475] reheat + diversify: ceiling=0.00, value=76561.0
    [iter 6212228] reheat + diversify: ceiling=0.00, value=72197.0
    [iter 6217981] reheat + diversify: ceiling=0.00, value=63237.0
    [iter 6223734] reheat + diversify: ceiling=0.00, value=72745.0
    [iter 6229487] reheat + diversify: ceiling=0.00, value=78210.0
    [iter 6235240] reheat + diversify: ceiling=0.00, value=54356.0
    [iter 6240993] reheat + diversify: ceiling=0.00, value=67337.0
    [iter 6246746] reheat + diversify: ceiling=0.00, value=86474.0
    [iter 6252499] reheat + diversify: ceiling=0.00, value=90444.0
    [iter 6258252] reheat + diversify: ceiling=0.00, value=104058.0
    [iter 6264005] reheat + diversify: ceiling=0.00, value=55708.0
    [iter 6269758] reheat + diversify: ceiling=0.00, value=90445.0
    [iter 6275511] reheat + diversify: ceiling=0.00, value=55248.0
    [iter 6281264] reheat + diversify: ceiling=0.00, value=68440.0
    [iter 6287017] reheat + diversify: ceiling=0.00, value=53089.0
    [iter 6292770] reheat + diversify: ceiling=0.00, value=59716.0
    [iter 6298523] reheat + diversify: ceiling=0.00, value=65342.0
    [iter 6304276] reheat + diversify: ceiling=0.00, value=94490.0
    [iter 6310029] reheat + diversify: ceiling=0.00, value=74408.0
    [iter 6315782] reheat + diversify: ceiling=0.00, value=71480.0
    [iter 6321535] reheat + diversify: ceiling=0.00, value=66792.0
    [iter 6327288] reheat + diversify: ceiling=0.00, value=77082.0
    [iter 6333041] reheat + diversify: ceiling=0.00, value=81854.0
    [iter 6338794] reheat + diversify: ceiling=0.00, value=70406.0
    [iter 6344547] reheat + diversify: ceiling=0.00, value=88598.0
    [iter 6350300] reheat + diversify: ceiling=0.00, value=58611.0
    [iter 6356053] reheat + diversify: ceiling=0.00, value=89094.0
    [iter 6361806] reheat + diversify: ceiling=0.00, value=81065.0
    [iter 6367559] reheat + diversify: ceiling=0.00, value=83143.0
    [iter 6373312] reheat + diversify: ceiling=0.00, value=78581.0
    [iter 6379065] reheat + diversify: ceiling=0.00, value=91996.0
    [iter 6384818] reheat + diversify: ceiling=0.00, value=85486.0
    [iter 6390571] reheat + diversify: ceiling=0.00, value=83580.0
    [iter 6396324] reheat + diversify: ceiling=0.00, value=91496.0
    [iter 6402077] reheat + diversify: ceiling=0.00, value=82258.0
    [iter 6407830] reheat + diversify: ceiling=0.00, value=97443.0
    [iter 6413583] reheat + diversify: ceiling=0.00, value=75980.0
    [iter 6419336] reheat + diversify: ceiling=0.00, value=46193.0
    [iter 6425089] reheat + diversify: ceiling=0.00, value=90364.0
    [iter 6430842] reheat + diversify: ceiling=0.00, value=77727.0
    [iter 6436595] reheat + diversify: ceiling=0.00, value=80234.0
    [iter 6442348] reheat + diversify: ceiling=0.00, value=75866.0
    [iter 6448101] reheat + diversify: ceiling=0.00, value=66018.0
    [iter 6453854] reheat + diversify: ceiling=0.00, value=76774.0
    [iter 6459607] reheat + diversify: ceiling=0.00, value=90919.0
    [iter 6465360] reheat + diversify: ceiling=0.00, value=80294.0
    [iter 6471113] reheat + diversify: ceiling=0.00, value=90150.0
    [iter 6476866] reheat + diversify: ceiling=0.00, value=75370.0
    [iter 6482619] reheat + diversify: ceiling=0.00, value=84508.0
    [iter 6488372] reheat + diversify: ceiling=0.00, value=68357.0
    [iter 6494125] reheat + diversify: ceiling=0.00, value=73487.0
    [iter 6499878] reheat + diversify: ceiling=0.00, value=66245.0
    [iter 6505631] reheat + diversify: ceiling=0.00, value=49974.0
    [iter 6511384] reheat + diversify: ceiling=0.00, value=64851.0
    [iter 6517137] reheat + diversify: ceiling=0.00, value=90744.0
    [iter 6522890] reheat + diversify: ceiling=0.00, value=55281.0
    [iter 6528643] reheat + diversify: ceiling=0.00, value=94019.0
    [iter 6534396] reheat + diversify: ceiling=0.00, value=83280.0
    [iter 6540149] reheat + diversify: ceiling=0.00, value=73518.0
    [iter 6545902] reheat + diversify: ceiling=0.00, value=92894.0
    [iter 6551655] reheat + diversify: ceiling=0.00, value=64300.0
    [iter 6557408] reheat + diversify: ceiling=0.00, value=62012.0
    [iter 6563161] reheat + diversify: ceiling=0.00, value=98778.0
    [iter 6568914] reheat + diversify: ceiling=0.00, value=81882.0
    [iter 6574667] reheat + diversify: ceiling=0.00, value=74120.0
    [iter 6580420] reheat + diversify: ceiling=0.00, value=73700.0
    [iter 6586173] reheat + diversify: ceiling=0.00, value=104051.0
    [iter 6591926] reheat + diversify: ceiling=0.00, value=82766.0
    [iter 6597679] reheat + diversify: ceiling=0.00, value=84790.0
    [iter 6603432] reheat + diversify: ceiling=0.00, value=63393.0
    [iter 6609185] reheat + diversify: ceiling=0.00, value=87912.0
    [iter 6614938] reheat + diversify: ceiling=0.00, value=61947.0
    [iter 6620691] reheat + diversify: ceiling=0.00, value=64949.0
    [iter 6626444] reheat + diversify: ceiling=0.00, value=100375.0
    [iter 6632197] reheat + diversify: ceiling=0.00, value=90236.0
    [iter 6637950] reheat + diversify: ceiling=0.00, value=87790.0
    [iter 6643703] reheat + diversify: ceiling=0.00, value=50403.0
    [iter 6649456] reheat + diversify: ceiling=0.00, value=61111.0
    [iter 6655209] reheat + diversify: ceiling=0.00, value=98809.0
    [iter 6660962] reheat + diversify: ceiling=0.00, value=51756.0
    [iter 6666715] reheat + diversify: ceiling=0.00, value=87635.0
    [iter 6672468] reheat + diversify: ceiling=0.00, value=74047.0
    [iter 6678221] reheat + diversify: ceiling=0.00, value=81643.0
    [iter 6683974] reheat + diversify: ceiling=0.00, value=75090.0
    [iter 6689727] reheat + diversify: ceiling=0.00, value=84423.0
    [iter 6695480] reheat + diversify: ceiling=0.00, value=79518.0
    [iter 6701233] reheat + diversify: ceiling=0.00, value=65644.0
    [iter 6706986] reheat + diversify: ceiling=0.00, value=46306.0
    [iter 6712739] reheat + diversify: ceiling=0.00, value=88401.0
    [iter 6718492] reheat + diversify: ceiling=0.00, value=63737.0
    [iter 6724245] reheat + diversify: ceiling=0.00, value=59796.0
    [iter 6729998] reheat + diversify: ceiling=0.00, value=92388.0
    [iter 6735751] reheat + diversify: ceiling=0.00, value=77237.0
    [iter 6741504] reheat + diversify: ceiling=0.00, value=70260.0
    [iter 6747257] reheat + diversify: ceiling=0.00, value=95679.0
    [iter 6753010] reheat + diversify: ceiling=0.00, value=69053.0
    [iter 6758763] reheat + diversify: ceiling=0.00, value=75941.0
    [iter 6764516] reheat + diversify: ceiling=0.00, value=87071.0
    [iter 6770269] reheat + diversify: ceiling=0.00, value=70766.0
    [iter 6776022] reheat + diversify: ceiling=0.00, value=88155.0
    [iter 6781775] reheat + diversify: ceiling=0.00, value=62448.0
    [iter 6787528] reheat + diversify: ceiling=0.00, value=61411.0
    [iter 6793281] reheat + diversify: ceiling=0.00, value=64967.0
    [iter 6799034] reheat + diversify: ceiling=0.00, value=57604.0
    [iter 6804787] reheat + diversify: ceiling=0.00, value=50430.0
    [iter 6810540] reheat + diversify: ceiling=0.00, value=84605.0
    [iter 6816293] reheat + diversify: ceiling=0.00, value=67371.0
    [iter 6822046] reheat + diversify: ceiling=0.00, value=66773.0
    [iter 6827799] reheat + diversify: ceiling=0.00, value=69640.0
    [iter 6833552] reheat + diversify: ceiling=0.00, value=68878.0
    [iter 6839305] reheat + diversify: ceiling=0.00, value=71283.0
    [iter 6845058] reheat + diversify: ceiling=0.00, value=93940.0
    [iter 6850811] reheat + diversify: ceiling=0.00, value=78681.0
    [iter 6856564] reheat + diversify: ceiling=0.00, value=75346.0
    [iter 6862317] reheat + diversify: ceiling=0.00, value=74175.0
    [iter 6868070] reheat + diversify: ceiling=0.00, value=59894.0
    [iter 6873823] reheat + diversify: ceiling=0.00, value=73363.0
    [iter 6879576] reheat + diversify: ceiling=0.00, value=88788.0
    [iter 6885329] reheat + diversify: ceiling=0.00, value=61721.0
    [iter 6891082] reheat + diversify: ceiling=0.00, value=53705.0
    [iter 6896835] reheat + diversify: ceiling=0.00, value=58603.0
    [iter 6902588] reheat + diversify: ceiling=0.00, value=73306.0
    [iter 6908341] reheat + diversify: ceiling=0.00, value=91416.0
    [iter 6914094] reheat + diversify: ceiling=0.00, value=91529.0
    [iter 6919847] reheat + diversify: ceiling=0.00, value=76818.0
    [iter 6925600] reheat + diversify: ceiling=0.00, value=77275.0
    [iter 6931353] reheat + diversify: ceiling=0.00, value=83865.0
    [iter 6937106] reheat + diversify: ceiling=0.00, value=60203.0
    [iter 6942859] reheat + diversify: ceiling=0.00, value=77830.0
    [iter 6948612] reheat + diversify: ceiling=0.00, value=69972.0
    [iter 6954365] reheat + diversify: ceiling=0.00, value=82788.0
    [iter 6960118] reheat + diversify: ceiling=0.00, value=68995.0
    [iter 6965871] reheat + diversify: ceiling=0.00, value=81065.0
    [iter 6971624] reheat + diversify: ceiling=0.00, value=58803.0
    [iter 6977377] reheat + diversify: ceiling=0.00, value=61564.0
    [iter 6983130] reheat + diversify: ceiling=0.00, value=84605.0
    [iter 6988883] reheat + diversify: ceiling=0.00, value=106926.0
    [iter 6994636] reheat + diversify: ceiling=0.00, value=73697.0
    [iter 7000389] reheat + diversify: ceiling=0.00, value=73630.0
    [iter 7006142] reheat + diversify: ceiling=0.00, value=71633.0
    [iter 7011895] reheat + diversify: ceiling=0.00, value=89104.0
    [iter 7017648] reheat + diversify: ceiling=0.00, value=52849.0
    [iter 7023401] reheat + diversify: ceiling=0.00, value=60795.0
    [iter 7029154] reheat + diversify: ceiling=0.00, value=59736.0
    [iter 7034907] reheat + diversify: ceiling=0.00, value=82519.0
    [iter 7040660] reheat + diversify: ceiling=0.00, value=83139.0
    [iter 7046413] reheat + diversify: ceiling=0.00, value=87753.0
    [iter 7052166] reheat + diversify: ceiling=0.00, value=86471.0
    [iter 7057919] reheat + diversify: ceiling=0.00, value=49942.0
    [iter 7063672] reheat + diversify: ceiling=0.00, value=103259.0
    [iter 7069425] reheat + diversify: ceiling=0.00, value=100826.0
    [iter 7075178] reheat + diversify: ceiling=0.00, value=95421.0
    [iter 7080931] reheat + diversify: ceiling=0.00, value=90785.0
    [iter 7086684] reheat + diversify: ceiling=0.00, value=80510.0
    [iter 7092437] reheat + diversify: ceiling=0.00, value=54864.0
    [iter 7098190] reheat + diversify: ceiling=0.00, value=73290.0
    [iter 7103943] reheat + diversify: ceiling=0.00, value=79470.0
    [iter 7109696] reheat + diversify: ceiling=0.00, value=89029.0
    [iter 7115449] reheat + diversify: ceiling=0.00, value=51096.0
    [iter 7121202] reheat + diversify: ceiling=0.00, value=106692.0
    [iter 7126955] reheat + diversify: ceiling=0.00, value=71777.0
    [iter 7132708] reheat + diversify: ceiling=0.00, value=79522.0
    [iter 7138461] reheat + diversify: ceiling=0.00, value=66133.0
    [iter 7144214] reheat + diversify: ceiling=0.00, value=86474.0
    [iter 7149967] reheat + diversify: ceiling=0.00, value=69934.0
    [iter 7155720] reheat + diversify: ceiling=0.00, value=65933.0
    [iter 7161473] reheat + diversify: ceiling=0.00, value=84221.0
    [iter 7167226] reheat + diversify: ceiling=0.00, value=70714.0
    [iter 7172979] reheat + diversify: ceiling=0.00, value=68571.0
    [iter 7178732] reheat + diversify: ceiling=0.00, value=73930.0
    [iter 7184485] reheat + diversify: ceiling=0.00, value=75971.0
    [iter 7190238] reheat + diversify: ceiling=0.00, value=95291.0
    [iter 7195991] reheat + diversify: ceiling=0.00, value=68223.0
    [iter 7201744] reheat + diversify: ceiling=0.00, value=75392.0
    [iter 7207497] reheat + diversify: ceiling=0.00, value=82523.0
    [iter 7213250] reheat + diversify: ceiling=0.00, value=83131.0
    [iter 7219003] reheat + diversify: ceiling=0.00, value=76255.0
    [iter 7224756] reheat + diversify: ceiling=0.00, value=68186.0
    [iter 7230509] reheat + diversify: ceiling=0.00, value=98628.0
    [iter 7236262] reheat + diversify: ceiling=0.00, value=88627.0
    [iter 7242015] reheat + diversify: ceiling=0.00, value=79895.0
    [iter 7247768] reheat + diversify: ceiling=0.00, value=70750.0
    [iter 7253521] reheat + diversify: ceiling=0.00, value=80315.0
    [iter 7259274] reheat + diversify: ceiling=0.00, value=77674.0
    [iter 7265027] reheat + diversify: ceiling=0.00, value=81946.0
    [iter 7270780] reheat + diversify: ceiling=0.00, value=78830.0
    [iter 7276533] reheat + diversify: ceiling=0.00, value=95109.0
    [iter 7282286] reheat + diversify: ceiling=0.00, value=70051.0
    [iter 7288039] reheat + diversify: ceiling=0.00, value=70961.0
    [iter 7293792] reheat + diversify: ceiling=0.00, value=66314.0
    [iter 7299545] reheat + diversify: ceiling=0.00, value=82436.0
    [iter 7305298] reheat + diversify: ceiling=0.00, value=45924.0
    [iter 7311051] reheat + diversify: ceiling=0.00, value=73165.0
    [iter 7316804] reheat + diversify: ceiling=0.00, value=76790.0
    [iter 7322557] reheat + diversify: ceiling=0.00, value=55947.0
    [iter 7328310] reheat + diversify: ceiling=0.00, value=51098.0
    [iter 7334063] reheat + diversify: ceiling=0.00, value=102510.0
    [iter 7339816] reheat + diversify: ceiling=0.00, value=81456.0
    [iter 7345569] reheat + diversify: ceiling=0.00, value=94504.0
    [iter 7351322] reheat + diversify: ceiling=0.00, value=61607.0
    [iter 7357075] reheat + diversify: ceiling=0.00, value=75433.0
    [iter 7362828] reheat + diversify: ceiling=0.00, value=80765.0
    [iter 7368581] reheat + diversify: ceiling=0.00, value=102510.0
    [iter 7374334] reheat + diversify: ceiling=0.00, value=98244.0
    [iter 7380087] reheat + diversify: ceiling=0.00, value=96875.0
    [iter 7385840] reheat + diversify: ceiling=0.00, value=70541.0
    [iter 7391593] reheat + diversify: ceiling=0.00, value=75433.0
    [iter 7397346] reheat + diversify: ceiling=0.00, value=62946.0
    [iter 7403099] reheat + diversify: ceiling=0.00, value=81377.0
    [iter 7408852] reheat + diversify: ceiling=0.00, value=75177.0
    [iter 7414605] reheat + diversify: ceiling=0.00, value=59502.0
    [iter 7420358] reheat + diversify: ceiling=0.00, value=80005.0
    [iter 7426111] reheat + diversify: ceiling=0.00, value=73258.0
    [iter 7431864] reheat + diversify: ceiling=0.00, value=66741.0
    [iter 7437617] reheat + diversify: ceiling=0.00, value=66659.0
    [iter 7443370] reheat + diversify: ceiling=0.00, value=79923.0
    [iter 7449123] reheat + diversify: ceiling=0.00, value=68881.0
    [iter 7454876] reheat + diversify: ceiling=0.00, value=79623.0
    [iter 7460629] reheat + diversify: ceiling=0.00, value=85082.0
    [iter 7466382] reheat + diversify: ceiling=0.00, value=75387.0
    [iter 7472135] reheat + diversify: ceiling=0.00, value=74187.0
    [iter 7477888] reheat + diversify: ceiling=0.00, value=97925.0
    [iter 7483641] reheat + diversify: ceiling=0.00, value=39701.0
    [iter 7489394] reheat + diversify: ceiling=0.00, value=85748.0
    [iter 7495147] reheat + diversify: ceiling=0.00, value=91254.0
    [iter 7500900] reheat + diversify: ceiling=0.00, value=87021.0
    [iter 7506653] reheat + diversify: ceiling=0.00, value=90263.0
    [iter 7512406] reheat + diversify: ceiling=0.00, value=54384.0
    [iter 7518159] reheat + diversify: ceiling=0.00, value=99504.0
    [iter 7523912] reheat + diversify: ceiling=0.00, value=83387.0
    [iter 7529665] reheat + diversify: ceiling=0.00, value=61352.0
    [iter 7535418] reheat + diversify: ceiling=0.00, value=40084.0
    [iter 7541171] reheat + diversify: ceiling=0.00, value=79887.0
    [iter 7546924] reheat + diversify: ceiling=0.00, value=89004.0
    [iter 7552677] reheat + diversify: ceiling=0.00, value=97845.0
    [iter 7558430] reheat + diversify: ceiling=0.00, value=78198.0
    [iter 7564183] reheat + diversify: ceiling=0.00, value=64561.0
    [iter 7569936] reheat + diversify: ceiling=0.00, value=75840.0
    [iter 7575689] reheat + diversify: ceiling=0.00, value=83050.0
    [iter 7581442] reheat + diversify: ceiling=0.00, value=93522.0
    [iter 7587195] reheat + diversify: ceiling=0.00, value=61643.0
    [iter 7592948] reheat + diversify: ceiling=0.00, value=78773.0
    [iter 7598701] reheat + diversify: ceiling=0.00, value=93405.0
    [iter 7604454] reheat + diversify: ceiling=0.00, value=63623.0
    [iter 7610207] reheat + diversify: ceiling=0.00, value=70357.0
    [iter 7615960] reheat + diversify: ceiling=0.00, value=56442.0
    [iter 7621713] reheat + diversify: ceiling=0.00, value=92778.0
    [iter 7627466] reheat + diversify: ceiling=0.00, value=84430.0
    [iter 7633219] reheat + diversify: ceiling=0.00, value=99036.0
    [iter 7638972] reheat + diversify: ceiling=0.00, value=95004.0
    [iter 7644725] reheat + diversify: ceiling=0.00, value=64619.0
    [iter 7650478] reheat + diversify: ceiling=0.00, value=72164.0
    [iter 7656231] reheat + diversify: ceiling=0.00, value=76568.0
    [iter 7661984] reheat + diversify: ceiling=0.00, value=66729.0
    [iter 7667737] reheat + diversify: ceiling=0.00, value=63757.0
    [iter 7673490] reheat + diversify: ceiling=0.00, value=91662.0
    [iter 7679243] reheat + diversify: ceiling=0.00, value=92388.0
    [iter 7684996] reheat + diversify: ceiling=0.00, value=79486.0
    [iter 7690749] reheat + diversify: ceiling=0.00, value=83406.0
    [iter 7696502] reheat + diversify: ceiling=0.00, value=68424.0
    [iter 7702255] reheat + diversify: ceiling=0.00, value=83231.0
    [iter 7708008] reheat + diversify: ceiling=0.00, value=80766.0
    [iter 7713761] reheat + diversify: ceiling=0.00, value=71456.0
    [iter 7719514] reheat + diversify: ceiling=0.00, value=79861.0
    [iter 7725267] reheat + diversify: ceiling=0.00, value=76987.0
    [iter 7731020] reheat + diversify: ceiling=0.00, value=75956.0
    [iter 7736773] reheat + diversify: ceiling=0.00, value=71286.0
    [iter 7742526] reheat + diversify: ceiling=0.00, value=72323.0
    [iter 7748279] reheat + diversify: ceiling=0.00, value=106203.0
    [iter 7754032] reheat + diversify: ceiling=0.00, value=86210.0
    [iter 7759785] reheat + diversify: ceiling=0.00, value=77565.0
    [iter 7765538] reheat + diversify: ceiling=0.00, value=60665.0
    [iter 7771291] reheat + diversify: ceiling=0.00, value=79822.0
    [iter 7777044] reheat + diversify: ceiling=0.00, value=73536.0
    [iter 7782797] reheat + diversify: ceiling=0.00, value=73884.0
    [iter 7788550] reheat + diversify: ceiling=0.00, value=88329.0
    [iter 7794303] reheat + diversify: ceiling=0.00, value=80906.0
    [iter 7800056] reheat + diversify: ceiling=0.00, value=82153.0
    [iter 7805809] reheat + diversify: ceiling=0.00, value=56992.0
    [iter 7811562] reheat + diversify: ceiling=0.00, value=67987.0
    [iter 7817315] reheat + diversify: ceiling=0.00, value=75067.0
    [iter 7823068] reheat + diversify: ceiling=0.00, value=61577.0
    [iter 7828821] reheat + diversify: ceiling=0.00, value=76592.0
    [iter 7834574] reheat + diversify: ceiling=0.00, value=88565.0
    [iter 7840327] reheat + diversify: ceiling=0.00, value=76199.0
    [iter 7846080] reheat + diversify: ceiling=0.00, value=85153.0
    [iter 7851833] reheat + diversify: ceiling=0.00, value=63623.0
    [iter 7857586] reheat + diversify: ceiling=0.00, value=80011.0
    [iter 7863339] reheat + diversify: ceiling=0.00, value=98879.0
    [iter 7869092] reheat + diversify: ceiling=0.00, value=63455.0
    [iter 7874845] reheat + diversify: ceiling=0.00, value=86618.0
    [iter 7880598] reheat + diversify: ceiling=0.00, value=61834.0
    [iter 7886351] reheat + diversify: ceiling=0.00, value=76279.0
    [iter 7892104] reheat + diversify: ceiling=0.00, value=58372.0
    [iter 7897857] reheat + diversify: ceiling=0.00, value=38330.0
    [iter 7903610] reheat + diversify: ceiling=0.00, value=93305.0
    [iter 7909363] reheat + diversify: ceiling=0.00, value=72431.0
    [iter 7915116] reheat + diversify: ceiling=0.00, value=77609.0
    [iter 7920869] reheat + diversify: ceiling=0.00, value=74394.0
    [iter 7926622] reheat + diversify: ceiling=0.00, value=94377.0
    [iter 7932375] reheat + diversify: ceiling=0.00, value=76708.0
    [iter 7938128] reheat + diversify: ceiling=0.00, value=76708.0
    [iter 7943881] reheat + diversify: ceiling=0.00, value=59931.0
    [iter 7949634] reheat + diversify: ceiling=0.00, value=58809.0
    [iter 7955387] reheat + diversify: ceiling=0.00, value=70252.0
    [iter 7961140] reheat + diversify: ceiling=0.00, value=64268.0
    [iter 7966893] reheat + diversify: ceiling=0.00, value=83050.0
    [iter 7972646] reheat + diversify: ceiling=0.00, value=91416.0
    [iter 7978399] reheat + diversify: ceiling=0.00, value=88253.0
    [iter 7984152] reheat + diversify: ceiling=0.00, value=65397.0
    [iter 7989905] reheat + diversify: ceiling=0.00, value=98237.0
    [iter 7995658] reheat + diversify: ceiling=0.00, value=85311.0
    [iter 8001411] reheat + diversify: ceiling=0.00, value=60250.0
    [iter 8007164] reheat + diversify: ceiling=0.00, value=101618.0
    [iter 8012917] reheat + diversify: ceiling=0.00, value=83397.0
    [iter 8018670] reheat + diversify: ceiling=0.00, value=71422.0
    [iter 8024423] reheat + diversify: ceiling=0.00, value=71669.0
    [iter 8030176] reheat + diversify: ceiling=0.00, value=93287.0
    [iter 8035929] reheat + diversify: ceiling=0.00, value=97658.0
    [iter 8041682] reheat + diversify: ceiling=0.00, value=76384.0
    [iter 8047435] reheat + diversify: ceiling=0.00, value=69141.0
    [iter 8053188] reheat + diversify: ceiling=0.00, value=77070.0
    [iter 8058941] reheat + diversify: ceiling=0.00, value=65403.0
    [iter 8064694] reheat + diversify: ceiling=0.00, value=66545.0
    [iter 8070447] reheat + diversify: ceiling=0.00, value=83605.0
    [iter 8076200] reheat + diversify: ceiling=0.00, value=40502.0
    [iter 8081953] reheat + diversify: ceiling=0.00, value=76429.0
    [iter 8087706] reheat + diversify: ceiling=0.00, value=77122.0
    [iter 8093459] reheat + diversify: ceiling=0.00, value=93580.0
    [iter 8099212] reheat + diversify: ceiling=0.00, value=76606.0
    [iter 8104965] reheat + diversify: ceiling=0.00, value=97932.0
    [iter 8110718] reheat + diversify: ceiling=0.00, value=66843.0
    [iter 8116471] reheat + diversify: ceiling=0.00, value=91728.0
    [iter 8122224] reheat + diversify: ceiling=0.00, value=64621.0
    [iter 8127977] reheat + diversify: ceiling=0.00, value=50827.0
    [iter 8133730] reheat + diversify: ceiling=0.00, value=93826.0
    [iter 8139483] reheat + diversify: ceiling=0.00, value=65946.0
    [iter 8145236] reheat + diversify: ceiling=0.00, value=72532.0
    [iter 8150989] reheat + diversify: ceiling=0.00, value=59748.0
    [iter 8156742] reheat + diversify: ceiling=0.00, value=47210.0
    [iter 8162495] reheat + diversify: ceiling=0.00, value=52983.0
    [iter 8168248] reheat + diversify: ceiling=0.00, value=66123.0
    [iter 8174001] reheat + diversify: ceiling=0.00, value=84612.0
    [iter 8179754] reheat + diversify: ceiling=0.00, value=92877.0
    [iter 8185507] reheat + diversify: ceiling=0.00, value=60683.0
    [iter 8191260] reheat + diversify: ceiling=0.00, value=66190.0
    [iter 8197013] reheat + diversify: ceiling=0.00, value=61901.0
    [iter 8202766] reheat + diversify: ceiling=0.00, value=86418.0
    [iter 8208519] reheat + diversify: ceiling=0.00, value=66308.0
    [iter 8214272] reheat + diversify: ceiling=0.00, value=70812.0
    [iter 8220025] reheat + diversify: ceiling=0.00, value=77560.0
    [iter 8225778] reheat + diversify: ceiling=0.00, value=64635.0
    [iter 8231531] reheat + diversify: ceiling=0.00, value=96198.0
    [iter 8237284] reheat + diversify: ceiling=0.00, value=74187.0
    [iter 8243037] reheat + diversify: ceiling=0.00, value=65150.0
    [iter 8248790] reheat + diversify: ceiling=0.00, value=68780.0
    [iter 8254543] reheat + diversify: ceiling=0.00, value=79045.0
    [iter 8260296] reheat + diversify: ceiling=0.00, value=80653.0
    [iter 8266049] reheat + diversify: ceiling=0.00, value=59495.0
    [iter 8271802] reheat + diversify: ceiling=0.00, value=94429.0
    [iter 8277555] reheat + diversify: ceiling=0.00, value=84581.0
    [iter 8283308] reheat + diversify: ceiling=0.00, value=59242.0
    [iter 8289061] reheat + diversify: ceiling=0.00, value=65765.0
    [iter 8294814] reheat + diversify: ceiling=0.00, value=58341.0
    [iter 8300567] reheat + diversify: ceiling=0.00, value=76827.0
    [iter 8306320] reheat + diversify: ceiling=0.00, value=73009.0
    [iter 8312073] reheat + diversify: ceiling=0.00, value=53033.0
    [iter 8317826] reheat + diversify: ceiling=0.00, value=56525.0
    [iter 8323579] reheat + diversify: ceiling=0.00, value=74454.0
    [iter 8329332] reheat + diversify: ceiling=0.00, value=66632.0
    [iter 8335085] reheat + diversify: ceiling=0.00, value=91338.0
    [iter 8340838] reheat + diversify: ceiling=0.00, value=61238.0
    [iter 8346591] reheat + diversify: ceiling=0.00, value=81226.0
    [iter 8352344] reheat + diversify: ceiling=0.00, value=63946.0
    [iter 8358097] reheat + diversify: ceiling=0.00, value=81378.0
    [iter 8363850] reheat + diversify: ceiling=0.00, value=70853.0
    [iter 8369603] reheat + diversify: ceiling=0.00, value=81262.0
    [iter 8375356] reheat + diversify: ceiling=0.00, value=84031.0
    [iter 8381109] reheat + diversify: ceiling=0.00, value=91025.0
    [iter 8386862] reheat + diversify: ceiling=0.00, value=73372.0
    [iter 8392615] reheat + diversify: ceiling=0.00, value=79280.0
    [iter 8398368] reheat + diversify: ceiling=0.00, value=74052.0
    [iter 8404121] reheat + diversify: ceiling=0.00, value=62469.0
    [iter 8409874] reheat + diversify: ceiling=0.00, value=93900.0
    [iter 8415627] reheat + diversify: ceiling=0.00, value=79079.0
    [iter 8421380] reheat + diversify: ceiling=0.00, value=74107.0
    [iter 8427133] reheat + diversify: ceiling=0.00, value=65334.0
    [iter 8432886] reheat + diversify: ceiling=0.00, value=86392.0
    [iter 8438639] reheat + diversify: ceiling=0.00, value=87480.0
    [iter 8444392] reheat + diversify: ceiling=0.00, value=78170.0
    [iter 8450145] reheat + diversify: ceiling=0.00, value=70501.0
    [iter 8455898] reheat + diversify: ceiling=0.00, value=63998.0
    [iter 8461651] reheat + diversify: ceiling=0.00, value=68137.0
    [iter 8467404] reheat + diversify: ceiling=0.00, value=87383.0
    [iter 8473157] reheat + diversify: ceiling=0.00, value=91934.0
    [iter 8478910] reheat + diversify: ceiling=0.00, value=76565.0
    [iter 8484663] reheat + diversify: ceiling=0.00, value=66766.0
    [iter 8490416] reheat + diversify: ceiling=0.00, value=63564.0
    [iter 8496169] reheat + diversify: ceiling=0.00, value=77294.0
    [iter 8501922] reheat + diversify: ceiling=0.00, value=62536.0
    [iter 8507675] reheat + diversify: ceiling=0.00, value=84808.0
    [iter 8513428] reheat + diversify: ceiling=0.00, value=76891.0
    [iter 8519181] reheat + diversify: ceiling=0.00, value=69480.0
    [iter 8524934] reheat + diversify: ceiling=0.00, value=84581.0
    [iter 8530687] reheat + diversify: ceiling=0.00, value=91542.0
    [iter 8536440] reheat + diversify: ceiling=0.00, value=81716.0
    [iter 8542193] reheat + diversify: ceiling=0.00, value=76296.0
    [iter 8547946] reheat + diversify: ceiling=0.00, value=93045.0
    [iter 8553699] reheat + diversify: ceiling=0.00, value=95308.0
    [iter 8559452] reheat + diversify: ceiling=0.00, value=86063.0
    [iter 8565205] reheat + diversify: ceiling=0.00, value=96096.0
    [iter 8570958] reheat + diversify: ceiling=0.00, value=77290.0
    [iter 8576711] reheat + diversify: ceiling=0.00, value=74551.0
    [iter 8582464] reheat + diversify: ceiling=0.00, value=93470.0
    [iter 8588217] reheat + diversify: ceiling=0.00, value=85608.0
    [iter 8593970] reheat + diversify: ceiling=0.00, value=82350.0
    [iter 8599723] reheat + diversify: ceiling=0.00, value=66466.0
    [iter 8605476] reheat + diversify: ceiling=0.00, value=92805.0
    [iter 8611229] reheat + diversify: ceiling=0.00, value=71858.0
    [iter 8616982] reheat + diversify: ceiling=0.00, value=90966.0
    [iter 8622735] reheat + diversify: ceiling=0.00, value=81946.0
    [iter 8628488] reheat + diversify: ceiling=0.00, value=75517.0
    [iter 8634241] reheat + diversify: ceiling=0.00, value=90105.0
    [iter 8639994] reheat + diversify: ceiling=0.00, value=60143.0
    [iter 8645747] reheat + diversify: ceiling=0.00, value=85541.0
    [iter 8651500] reheat + diversify: ceiling=0.00, value=97187.0
    [iter 8657253] reheat + diversify: ceiling=0.00, value=85366.0
    [iter 8663006] reheat + diversify: ceiling=0.00, value=71450.0
    [iter 8668759] reheat + diversify: ceiling=0.00, value=84954.0
    [iter 8674512] reheat + diversify: ceiling=0.00, value=74238.0
    [iter 8680265] reheat + diversify: ceiling=0.00, value=95205.0
    [iter 8686018] reheat + diversify: ceiling=0.00, value=87847.0
    [iter 8691771] reheat + diversify: ceiling=0.00, value=45630.0
    [iter 8697524] reheat + diversify: ceiling=0.00, value=74481.0
    [iter 8703277] reheat + diversify: ceiling=0.00, value=70105.0
    [iter 8709030] reheat + diversify: ceiling=0.00, value=59690.0
    [iter 8714783] reheat + diversify: ceiling=0.00, value=89411.0
    [iter 8720536] reheat + diversify: ceiling=0.00, value=81038.0
    [iter 8726289] reheat + diversify: ceiling=0.00, value=94211.0
    [iter 8732042] reheat + diversify: ceiling=0.00, value=62047.0
    [iter 8737795] reheat + diversify: ceiling=0.00, value=79767.0
    [iter 8743548] reheat + diversify: ceiling=0.00, value=64317.0
    [iter 8749301] reheat + diversify: ceiling=0.00, value=69779.0
    [iter 8755054] reheat + diversify: ceiling=0.00, value=96870.0
    [iter 8760807] reheat + diversify: ceiling=0.00, value=85422.0
    [iter 8766560] reheat + diversify: ceiling=0.00, value=85665.0
    [iter 8772313] reheat + diversify: ceiling=0.00, value=83773.0
    [iter 8778066] reheat + diversify: ceiling=0.00, value=83212.0
    [iter 8783819] reheat + diversify: ceiling=0.00, value=72123.0
    [iter 8789572] reheat + diversify: ceiling=0.00, value=45340.0
    [iter 8795325] reheat + diversify: ceiling=0.00, value=72947.0
    [iter 8801078] reheat + diversify: ceiling=0.00, value=84508.0
    [iter 8806831] reheat + diversify: ceiling=0.00, value=95693.0
    [iter 8812584] reheat + diversify: ceiling=0.00, value=68747.0
    [iter 8818337] reheat + diversify: ceiling=0.00, value=86081.0
    [iter 8824090] reheat + diversify: ceiling=0.00, value=79459.0
    [iter 8829843] reheat + diversify: ceiling=0.00, value=83055.0
    [iter 8835596] reheat + diversify: ceiling=0.00, value=65968.0
    [iter 8841349] reheat + diversify: ceiling=0.00, value=71152.0
    [iter 8847102] reheat + diversify: ceiling=0.00, value=81903.0
    [iter 8852855] reheat + diversify: ceiling=0.00, value=50920.0
    [iter 8858608] reheat + diversify: ceiling=0.00, value=71306.0
    [iter 8864361] reheat + diversify: ceiling=0.00, value=65740.0
    [iter 8870114] reheat + diversify: ceiling=0.00, value=72522.0
    [iter 8875867] reheat + diversify: ceiling=0.00, value=67908.0
    [iter 8881620] reheat + diversify: ceiling=0.00, value=76272.0
    [iter 8887373] reheat + diversify: ceiling=0.00, value=83928.0
    [iter 8893126] reheat + diversify: ceiling=0.00, value=102068.0
    [iter 8898879] reheat + diversify: ceiling=0.00, value=69046.0
    [iter 8904632] reheat + diversify: ceiling=0.00, value=75300.0
    [iter 8910385] reheat + diversify: ceiling=0.00, value=64949.0
    [iter 8916138] reheat + diversify: ceiling=0.00, value=53654.0
    [iter 8921891] reheat + diversify: ceiling=0.00, value=58713.0
    [iter 8927644] reheat + diversify: ceiling=0.00, value=82301.0
    [iter 8933397] reheat + diversify: ceiling=0.00, value=84781.0
    [iter 8939150] reheat + diversify: ceiling=0.00, value=99686.0
    [iter 8944903] reheat + diversify: ceiling=0.00, value=64019.0
    [iter 8950656] reheat + diversify: ceiling=0.00, value=84196.0
    [iter 8956409] reheat + diversify: ceiling=0.00, value=73397.0
    [iter 8962162] reheat + diversify: ceiling=0.00, value=52745.0
    [iter 8967915] reheat + diversify: ceiling=0.00, value=84368.0
    [iter 8973668] reheat + diversify: ceiling=0.00, value=70260.0
    [iter 8979421] reheat + diversify: ceiling=0.00, value=64851.0
    [iter 8985174] reheat + diversify: ceiling=0.00, value=67318.0
    [iter 8990927] reheat + diversify: ceiling=0.00, value=76880.0
    [iter 8996680] reheat + diversify: ceiling=0.00, value=49654.0
    [iter 9002433] reheat + diversify: ceiling=0.00, value=70228.0
    [iter 9008186] reheat + diversify: ceiling=0.00, value=64797.0
    [iter 9013939] reheat + diversify: ceiling=0.00, value=71557.0
    [iter 9019692] reheat + diversify: ceiling=0.00, value=75589.0
    [iter 9025445] reheat + diversify: ceiling=0.00, value=70811.0
    [iter 9031198] reheat + diversify: ceiling=0.00, value=78911.0
    [iter 9036951] reheat + diversify: ceiling=0.00, value=75710.0
    [iter 9042704] reheat + diversify: ceiling=0.00, value=65257.0
    [iter 9048457] reheat + diversify: ceiling=0.00, value=83316.0
    [iter 9054210] reheat + diversify: ceiling=0.00, value=66002.0
    [iter 9059963] reheat + diversify: ceiling=0.00, value=75113.0
    [iter 9065716] reheat + diversify: ceiling=0.00, value=96067.0
    [iter 9071469] reheat + diversify: ceiling=0.00, value=94417.0
    [iter 9077222] reheat + diversify: ceiling=0.00, value=72180.0
    [iter 9082975] reheat + diversify: ceiling=0.00, value=67124.0
    [iter 9088728] reheat + diversify: ceiling=0.00, value=75146.0
    [iter 9094481] reheat + diversify: ceiling=0.00, value=83751.0
    [iter 9100234] reheat + diversify: ceiling=0.00, value=69937.0
    [iter 9105987] reheat + diversify: ceiling=0.00, value=79332.0
    [iter 9111740] reheat + diversify: ceiling=0.00, value=63888.0
    [iter 9117493] reheat + diversify: ceiling=0.00, value=78093.0
    [iter 9123246] reheat + diversify: ceiling=0.00, value=89461.0
    [iter 9128999] reheat + diversify: ceiling=0.00, value=65037.0
    [iter 9134752] reheat + diversify: ceiling=0.00, value=61358.0
    [iter 9140505] reheat + diversify: ceiling=0.00, value=82258.0
    [iter 9146258] reheat + diversify: ceiling=0.00, value=111270.0
    [iter 9152011] reheat + diversify: ceiling=0.00, value=94130.0
    [iter 9157764] reheat + diversify: ceiling=0.00, value=80331.0
    [iter 9163517] reheat + diversify: ceiling=0.00, value=78905.0
    [iter 9169270] reheat + diversify: ceiling=0.00, value=88309.0
    [iter 9175023] reheat + diversify: ceiling=0.00, value=75054.0
    [iter 9180776] reheat + diversify: ceiling=0.00, value=76222.0
    [iter 9186529] reheat + diversify: ceiling=0.00, value=89833.0
    [iter 9192282] reheat + diversify: ceiling=0.00, value=81185.0
    [iter 9198035] reheat + diversify: ceiling=0.00, value=84463.0
    [iter 9203788] reheat + diversify: ceiling=0.00, value=81363.0
    [iter 9209541] reheat + diversify: ceiling=0.00, value=85039.0
    [iter 9215294] reheat + diversify: ceiling=0.00, value=85689.0
    [iter 9221047] reheat + diversify: ceiling=0.00, value=65831.0
    [iter 9226800] reheat + diversify: ceiling=0.00, value=81562.0
    [iter 9232553] reheat + diversify: ceiling=0.00, value=103259.0
    [iter 9238306] reheat + diversify: ceiling=0.00, value=79210.0
    [iter 9244059] reheat + diversify: ceiling=0.00, value=97455.0
    [iter 9249812] reheat + diversify: ceiling=0.00, value=65884.0
    [iter 9255565] reheat + diversify: ceiling=0.00, value=99197.0
    [iter 9261318] reheat + diversify: ceiling=0.00, value=80765.0
    [iter 9267071] reheat + diversify: ceiling=0.00, value=84332.0
    [iter 9272824] reheat + diversify: ceiling=0.00, value=63950.0
    [iter 9278577] reheat + diversify: ceiling=0.00, value=42920.0
    [iter 9284330] reheat + diversify: ceiling=0.00, value=51079.0
    [iter 9290083] reheat + diversify: ceiling=0.00, value=92870.0
    [iter 9295836] reheat + diversify: ceiling=0.00, value=52676.0
    [iter 9301589] reheat + diversify: ceiling=0.00, value=52495.0
    [iter 9307342] reheat + diversify: ceiling=0.00, value=73214.0
    [iter 9313095] reheat + diversify: ceiling=0.00, value=88459.0
    [iter 9318848] reheat + diversify: ceiling=0.00, value=81370.0
    [iter 9324601] reheat + diversify: ceiling=0.00, value=74234.0
    [iter 9330354] reheat + diversify: ceiling=0.00, value=62658.0
    [iter 9336107] reheat + diversify: ceiling=0.00, value=71567.0
    [iter 9341860] reheat + diversify: ceiling=0.00, value=62450.0
    [iter 9347613] reheat + diversify: ceiling=0.00, value=101314.0
    [iter 9353366] reheat + diversify: ceiling=0.00, value=81439.0
    [iter 9359119] reheat + diversify: ceiling=0.00, value=88740.0
  time limit reached at iteration 9364071
  SA finished: 9364071 iterations in 900.0s (10405 it/s), accepted 3914354 (41.8%), rejected 5449716, neutral 3545457 (37.9%), worsening accepted 6.3%, no-move draws 0, reheats 1626
  SA: value 111270.0 (greedy 86267.0, +25003.0), bound 140762.0, gap 20.95%, util 80.6%
  report -> /home/mcaspar/3DMHKP/results_3DMHKP_ep3/ep3-20-U-R-50-3DMHKP-SA-a0.999-r0.25-t900s.txt

================================================================================================
SUMMARY
================================================================================================
instance      boxes  packed       greedy     SA value        bound      gap    util    iters    time
------------------------------------------------------------------------------------------------
ep3-20-U-R-50     20       9      86267.0     111270.0     140762.0   21.0%   80.6%  9364071  900.0s
------------------------------------------------------------------------------------------------
proven optimal (value reaches the upper bound): 0/1
improved over greedy: 1/1 (total value 86267.0 -> 111270.0, +28.98%)
mean gap to 0-1 knapsack bound: 21.0%
mean volume utilization: 80.6%
