============================================================
  Solver:     3DMHKP-SA.py
  Instance:   /home/mcaspar/3DMHKP/Egeblad/ep3-20-D-C-90.txt
  Value mode: flat
  Timelimit:  900s
  Reports:    /home/mcaspar/3DMHKP/results_3DMHKP_ep3
  CPUs:       1
============================================================
======================================================================
3DMHKP Simulated Annealing (random single-neighbour, sequence decoder)
SA params: T0=5% of f(S_0), alpha=0.999, T_min=0.001, reheat_threshold=5753, reheat_fraction=0.25
Move weights: {'relocate': 0.0, 'swap': 1.0, '2opt': 0.0, 'promote': 1.5, 'demote': 1.5, 'orient': 1.0, 'container': 0.5}
Time limit: 900.0s per instance, seed 1007430136
======================================================================

======================================================================
ep3-20-D-C-90: 20 boxes (5 types), 1 containers (1 types)
  0-1 knapsack bound: 38842.0 (continuous relaxation: 39200.0)
  initial (value-density) decode: value 27848.0 (14/20 boxes)
  T0 = 3629.2 (calibrated, 357 worsening draws, target accept 35%)
  schedule: time-based, T0 -> 827.33 over 900s
    [iter 46] *** NEW BEST: value 28424.0, boxes 15/20, T=3628.5, elapsed=0.1s
    [iter 48] *** NEW BEST: value 30728.0, boxes 15/20, T=3628.5, elapsed=0.1s
    [iter 130] *** NEW BEST: value 33608.0, boxes 16/20, T=3628.5, elapsed=0.1s
    [iter 5883] reheat + diversify: ceiling=907.30, value=18500.0
    [iter 11636] reheat + diversify: ceiling=816.57, value=26918.0
    [iter 17389] reheat + diversify: ceiling=734.91, value=20804.0
    [iter 23142] reheat + diversify: ceiling=661.42, value=14246.0
    [iter 28895] reheat + diversify: ceiling=595.28, value=24614.0
    [iter 34648] reheat + diversify: ceiling=535.75, value=10436.0
    [iter 40401] reheat + diversify: ceiling=482.17, value=26918.0
    [iter 46154] reheat + diversify: ceiling=433.96, value=30728.0
    [iter 51907] reheat + diversify: ceiling=390.56, value=33608.0
    [iter 57660] reheat + diversify: ceiling=351.51, value=30728.0
    [iter 63413] reheat + diversify: ceiling=316.35, value=11012.0
    [iter 69166] reheat + diversify: ceiling=284.72, value=19430.0
    [iter 74919] reheat + diversify: ceiling=256.25, value=24614.0
    [iter 80672] reheat + diversify: ceiling=230.62, value=28424.0
    [iter 86425] reheat + diversify: ceiling=207.56, value=17126.0
    [iter 92178] reheat + diversify: ceiling=186.80, value=17126.0
    [iter 97931] reheat + diversify: ceiling=168.12, value=28424.0
    [iter 103684] reheat + diversify: ceiling=151.31, value=33608.0
    [iter 109437] reheat + diversify: ceiling=136.18, value=8132.0
    [iter 115190] reheat + diversify: ceiling=122.56, value=30728.0
    [iter 120943] reheat + diversify: ceiling=110.31, value=13316.0
    [iter 126696] reheat + diversify: ceiling=99.28, value=24614.0
    [iter 132449] reheat + diversify: ceiling=89.35, value=30728.0
    [iter 138202] reheat + diversify: ceiling=80.41, value=11942.0
    [iter 143955] reheat + diversify: ceiling=72.37, value=29798.0
    [iter 149708] reheat + diversify: ceiling=65.13, value=15620.0
    [iter 155461] reheat + diversify: ceiling=58.62, value=30728.0
    [iter 161214] reheat + diversify: ceiling=52.76, value=14246.0
    [iter 166967] reheat + diversify: ceiling=47.48, value=30728.0
    [iter 172720] reheat + diversify: ceiling=42.73, value=25544.0
    [iter 178473] reheat + diversify: ceiling=38.46, value=24614.0
    [iter 184226] reheat + diversify: ceiling=34.62, value=18500.0
    [iter 189979] reheat + diversify: ceiling=31.15, value=20804.0
    [iter 195732] reheat + diversify: ceiling=28.04, value=24614.0
    [iter 201485] reheat + diversify: ceiling=25.23, value=30728.0
    [iter 207238] reheat + diversify: ceiling=22.71, value=30728.0
    [iter 212991] reheat + diversify: ceiling=20.44, value=30728.0
    [iter 218744] reheat + diversify: ceiling=18.40, value=18500.0
    [iter 224497] reheat + diversify: ceiling=16.56, value=27848.0
    [iter 230250] reheat + diversify: ceiling=14.90, value=24614.0
    [iter 236003] reheat + diversify: ceiling=13.41, value=26918.0
    [iter 241756] reheat + diversify: ceiling=12.07, value=7202.0
    [iter 247509] reheat + diversify: ceiling=10.86, value=21734.0
    [iter 253262] reheat + diversify: ceiling=9.78, value=30728.0
    [iter 259015] reheat + diversify: ceiling=8.80, value=13316.0
    [iter 264768] reheat + diversify: ceiling=7.92, value=8132.0
    [iter 270521] reheat + diversify: ceiling=7.13, value=18500.0
    [iter 276274] reheat + diversify: ceiling=6.41, value=22310.0
    [iter 282027] reheat + diversify: ceiling=5.77, value=27848.0
    [iter 287780] reheat + diversify: ceiling=5.20, value=30728.0
    [iter 293533] reheat + diversify: ceiling=4.68, value=13316.0
    [iter 299286] reheat + diversify: ceiling=4.21, value=30728.0
    [iter 305039] reheat + diversify: ceiling=3.79, value=25988.0
    [iter 310792] reheat + diversify: ceiling=3.41, value=16550.0
    [iter 316545] reheat + diversify: ceiling=3.07, value=15620.0
    [iter 322298] reheat + diversify: ceiling=2.76, value=19430.0
    [iter 328051] reheat + diversify: ceiling=2.49, value=19430.0
    [iter 333804] reheat + diversify: ceiling=2.24, value=25544.0
    [iter 339557] reheat + diversify: ceiling=2.01, value=30728.0
    [iter 345310] reheat + diversify: ceiling=1.81, value=30728.0
    [iter 351063] reheat + diversify: ceiling=1.63, value=30728.0
    [iter 356816] reheat + diversify: ceiling=1.47, value=24614.0
    [iter 362569] reheat + diversify: ceiling=1.32, value=28424.0
    [iter 368322] reheat + diversify: ceiling=1.19, value=22310.0
    [iter 374075] reheat + diversify: ceiling=1.07, value=15620.0
    [iter 379828] reheat + diversify: ceiling=0.96, value=15620.0
    [iter 385581] reheat + diversify: ceiling=0.87, value=26918.0
    [iter 391334] reheat + diversify: ceiling=0.78, value=24614.0
    [iter 397087] reheat + diversify: ceiling=0.70, value=30728.0
    [iter 402840] reheat + diversify: ceiling=0.63, value=17126.0
    [iter 408593] reheat + diversify: ceiling=0.57, value=27848.0
    [iter 414346] reheat + diversify: ceiling=0.51, value=28424.0
    [iter 420099] reheat + diversify: ceiling=0.46, value=29798.0
    [iter 425852] reheat + diversify: ceiling=0.41, value=19430.0
    [iter 431605] reheat + diversify: ceiling=0.37, value=11012.0
    [iter 437358] reheat + diversify: ceiling=0.34, value=30728.0
    [iter 443111] reheat + diversify: ceiling=0.30, value=30728.0
    [iter 448864] reheat + diversify: ceiling=0.27, value=30728.0
    [iter 454617] reheat + diversify: ceiling=0.24, value=22310.0
    [iter 460370] reheat + diversify: ceiling=0.22, value=19430.0
    [iter 466123] reheat + diversify: ceiling=0.20, value=13316.0
    [iter 471876] reheat + diversify: ceiling=0.18, value=33608.0
    [iter 477629] reheat + diversify: ceiling=0.16, value=22310.0
    [iter 483382] reheat + diversify: ceiling=0.14, value=8132.0
    [iter 489135] reheat + diversify: ceiling=0.13, value=30728.0
    [iter 494888] reheat + diversify: ceiling=0.12, value=30728.0
    [iter 500641] reheat + diversify: ceiling=0.11, value=33608.0
    [iter 506394] reheat + diversify: ceiling=0.09, value=30728.0
    [iter 512147] reheat + diversify: ceiling=0.09, value=30728.0
    [iter 517900] reheat + diversify: ceiling=0.08, value=30728.0
    [iter 523653] reheat + diversify: ceiling=0.07, value=28424.0
    [iter 529406] reheat + diversify: ceiling=0.06, value=30728.0
    [iter 535159] reheat + diversify: ceiling=0.06, value=29798.0
    [iter 540912] reheat + diversify: ceiling=0.05, value=19430.0
    [iter 546665] reheat + diversify: ceiling=0.05, value=14246.0
    [iter 552418] reheat + diversify: ceiling=0.04, value=8132.0
    [iter 558171] reheat + diversify: ceiling=0.04, value=33608.0
    [iter 563924] reheat + diversify: ceiling=0.03, value=30728.0
    [iter 569677] reheat + diversify: ceiling=0.03, value=33608.0
    [iter 575430] reheat + diversify: ceiling=0.03, value=30728.0
    [iter 581183] reheat + diversify: ceiling=0.02, value=15620.0
    [iter 586936] reheat + diversify: ceiling=0.02, value=19430.0
    [iter 592689] reheat + diversify: ceiling=0.02, value=33608.0
    [iter 598442] reheat + diversify: ceiling=0.02, value=33608.0
    [iter 604195] reheat + diversify: ceiling=0.02, value=30728.0
    [iter 609948] reheat + diversify: ceiling=0.01, value=27848.0
    [iter 615701] reheat + diversify: ceiling=0.01, value=30420.0
    [iter 621454] reheat + diversify: ceiling=0.01, value=33608.0
    [iter 627207] reheat + diversify: ceiling=0.01, value=11012.0
    [iter 632960] reheat + diversify: ceiling=0.01, value=13316.0
    [iter 638713] reheat + diversify: ceiling=0.01, value=28424.0
    [iter 644466] reheat + diversify: ceiling=0.01, value=30728.0
    [iter 650219] reheat + diversify: ceiling=0.01, value=11942.0
    [iter 655972] reheat + diversify: ceiling=0.01, value=11012.0
    [iter 661725] reheat + diversify: ceiling=0.01, value=30728.0
    [iter 667478] reheat + diversify: ceiling=0.00, value=29798.0
    [iter 673231] reheat + diversify: ceiling=0.00, value=13316.0
    [iter 678984] reheat + diversify: ceiling=0.00, value=13316.0
    [iter 684737] reheat + diversify: ceiling=0.00, value=15620.0
    [iter 690490] reheat + diversify: ceiling=0.00, value=16550.0
    [iter 696243] reheat + diversify: ceiling=0.00, value=13316.0
    [iter 701996] reheat + diversify: ceiling=0.00, value=21734.0
    [iter 707749] reheat + diversify: ceiling=0.00, value=19430.0
    [iter 713502] reheat + diversify: ceiling=0.00, value=19430.0
    [iter 719255] reheat + diversify: ceiling=0.00, value=13316.0
    [iter 725008] reheat + diversify: ceiling=0.00, value=30728.0
    [iter 730761] reheat + diversify: ceiling=0.00, value=30728.0
    [iter 736514] reheat + diversify: ceiling=0.00, value=15620.0
    [iter 742267] reheat + diversify: ceiling=0.00, value=26918.0
    [iter 748020] reheat + diversify: ceiling=0.00, value=30728.0
    [iter 753773] reheat + diversify: ceiling=0.00, value=30728.0
    [iter 759526] reheat + diversify: ceiling=0.00, value=30728.0
    [iter 765279] reheat + diversify: ceiling=0.00, value=11012.0
    [iter 771032] reheat + diversify: ceiling=0.00, value=29798.0
    [iter 776785] reheat + diversify: ceiling=0.00, value=19430.0
    [iter 782538] reheat + diversify: ceiling=0.00, value=27848.0
    [iter 788291] reheat + diversify: ceiling=0.00, value=33608.0
    [iter 794044] reheat + diversify: ceiling=0.00, value=33608.0
    [iter 799797] reheat + diversify: ceiling=0.00, value=30728.0
    [iter 805550] reheat + diversify: ceiling=0.00, value=19430.0
    [iter 811303] reheat + diversify: ceiling=0.00, value=24614.0
    [iter 817056] reheat + diversify: ceiling=0.00, value=27848.0
    [iter 822809] reheat + diversify: ceiling=0.00, value=30728.0
    [iter 828562] reheat + diversify: ceiling=0.00, value=33608.0
    [iter 834315] reheat + diversify: ceiling=0.00, value=30728.0
    [iter 840068] reheat + diversify: ceiling=0.00, value=30728.0
    [iter 845821] reheat + diversify: ceiling=0.00, value=30728.0
    [iter 851574] reheat + diversify: ceiling=0.00, value=10436.0
    [iter 857327] reheat + diversify: ceiling=0.00, value=18500.0
    [iter 863080] reheat + diversify: ceiling=0.00, value=24614.0
    [iter 868833] reheat + diversify: ceiling=0.00, value=26918.0
    [iter 874586] reheat + diversify: ceiling=0.00, value=30728.0
    [iter 880339] reheat + diversify: ceiling=0.00, value=19430.0
    [iter 886092] reheat + diversify: ceiling=0.00, value=11012.0
    [iter 891845] reheat + diversify: ceiling=0.00, value=18500.0
    [iter 897598] reheat + diversify: ceiling=0.00, value=33608.0
    [iter 903351] reheat + diversify: ceiling=0.00, value=11012.0
    [iter 909104] reheat + diversify: ceiling=0.00, value=30728.0
    [iter 914857] reheat + diversify: ceiling=0.00, value=19430.0
    [iter 920610] reheat + diversify: ceiling=0.00, value=28424.0
    [iter 926363] reheat + diversify: ceiling=0.00, value=30728.0
    [iter 932116] reheat + diversify: ceiling=0.00, value=22310.0
    [iter 937869] reheat + diversify: ceiling=0.00, value=13316.0
    [iter 943622] reheat + diversify: ceiling=0.00, value=30728.0
    [iter 949375] reheat + diversify: ceiling=0.00, value=30728.0
    [iter 955128] reheat + diversify: ceiling=0.00, value=13316.0
    [iter 960881] reheat + diversify: ceiling=0.00, value=19430.0
    [iter 966634] reheat + diversify: ceiling=0.00, value=33608.0
    [iter 972387] reheat + diversify: ceiling=0.00, value=30728.0
    [iter 978140] reheat + diversify: ceiling=0.00, value=22310.0
    [iter 983893] reheat + diversify: ceiling=0.00, value=29798.0
    [iter 989646] reheat + diversify: ceiling=0.00, value=30728.0
    [iter 995399] reheat + diversify: ceiling=0.00, value=9062.0
    [iter 1001152] reheat + diversify: ceiling=0.00, value=14246.0
    [iter 1006905] reheat + diversify: ceiling=0.00, value=27848.0
    [iter 1012658] reheat + diversify: ceiling=0.00, value=14246.0
    [iter 1018411] reheat + diversify: ceiling=0.00, value=28424.0
    [iter 1024164] reheat + diversify: ceiling=0.00, value=28424.0
    [iter 1029917] reheat + diversify: ceiling=0.00, value=13316.0
    [iter 1035670] reheat + diversify: ceiling=0.00, value=30728.0
    [iter 1041423] reheat + diversify: ceiling=0.00, value=21734.0
    [iter 1047176] reheat + diversify: ceiling=0.00, value=33608.0
    [iter 1052929] reheat + diversify: ceiling=0.00, value=29798.0
    [iter 1058682] reheat + diversify: ceiling=0.00, value=24614.0
    [iter 1064435] reheat + diversify: ceiling=0.00, value=8132.0
    [iter 1070188] reheat + diversify: ceiling=0.00, value=18500.0
    [iter 1075941] reheat + diversify: ceiling=0.00, value=33608.0
    [iter 1081694] reheat + diversify: ceiling=0.00, value=15620.0
    [iter 1087447] reheat + diversify: ceiling=0.00, value=18500.0
    [iter 1093200] reheat + diversify: ceiling=0.00, value=30728.0
    [iter 1098953] reheat + diversify: ceiling=0.00, value=24614.0
    [iter 1104706] reheat + diversify: ceiling=0.00, value=30728.0
    [iter 1110459] reheat + diversify: ceiling=0.00, value=22310.0
    [iter 1116212] reheat + diversify: ceiling=0.00, value=30728.0
    [iter 1121965] reheat + diversify: ceiling=0.00, value=24614.0
    [iter 1127718] reheat + diversify: ceiling=0.00, value=33608.0
    [iter 1133471] reheat + diversify: ceiling=0.00, value=30728.0
    [iter 1139224] reheat + diversify: ceiling=0.00, value=11012.0
    [iter 1144977] reheat + diversify: ceiling=0.00, value=18500.0
    [iter 1150730] reheat + diversify: ceiling=0.00, value=17126.0
    [iter 1156483] reheat + diversify: ceiling=0.00, value=18500.0
    [iter 1162236] reheat + diversify: ceiling=0.00, value=22310.0
    [iter 1167989] reheat + diversify: ceiling=0.00, value=15620.0
    [iter 1173742] reheat + diversify: ceiling=0.00, value=30728.0
    [iter 1179495] reheat + diversify: ceiling=0.00, value=24614.0
    [iter 1185248] reheat + diversify: ceiling=0.00, value=30728.0
    [iter 1191001] reheat + diversify: ceiling=0.00, value=30728.0
    [iter 1196754] reheat + diversify: ceiling=0.00, value=21734.0
    [iter 1202507] reheat + diversify: ceiling=0.00, value=28424.0
    [iter 1208260] reheat + diversify: ceiling=0.00, value=33608.0
    [iter 1214013] reheat + diversify: ceiling=0.00, value=24614.0
    [iter 1219766] reheat + diversify: ceiling=0.00, value=16550.0
    [iter 1225519] reheat + diversify: ceiling=0.00, value=30728.0
    [iter 1231272] reheat + diversify: ceiling=0.00, value=14246.0
    [iter 1237025] reheat + diversify: ceiling=0.00, value=24614.0
    [iter 1242778] reheat + diversify: ceiling=0.00, value=24614.0
    [iter 1248531] reheat + diversify: ceiling=0.00, value=19430.0
    [iter 1254284] reheat + diversify: ceiling=0.00, value=30728.0
    [iter 1260037] reheat + diversify: ceiling=0.00, value=28424.0
    [iter 1265790] reheat + diversify: ceiling=0.00, value=13316.0
    [iter 1271543] reheat + diversify: ceiling=0.00, value=22310.0
    [iter 1277296] reheat + diversify: ceiling=0.00, value=13316.0
    [iter 1283049] reheat + diversify: ceiling=0.00, value=30728.0
    [iter 1288802] reheat + diversify: ceiling=0.00, value=15620.0
    [iter 1294555] reheat + diversify: ceiling=0.00, value=33608.0
    [iter 1300308] reheat + diversify: ceiling=0.00, value=30728.0
    [iter 1306061] reheat + diversify: ceiling=0.00, value=11366.0
    [iter 1311814] reheat + diversify: ceiling=0.00, value=21734.0
    [iter 1317567] reheat + diversify: ceiling=0.00, value=10436.0
    [iter 1323320] reheat + diversify: ceiling=0.00, value=7202.0
    [iter 1329073] reheat + diversify: ceiling=0.00, value=25544.0
    [iter 1334826] reheat + diversify: ceiling=0.00, value=25544.0
    [iter 1340579] reheat + diversify: ceiling=0.00, value=11012.0
    [iter 1346332] reheat + diversify: ceiling=0.00, value=17126.0
    [iter 1352085] reheat + diversify: ceiling=0.00, value=33608.0
    [iter 1357838] reheat + diversify: ceiling=0.00, value=30728.0
    [iter 1363591] reheat + diversify: ceiling=0.00, value=16550.0
    [iter 1369344] reheat + diversify: ceiling=0.00, value=27848.0
    [iter 1375097] reheat + diversify: ceiling=0.00, value=22310.0
    [iter 1380850] reheat + diversify: ceiling=0.00, value=28424.0
    [iter 1386603] reheat + diversify: ceiling=0.00, value=16550.0
    [iter 1392356] reheat + diversify: ceiling=0.00, value=11012.0
    [iter 1398109] reheat + diversify: ceiling=0.00, value=18500.0
    [iter 1403862] reheat + diversify: ceiling=0.00, value=22310.0
    [iter 1409615] reheat + diversify: ceiling=0.00, value=7202.0
    [iter 1415368] reheat + diversify: ceiling=0.00, value=30728.0
    [iter 1421121] reheat + diversify: ceiling=0.00, value=28424.0
    [iter 1426874] reheat + diversify: ceiling=0.00, value=30728.0
    [iter 1432627] reheat + diversify: ceiling=0.00, value=15620.0
    [iter 1438380] reheat + diversify: ceiling=0.00, value=30728.0
    [iter 1444133] reheat + diversify: ceiling=0.00, value=19430.0
    [iter 1449886] reheat + diversify: ceiling=0.00, value=33608.0
    [iter 1455639] reheat + diversify: ceiling=0.00, value=13316.0
    [iter 1461392] reheat + diversify: ceiling=0.00, value=22310.0
    [iter 1467145] reheat + diversify: ceiling=0.00, value=23240.0
    [iter 1472898] reheat + diversify: ceiling=0.00, value=29798.0
    [iter 1478651] reheat + diversify: ceiling=0.00, value=30728.0
    [iter 1484404] reheat + diversify: ceiling=0.00, value=18500.0
    [iter 1490157] reheat + diversify: ceiling=0.00, value=33608.0
    [iter 1495910] reheat + diversify: ceiling=0.00, value=33608.0
    [iter 1501663] reheat + diversify: ceiling=0.00, value=29798.0
    [iter 1507416] reheat + diversify: ceiling=0.00, value=30728.0
    [iter 1513169] reheat + diversify: ceiling=0.00, value=17126.0
    [iter 1518922] reheat + diversify: ceiling=0.00, value=30728.0
    [iter 1524675] reheat + diversify: ceiling=0.00, value=19430.0
    [iter 1530428] reheat + diversify: ceiling=0.00, value=22310.0
    [iter 1536181] reheat + diversify: ceiling=0.00, value=17126.0
    [iter 1541934] reheat + diversify: ceiling=0.00, value=30728.0
    [iter 1547687] reheat + diversify: ceiling=0.00, value=33608.0
    [iter 1553440] reheat + diversify: ceiling=0.00, value=30728.0
    [iter 1559193] reheat + diversify: ceiling=0.00, value=23240.0
    [iter 1564946] reheat + diversify: ceiling=0.00, value=16550.0
    [iter 1570699] reheat + diversify: ceiling=0.00, value=30728.0
    [iter 1576452] reheat + diversify: ceiling=0.00, value=8132.0
    [iter 1582205] reheat + diversify: ceiling=0.00, value=20804.0
    [iter 1587958] reheat + diversify: ceiling=0.00, value=33608.0
    [iter 1593711] reheat + diversify: ceiling=0.00, value=30728.0
    [iter 1599464] reheat + diversify: ceiling=0.00, value=30728.0
    [iter 1605217] reheat + diversify: ceiling=0.00, value=28424.0
    [iter 1610970] reheat + diversify: ceiling=0.00, value=20804.0
    [iter 1616723] reheat + diversify: ceiling=0.00, value=19430.0
    [iter 1622476] reheat + diversify: ceiling=0.00, value=25988.0
    [iter 1628229] reheat + diversify: ceiling=0.00, value=27848.0
    [iter 1633982] reheat + diversify: ceiling=0.00, value=28424.0
    [iter 1639735] reheat + diversify: ceiling=0.00, value=13316.0
    [iter 1645488] reheat + diversify: ceiling=0.00, value=25988.0
    [iter 1651241] reheat + diversify: ceiling=0.00, value=13316.0
    [iter 1656994] reheat + diversify: ceiling=0.00, value=30728.0
    [iter 1662747] reheat + diversify: ceiling=0.00, value=25988.0
    [iter 1668500] reheat + diversify: ceiling=0.00, value=29798.0
    [iter 1674253] reheat + diversify: ceiling=0.00, value=30728.0
    [iter 1680006] reheat + diversify: ceiling=0.00, value=33608.0
    [iter 1685759] reheat + diversify: ceiling=0.00, value=19430.0
    [iter 1691512] reheat + diversify: ceiling=0.00, value=24614.0
    [iter 1697265] reheat + diversify: ceiling=0.00, value=29798.0
    [iter 1703018] reheat + diversify: ceiling=0.00, value=30728.0
    [iter 1708771] reheat + diversify: ceiling=0.00, value=30728.0
    [iter 1714524] reheat + diversify: ceiling=0.00, value=20804.0
    [iter 1720277] reheat + diversify: ceiling=0.00, value=17126.0
    [iter 1726030] reheat + diversify: ceiling=0.00, value=30728.0
    [iter 1731783] reheat + diversify: ceiling=0.00, value=18500.0
    [iter 1737536] reheat + diversify: ceiling=0.00, value=11012.0
    [iter 1743289] reheat + diversify: ceiling=0.00, value=30728.0
    [iter 1749042] reheat + diversify: ceiling=0.00, value=15620.0
    [iter 1754795] reheat + diversify: ceiling=0.00, value=24614.0
    [iter 1760548] reheat + diversify: ceiling=0.00, value=30728.0
    [iter 1766301] reheat + diversify: ceiling=0.00, value=9992.0
    [iter 1772054] reheat + diversify: ceiling=0.00, value=23240.0
    [iter 1777807] reheat + diversify: ceiling=0.00, value=15620.0
    [iter 1783560] reheat + diversify: ceiling=0.00, value=30728.0
    [iter 1789313] reheat + diversify: ceiling=0.00, value=29798.0
    [iter 1795066] reheat + diversify: ceiling=0.00, value=13316.0
    [iter 1800819] reheat + diversify: ceiling=0.00, value=15620.0
    [iter 1806572] reheat + diversify: ceiling=0.00, value=33608.0
    [iter 1812325] reheat + diversify: ceiling=0.00, value=17126.0
    [iter 1818078] reheat + diversify: ceiling=0.00, value=14246.0
    [iter 1823831] reheat + diversify: ceiling=0.00, value=13316.0
    [iter 1829584] reheat + diversify: ceiling=0.00, value=30728.0
    [iter 1835337] reheat + diversify: ceiling=0.00, value=23240.0
    [iter 1841090] reheat + diversify: ceiling=0.00, value=14246.0
    [iter 1846843] reheat + diversify: ceiling=0.00, value=30728.0
    [iter 1852596] reheat + diversify: ceiling=0.00, value=30728.0
    [iter 1858349] reheat + diversify: ceiling=0.00, value=19430.0
    [iter 1864102] reheat + diversify: ceiling=0.00, value=22310.0
    [iter 1869855] reheat + diversify: ceiling=0.00, value=22310.0
    [iter 1875608] reheat + diversify: ceiling=0.00, value=13316.0
    [iter 1881361] reheat + diversify: ceiling=0.00, value=30728.0
    [iter 1887114] reheat + diversify: ceiling=0.00, value=10436.0
    [iter 1892867] reheat + diversify: ceiling=0.00, value=18500.0
    [iter 1898620] reheat + diversify: ceiling=0.00, value=25544.0
    [iter 1904373] reheat + diversify: ceiling=0.00, value=30728.0
    [iter 1910126] reheat + diversify: ceiling=0.00, value=28424.0
    [iter 1915879] reheat + diversify: ceiling=0.00, value=30728.0
    [iter 1921632] reheat + diversify: ceiling=0.00, value=19430.0
    [iter 1927385] reheat + diversify: ceiling=0.00, value=24614.0
    [iter 1933138] reheat + diversify: ceiling=0.00, value=13316.0
    [iter 1938891] reheat + diversify: ceiling=0.00, value=33608.0
    [iter 1944644] reheat + diversify: ceiling=0.00, value=25544.0
    [iter 1950397] reheat + diversify: ceiling=0.00, value=24614.0
    [iter 1956150] reheat + diversify: ceiling=0.00, value=11012.0
    [iter 1961903] reheat + diversify: ceiling=0.00, value=30728.0
    [iter 1967656] reheat + diversify: ceiling=0.00, value=18500.0
    [iter 1973409] reheat + diversify: ceiling=0.00, value=24614.0
    [iter 1979162] reheat + diversify: ceiling=0.00, value=10436.0
    [iter 1984915] reheat + diversify: ceiling=0.00, value=29798.0
    [iter 1990668] reheat + diversify: ceiling=0.00, value=22310.0
    [iter 1996421] reheat + diversify: ceiling=0.00, value=33608.0
    [iter 2002174] reheat + diversify: ceiling=0.00, value=13316.0
    [iter 2007927] reheat + diversify: ceiling=0.00, value=13316.0
    [iter 2013680] reheat + diversify: ceiling=0.00, value=30728.0
    [iter 2019433] reheat + diversify: ceiling=0.00, value=13316.0
    [iter 2025186] reheat + diversify: ceiling=0.00, value=30728.0
    [iter 2030939] reheat + diversify: ceiling=0.00, value=18500.0
    [iter 2036692] reheat + diversify: ceiling=0.00, value=18500.0
    [iter 2042445] reheat + diversify: ceiling=0.00, value=13316.0
    [iter 2048198] reheat + diversify: ceiling=0.00, value=23240.0
    [iter 2053951] reheat + diversify: ceiling=0.00, value=22310.0
    [iter 2059704] reheat + diversify: ceiling=0.00, value=30728.0
    [iter 2065457] reheat + diversify: ceiling=0.00, value=11012.0
    [iter 2071210] reheat + diversify: ceiling=0.00, value=33608.0
    [iter 2076963] reheat + diversify: ceiling=0.00, value=30728.0
    [iter 2082716] reheat + diversify: ceiling=0.00, value=30728.0
    [iter 2088469] reheat + diversify: ceiling=0.00, value=30728.0
    [iter 2094222] reheat + diversify: ceiling=0.00, value=33608.0
    [iter 2099975] reheat + diversify: ceiling=0.00, value=14822.0
    [iter 2105728] reheat + diversify: ceiling=0.00, value=33608.0
    [iter 2111481] reheat + diversify: ceiling=0.00, value=27848.0
    [iter 2117234] reheat + diversify: ceiling=0.00, value=22310.0
    [iter 2122987] reheat + diversify: ceiling=0.00, value=33608.0
    [iter 2128740] reheat + diversify: ceiling=0.00, value=28424.0
    [iter 2134493] reheat + diversify: ceiling=0.00, value=33608.0
    [iter 2140246] reheat + diversify: ceiling=0.00, value=28424.0
    [iter 2145999] reheat + diversify: ceiling=0.00, value=30728.0
    [iter 2151752] reheat + diversify: ceiling=0.00, value=28424.0
    [iter 2157505] reheat + diversify: ceiling=0.00, value=33608.0
    [iter 2163258] reheat + diversify: ceiling=0.00, value=19430.0
    [iter 2169011] reheat + diversify: ceiling=0.00, value=24614.0
    [iter 2174764] reheat + diversify: ceiling=0.00, value=18500.0
    [iter 2180517] reheat + diversify: ceiling=0.00, value=28424.0
    [iter 2186270] reheat + diversify: ceiling=0.00, value=30728.0
    [iter 2192023] reheat + diversify: ceiling=0.00, value=30728.0
    [iter 2197776] reheat + diversify: ceiling=0.00, value=30728.0
    [iter 2203529] reheat + diversify: ceiling=0.00, value=30728.0
    [iter 2209282] reheat + diversify: ceiling=0.00, value=24614.0
    [iter 2215035] reheat + diversify: ceiling=0.00, value=30728.0
    [iter 2220788] reheat + diversify: ceiling=0.00, value=19430.0
    [iter 2226541] reheat + diversify: ceiling=0.00, value=19430.0
    [iter 2232294] reheat + diversify: ceiling=0.00, value=11942.0
    [iter 2238047] reheat + diversify: ceiling=0.00, value=14246.0
    [iter 2243800] reheat + diversify: ceiling=0.00, value=21734.0
    [iter 2249553] reheat + diversify: ceiling=0.00, value=29798.0
    [iter 2255306] reheat + diversify: ceiling=0.00, value=30728.0
    [iter 2261059] reheat + diversify: ceiling=0.00, value=19430.0
    [iter 2266812] reheat + diversify: ceiling=0.00, value=33608.0
    [iter 2272565] reheat + diversify: ceiling=0.00, value=26918.0
    [iter 2278318] reheat + diversify: ceiling=0.00, value=33608.0
    [iter 2284071] reheat + diversify: ceiling=0.00, value=13316.0
    [iter 2289824] reheat + diversify: ceiling=0.00, value=11012.0
    [iter 2295577] reheat + diversify: ceiling=0.00, value=33608.0
    [iter 2301330] reheat + diversify: ceiling=0.00, value=13316.0
    [iter 2307083] reheat + diversify: ceiling=0.00, value=15620.0
    [iter 2312836] reheat + diversify: ceiling=0.00, value=13316.0
    [iter 2318589] reheat + diversify: ceiling=0.00, value=13316.0
    [iter 2324342] reheat + diversify: ceiling=0.00, value=28424.0
    [iter 2330095] reheat + diversify: ceiling=0.00, value=30728.0
    [iter 2335848] reheat + diversify: ceiling=0.00, value=15620.0
    [iter 2341601] reheat + diversify: ceiling=0.00, value=11012.0
    [iter 2347354] reheat + diversify: ceiling=0.00, value=15620.0
    [iter 2353107] reheat + diversify: ceiling=0.00, value=11012.0
    [iter 2358860] reheat + diversify: ceiling=0.00, value=26918.0
    [iter 2364613] reheat + diversify: ceiling=0.00, value=30728.0
    [iter 2370366] reheat + diversify: ceiling=0.00, value=33608.0
    [iter 2376119] reheat + diversify: ceiling=0.00, value=24614.0
    [iter 2381872] reheat + diversify: ceiling=0.00, value=13316.0
    [iter 2387625] reheat + diversify: ceiling=0.00, value=30728.0
    [iter 2393378] reheat + diversify: ceiling=0.00, value=29798.0
    [iter 2399131] reheat + diversify: ceiling=0.00, value=30728.0
    [iter 2404884] reheat + diversify: ceiling=0.00, value=30728.0
    [iter 2410637] reheat + diversify: ceiling=0.00, value=33608.0
    [iter 2416390] reheat + diversify: ceiling=0.00, value=19430.0
    [iter 2422143] reheat + diversify: ceiling=0.00, value=30728.0
    [iter 2427896] reheat + diversify: ceiling=0.00, value=19430.0
    [iter 2433649] reheat + diversify: ceiling=0.00, value=33608.0
    [iter 2439402] reheat + diversify: ceiling=0.00, value=11012.0
    [iter 2445155] reheat + diversify: ceiling=0.00, value=13316.0
    [iter 2450908] reheat + diversify: ceiling=0.00, value=13316.0
    [iter 2456661] reheat + diversify: ceiling=0.00, value=8132.0
    [iter 2462414] reheat + diversify: ceiling=0.00, value=21734.0
    [iter 2468167] reheat + diversify: ceiling=0.00, value=9062.0
    [iter 2473920] reheat + diversify: ceiling=0.00, value=30728.0
    [iter 2479673] reheat + diversify: ceiling=0.00, value=30728.0
    [iter 2485426] reheat + diversify: ceiling=0.00, value=8132.0
    [iter 2491179] reheat + diversify: ceiling=0.00, value=24614.0
    [iter 2496932] reheat + diversify: ceiling=0.00, value=21734.0
    [iter 2502685] reheat + diversify: ceiling=0.00, value=30728.0
    [iter 2508438] reheat + diversify: ceiling=0.00, value=29798.0
    [iter 2514191] reheat + diversify: ceiling=0.00, value=30728.0
    [iter 2519944] reheat + diversify: ceiling=0.00, value=24614.0
    [iter 2525697] reheat + diversify: ceiling=0.00, value=13316.0
    [iter 2531450] reheat + diversify: ceiling=0.00, value=30728.0
    [iter 2537203] reheat + diversify: ceiling=0.00, value=27848.0
    [iter 2542956] reheat + diversify: ceiling=0.00, value=20804.0
    [iter 2548709] reheat + diversify: ceiling=0.00, value=33608.0
    [iter 2554462] reheat + diversify: ceiling=0.00, value=33608.0
    [iter 2560215] reheat + diversify: ceiling=0.00, value=11012.0
    [iter 2565968] reheat + diversify: ceiling=0.00, value=33608.0
    [iter 2571721] reheat + diversify: ceiling=0.00, value=15620.0
    [iter 2577474] reheat + diversify: ceiling=0.00, value=28424.0
    [iter 2583227] reheat + diversify: ceiling=0.00, value=33608.0
    [iter 2588980] reheat + diversify: ceiling=0.00, value=30728.0
    [iter 2594733] reheat + diversify: ceiling=0.00, value=30728.0
    [iter 2600486] reheat + diversify: ceiling=0.00, value=28424.0
    [iter 2606239] reheat + diversify: ceiling=0.00, value=19430.0
    [iter 2611992] reheat + diversify: ceiling=0.00, value=24614.0
    [iter 2617745] reheat + diversify: ceiling=0.00, value=29798.0
    [iter 2623498] reheat + diversify: ceiling=0.00, value=30728.0
    [iter 2629251] reheat + diversify: ceiling=0.00, value=18500.0
    [iter 2635004] reheat + diversify: ceiling=0.00, value=30728.0
    [iter 2640757] reheat + diversify: ceiling=0.00, value=29798.0
    [iter 2646510] reheat + diversify: ceiling=0.00, value=19430.0
    [iter 2652263] reheat + diversify: ceiling=0.00, value=19430.0
    [iter 2658016] reheat + diversify: ceiling=0.00, value=11942.0
    [iter 2663769] reheat + diversify: ceiling=0.00, value=30728.0
    [iter 2669522] reheat + diversify: ceiling=0.00, value=17126.0
    [iter 2675275] reheat + diversify: ceiling=0.00, value=19430.0
    [iter 2681028] reheat + diversify: ceiling=0.00, value=22310.0
    [iter 2686781] reheat + diversify: ceiling=0.00, value=16550.0
    [iter 2692534] reheat + diversify: ceiling=0.00, value=29798.0
    [iter 2698287] reheat + diversify: ceiling=0.00, value=28424.0
    [iter 2704040] reheat + diversify: ceiling=0.00, value=30728.0
    [iter 2709793] reheat + diversify: ceiling=0.00, value=16550.0
    [iter 2715546] reheat + diversify: ceiling=0.00, value=30728.0
    [iter 2721299] reheat + diversify: ceiling=0.00, value=25544.0
    [iter 2727052] reheat + diversify: ceiling=0.00, value=19430.0
    [iter 2732805] reheat + diversify: ceiling=0.00, value=30728.0
    [iter 2738558] reheat + diversify: ceiling=0.00, value=33608.0
    [iter 2744311] reheat + diversify: ceiling=0.00, value=18500.0
    [iter 2750064] reheat + diversify: ceiling=0.00, value=30728.0
    [iter 2755817] reheat + diversify: ceiling=0.00, value=30728.0
    [iter 2761570] reheat + diversify: ceiling=0.00, value=17126.0
    [iter 2767323] reheat + diversify: ceiling=0.00, value=28424.0
    [iter 2773076] reheat + diversify: ceiling=0.00, value=23240.0
    [iter 2778829] reheat + diversify: ceiling=0.00, value=33608.0
    [iter 2784582] reheat + diversify: ceiling=0.00, value=22310.0
    [iter 2790335] reheat + diversify: ceiling=0.00, value=11012.0
    [iter 2796088] reheat + diversify: ceiling=0.00, value=28424.0
    [iter 2801841] reheat + diversify: ceiling=0.00, value=33608.0
    [iter 2807594] reheat + diversify: ceiling=0.00, value=11366.0
    [iter 2813347] reheat + diversify: ceiling=0.00, value=24614.0
    [iter 2819100] reheat + diversify: ceiling=0.00, value=30728.0
    [iter 2824853] reheat + diversify: ceiling=0.00, value=30728.0
    [iter 2830606] reheat + diversify: ceiling=0.00, value=30728.0
    [iter 2836359] reheat + diversify: ceiling=0.00, value=19430.0
    [iter 2842112] reheat + diversify: ceiling=0.00, value=30728.0
    [iter 2847865] reheat + diversify: ceiling=0.00, value=19430.0
    [iter 2853618] reheat + diversify: ceiling=0.00, value=26918.0
    [iter 2859371] reheat + diversify: ceiling=0.00, value=20804.0
    [iter 2865124] reheat + diversify: ceiling=0.00, value=30728.0
    [iter 2870877] reheat + diversify: ceiling=0.00, value=30728.0
    [iter 2876630] reheat + diversify: ceiling=0.00, value=13316.0
    [iter 2882383] reheat + diversify: ceiling=0.00, value=30728.0
    [iter 2888136] reheat + diversify: ceiling=0.00, value=19430.0
    [iter 2893889] reheat + diversify: ceiling=0.00, value=30728.0
    [iter 2899642] reheat + diversify: ceiling=0.00, value=23240.0
    [iter 2905395] reheat + diversify: ceiling=0.00, value=30728.0
    [iter 2911148] reheat + diversify: ceiling=0.00, value=30728.0
    [iter 2916901] reheat + diversify: ceiling=0.00, value=30728.0
    [iter 2922654] reheat + diversify: ceiling=0.00, value=19430.0
    [iter 2928407] reheat + diversify: ceiling=0.00, value=13316.0
    [iter 2934160] reheat + diversify: ceiling=0.00, value=29798.0
    [iter 2939913] reheat + diversify: ceiling=0.00, value=33608.0
    [iter 2945666] reheat + diversify: ceiling=0.00, value=30728.0
    [iter 2951419] reheat + diversify: ceiling=0.00, value=30728.0
    [iter 2957172] reheat + diversify: ceiling=0.00, value=13316.0
    [iter 2962925] reheat + diversify: ceiling=0.00, value=24614.0
    [iter 2968678] reheat + diversify: ceiling=0.00, value=30728.0
    [iter 2974431] reheat + diversify: ceiling=0.00, value=22310.0
    [iter 2980184] reheat + diversify: ceiling=0.00, value=19430.0
    [iter 2985937] reheat + diversify: ceiling=0.00, value=33608.0
    [iter 2991690] reheat + diversify: ceiling=0.00, value=27848.0
    [iter 2997443] reheat + diversify: ceiling=0.00, value=26918.0
    [iter 3003196] reheat + diversify: ceiling=0.00, value=11366.0
    [iter 3008949] reheat + diversify: ceiling=0.00, value=33608.0
    [iter 3014702] reheat + diversify: ceiling=0.00, value=30728.0
    [iter 3020455] reheat + diversify: ceiling=0.00, value=30728.0
    [iter 3026208] reheat + diversify: ceiling=0.00, value=30728.0
    [iter 3031961] reheat + diversify: ceiling=0.00, value=13316.0
    [iter 3037714] reheat + diversify: ceiling=0.00, value=13316.0
    [iter 3043467] reheat + diversify: ceiling=0.00, value=30728.0
    [iter 3049220] reheat + diversify: ceiling=0.00, value=13316.0
    [iter 3054973] reheat + diversify: ceiling=0.00, value=19430.0
    [iter 3060726] reheat + diversify: ceiling=0.00, value=18500.0
    [iter 3066479] reheat + diversify: ceiling=0.00, value=22310.0
    [iter 3072232] reheat + diversify: ceiling=0.00, value=19430.0
    [iter 3077985] reheat + diversify: ceiling=0.00, value=29798.0
    [iter 3083738] reheat + diversify: ceiling=0.00, value=15620.0
    [iter 3089491] reheat + diversify: ceiling=0.00, value=28424.0
    [iter 3095244] reheat + diversify: ceiling=0.00, value=33608.0
    [iter 3100997] reheat + diversify: ceiling=0.00, value=16550.0
    [iter 3106750] reheat + diversify: ceiling=0.00, value=33608.0
    [iter 3112503] reheat + diversify: ceiling=0.00, value=30728.0
    [iter 3118256] reheat + diversify: ceiling=0.00, value=22310.0
    [iter 3124009] reheat + diversify: ceiling=0.00, value=30728.0
    [iter 3129762] reheat + diversify: ceiling=0.00, value=13316.0
    [iter 3135515] reheat + diversify: ceiling=0.00, value=33608.0
    [iter 3141268] reheat + diversify: ceiling=0.00, value=19430.0
    [iter 3147021] reheat + diversify: ceiling=0.00, value=30728.0
    [iter 3152774] reheat + diversify: ceiling=0.00, value=30728.0
    [iter 3158527] reheat + diversify: ceiling=0.00, value=30728.0
    [iter 3164280] reheat + diversify: ceiling=0.00, value=30728.0
    [iter 3170033] reheat + diversify: ceiling=0.00, value=20804.0
    [iter 3175786] reheat + diversify: ceiling=0.00, value=20804.0
    [iter 3181539] reheat + diversify: ceiling=0.00, value=28424.0
    [iter 3187292] reheat + diversify: ceiling=0.00, value=29798.0
    [iter 3193045] reheat + diversify: ceiling=0.00, value=13316.0
    [iter 3198798] reheat + diversify: ceiling=0.00, value=22310.0
    [iter 3204551] reheat + diversify: ceiling=0.00, value=18500.0
    [iter 3210304] reheat + diversify: ceiling=0.00, value=13316.0
    [iter 3216057] reheat + diversify: ceiling=0.00, value=15620.0
    [iter 3221810] reheat + diversify: ceiling=0.00, value=33608.0
    [iter 3227563] reheat + diversify: ceiling=0.00, value=15620.0
    [iter 3233316] reheat + diversify: ceiling=0.00, value=8132.0
    [iter 3239069] reheat + diversify: ceiling=0.00, value=24614.0
    [iter 3244822] reheat + diversify: ceiling=0.00, value=27848.0
    [iter 3250575] reheat + diversify: ceiling=0.00, value=33608.0
    [iter 3256328] reheat + diversify: ceiling=0.00, value=8132.0
    [iter 3262081] reheat + diversify: ceiling=0.00, value=20804.0
    [iter 3267834] reheat + diversify: ceiling=0.00, value=30728.0
    [iter 3273587] reheat + diversify: ceiling=0.00, value=19430.0
    [iter 3279340] reheat + diversify: ceiling=0.00, value=33608.0
    [iter 3285093] reheat + diversify: ceiling=0.00, value=20804.0
    [iter 3290846] reheat + diversify: ceiling=0.00, value=30728.0
    [iter 3296599] reheat + diversify: ceiling=0.00, value=13316.0
    [iter 3302352] reheat + diversify: ceiling=0.00, value=13316.0
    [iter 3308105] reheat + diversify: ceiling=0.00, value=29798.0
    [iter 3313858] reheat + diversify: ceiling=0.00, value=22310.0
    [iter 3319611] reheat + diversify: ceiling=0.00, value=33608.0
    [iter 3325364] reheat + diversify: ceiling=0.00, value=25544.0
    [iter 3331117] reheat + diversify: ceiling=0.00, value=25544.0
    [iter 3336870] reheat + diversify: ceiling=0.00, value=30728.0
    [iter 3342623] reheat + diversify: ceiling=0.00, value=30728.0
    [iter 3348376] reheat + diversify: ceiling=0.00, value=13316.0
    [iter 3354129] reheat + diversify: ceiling=0.00, value=19430.0
    [iter 3359882] reheat + diversify: ceiling=0.00, value=14246.0
    [iter 3365635] reheat + diversify: ceiling=0.00, value=33608.0
    [iter 3371388] reheat + diversify: ceiling=0.00, value=19430.0
    [iter 3377141] reheat + diversify: ceiling=0.00, value=30728.0
    [iter 3382894] reheat + diversify: ceiling=0.00, value=15620.0
    [iter 3388647] reheat + diversify: ceiling=0.00, value=33608.0
    [iter 3394400] reheat + diversify: ceiling=0.00, value=19430.0
    [iter 3400153] reheat + diversify: ceiling=0.00, value=13316.0
    [iter 3405906] reheat + diversify: ceiling=0.00, value=29798.0
    [iter 3411659] reheat + diversify: ceiling=0.00, value=30728.0
    [iter 3417412] reheat + diversify: ceiling=0.00, value=30728.0
    [iter 3423165] reheat + diversify: ceiling=0.00, value=27848.0
    [iter 3428918] reheat + diversify: ceiling=0.00, value=22310.0
    [iter 3434671] reheat + diversify: ceiling=0.00, value=28424.0
    [iter 3440424] reheat + diversify: ceiling=0.00, value=26918.0
    [iter 3446177] reheat + diversify: ceiling=0.00, value=33608.0
    [iter 3451930] reheat + diversify: ceiling=0.00, value=13316.0
    [iter 3457683] reheat + diversify: ceiling=0.00, value=33608.0
    [iter 3463436] reheat + diversify: ceiling=0.00, value=11012.0
    [iter 3469189] reheat + diversify: ceiling=0.00, value=30728.0
    [iter 3474942] reheat + diversify: ceiling=0.00, value=28424.0
    [iter 3480695] reheat + diversify: ceiling=0.00, value=25544.0
    [iter 3486448] reheat + diversify: ceiling=0.00, value=17126.0
    [iter 3492201] reheat + diversify: ceiling=0.00, value=11366.0
    [iter 3497954] reheat + diversify: ceiling=0.00, value=18500.0
    [iter 3503707] reheat + diversify: ceiling=0.00, value=7202.0
    [iter 3509460] reheat + diversify: ceiling=0.00, value=30728.0
    [iter 3515213] reheat + diversify: ceiling=0.00, value=13316.0
    [iter 3520966] reheat + diversify: ceiling=0.00, value=14246.0
    [iter 3526719] reheat + diversify: ceiling=0.00, value=24968.0
    [iter 3532472] reheat + diversify: ceiling=0.00, value=33608.0
    [iter 3538225] reheat + diversify: ceiling=0.00, value=19430.0
    [iter 3543978] reheat + diversify: ceiling=0.00, value=30728.0
    [iter 3549731] reheat + diversify: ceiling=0.00, value=26918.0
    [iter 3555484] reheat + diversify: ceiling=0.00, value=28424.0
    [iter 3561237] reheat + diversify: ceiling=0.00, value=22310.0
    [iter 3566990] reheat + diversify: ceiling=0.00, value=33608.0
    [iter 3572743] reheat + diversify: ceiling=0.00, value=19430.0
    [iter 3578496] reheat + diversify: ceiling=0.00, value=30728.0
    [iter 3584249] reheat + diversify: ceiling=0.00, value=30728.0
    [iter 3590002] reheat + diversify: ceiling=0.00, value=30728.0
    [iter 3595755] reheat + diversify: ceiling=0.00, value=33608.0
    [iter 3601508] reheat + diversify: ceiling=0.00, value=33608.0
    [iter 3607261] reheat + diversify: ceiling=0.00, value=21734.0
    [iter 3613014] reheat + diversify: ceiling=0.00, value=17126.0
    [iter 3618767] reheat + diversify: ceiling=0.00, value=30728.0
    [iter 3624520] reheat + diversify: ceiling=0.00, value=14246.0
    [iter 3630273] reheat + diversify: ceiling=0.00, value=33608.0
    [iter 3636026] reheat + diversify: ceiling=0.00, value=28424.0
    [iter 3641779] reheat + diversify: ceiling=0.00, value=30728.0
    [iter 3647532] reheat + diversify: ceiling=0.00, value=23240.0
    [iter 3653285] reheat + diversify: ceiling=0.00, value=30728.0
    [iter 3659038] reheat + diversify: ceiling=0.00, value=14246.0
    [iter 3664791] reheat + diversify: ceiling=0.00, value=19430.0
    [iter 3670544] reheat + diversify: ceiling=0.00, value=28424.0
    [iter 3676297] reheat + diversify: ceiling=0.00, value=30728.0
    [iter 3682050] reheat + diversify: ceiling=0.00, value=30728.0
    [iter 3687803] reheat + diversify: ceiling=0.00, value=30728.0
    [iter 3693556] reheat + diversify: ceiling=0.00, value=30728.0
    [iter 3699309] reheat + diversify: ceiling=0.00, value=29798.0
    [iter 3705062] reheat + diversify: ceiling=0.00, value=20360.0
    [iter 3710815] reheat + diversify: ceiling=0.00, value=18500.0
    [iter 3716568] reheat + diversify: ceiling=0.00, value=28424.0
    [iter 3722321] reheat + diversify: ceiling=0.00, value=28424.0
    [iter 3728074] reheat + diversify: ceiling=0.00, value=30728.0
    [iter 3733827] reheat + diversify: ceiling=0.00, value=33608.0
    [iter 3739580] reheat + diversify: ceiling=0.00, value=22310.0
    [iter 3745333] reheat + diversify: ceiling=0.00, value=22310.0
    [iter 3751086] reheat + diversify: ceiling=0.00, value=33608.0
    [iter 3756839] reheat + diversify: ceiling=0.00, value=33608.0
    [iter 3762592] reheat + diversify: ceiling=0.00, value=30728.0
    [iter 3768345] reheat + diversify: ceiling=0.00, value=22310.0
    [iter 3774098] reheat + diversify: ceiling=0.00, value=30728.0
    [iter 3779851] reheat + diversify: ceiling=0.00, value=24614.0
    [iter 3785604] reheat + diversify: ceiling=0.00, value=22310.0
    [iter 3791357] reheat + diversify: ceiling=0.00, value=30728.0
    [iter 3797110] reheat + diversify: ceiling=0.00, value=33608.0
    [iter 3802863] reheat + diversify: ceiling=0.00, value=30728.0
    [iter 3808616] reheat + diversify: ceiling=0.00, value=29798.0
    [iter 3814369] reheat + diversify: ceiling=0.00, value=30728.0
    [iter 3820122] reheat + diversify: ceiling=0.00, value=28424.0
    [iter 3825875] reheat + diversify: ceiling=0.00, value=30728.0
    [iter 3831628] reheat + diversify: ceiling=0.00, value=23240.0
    [iter 3837381] reheat + diversify: ceiling=0.00, value=30728.0
    [iter 3843134] reheat + diversify: ceiling=0.00, value=15620.0
    [iter 3848887] reheat + diversify: ceiling=0.00, value=33608.0
    [iter 3854640] reheat + diversify: ceiling=0.00, value=30728.0
    [iter 3860393] reheat + diversify: ceiling=0.00, value=30728.0
    [iter 3866146] reheat + diversify: ceiling=0.00, value=30728.0
    [iter 3871899] reheat + diversify: ceiling=0.00, value=29798.0
    [iter 3877652] reheat + diversify: ceiling=0.00, value=33608.0
    [iter 3883405] reheat + diversify: ceiling=0.00, value=30728.0
    [iter 3889158] reheat + diversify: ceiling=0.00, value=8132.0
    [iter 3894911] reheat + diversify: ceiling=0.00, value=19430.0
    [iter 3900664] reheat + diversify: ceiling=0.00, value=30728.0
    [iter 3906417] reheat + diversify: ceiling=0.00, value=30728.0
    [iter 3912170] reheat + diversify: ceiling=0.00, value=30728.0
    [iter 3917923] reheat + diversify: ceiling=0.00, value=22310.0
    [iter 3923676] reheat + diversify: ceiling=0.00, value=11012.0
    [iter 3929429] reheat + diversify: ceiling=0.00, value=13316.0
    [iter 3935182] reheat + diversify: ceiling=0.00, value=22310.0
    [iter 3940935] reheat + diversify: ceiling=0.00, value=11012.0
    [iter 3946688] reheat + diversify: ceiling=0.00, value=30728.0
    [iter 3952441] reheat + diversify: ceiling=0.00, value=33608.0
    [iter 3958194] reheat + diversify: ceiling=0.00, value=25544.0
    [iter 3963947] reheat + diversify: ceiling=0.00, value=13316.0
    [iter 3969700] reheat + diversify: ceiling=0.00, value=19430.0
    [iter 3975453] reheat + diversify: ceiling=0.00, value=19430.0
    [iter 3981206] reheat + diversify: ceiling=0.00, value=29798.0
    [iter 3986959] reheat + diversify: ceiling=0.00, value=19430.0
    [iter 3992712] reheat + diversify: ceiling=0.00, value=30728.0
    [iter 3998465] reheat + diversify: ceiling=0.00, value=14246.0
    [iter 4004218] reheat + diversify: ceiling=0.00, value=19430.0
    [iter 4009971] reheat + diversify: ceiling=0.00, value=30728.0
    [iter 4015724] reheat + diversify: ceiling=0.00, value=19430.0
    [iter 4021477] reheat + diversify: ceiling=0.00, value=13316.0
    [iter 4027230] reheat + diversify: ceiling=0.00, value=24614.0
    [iter 4032983] reheat + diversify: ceiling=0.00, value=21734.0
    [iter 4038736] reheat + diversify: ceiling=0.00, value=24614.0
    [iter 4044489] reheat + diversify: ceiling=0.00, value=9062.0
    [iter 4050242] reheat + diversify: ceiling=0.00, value=11366.0
    [iter 4055995] reheat + diversify: ceiling=0.00, value=30728.0
    [iter 4061748] reheat + diversify: ceiling=0.00, value=30728.0
    [iter 4067501] reheat + diversify: ceiling=0.00, value=33608.0
    [iter 4073254] reheat + diversify: ceiling=0.00, value=19430.0
    [iter 4079007] reheat + diversify: ceiling=0.00, value=33608.0
    [iter 4084760] reheat + diversify: ceiling=0.00, value=33608.0
    [iter 4090513] reheat + diversify: ceiling=0.00, value=16550.0
    [iter 4096266] reheat + diversify: ceiling=0.00, value=33608.0
    [iter 4102019] reheat + diversify: ceiling=0.00, value=29798.0
    [iter 4107772] reheat + diversify: ceiling=0.00, value=30728.0
    [iter 4113525] reheat + diversify: ceiling=0.00, value=30728.0
    [iter 4119278] reheat + diversify: ceiling=0.00, value=24614.0
    [iter 4125031] reheat + diversify: ceiling=0.00, value=13316.0
    [iter 4130784] reheat + diversify: ceiling=0.00, value=30728.0
    [iter 4136537] reheat + diversify: ceiling=0.00, value=28424.0
    [iter 4142290] reheat + diversify: ceiling=0.00, value=28424.0
    [iter 4148043] reheat + diversify: ceiling=0.00, value=33608.0
    [iter 4153796] reheat + diversify: ceiling=0.00, value=23240.0
    [iter 4159549] reheat + diversify: ceiling=0.00, value=13316.0
    [iter 4165302] reheat + diversify: ceiling=0.00, value=19430.0
    [iter 4171055] reheat + diversify: ceiling=0.00, value=18500.0
    [iter 4176808] reheat + diversify: ceiling=0.00, value=22310.0
    [iter 4182561] reheat + diversify: ceiling=0.00, value=24614.0
    [iter 4188314] reheat + diversify: ceiling=0.00, value=33608.0
    [iter 4194067] reheat + diversify: ceiling=0.00, value=30728.0
    [iter 4199820] reheat + diversify: ceiling=0.00, value=30728.0
    [iter 4205573] reheat + diversify: ceiling=0.00, value=11012.0
    [iter 4211326] reheat + diversify: ceiling=0.00, value=30728.0
    [iter 4217079] reheat + diversify: ceiling=0.00, value=30728.0
    [iter 4222832] reheat + diversify: ceiling=0.00, value=29798.0
    [iter 4228585] reheat + diversify: ceiling=0.00, value=33608.0
    [iter 4234338] reheat + diversify: ceiling=0.00, value=33608.0
    [iter 4240091] reheat + diversify: ceiling=0.00, value=30728.0
    [iter 4245844] reheat + diversify: ceiling=0.00, value=30728.0
    [iter 4251597] reheat + diversify: ceiling=0.00, value=30728.0
    [iter 4257350] reheat + diversify: ceiling=0.00, value=24614.0
    [iter 4263103] reheat + diversify: ceiling=0.00, value=30728.0
    [iter 4268856] reheat + diversify: ceiling=0.00, value=29798.0
    [iter 4274609] reheat + diversify: ceiling=0.00, value=11366.0
    [iter 4280362] reheat + diversify: ceiling=0.00, value=30728.0
    [iter 4286115] reheat + diversify: ceiling=0.00, value=19430.0
    [iter 4291868] reheat + diversify: ceiling=0.00, value=30728.0
    [iter 4297621] reheat + diversify: ceiling=0.00, value=30728.0
    [iter 4303374] reheat + diversify: ceiling=0.00, value=22310.0
    [iter 4309127] reheat + diversify: ceiling=0.00, value=30728.0
    [iter 4314880] reheat + diversify: ceiling=0.00, value=14246.0
    [iter 4320633] reheat + diversify: ceiling=0.00, value=25544.0
    [iter 4326386] reheat + diversify: ceiling=0.00, value=22310.0
    [iter 4332139] reheat + diversify: ceiling=0.00, value=33608.0
    [iter 4337892] reheat + diversify: ceiling=0.00, value=17126.0
    [iter 4343645] reheat + diversify: ceiling=0.00, value=33608.0
    [iter 4349398] reheat + diversify: ceiling=0.00, value=30728.0
    [iter 4355151] reheat + diversify: ceiling=0.00, value=24614.0
    [iter 4360904] reheat + diversify: ceiling=0.00, value=18500.0
    [iter 4366657] reheat + diversify: ceiling=0.00, value=30728.0
    [iter 4372410] reheat + diversify: ceiling=0.00, value=30728.0
    [iter 4378163] reheat + diversify: ceiling=0.00, value=29798.0
    [iter 4383916] reheat + diversify: ceiling=0.00, value=19430.0
    [iter 4389669] reheat + diversify: ceiling=0.00, value=30728.0
    [iter 4395422] reheat + diversify: ceiling=0.00, value=13316.0
    [iter 4401175] reheat + diversify: ceiling=0.00, value=17126.0
    [iter 4406928] reheat + diversify: ceiling=0.00, value=19430.0
    [iter 4412681] reheat + diversify: ceiling=0.00, value=23240.0
    [iter 4418434] reheat + diversify: ceiling=0.00, value=22310.0
    [iter 4424187] reheat + diversify: ceiling=0.00, value=14822.0
    [iter 4429940] reheat + diversify: ceiling=0.00, value=16550.0
    [iter 4435693] reheat + diversify: ceiling=0.00, value=30728.0
    [iter 4441446] reheat + diversify: ceiling=0.00, value=30728.0
    [iter 4447199] reheat + diversify: ceiling=0.00, value=25544.0
    [iter 4452952] reheat + diversify: ceiling=0.00, value=19430.0
    [iter 4458705] reheat + diversify: ceiling=0.00, value=30728.0
    [iter 4464458] reheat + diversify: ceiling=0.00, value=22310.0
    [iter 4470211] reheat + diversify: ceiling=0.00, value=13316.0
    [iter 4475964] reheat + diversify: ceiling=0.00, value=19430.0
    [iter 4481717] reheat + diversify: ceiling=0.00, value=23240.0
    [iter 4487470] reheat + diversify: ceiling=0.00, value=33608.0
    [iter 4493223] reheat + diversify: ceiling=0.00, value=24614.0
    [iter 4498976] reheat + diversify: ceiling=0.00, value=19430.0
    [iter 4504729] reheat + diversify: ceiling=0.00, value=11012.0
    [iter 4510482] reheat + diversify: ceiling=0.00, value=30728.0
    [iter 4516235] reheat + diversify: ceiling=0.00, value=33608.0
    [iter 4521988] reheat + diversify: ceiling=0.00, value=24614.0
    [iter 4527741] reheat + diversify: ceiling=0.00, value=33608.0
    [iter 4533494] reheat + diversify: ceiling=0.00, value=30728.0
    [iter 4539247] reheat + diversify: ceiling=0.00, value=18500.0
    [iter 4545000] reheat + diversify: ceiling=0.00, value=17126.0
    [iter 4550753] reheat + diversify: ceiling=0.00, value=30728.0
    [iter 4556506] reheat + diversify: ceiling=0.00, value=15620.0
    [iter 4562259] reheat + diversify: ceiling=0.00, value=27848.0
    [iter 4568012] reheat + diversify: ceiling=0.00, value=13316.0
    [iter 4573765] reheat + diversify: ceiling=0.00, value=30728.0
    [iter 4579518] reheat + diversify: ceiling=0.00, value=13316.0
    [iter 4585271] reheat + diversify: ceiling=0.00, value=33608.0
    [iter 4591024] reheat + diversify: ceiling=0.00, value=33608.0
    [iter 4596777] reheat + diversify: ceiling=0.00, value=24614.0
    [iter 4602530] reheat + diversify: ceiling=0.00, value=18500.0
    [iter 4608283] reheat + diversify: ceiling=0.00, value=30728.0
    [iter 4614036] reheat + diversify: ceiling=0.00, value=30728.0
    [iter 4619789] reheat + diversify: ceiling=0.00, value=33608.0
    [iter 4625542] reheat + diversify: ceiling=0.00, value=26918.0
    [iter 4631295] reheat + diversify: ceiling=0.00, value=28424.0
    [iter 4637048] reheat + diversify: ceiling=0.00, value=22310.0
    [iter 4642801] reheat + diversify: ceiling=0.00, value=33608.0
    [iter 4648554] reheat + diversify: ceiling=0.00, value=22310.0
    [iter 4654307] reheat + diversify: ceiling=0.00, value=11012.0
    [iter 4660060] reheat + diversify: ceiling=0.00, value=17126.0
    [iter 4665813] reheat + diversify: ceiling=0.00, value=33608.0
    [iter 4671566] reheat + diversify: ceiling=0.00, value=30728.0
    [iter 4677319] reheat + diversify: ceiling=0.00, value=21734.0
    [iter 4683072] reheat + diversify: ceiling=0.00, value=22310.0
    [iter 4688825] reheat + diversify: ceiling=0.00, value=29798.0
    [iter 4694578] reheat + diversify: ceiling=0.00, value=13316.0
    [iter 4700331] reheat + diversify: ceiling=0.00, value=15620.0
    [iter 4706084] reheat + diversify: ceiling=0.00, value=33608.0
    [iter 4711837] reheat + diversify: ceiling=0.00, value=30728.0
    [iter 4717590] reheat + diversify: ceiling=0.00, value=30728.0
    [iter 4723343] reheat + diversify: ceiling=0.00, value=33608.0
    [iter 4729096] reheat + diversify: ceiling=0.00, value=22310.0
    [iter 4734849] reheat + diversify: ceiling=0.00, value=28424.0
    [iter 4740602] reheat + diversify: ceiling=0.00, value=30728.0
    [iter 4746355] reheat + diversify: ceiling=0.00, value=13316.0
    [iter 4752108] reheat + diversify: ceiling=0.00, value=26918.0
    [iter 4757861] reheat + diversify: ceiling=0.00, value=30728.0
    [iter 4763614] reheat + diversify: ceiling=0.00, value=29798.0
    [iter 4769367] reheat + diversify: ceiling=0.00, value=33608.0
    [iter 4775120] reheat + diversify: ceiling=0.00, value=33608.0
    [iter 4780873] reheat + diversify: ceiling=0.00, value=30728.0
    [iter 4786626] reheat + diversify: ceiling=0.00, value=22310.0
    [iter 4792379] reheat + diversify: ceiling=0.00, value=19430.0
    [iter 4798132] reheat + diversify: ceiling=0.00, value=29798.0
    [iter 4803885] reheat + diversify: ceiling=0.00, value=15620.0
    [iter 4809638] reheat + diversify: ceiling=0.00, value=33608.0
    [iter 4815391] reheat + diversify: ceiling=0.00, value=30728.0
    [iter 4821144] reheat + diversify: ceiling=0.00, value=18500.0
    [iter 4826897] reheat + diversify: ceiling=0.00, value=19430.0
    [iter 4832650] reheat + diversify: ceiling=0.00, value=13316.0
    [iter 4838403] reheat + diversify: ceiling=0.00, value=18500.0
    [iter 4844156] reheat + diversify: ceiling=0.00, value=18500.0
    [iter 4849909] reheat + diversify: ceiling=0.00, value=14246.0
    [iter 4855662] reheat + diversify: ceiling=0.00, value=30728.0
    [iter 4861415] reheat + diversify: ceiling=0.00, value=28424.0
    [iter 4867168] reheat + diversify: ceiling=0.00, value=30728.0
    [iter 4872921] reheat + diversify: ceiling=0.00, value=30728.0
    [iter 4878674] reheat + diversify: ceiling=0.00, value=18500.0
    [iter 4884427] reheat + diversify: ceiling=0.00, value=30728.0
    [iter 4890180] reheat + diversify: ceiling=0.00, value=30728.0
    [iter 4895933] reheat + diversify: ceiling=0.00, value=27848.0
    [iter 4901686] reheat + diversify: ceiling=0.00, value=24614.0
    [iter 4907439] reheat + diversify: ceiling=0.00, value=27848.0
    [iter 4913192] reheat + diversify: ceiling=0.00, value=30728.0
    [iter 4918945] reheat + diversify: ceiling=0.00, value=22310.0
    [iter 4924698] reheat + diversify: ceiling=0.00, value=33608.0
    [iter 4930451] reheat + diversify: ceiling=0.00, value=33608.0
    [iter 4936204] reheat + diversify: ceiling=0.00, value=30728.0
    [iter 4941957] reheat + diversify: ceiling=0.00, value=30728.0
    [iter 4947710] reheat + diversify: ceiling=0.00, value=33608.0
    [iter 4953463] reheat + diversify: ceiling=0.00, value=29798.0
    [iter 4959216] reheat + diversify: ceiling=0.00, value=30728.0
    [iter 4964969] reheat + diversify: ceiling=0.00, value=30728.0
    [iter 4970722] reheat + diversify: ceiling=0.00, value=26918.0
    [iter 4976475] reheat + diversify: ceiling=0.00, value=29798.0
    [iter 4982228] reheat + diversify: ceiling=0.00, value=11942.0
    [iter 4987981] reheat + diversify: ceiling=0.00, value=13316.0
    [iter 4993734] reheat + diversify: ceiling=0.00, value=30728.0
    [iter 4999487] reheat + diversify: ceiling=0.00, value=25544.0
    [iter 5005240] reheat + diversify: ceiling=0.00, value=30728.0
    [iter 5010993] reheat + diversify: ceiling=0.00, value=30728.0
    [iter 5016746] reheat + diversify: ceiling=0.00, value=33608.0
    [iter 5022499] reheat + diversify: ceiling=0.00, value=30728.0
    [iter 5028252] reheat + diversify: ceiling=0.00, value=25544.0
    [iter 5034005] reheat + diversify: ceiling=0.00, value=22310.0
    [iter 5039758] reheat + diversify: ceiling=0.00, value=24614.0
    [iter 5045511] reheat + diversify: ceiling=0.00, value=22310.0
    [iter 5051264] reheat + diversify: ceiling=0.00, value=11366.0
    [iter 5057017] reheat + diversify: ceiling=0.00, value=19430.0
    [iter 5062770] reheat + diversify: ceiling=0.00, value=27848.0
    [iter 5068523] reheat + diversify: ceiling=0.00, value=24614.0
    [iter 5074276] reheat + diversify: ceiling=0.00, value=21734.0
    [iter 5080029] reheat + diversify: ceiling=0.00, value=30728.0
    [iter 5085782] reheat + diversify: ceiling=0.00, value=14246.0
    [iter 5091535] reheat + diversify: ceiling=0.00, value=30728.0
    [iter 5097288] reheat + diversify: ceiling=0.00, value=28424.0
    [iter 5103041] reheat + diversify: ceiling=0.00, value=30728.0
    [iter 5108794] reheat + diversify: ceiling=0.00, value=30728.0
    [iter 5114547] reheat + diversify: ceiling=0.00, value=30728.0
    [iter 5120300] reheat + diversify: ceiling=0.00, value=24614.0
    [iter 5126053] reheat + diversify: ceiling=0.00, value=33608.0
    [iter 5131806] reheat + diversify: ceiling=0.00, value=28424.0
    [iter 5137559] reheat + diversify: ceiling=0.00, value=10436.0
    [iter 5143312] reheat + diversify: ceiling=0.00, value=14246.0
    [iter 5149065] reheat + diversify: ceiling=0.00, value=10436.0
    [iter 5154818] reheat + diversify: ceiling=0.00, value=30728.0
    [iter 5160571] reheat + diversify: ceiling=0.00, value=15620.0
    [iter 5166324] reheat + diversify: ceiling=0.00, value=29798.0
    [iter 5172077] reheat + diversify: ceiling=0.00, value=13316.0
    [iter 5177830] reheat + diversify: ceiling=0.00, value=28424.0
    [iter 5183583] reheat + diversify: ceiling=0.00, value=11012.0
    [iter 5189336] reheat + diversify: ceiling=0.00, value=30728.0
    [iter 5195089] reheat + diversify: ceiling=0.00, value=30728.0
    [iter 5200842] reheat + diversify: ceiling=0.00, value=30728.0
    [iter 5206595] reheat + diversify: ceiling=0.00, value=18500.0
    [iter 5212348] reheat + diversify: ceiling=0.00, value=33608.0
    [iter 5218101] reheat + diversify: ceiling=0.00, value=30728.0
    [iter 5223854] reheat + diversify: ceiling=0.00, value=30728.0
    [iter 5229607] reheat + diversify: ceiling=0.00, value=13316.0
    [iter 5235360] reheat + diversify: ceiling=0.00, value=30728.0
    [iter 5241113] reheat + diversify: ceiling=0.00, value=29798.0
    [iter 5246866] reheat + diversify: ceiling=0.00, value=22310.0
    [iter 5252619] reheat + diversify: ceiling=0.00, value=30728.0
    [iter 5258372] reheat + diversify: ceiling=0.00, value=13316.0
    [iter 5264125] reheat + diversify: ceiling=0.00, value=30728.0
    [iter 5269878] reheat + diversify: ceiling=0.00, value=14246.0
    [iter 5275631] reheat + diversify: ceiling=0.00, value=11012.0
    [iter 5281384] reheat + diversify: ceiling=0.00, value=30728.0
    [iter 5287137] reheat + diversify: ceiling=0.00, value=30728.0
    [iter 5292890] reheat + diversify: ceiling=0.00, value=22310.0
    [iter 5298643] reheat + diversify: ceiling=0.00, value=30728.0
    [iter 5304396] reheat + diversify: ceiling=0.00, value=33608.0
    [iter 5310149] reheat + diversify: ceiling=0.00, value=30728.0
    [iter 5315902] reheat + diversify: ceiling=0.00, value=33608.0
    [iter 5321655] reheat + diversify: ceiling=0.00, value=33608.0
    [iter 5327408] reheat + diversify: ceiling=0.00, value=24614.0
    [iter 5333161] reheat + diversify: ceiling=0.00, value=30728.0
    [iter 5338914] reheat + diversify: ceiling=0.00, value=33608.0
    [iter 5344667] reheat + diversify: ceiling=0.00, value=30728.0
    [iter 5350420] reheat + diversify: ceiling=0.00, value=29798.0
    [iter 5356173] reheat + diversify: ceiling=0.00, value=13316.0
    [iter 5361926] reheat + diversify: ceiling=0.00, value=29798.0
    [iter 5367679] reheat + diversify: ceiling=0.00, value=29798.0
    [iter 5373432] reheat + diversify: ceiling=0.00, value=22310.0
    [iter 5379185] reheat + diversify: ceiling=0.00, value=30728.0
    [iter 5384938] reheat + diversify: ceiling=0.00, value=33608.0
    [iter 5390691] reheat + diversify: ceiling=0.00, value=33608.0
    [iter 5396444] reheat + diversify: ceiling=0.00, value=28424.0
    [iter 5402197] reheat + diversify: ceiling=0.00, value=33608.0
    [iter 5407950] reheat + diversify: ceiling=0.00, value=19430.0
    [iter 5413703] reheat + diversify: ceiling=0.00, value=24614.0
    [iter 5419456] reheat + diversify: ceiling=0.00, value=11012.0
    [iter 5425209] reheat + diversify: ceiling=0.00, value=33608.0
    [iter 5430962] reheat + diversify: ceiling=0.00, value=19430.0
    [iter 5436715] reheat + diversify: ceiling=0.00, value=30728.0
    [iter 5442468] reheat + diversify: ceiling=0.00, value=18500.0
    [iter 5448221] reheat + diversify: ceiling=0.00, value=33608.0
    [iter 5453974] reheat + diversify: ceiling=0.00, value=30728.0
    [iter 5459727] reheat + diversify: ceiling=0.00, value=23240.0
    [iter 5465480] reheat + diversify: ceiling=0.00, value=19430.0
    [iter 5471233] reheat + diversify: ceiling=0.00, value=33608.0
    [iter 5476986] reheat + diversify: ceiling=0.00, value=30728.0
    [iter 5482739] reheat + diversify: ceiling=0.00, value=30728.0
    [iter 5488492] reheat + diversify: ceiling=0.00, value=28424.0
    [iter 5494245] reheat + diversify: ceiling=0.00, value=19430.0
    [iter 5499998] reheat + diversify: ceiling=0.00, value=33608.0
    [iter 5505751] reheat + diversify: ceiling=0.00, value=30728.0
    [iter 5511504] reheat + diversify: ceiling=0.00, value=19430.0
    [iter 5517257] reheat + diversify: ceiling=0.00, value=30728.0
    [iter 5523010] reheat + diversify: ceiling=0.00, value=19430.0
    [iter 5528763] reheat + diversify: ceiling=0.00, value=30728.0
    [iter 5534516] reheat + diversify: ceiling=0.00, value=13316.0
    [iter 5540269] reheat + diversify: ceiling=0.00, value=33608.0
    [iter 5546022] reheat + diversify: ceiling=0.00, value=15620.0
    [iter 5551775] reheat + diversify: ceiling=0.00, value=10436.0
    [iter 5557528] reheat + diversify: ceiling=0.00, value=28424.0
    [iter 5563281] reheat + diversify: ceiling=0.00, value=22310.0
    [iter 5569034] reheat + diversify: ceiling=0.00, value=30728.0
    [iter 5574787] reheat + diversify: ceiling=0.00, value=30728.0
    [iter 5580540] reheat + diversify: ceiling=0.00, value=8132.0
    [iter 5586293] reheat + diversify: ceiling=0.00, value=13316.0
    [iter 5592046] reheat + diversify: ceiling=0.00, value=8132.0
    [iter 5597799] reheat + diversify: ceiling=0.00, value=30728.0
    [iter 5603552] reheat + diversify: ceiling=0.00, value=24614.0
    [iter 5609305] reheat + diversify: ceiling=0.00, value=30728.0
    [iter 5615058] reheat + diversify: ceiling=0.00, value=18500.0
    [iter 5620811] reheat + diversify: ceiling=0.00, value=33608.0
    [iter 5626564] reheat + diversify: ceiling=0.00, value=33608.0
    [iter 5632317] reheat + diversify: ceiling=0.00, value=33608.0
    [iter 5638070] reheat + diversify: ceiling=0.00, value=33608.0
    [iter 5643823] reheat + diversify: ceiling=0.00, value=21734.0
    [iter 5649576] reheat + diversify: ceiling=0.00, value=11012.0
    [iter 5655329] reheat + diversify: ceiling=0.00, value=30728.0
    [iter 5661082] reheat + diversify: ceiling=0.00, value=24614.0
    [iter 5666835] reheat + diversify: ceiling=0.00, value=23240.0
    [iter 5672588] reheat + diversify: ceiling=0.00, value=13316.0
    [iter 5678341] reheat + diversify: ceiling=0.00, value=22310.0
    [iter 5684094] reheat + diversify: ceiling=0.00, value=33608.0
    [iter 5689847] reheat + diversify: ceiling=0.00, value=15620.0
    [iter 5695600] reheat + diversify: ceiling=0.00, value=11012.0
    [iter 5701353] reheat + diversify: ceiling=0.00, value=33608.0
    [iter 5707106] reheat + diversify: ceiling=0.00, value=16550.0
    [iter 5712859] reheat + diversify: ceiling=0.00, value=11012.0
    [iter 5718612] reheat + diversify: ceiling=0.00, value=19430.0
    [iter 5724365] reheat + diversify: ceiling=0.00, value=30728.0
    [iter 5730118] reheat + diversify: ceiling=0.00, value=33608.0
    [iter 5735871] reheat + diversify: ceiling=0.00, value=13316.0
    [iter 5741624] reheat + diversify: ceiling=0.00, value=22310.0
    [iter 5747377] reheat + diversify: ceiling=0.00, value=24614.0
    [iter 5753130] reheat + diversify: ceiling=0.00, value=19430.0
    [iter 5758883] reheat + diversify: ceiling=0.00, value=30728.0
    [iter 5764636] reheat + diversify: ceiling=0.00, value=30728.0
    [iter 5770389] reheat + diversify: ceiling=0.00, value=18500.0
    [iter 5776142] reheat + diversify: ceiling=0.00, value=30728.0
    [iter 5781895] reheat + diversify: ceiling=0.00, value=22310.0
    [iter 5787648] reheat + diversify: ceiling=0.00, value=33608.0
    [iter 5793401] reheat + diversify: ceiling=0.00, value=13316.0
    [iter 5799154] reheat + diversify: ceiling=0.00, value=30728.0
    [iter 5804907] reheat + diversify: ceiling=0.00, value=30728.0
    [iter 5810660] reheat + diversify: ceiling=0.00, value=33608.0
    [iter 5816413] reheat + diversify: ceiling=0.00, value=30728.0
    [iter 5822166] reheat + diversify: ceiling=0.00, value=30728.0
    [iter 5827919] reheat + diversify: ceiling=0.00, value=29798.0
    [iter 5833672] reheat + diversify: ceiling=0.00, value=33608.0
    [iter 5839425] reheat + diversify: ceiling=0.00, value=33608.0
    [iter 5845178] reheat + diversify: ceiling=0.00, value=13316.0
    [iter 5850931] reheat + diversify: ceiling=0.00, value=19430.0
    [iter 5856684] reheat + diversify: ceiling=0.00, value=24614.0
    [iter 5862437] reheat + diversify: ceiling=0.00, value=19430.0
    [iter 5868190] reheat + diversify: ceiling=0.00, value=18056.0
    [iter 5873943] reheat + diversify: ceiling=0.00, value=19430.0
    [iter 5879696] reheat + diversify: ceiling=0.00, value=29798.0
    [iter 5885449] reheat + diversify: ceiling=0.00, value=33608.0
    [iter 5891202] reheat + diversify: ceiling=0.00, value=24614.0
    [iter 5896955] reheat + diversify: ceiling=0.00, value=19430.0
    [iter 5902708] reheat + diversify: ceiling=0.00, value=30728.0
    [iter 5908461] reheat + diversify: ceiling=0.00, value=29798.0
    [iter 5914214] reheat + diversify: ceiling=0.00, value=24614.0
    [iter 5919967] reheat + diversify: ceiling=0.00, value=33608.0
    [iter 5925720] reheat + diversify: ceiling=0.00, value=30728.0
    [iter 5931473] reheat + diversify: ceiling=0.00, value=13316.0
    [iter 5937226] reheat + diversify: ceiling=0.00, value=30728.0
    [iter 5942979] reheat + diversify: ceiling=0.00, value=30728.0
    [iter 5948732] reheat + diversify: ceiling=0.00, value=19430.0
    [iter 5954485] reheat + diversify: ceiling=0.00, value=13316.0
    [iter 5960238] reheat + diversify: ceiling=0.00, value=13316.0
    [iter 5965991] reheat + diversify: ceiling=0.00, value=22310.0
    [iter 5971744] reheat + diversify: ceiling=0.00, value=33608.0
    [iter 5977497] reheat + diversify: ceiling=0.00, value=13316.0
    [iter 5983250] reheat + diversify: ceiling=0.00, value=30728.0
    [iter 5989003] reheat + diversify: ceiling=0.00, value=30728.0
    [iter 5994756] reheat + diversify: ceiling=0.00, value=19430.0
    [iter 6000509] reheat + diversify: ceiling=0.00, value=28424.0
    [iter 6006262] reheat + diversify: ceiling=0.00, value=18500.0
    [iter 6012015] reheat + diversify: ceiling=0.00, value=24614.0
    [iter 6017768] reheat + diversify: ceiling=0.00, value=29798.0
    [iter 6023521] reheat + diversify: ceiling=0.00, value=30728.0
    [iter 6029274] reheat + diversify: ceiling=0.00, value=33608.0
    [iter 6035027] reheat + diversify: ceiling=0.00, value=30728.0
    [iter 6040780] reheat + diversify: ceiling=0.00, value=30728.0
    [iter 6046533] reheat + diversify: ceiling=0.00, value=20360.0
    [iter 6052286] reheat + diversify: ceiling=0.00, value=13316.0
    [iter 6058039] reheat + diversify: ceiling=0.00, value=24614.0
    [iter 6063792] reheat + diversify: ceiling=0.00, value=22310.0
    [iter 6069545] reheat + diversify: ceiling=0.00, value=15620.0
    [iter 6075298] reheat + diversify: ceiling=0.00, value=30728.0
    [iter 6081051] reheat + diversify: ceiling=0.00, value=19430.0
    [iter 6086804] reheat + diversify: ceiling=0.00, value=13316.0
    [iter 6092557] reheat + diversify: ceiling=0.00, value=33608.0
    [iter 6098310] reheat + diversify: ceiling=0.00, value=30728.0
    [iter 6104063] reheat + diversify: ceiling=0.00, value=33608.0
    [iter 6109816] reheat + diversify: ceiling=0.00, value=29798.0
    [iter 6115569] reheat + diversify: ceiling=0.00, value=33608.0
    [iter 6121322] reheat + diversify: ceiling=0.00, value=33608.0
    [iter 6127075] reheat + diversify: ceiling=0.00, value=30728.0
    [iter 6132828] reheat + diversify: ceiling=0.00, value=22664.0
    [iter 6138581] reheat + diversify: ceiling=0.00, value=33608.0
    [iter 6144334] reheat + diversify: ceiling=0.00, value=28424.0
    [iter 6150087] reheat + diversify: ceiling=0.00, value=25544.0
    [iter 6155840] reheat + diversify: ceiling=0.00, value=28424.0
    [iter 6161593] reheat + diversify: ceiling=0.00, value=28424.0
    [iter 6167346] reheat + diversify: ceiling=0.00, value=22310.0
    [iter 6173099] reheat + diversify: ceiling=0.00, value=19430.0
    [iter 6178852] reheat + diversify: ceiling=0.00, value=7202.0
    [iter 6184605] reheat + diversify: ceiling=0.00, value=17126.0
    [iter 6190358] reheat + diversify: ceiling=0.00, value=30728.0
    [iter 6196111] reheat + diversify: ceiling=0.00, value=30728.0
    [iter 6201864] reheat + diversify: ceiling=0.00, value=18500.0
    [iter 6207617] reheat + diversify: ceiling=0.00, value=30728.0
    [iter 6213370] reheat + diversify: ceiling=0.00, value=33608.0
    [iter 6219123] reheat + diversify: ceiling=0.00, value=30728.0
    [iter 6224876] reheat + diversify: ceiling=0.00, value=33608.0
    [iter 6230629] reheat + diversify: ceiling=0.00, value=13316.0
    [iter 6236382] reheat + diversify: ceiling=0.00, value=33608.0
    [iter 6242135] reheat + diversify: ceiling=0.00, value=29798.0
    [iter 6247888] reheat + diversify: ceiling=0.00, value=19430.0
    [iter 6253641] reheat + diversify: ceiling=0.00, value=30728.0
    [iter 6259394] reheat + diversify: ceiling=0.00, value=33608.0
    [iter 6265147] reheat + diversify: ceiling=0.00, value=22310.0
    [iter 6270900] reheat + diversify: ceiling=0.00, value=30728.0
    [iter 6276653] reheat + diversify: ceiling=0.00, value=28424.0
    [iter 6282406] reheat + diversify: ceiling=0.00, value=13316.0
    [iter 6288159] reheat + diversify: ceiling=0.00, value=30728.0
    [iter 6293912] reheat + diversify: ceiling=0.00, value=26918.0
    [iter 6299665] reheat + diversify: ceiling=0.00, value=28424.0
    [iter 6305418] reheat + diversify: ceiling=0.00, value=30728.0
    [iter 6311171] reheat + diversify: ceiling=0.00, value=33608.0
    [iter 6316924] reheat + diversify: ceiling=0.00, value=28424.0
    [iter 6322677] reheat + diversify: ceiling=0.00, value=33608.0
    [iter 6328430] reheat + diversify: ceiling=0.00, value=11366.0
    [iter 6334183] reheat + diversify: ceiling=0.00, value=33608.0
    [iter 6339936] reheat + diversify: ceiling=0.00, value=33608.0
    [iter 6345689] reheat + diversify: ceiling=0.00, value=33608.0
    [iter 6351442] reheat + diversify: ceiling=0.00, value=27848.0
    [iter 6357195] reheat + diversify: ceiling=0.00, value=30728.0
    [iter 6362948] reheat + diversify: ceiling=0.00, value=23240.0
    [iter 6368701] reheat + diversify: ceiling=0.00, value=30728.0
    [iter 6374454] reheat + diversify: ceiling=0.00, value=22310.0
    [iter 6380207] reheat + diversify: ceiling=0.00, value=33608.0
    [iter 6385960] reheat + diversify: ceiling=0.00, value=19430.0
    [iter 6391713] reheat + diversify: ceiling=0.00, value=33608.0
    [iter 6397466] reheat + diversify: ceiling=0.00, value=18500.0
    [iter 6403219] reheat + diversify: ceiling=0.00, value=29798.0
    [iter 6408972] reheat + diversify: ceiling=0.00, value=33608.0
    [iter 6414725] reheat + diversify: ceiling=0.00, value=33608.0
    [iter 6420478] reheat + diversify: ceiling=0.00, value=33608.0
    [iter 6426231] reheat + diversify: ceiling=0.00, value=30728.0
    [iter 6431984] reheat + diversify: ceiling=0.00, value=30728.0
    [iter 6437737] reheat + diversify: ceiling=0.00, value=13316.0
    [iter 6443490] reheat + diversify: ceiling=0.00, value=14246.0
    [iter 6449243] reheat + diversify: ceiling=0.00, value=30728.0
    [iter 6454996] reheat + diversify: ceiling=0.00, value=19430.0
    [iter 6460749] reheat + diversify: ceiling=0.00, value=19430.0
    [iter 6466502] reheat + diversify: ceiling=0.00, value=30728.0
    [iter 6472255] reheat + diversify: ceiling=0.00, value=29798.0
    [iter 6478008] reheat + diversify: ceiling=0.00, value=27848.0
    [iter 6483761] reheat + diversify: ceiling=0.00, value=13316.0
    [iter 6489514] reheat + diversify: ceiling=0.00, value=14246.0
    [iter 6495267] reheat + diversify: ceiling=0.00, value=28424.0
    [iter 6501020] reheat + diversify: ceiling=0.00, value=11012.0
    [iter 6506773] reheat + diversify: ceiling=0.00, value=19430.0
    [iter 6512526] reheat + diversify: ceiling=0.00, value=33608.0
    [iter 6518279] reheat + diversify: ceiling=0.00, value=14246.0
    [iter 6524032] reheat + diversify: ceiling=0.00, value=33608.0
    [iter 6529785] reheat + diversify: ceiling=0.00, value=33608.0
    [iter 6535538] reheat + diversify: ceiling=0.00, value=28424.0
    [iter 6541291] reheat + diversify: ceiling=0.00, value=30728.0
    [iter 6547044] reheat + diversify: ceiling=0.00, value=33608.0
    [iter 6552797] reheat + diversify: ceiling=0.00, value=33608.0
    [iter 6558550] reheat + diversify: ceiling=0.00, value=33608.0
    [iter 6564303] reheat + diversify: ceiling=0.00, value=33608.0
    [iter 6570056] reheat + diversify: ceiling=0.00, value=19430.0
    [iter 6575809] reheat + diversify: ceiling=0.00, value=24614.0
    [iter 6581562] reheat + diversify: ceiling=0.00, value=33608.0
    [iter 6587315] reheat + diversify: ceiling=0.00, value=30728.0
    [iter 6593068] reheat + diversify: ceiling=0.00, value=30728.0
    [iter 6598821] reheat + diversify: ceiling=0.00, value=15620.0
    [iter 6604574] reheat + diversify: ceiling=0.00, value=30728.0
    [iter 6610327] reheat + diversify: ceiling=0.00, value=30728.0
    [iter 6616080] reheat + diversify: ceiling=0.00, value=33608.0
    [iter 6621833] reheat + diversify: ceiling=0.00, value=13316.0
    [iter 6627586] reheat + diversify: ceiling=0.00, value=30728.0
    [iter 6633339] reheat + diversify: ceiling=0.00, value=33608.0
    [iter 6639092] reheat + diversify: ceiling=0.00, value=22310.0
    [iter 6644845] reheat + diversify: ceiling=0.00, value=27848.0
    [iter 6650598] reheat + diversify: ceiling=0.00, value=17126.0
    [iter 6656351] reheat + diversify: ceiling=0.00, value=17126.0
    [iter 6662104] reheat + diversify: ceiling=0.00, value=11012.0
    [iter 6667857] reheat + diversify: ceiling=0.00, value=29798.0
    [iter 6673610] reheat + diversify: ceiling=0.00, value=33608.0
    [iter 6679363] reheat + diversify: ceiling=0.00, value=22310.0
    [iter 6685116] reheat + diversify: ceiling=0.00, value=13316.0
    [iter 6690869] reheat + diversify: ceiling=0.00, value=30728.0
    [iter 6696622] reheat + diversify: ceiling=0.00, value=29798.0
    [iter 6702375] reheat + diversify: ceiling=0.00, value=8132.0
    [iter 6708128] reheat + diversify: ceiling=0.00, value=33608.0
    [iter 6713881] reheat + diversify: ceiling=0.00, value=11012.0
    [iter 6719634] reheat + diversify: ceiling=0.00, value=30728.0
    [iter 6725387] reheat + diversify: ceiling=0.00, value=30728.0
    [iter 6731140] reheat + diversify: ceiling=0.00, value=30728.0
    [iter 6736893] reheat + diversify: ceiling=0.00, value=10436.0
    [iter 6742646] reheat + diversify: ceiling=0.00, value=25544.0
    [iter 6748399] reheat + diversify: ceiling=0.00, value=33608.0
    [iter 6754152] reheat + diversify: ceiling=0.00, value=30728.0
    [iter 6759905] reheat + diversify: ceiling=0.00, value=13316.0
    [iter 6765658] reheat + diversify: ceiling=0.00, value=23240.0
    [iter 6771411] reheat + diversify: ceiling=0.00, value=13316.0
    [iter 6777164] reheat + diversify: ceiling=0.00, value=30728.0
    [iter 6782917] reheat + diversify: ceiling=0.00, value=11012.0
    [iter 6788670] reheat + diversify: ceiling=0.00, value=24614.0
    [iter 6794423] reheat + diversify: ceiling=0.00, value=30728.0
    [iter 6800176] reheat + diversify: ceiling=0.00, value=13316.0
    [iter 6805929] reheat + diversify: ceiling=0.00, value=30728.0
    [iter 6811682] reheat + diversify: ceiling=0.00, value=13316.0
    [iter 6817435] reheat + diversify: ceiling=0.00, value=30728.0
    [iter 6823188] reheat + diversify: ceiling=0.00, value=30728.0
    [iter 6828941] reheat + diversify: ceiling=0.00, value=33608.0
    [iter 6834694] reheat + diversify: ceiling=0.00, value=33608.0
    [iter 6840447] reheat + diversify: ceiling=0.00, value=29798.0
    [iter 6846200] reheat + diversify: ceiling=0.00, value=15620.0
    [iter 6851953] reheat + diversify: ceiling=0.00, value=25544.0
    [iter 6857706] reheat + diversify: ceiling=0.00, value=30728.0
    [iter 6863459] reheat + diversify: ceiling=0.00, value=30728.0
    [iter 6869212] reheat + diversify: ceiling=0.00, value=30728.0
    [iter 6874965] reheat + diversify: ceiling=0.00, value=30728.0
    [iter 6880718] reheat + diversify: ceiling=0.00, value=13316.0
    [iter 6886471] reheat + diversify: ceiling=0.00, value=33608.0
    [iter 6892224] reheat + diversify: ceiling=0.00, value=14822.0
    [iter 6897977] reheat + diversify: ceiling=0.00, value=10436.0
    [iter 6903730] reheat + diversify: ceiling=0.00, value=30728.0
    [iter 6909483] reheat + diversify: ceiling=0.00, value=33608.0
    [iter 6915236] reheat + diversify: ceiling=0.00, value=23240.0
    [iter 6920989] reheat + diversify: ceiling=0.00, value=17126.0
    [iter 6926742] reheat + diversify: ceiling=0.00, value=30728.0
    [iter 6932495] reheat + diversify: ceiling=0.00, value=19430.0
    [iter 6938248] reheat + diversify: ceiling=0.00, value=33608.0
    [iter 6944001] reheat + diversify: ceiling=0.00, value=33608.0
    [iter 6949754] reheat + diversify: ceiling=0.00, value=33608.0
    [iter 6955507] reheat + diversify: ceiling=0.00, value=24614.0
    [iter 6961260] reheat + diversify: ceiling=0.00, value=13316.0
    [iter 6967013] reheat + diversify: ceiling=0.00, value=13316.0
    [iter 6972766] reheat + diversify: ceiling=0.00, value=30728.0
    [iter 6978519] reheat + diversify: ceiling=0.00, value=27848.0
    [iter 6984272] reheat + diversify: ceiling=0.00, value=22310.0
    [iter 6990025] reheat + diversify: ceiling=0.00, value=33608.0
    [iter 6995778] reheat + diversify: ceiling=0.00, value=33608.0
    [iter 7001531] reheat + diversify: ceiling=0.00, value=28424.0
    [iter 7007284] reheat + diversify: ceiling=0.00, value=22310.0
    [iter 7013037] reheat + diversify: ceiling=0.00, value=30728.0
    [iter 7018790] reheat + diversify: ceiling=0.00, value=30728.0
    [iter 7024543] reheat + diversify: ceiling=0.00, value=24614.0
    [iter 7030296] reheat + diversify: ceiling=0.00, value=33608.0
    [iter 7036049] reheat + diversify: ceiling=0.00, value=30728.0
    [iter 7041802] reheat + diversify: ceiling=0.00, value=25544.0
    [iter 7047555] reheat + diversify: ceiling=0.00, value=30728.0
    [iter 7053308] reheat + diversify: ceiling=0.00, value=33608.0
    [iter 7059061] reheat + diversify: ceiling=0.00, value=29798.0
    [iter 7064814] reheat + diversify: ceiling=0.00, value=11012.0
    [iter 7070567] reheat + diversify: ceiling=0.00, value=13316.0
    [iter 7076320] reheat + diversify: ceiling=0.00, value=11012.0
    [iter 7082073] reheat + diversify: ceiling=0.00, value=33608.0
    [iter 7087826] reheat + diversify: ceiling=0.00, value=27848.0
    [iter 7093579] reheat + diversify: ceiling=0.00, value=33608.0
    [iter 7099332] reheat + diversify: ceiling=0.00, value=13316.0
    [iter 7105085] reheat + diversify: ceiling=0.00, value=19430.0
    [iter 7110838] reheat + diversify: ceiling=0.00, value=33608.0
    [iter 7116591] reheat + diversify: ceiling=0.00, value=27848.0
    [iter 7122344] reheat + diversify: ceiling=0.00, value=30728.0
    [iter 7128097] reheat + diversify: ceiling=0.00, value=30728.0
    [iter 7133850] reheat + diversify: ceiling=0.00, value=23240.0
    [iter 7139603] reheat + diversify: ceiling=0.00, value=33608.0
    [iter 7145356] reheat + diversify: ceiling=0.00, value=30728.0
    [iter 7151109] reheat + diversify: ceiling=0.00, value=19430.0
    [iter 7156862] reheat + diversify: ceiling=0.00, value=27848.0
    [iter 7162615] reheat + diversify: ceiling=0.00, value=28424.0
    [iter 7168368] reheat + diversify: ceiling=0.00, value=30728.0
    [iter 7174121] reheat + diversify: ceiling=0.00, value=25544.0
    [iter 7179874] reheat + diversify: ceiling=0.00, value=13316.0
    [iter 7185627] reheat + diversify: ceiling=0.00, value=30728.0
    [iter 7191380] reheat + diversify: ceiling=0.00, value=33608.0
    [iter 7197133] reheat + diversify: ceiling=0.00, value=30728.0
    [iter 7202886] reheat + diversify: ceiling=0.00, value=22310.0
    [iter 7208639] reheat + diversify: ceiling=0.00, value=30728.0
    [iter 7214392] reheat + diversify: ceiling=0.00, value=28424.0
    [iter 7220145] reheat + diversify: ceiling=0.00, value=30728.0
    [iter 7225898] reheat + diversify: ceiling=0.00, value=33608.0
    [iter 7231651] reheat + diversify: ceiling=0.00, value=33608.0
    [iter 7237404] reheat + diversify: ceiling=0.00, value=10436.0
    [iter 7243157] reheat + diversify: ceiling=0.00, value=30728.0
    [iter 7248910] reheat + diversify: ceiling=0.00, value=19430.0
    [iter 7254663] reheat + diversify: ceiling=0.00, value=30728.0
    [iter 7260416] reheat + diversify: ceiling=0.00, value=29798.0
    [iter 7266169] reheat + diversify: ceiling=0.00, value=30728.0
    [iter 7271922] reheat + diversify: ceiling=0.00, value=30728.0
    [iter 7277675] reheat + diversify: ceiling=0.00, value=22310.0
    [iter 7283428] reheat + diversify: ceiling=0.00, value=30728.0
    [iter 7289181] reheat + diversify: ceiling=0.00, value=29798.0
    [iter 7294934] reheat + diversify: ceiling=0.00, value=19430.0
    [iter 7300687] reheat + diversify: ceiling=0.00, value=33608.0
    [iter 7306440] reheat + diversify: ceiling=0.00, value=33608.0
    [iter 7312193] reheat + diversify: ceiling=0.00, value=33608.0
    [iter 7317946] reheat + diversify: ceiling=0.00, value=13316.0
    [iter 7323699] reheat + diversify: ceiling=0.00, value=14822.0
    [iter 7329452] reheat + diversify: ceiling=0.00, value=19430.0
    [iter 7335205] reheat + diversify: ceiling=0.00, value=13316.0
    [iter 7340958] reheat + diversify: ceiling=0.00, value=28424.0
    [iter 7346711] reheat + diversify: ceiling=0.00, value=19430.0
    [iter 7352464] reheat + diversify: ceiling=0.00, value=22310.0
    [iter 7358217] reheat + diversify: ceiling=0.00, value=21734.0
    [iter 7363970] reheat + diversify: ceiling=0.00, value=9062.0
    [iter 7369723] reheat + diversify: ceiling=0.00, value=33608.0
    [iter 7375476] reheat + diversify: ceiling=0.00, value=33608.0
    [iter 7381229] reheat + diversify: ceiling=0.00, value=30728.0
    [iter 7386982] reheat + diversify: ceiling=0.00, value=22310.0
    [iter 7392735] reheat + diversify: ceiling=0.00, value=11012.0
    [iter 7398488] reheat + diversify: ceiling=0.00, value=33608.0
    [iter 7404241] reheat + diversify: ceiling=0.00, value=33608.0
    [iter 7409994] reheat + diversify: ceiling=0.00, value=30728.0
    [iter 7415747] reheat + diversify: ceiling=0.00, value=13316.0
    [iter 7421500] reheat + diversify: ceiling=0.00, value=30728.0
    [iter 7427253] reheat + diversify: ceiling=0.00, value=30728.0
    [iter 7433006] reheat + diversify: ceiling=0.00, value=33608.0
    [iter 7438759] reheat + diversify: ceiling=0.00, value=25544.0
    [iter 7444512] reheat + diversify: ceiling=0.00, value=33608.0
    [iter 7450265] reheat + diversify: ceiling=0.00, value=22310.0
    [iter 7456018] reheat + diversify: ceiling=0.00, value=29798.0
    [iter 7461771] reheat + diversify: ceiling=0.00, value=11012.0
    [iter 7467524] reheat + diversify: ceiling=0.00, value=30728.0
    [iter 7473277] reheat + diversify: ceiling=0.00, value=30728.0
    [iter 7479030] reheat + diversify: ceiling=0.00, value=33608.0
    [iter 7484783] reheat + diversify: ceiling=0.00, value=21734.0
    [iter 7490536] reheat + diversify: ceiling=0.00, value=30728.0
    [iter 7496289] reheat + diversify: ceiling=0.00, value=33608.0
    [iter 7502042] reheat + diversify: ceiling=0.00, value=33608.0
    [iter 7507795] reheat + diversify: ceiling=0.00, value=29798.0
    [iter 7513548] reheat + diversify: ceiling=0.00, value=30728.0
    [iter 7519301] reheat + diversify: ceiling=0.00, value=14246.0
    [iter 7525054] reheat + diversify: ceiling=0.00, value=13316.0
    [iter 7530807] reheat + diversify: ceiling=0.00, value=30728.0
    [iter 7536560] reheat + diversify: ceiling=0.00, value=30728.0
    [iter 7542313] reheat + diversify: ceiling=0.00, value=19430.0
    [iter 7548066] reheat + diversify: ceiling=0.00, value=24614.0
    [iter 7553819] reheat + diversify: ceiling=0.00, value=30728.0
    [iter 7559572] reheat + diversify: ceiling=0.00, value=21734.0
    [iter 7565325] reheat + diversify: ceiling=0.00, value=30728.0
    [iter 7571078] reheat + diversify: ceiling=0.00, value=15176.0
    [iter 7576831] reheat + diversify: ceiling=0.00, value=33608.0
    [iter 7582584] reheat + diversify: ceiling=0.00, value=30728.0
    [iter 7588337] reheat + diversify: ceiling=0.00, value=15620.0
    [iter 7594090] reheat + diversify: ceiling=0.00, value=30728.0
    [iter 7599843] reheat + diversify: ceiling=0.00, value=33608.0
    [iter 7605596] reheat + diversify: ceiling=0.00, value=19430.0
    [iter 7611349] reheat + diversify: ceiling=0.00, value=22310.0
    [iter 7617102] reheat + diversify: ceiling=0.00, value=30728.0
    [iter 7622855] reheat + diversify: ceiling=0.00, value=33608.0
    [iter 7628608] reheat + diversify: ceiling=0.00, value=30728.0
    [iter 7634361] reheat + diversify: ceiling=0.00, value=29798.0
    [iter 7640114] reheat + diversify: ceiling=0.00, value=30728.0
    [iter 7645867] reheat + diversify: ceiling=0.00, value=22310.0
    [iter 7651620] reheat + diversify: ceiling=0.00, value=33608.0
    [iter 7657373] reheat + diversify: ceiling=0.00, value=30728.0
    [iter 7663126] reheat + diversify: ceiling=0.00, value=30728.0
    [iter 7668879] reheat + diversify: ceiling=0.00, value=33608.0
    [iter 7674632] reheat + diversify: ceiling=0.00, value=22310.0
    [iter 7680385] reheat + diversify: ceiling=0.00, value=33608.0
    [iter 7686138] reheat + diversify: ceiling=0.00, value=30728.0
    [iter 7691891] reheat + diversify: ceiling=0.00, value=13316.0
    [iter 7697644] reheat + diversify: ceiling=0.00, value=30728.0
    [iter 7703397] reheat + diversify: ceiling=0.00, value=29798.0
    [iter 7709150] reheat + diversify: ceiling=0.00, value=30728.0
    [iter 7714903] reheat + diversify: ceiling=0.00, value=33608.0
    [iter 7720656] reheat + diversify: ceiling=0.00, value=33608.0
    [iter 7726409] reheat + diversify: ceiling=0.00, value=19430.0
    [iter 7732162] reheat + diversify: ceiling=0.00, value=19430.0
    [iter 7737915] reheat + diversify: ceiling=0.00, value=30728.0
    [iter 7743668] reheat + diversify: ceiling=0.00, value=33608.0
    [iter 7749421] reheat + diversify: ceiling=0.00, value=30728.0
    [iter 7755174] reheat + diversify: ceiling=0.00, value=18500.0
    [iter 7760927] reheat + diversify: ceiling=0.00, value=30728.0
    [iter 7766680] reheat + diversify: ceiling=0.00, value=33608.0
    [iter 7772433] reheat + diversify: ceiling=0.00, value=24614.0
    [iter 7778186] reheat + diversify: ceiling=0.00, value=30728.0
    [iter 7783939] reheat + diversify: ceiling=0.00, value=33608.0
    [iter 7789692] reheat + diversify: ceiling=0.00, value=16550.0
    [iter 7795445] reheat + diversify: ceiling=0.00, value=13316.0
    [iter 7801198] reheat + diversify: ceiling=0.00, value=30728.0
    [iter 7806951] reheat + diversify: ceiling=0.00, value=13316.0
    [iter 7812704] reheat + diversify: ceiling=0.00, value=19430.0
    [iter 7818457] reheat + diversify: ceiling=0.00, value=30728.0
    [iter 7824210] reheat + diversify: ceiling=0.00, value=30728.0
    [iter 7829963] reheat + diversify: ceiling=0.00, value=33608.0
    [iter 7835716] reheat + diversify: ceiling=0.00, value=33608.0
    [iter 7841469] reheat + diversify: ceiling=0.00, value=11012.0
    [iter 7847222] reheat + diversify: ceiling=0.00, value=33608.0
    [iter 7852975] reheat + diversify: ceiling=0.00, value=29798.0
    [iter 7858728] reheat + diversify: ceiling=0.00, value=13316.0
    [iter 7864481] reheat + diversify: ceiling=0.00, value=14246.0
    [iter 7870234] reheat + diversify: ceiling=0.00, value=13316.0
    [iter 7875987] reheat + diversify: ceiling=0.00, value=23240.0
    [iter 7881740] reheat + diversify: ceiling=0.00, value=33608.0
    [iter 7887493] reheat + diversify: ceiling=0.00, value=23240.0
    [iter 7893246] reheat + diversify: ceiling=0.00, value=18500.0
    [iter 7898999] reheat + diversify: ceiling=0.00, value=24614.0
    [iter 7904752] reheat + diversify: ceiling=0.00, value=15620.0
    [iter 7910505] reheat + diversify: ceiling=0.00, value=24614.0
    [iter 7916258] reheat + diversify: ceiling=0.00, value=30728.0
    [iter 7922011] reheat + diversify: ceiling=0.00, value=13316.0
    [iter 7927764] reheat + diversify: ceiling=0.00, value=33608.0
    [iter 7933517] reheat + diversify: ceiling=0.00, value=33608.0
    [iter 7939270] reheat + diversify: ceiling=0.00, value=30728.0
    [iter 7945023] reheat + diversify: ceiling=0.00, value=13316.0
    [iter 7950776] reheat + diversify: ceiling=0.00, value=29798.0
    [iter 7956529] reheat + diversify: ceiling=0.00, value=33608.0
    [iter 7962282] reheat + diversify: ceiling=0.00, value=33608.0
    [iter 7968035] reheat + diversify: ceiling=0.00, value=30728.0
    [iter 7973788] reheat + diversify: ceiling=0.00, value=24614.0
    [iter 7979541] reheat + diversify: ceiling=0.00, value=30728.0
    [iter 7985294] reheat + diversify: ceiling=0.00, value=11012.0
    [iter 7991047] reheat + diversify: ceiling=0.00, value=30728.0
    [iter 7996800] reheat + diversify: ceiling=0.00, value=33608.0
    [iter 8002553] reheat + diversify: ceiling=0.00, value=26918.0
    [iter 8008306] reheat + diversify: ceiling=0.00, value=30728.0
    [iter 8014059] reheat + diversify: ceiling=0.00, value=15620.0
    [iter 8019812] reheat + diversify: ceiling=0.00, value=33608.0
    [iter 8025565] reheat + diversify: ceiling=0.00, value=33608.0
    [iter 8031318] reheat + diversify: ceiling=0.00, value=19430.0
    [iter 8037071] reheat + diversify: ceiling=0.00, value=33608.0
    [iter 8042824] reheat + diversify: ceiling=0.00, value=13316.0
    [iter 8048577] reheat + diversify: ceiling=0.00, value=30728.0
    [iter 8054330] reheat + diversify: ceiling=0.00, value=13316.0
    [iter 8060083] reheat + diversify: ceiling=0.00, value=13316.0
    [iter 8065836] reheat + diversify: ceiling=0.00, value=33608.0
    [iter 8071589] reheat + diversify: ceiling=0.00, value=24614.0
    [iter 8077342] reheat + diversify: ceiling=0.00, value=33608.0
    [iter 8083095] reheat + diversify: ceiling=0.00, value=18500.0
    [iter 8088848] reheat + diversify: ceiling=0.00, value=30728.0
    [iter 8094601] reheat + diversify: ceiling=0.00, value=30728.0
    [iter 8100354] reheat + diversify: ceiling=0.00, value=33608.0
    [iter 8106107] reheat + diversify: ceiling=0.00, value=33608.0
    [iter 8111860] reheat + diversify: ceiling=0.00, value=33608.0
    [iter 8117613] reheat + diversify: ceiling=0.00, value=11012.0
    [iter 8123366] reheat + diversify: ceiling=0.00, value=14246.0
    [iter 8129119] reheat + diversify: ceiling=0.00, value=33608.0
    [iter 8134872] reheat + diversify: ceiling=0.00, value=30728.0
    [iter 8140625] reheat + diversify: ceiling=0.00, value=24614.0
    [iter 8146378] reheat + diversify: ceiling=0.00, value=23240.0
    [iter 8152131] reheat + diversify: ceiling=0.00, value=11012.0
    [iter 8157884] reheat + diversify: ceiling=0.00, value=33608.0
    [iter 8163637] reheat + diversify: ceiling=0.00, value=30728.0
    [iter 8169390] reheat + diversify: ceiling=0.00, value=30728.0
    [iter 8175143] reheat + diversify: ceiling=0.00, value=33608.0
    [iter 8180896] reheat + diversify: ceiling=0.00, value=29798.0
    [iter 8186649] reheat + diversify: ceiling=0.00, value=29798.0
    [iter 8192402] reheat + diversify: ceiling=0.00, value=33608.0
    [iter 8198155] reheat + diversify: ceiling=0.00, value=19430.0
    [iter 8203908] reheat + diversify: ceiling=0.00, value=30728.0
    [iter 8209661] reheat + diversify: ceiling=0.00, value=19430.0
    [iter 8215414] reheat + diversify: ceiling=0.00, value=14246.0
    [iter 8221167] reheat + diversify: ceiling=0.00, value=30728.0
    [iter 8226920] reheat + diversify: ceiling=0.00, value=33608.0
    [iter 8232673] reheat + diversify: ceiling=0.00, value=30728.0
    [iter 8238426] reheat + diversify: ceiling=0.00, value=33608.0
    [iter 8244179] reheat + diversify: ceiling=0.00, value=30728.0
    [iter 8249932] reheat + diversify: ceiling=0.00, value=30728.0
    [iter 8255685] reheat + diversify: ceiling=0.00, value=30728.0
    [iter 8261438] reheat + diversify: ceiling=0.00, value=13316.0
    [iter 8267191] reheat + diversify: ceiling=0.00, value=28424.0
    [iter 8272944] reheat + diversify: ceiling=0.00, value=13316.0
    [iter 8278697] reheat + diversify: ceiling=0.00, value=27848.0
    [iter 8284450] reheat + diversify: ceiling=0.00, value=33608.0
    [iter 8290203] reheat + diversify: ceiling=0.00, value=13316.0
    [iter 8295956] reheat + diversify: ceiling=0.00, value=13316.0
    [iter 8301709] reheat + diversify: ceiling=0.00, value=30728.0
    [iter 8307462] reheat + diversify: ceiling=0.00, value=28424.0
    [iter 8313215] reheat + diversify: ceiling=0.00, value=16550.0
    [iter 8318968] reheat + diversify: ceiling=0.00, value=22310.0
    [iter 8324721] reheat + diversify: ceiling=0.00, value=17126.0
    [iter 8330474] reheat + diversify: ceiling=0.00, value=24614.0
    [iter 8336227] reheat + diversify: ceiling=0.00, value=33608.0
    [iter 8341980] reheat + diversify: ceiling=0.00, value=22310.0
    [iter 8347733] reheat + diversify: ceiling=0.00, value=13316.0
    [iter 8353486] reheat + diversify: ceiling=0.00, value=33608.0
    [iter 8359239] reheat + diversify: ceiling=0.00, value=10436.0
    [iter 8364992] reheat + diversify: ceiling=0.00, value=30728.0
    [iter 8370745] reheat + diversify: ceiling=0.00, value=13316.0
    [iter 8376498] reheat + diversify: ceiling=0.00, value=30728.0
    [iter 8382251] reheat + diversify: ceiling=0.00, value=13316.0
    [iter 8388004] reheat + diversify: ceiling=0.00, value=30728.0
    [iter 8393757] reheat + diversify: ceiling=0.00, value=33608.0
    [iter 8399510] reheat + diversify: ceiling=0.00, value=30728.0
    [iter 8405263] reheat + diversify: ceiling=0.00, value=33608.0
    [iter 8411016] reheat + diversify: ceiling=0.00, value=28424.0
    [iter 8416769] reheat + diversify: ceiling=0.00, value=30728.0
    [iter 8422522] reheat + diversify: ceiling=0.00, value=27848.0
    [iter 8428275] reheat + diversify: ceiling=0.00, value=33608.0
    [iter 8434028] reheat + diversify: ceiling=0.00, value=13316.0
    [iter 8439781] reheat + diversify: ceiling=0.00, value=33608.0
    [iter 8445534] reheat + diversify: ceiling=0.00, value=23240.0
    [iter 8451287] reheat + diversify: ceiling=0.00, value=7202.0
    [iter 8457040] reheat + diversify: ceiling=0.00, value=22310.0
    [iter 8462793] reheat + diversify: ceiling=0.00, value=26918.0
    [iter 8468546] reheat + diversify: ceiling=0.00, value=13316.0
    [iter 8474299] reheat + diversify: ceiling=0.00, value=18500.0
    [iter 8480052] reheat + diversify: ceiling=0.00, value=33608.0
    [iter 8485805] reheat + diversify: ceiling=0.00, value=13316.0
    [iter 8491558] reheat + diversify: ceiling=0.00, value=24614.0
    [iter 8497311] reheat + diversify: ceiling=0.00, value=20360.0
    [iter 8503064] reheat + diversify: ceiling=0.00, value=30728.0
    [iter 8508817] reheat + diversify: ceiling=0.00, value=33608.0
    [iter 8514570] reheat + diversify: ceiling=0.00, value=33608.0
    [iter 8520323] reheat + diversify: ceiling=0.00, value=23240.0
    [iter 8526076] reheat + diversify: ceiling=0.00, value=11012.0
    [iter 8531829] reheat + diversify: ceiling=0.00, value=11366.0
    [iter 8537582] reheat + diversify: ceiling=0.00, value=30728.0
    [iter 8543335] reheat + diversify: ceiling=0.00, value=33608.0
    [iter 8549088] reheat + diversify: ceiling=0.00, value=18500.0
    [iter 8554841] reheat + diversify: ceiling=0.00, value=33608.0
    [iter 8560594] reheat + diversify: ceiling=0.00, value=33608.0
    [iter 8566347] reheat + diversify: ceiling=0.00, value=22310.0
    [iter 8572100] reheat + diversify: ceiling=0.00, value=22310.0
    [iter 8577853] reheat + diversify: ceiling=0.00, value=33608.0
    [iter 8583606] reheat + diversify: ceiling=0.00, value=13316.0
    [iter 8589359] reheat + diversify: ceiling=0.00, value=33608.0
    [iter 8595112] reheat + diversify: ceiling=0.00, value=19430.0
    [iter 8600865] reheat + diversify: ceiling=0.00, value=29798.0
    [iter 8606618] reheat + diversify: ceiling=0.00, value=33608.0
    [iter 8612371] reheat + diversify: ceiling=0.00, value=33608.0
    [iter 8618124] reheat + diversify: ceiling=0.00, value=25544.0
    [iter 8623877] reheat + diversify: ceiling=0.00, value=29798.0
    [iter 8629630] reheat + diversify: ceiling=0.00, value=33608.0
    [iter 8635383] reheat + diversify: ceiling=0.00, value=33608.0
    [iter 8641136] reheat + diversify: ceiling=0.00, value=33608.0
    [iter 8646889] reheat + diversify: ceiling=0.00, value=33608.0
    [iter 8652642] reheat + diversify: ceiling=0.00, value=33608.0
    [iter 8658395] reheat + diversify: ceiling=0.00, value=13316.0
    [iter 8664148] reheat + diversify: ceiling=0.00, value=23240.0
    [iter 8669901] reheat + diversify: ceiling=0.00, value=13316.0
    [iter 8675654] reheat + diversify: ceiling=0.00, value=22310.0
    [iter 8681407] reheat + diversify: ceiling=0.00, value=33608.0
    [iter 8687160] reheat + diversify: ceiling=0.00, value=22310.0
    [iter 8692913] reheat + diversify: ceiling=0.00, value=18500.0
    [iter 8698666] reheat + diversify: ceiling=0.00, value=18500.0
    [iter 8704419] reheat + diversify: ceiling=0.00, value=33608.0
    [iter 8710172] reheat + diversify: ceiling=0.00, value=13316.0
    [iter 8715925] reheat + diversify: ceiling=0.00, value=30728.0
    [iter 8721678] reheat + diversify: ceiling=0.00, value=11366.0
    [iter 8727431] reheat + diversify: ceiling=0.00, value=33608.0
    [iter 8733184] reheat + diversify: ceiling=0.00, value=33608.0
    [iter 8738937] reheat + diversify: ceiling=0.00, value=33608.0
    [iter 8744690] reheat + diversify: ceiling=0.00, value=33608.0
    [iter 8750443] reheat + diversify: ceiling=0.00, value=29798.0
    [iter 8756196] reheat + diversify: ceiling=0.00, value=30728.0
    [iter 8761949] reheat + diversify: ceiling=0.00, value=30728.0
    [iter 8767702] reheat + diversify: ceiling=0.00, value=24614.0
    [iter 8773455] reheat + diversify: ceiling=0.00, value=30728.0
    [iter 8779208] reheat + diversify: ceiling=0.00, value=22310.0
    [iter 8784961] reheat + diversify: ceiling=0.00, value=22310.0
    [iter 8790714] reheat + diversify: ceiling=0.00, value=15620.0
    [iter 8796467] reheat + diversify: ceiling=0.00, value=33608.0
    [iter 8802220] reheat + diversify: ceiling=0.00, value=33608.0
    [iter 8807973] reheat + diversify: ceiling=0.00, value=22310.0
    [iter 8813726] reheat + diversify: ceiling=0.00, value=11012.0
    [iter 8819479] reheat + diversify: ceiling=0.00, value=11012.0
    [iter 8825232] reheat + diversify: ceiling=0.00, value=33608.0
    [iter 8830985] reheat + diversify: ceiling=0.00, value=30728.0
    [iter 8836738] reheat + diversify: ceiling=0.00, value=11366.0
    [iter 8842491] reheat + diversify: ceiling=0.00, value=13316.0
    [iter 8848244] reheat + diversify: ceiling=0.00, value=13316.0
    [iter 8853997] reheat + diversify: ceiling=0.00, value=22310.0
    [iter 8859750] reheat + diversify: ceiling=0.00, value=30728.0
    [iter 8865503] reheat + diversify: ceiling=0.00, value=33608.0
    [iter 8871256] reheat + diversify: ceiling=0.00, value=29798.0
    [iter 8877009] reheat + diversify: ceiling=0.00, value=33608.0
    [iter 8882762] reheat + diversify: ceiling=0.00, value=33608.0
    [iter 8888515] reheat + diversify: ceiling=0.00, value=30728.0
    [iter 8894268] reheat + diversify: ceiling=0.00, value=29798.0
    [iter 8900021] reheat + diversify: ceiling=0.00, value=30728.0
    [iter 8905774] reheat + diversify: ceiling=0.00, value=33608.0
    [iter 8911527] reheat + diversify: ceiling=0.00, value=14246.0
    [iter 8917280] reheat + diversify: ceiling=0.00, value=19430.0
    [iter 8923033] reheat + diversify: ceiling=0.00, value=10436.0
    [iter 8928786] reheat + diversify: ceiling=0.00, value=30728.0
    [iter 8934539] reheat + diversify: ceiling=0.00, value=13316.0
    [iter 8940292] reheat + diversify: ceiling=0.00, value=33608.0
    [iter 8946045] reheat + diversify: ceiling=0.00, value=29798.0
    [iter 8951798] reheat + diversify: ceiling=0.00, value=15620.0
    [iter 8957551] reheat + diversify: ceiling=0.00, value=33608.0
    [iter 8963304] reheat + diversify: ceiling=0.00, value=13316.0
    [iter 8969057] reheat + diversify: ceiling=0.00, value=29798.0
    [iter 8974810] reheat + diversify: ceiling=0.00, value=22310.0
    [iter 8980563] reheat + diversify: ceiling=0.00, value=33608.0
    [iter 8986316] reheat + diversify: ceiling=0.00, value=22310.0
    [iter 8992069] reheat + diversify: ceiling=0.00, value=13316.0
    [iter 8997822] reheat + diversify: ceiling=0.00, value=13316.0
    [iter 9003575] reheat + diversify: ceiling=0.00, value=30728.0
    [iter 9009328] reheat + diversify: ceiling=0.00, value=28424.0
    [iter 9015081] reheat + diversify: ceiling=0.00, value=33608.0
    [iter 9020834] reheat + diversify: ceiling=0.00, value=33608.0
    [iter 9026587] reheat + diversify: ceiling=0.00, value=15620.0
    [iter 9032340] reheat + diversify: ceiling=0.00, value=33608.0
    [iter 9038093] reheat + diversify: ceiling=0.00, value=28424.0
    [iter 9043846] reheat + diversify: ceiling=0.00, value=19430.0
    [iter 9049599] reheat + diversify: ceiling=0.00, value=24614.0
    [iter 9055352] reheat + diversify: ceiling=0.00, value=33608.0
    [iter 9061105] reheat + diversify: ceiling=0.00, value=33608.0
    [iter 9066858] reheat + diversify: ceiling=0.00, value=30728.0
    [iter 9072611] reheat + diversify: ceiling=0.00, value=13316.0
    [iter 9078364] reheat + diversify: ceiling=0.00, value=13316.0
    [iter 9084117] reheat + diversify: ceiling=0.00, value=28424.0
    [iter 9089870] reheat + diversify: ceiling=0.00, value=30728.0
    [iter 9095623] reheat + diversify: ceiling=0.00, value=33608.0
    [iter 9101376] reheat + diversify: ceiling=0.00, value=30728.0
    [iter 9107129] reheat + diversify: ceiling=0.00, value=33608.0
    [iter 9112882] reheat + diversify: ceiling=0.00, value=33608.0
    [iter 9118635] reheat + diversify: ceiling=0.00, value=33608.0
    [iter 9124388] reheat + diversify: ceiling=0.00, value=11012.0
    [iter 9130141] reheat + diversify: ceiling=0.00, value=33608.0
    [iter 9135894] reheat + diversify: ceiling=0.00, value=11012.0
    [iter 9141647] reheat + diversify: ceiling=0.00, value=18500.0
    [iter 9147400] reheat + diversify: ceiling=0.00, value=13316.0
    [iter 9153153] reheat + diversify: ceiling=0.00, value=33608.0
    [iter 9158906] reheat + diversify: ceiling=0.00, value=22310.0
    [iter 9164659] reheat + diversify: ceiling=0.00, value=33608.0
    [iter 9170412] reheat + diversify: ceiling=0.00, value=33608.0
    [iter 9176165] reheat + diversify: ceiling=0.00, value=13316.0
    [iter 9181918] reheat + diversify: ceiling=0.00, value=33608.0
    [iter 9187671] reheat + diversify: ceiling=0.00, value=29798.0
    [iter 9193424] reheat + diversify: ceiling=0.00, value=23240.0
    [iter 9199177] reheat + diversify: ceiling=0.00, value=22310.0
    [iter 9204930] reheat + diversify: ceiling=0.00, value=33608.0
    [iter 9210683] reheat + diversify: ceiling=0.00, value=33608.0
    [iter 9216436] reheat + diversify: ceiling=0.00, value=33608.0
    [iter 9222189] reheat + diversify: ceiling=0.00, value=24614.0
    [iter 9227942] reheat + diversify: ceiling=0.00, value=30728.0
    [iter 9233695] reheat + diversify: ceiling=0.00, value=19430.0
    [iter 9239448] reheat + diversify: ceiling=0.00, value=33608.0
    [iter 9245201] reheat + diversify: ceiling=0.00, value=22310.0
    [iter 9250954] reheat + diversify: ceiling=0.00, value=33608.0
    [iter 9256707] reheat + diversify: ceiling=0.00, value=11012.0
    [iter 9262460] reheat + diversify: ceiling=0.00, value=33608.0
    [iter 9268213] reheat + diversify: ceiling=0.00, value=33608.0
    [iter 9273966] reheat + diversify: ceiling=0.00, value=33608.0
    [iter 9279719] reheat + diversify: ceiling=0.00, value=33608.0
    [iter 9285472] reheat + diversify: ceiling=0.00, value=33608.0
    [iter 9291225] reheat + diversify: ceiling=0.00, value=33608.0
    [iter 9296978] reheat + diversify: ceiling=0.00, value=33608.0
    [iter 9302731] reheat + diversify: ceiling=0.00, value=22310.0
    [iter 9308484] reheat + diversify: ceiling=0.00, value=30728.0
    [iter 9314237] reheat + diversify: ceiling=0.00, value=7202.0
    [iter 9319990] reheat + diversify: ceiling=0.00, value=33608.0
    [iter 9325743] reheat + diversify: ceiling=0.00, value=30728.0
    [iter 9331496] reheat + diversify: ceiling=0.00, value=33608.0
    [iter 9337249] reheat + diversify: ceiling=0.00, value=11012.0
    [iter 9343002] reheat + diversify: ceiling=0.00, value=13316.0
    [iter 9348755] reheat + diversify: ceiling=0.00, value=28424.0
    [iter 9354508] reheat + diversify: ceiling=0.00, value=33608.0
    [iter 9360261] reheat + diversify: ceiling=0.00, value=13316.0
    [iter 9366014] reheat + diversify: ceiling=0.00, value=13316.0
    [iter 9371767] reheat + diversify: ceiling=0.00, value=28424.0
    [iter 9377520] reheat + diversify: ceiling=0.00, value=18500.0
    [iter 9383273] reheat + diversify: ceiling=0.00, value=18500.0
    [iter 9389026] reheat + diversify: ceiling=0.00, value=33608.0
    [iter 9394779] reheat + diversify: ceiling=0.00, value=30728.0
    [iter 9400532] reheat + diversify: ceiling=0.00, value=33608.0
    [iter 9406285] reheat + diversify: ceiling=0.00, value=30728.0
    [iter 9412038] reheat + diversify: ceiling=0.00, value=33608.0
    [iter 9417791] reheat + diversify: ceiling=0.00, value=30728.0
    [iter 9423544] reheat + diversify: ceiling=0.00, value=11012.0
    [iter 9429297] reheat + diversify: ceiling=0.00, value=13316.0
    [iter 9435050] reheat + diversify: ceiling=0.00, value=33608.0
    [iter 9440803] reheat + diversify: ceiling=0.00, value=33608.0
    [iter 9446556] reheat + diversify: ceiling=0.00, value=33608.0
    [iter 9452309] reheat + diversify: ceiling=0.00, value=30728.0
    [iter 9458062] reheat + diversify: ceiling=0.00, value=33608.0
    [iter 9463815] reheat + diversify: ceiling=0.00, value=30728.0
    [iter 9469568] reheat + diversify: ceiling=0.00, value=33608.0
    [iter 9475321] reheat + diversify: ceiling=0.00, value=29798.0
    [iter 9481074] reheat + diversify: ceiling=0.00, value=13316.0
    [iter 9486827] reheat + diversify: ceiling=0.00, value=33608.0
    [iter 9492580] reheat + diversify: ceiling=0.00, value=29798.0
    [iter 9498333] reheat + diversify: ceiling=0.00, value=29798.0
    [iter 9504086] reheat + diversify: ceiling=0.00, value=33608.0
    [iter 9509839] reheat + diversify: ceiling=0.00, value=33608.0
    [iter 9515592] reheat + diversify: ceiling=0.00, value=22310.0
    [iter 9521345] reheat + diversify: ceiling=0.00, value=33608.0
    [iter 9527098] reheat + diversify: ceiling=0.00, value=18500.0
    [iter 9532851] reheat + diversify: ceiling=0.00, value=33608.0
    [iter 9538604] reheat + diversify: ceiling=0.00, value=33608.0
    [iter 9544357] reheat + diversify: ceiling=0.00, value=33608.0
    [iter 9550110] reheat + diversify: ceiling=0.00, value=30728.0
    [iter 9555863] reheat + diversify: ceiling=0.00, value=33608.0
    [iter 9561616] reheat + diversify: ceiling=0.00, value=33608.0
    [iter 9567369] reheat + diversify: ceiling=0.00, value=13316.0
    [iter 9573122] reheat + diversify: ceiling=0.00, value=8132.0
    [iter 9578875] reheat + diversify: ceiling=0.00, value=13316.0
    [iter 9584628] reheat + diversify: ceiling=0.00, value=29798.0
    [iter 9590381] reheat + diversify: ceiling=0.00, value=33608.0
    [iter 9596134] reheat + diversify: ceiling=0.00, value=27848.0
    [iter 9601887] reheat + diversify: ceiling=0.00, value=33608.0
    [iter 9607640] reheat + diversify: ceiling=0.00, value=28424.0
    [iter 9613393] reheat + diversify: ceiling=0.00, value=30728.0
    [iter 9619146] reheat + diversify: ceiling=0.00, value=33608.0
    [iter 9624899] reheat + diversify: ceiling=0.00, value=33608.0
    [iter 9630652] reheat + diversify: ceiling=0.00, value=33608.0
    [iter 9636405] reheat + diversify: ceiling=0.00, value=33608.0
    [iter 9642158] reheat + diversify: ceiling=0.00, value=30728.0
    [iter 9647911] reheat + diversify: ceiling=0.00, value=33608.0
    [iter 9653664] reheat + diversify: ceiling=0.00, value=13316.0
    [iter 9659417] reheat + diversify: ceiling=0.00, value=33608.0
    [iter 9665170] reheat + diversify: ceiling=0.00, value=28424.0
    [iter 9670923] reheat + diversify: ceiling=0.00, value=30728.0
    [iter 9676676] reheat + diversify: ceiling=0.00, value=26918.0
    [iter 9682429] reheat + diversify: ceiling=0.00, value=30728.0
    [iter 9688182] reheat + diversify: ceiling=0.00, value=33608.0
    [iter 9693935] reheat + diversify: ceiling=0.00, value=30728.0
    [iter 9699688] reheat + diversify: ceiling=0.00, value=18500.0
    [iter 9705441] reheat + diversify: ceiling=0.00, value=29798.0
    [iter 9711194] reheat + diversify: ceiling=0.00, value=33608.0
    [iter 9716947] reheat + diversify: ceiling=0.00, value=19430.0
    [iter 9722700] reheat + diversify: ceiling=0.00, value=30728.0
    [iter 9728453] reheat + diversify: ceiling=0.00, value=28424.0
    [iter 9734206] reheat + diversify: ceiling=0.00, value=30728.0
    [iter 9739959] reheat + diversify: ceiling=0.00, value=33608.0
    [iter 9745712] reheat + diversify: ceiling=0.00, value=33608.0
    [iter 9751465] reheat + diversify: ceiling=0.00, value=13316.0
    [iter 9757218] reheat + diversify: ceiling=0.00, value=30728.0
    [iter 9762971] reheat + diversify: ceiling=0.00, value=33608.0
    [iter 9768724] reheat + diversify: ceiling=0.00, value=33608.0
    [iter 9774477] reheat + diversify: ceiling=0.00, value=27848.0
    [iter 9780230] reheat + diversify: ceiling=0.00, value=14246.0
    [iter 9785983] reheat + diversify: ceiling=0.00, value=28424.0
    [iter 9791736] reheat + diversify: ceiling=0.00, value=29798.0
    [iter 9797489] reheat + diversify: ceiling=0.00, value=11012.0
    [iter 9803242] reheat + diversify: ceiling=0.00, value=13316.0
    [iter 9808995] reheat + diversify: ceiling=0.00, value=13316.0
    [iter 9814748] reheat + diversify: ceiling=0.00, value=18500.0
    [iter 9820501] reheat + diversify: ceiling=0.00, value=30728.0
    [iter 9826254] reheat + diversify: ceiling=0.00, value=33608.0
    [iter 9832007] reheat + diversify: ceiling=0.00, value=33608.0
    [iter 9837760] reheat + diversify: ceiling=0.00, value=33608.0
    [iter 9843513] reheat + diversify: ceiling=0.00, value=11012.0
    [iter 9849266] reheat + diversify: ceiling=0.00, value=13316.0
    [iter 9855019] reheat + diversify: ceiling=0.00, value=29798.0
    [iter 9860772] reheat + diversify: ceiling=0.00, value=33608.0
  time limit reached at iteration 9863838
  SA finished: 9863838 iterations in 900.0s (10960 it/s), accepted 6783928 (68.8%), rejected 3079909, neutral 6431966 (65.2%), worsening accepted 10.3%, no-move draws 0, reheats 1714
  SA: value 33608.0 (greedy 27848.0, +5760.0), bound 38842.0, gap 13.48%, util 72.6%
  report -> /home/mcaspar/3DMHKP/results_3DMHKP_ep3/ep3-20-D-C-90-3DMHKP-SA-a0.999-r0.25-t900s.txt

================================================================================================
SUMMARY
================================================================================================
instance      boxes  packed       greedy     SA value        bound      gap    util    iters    time
------------------------------------------------------------------------------------------------
ep3-20-D-C-90     20      16      27848.0      33608.0      38842.0   13.5%   72.6%  9863838  900.0s
------------------------------------------------------------------------------------------------
proven optimal (value reaches the upper bound): 0/1
improved over greedy: 1/1 (total value 27848.0 -> 33608.0, +20.68%)
mean gap to 0-1 knapsack bound: 13.5%
mean volume utilization: 72.6%
