============================================================
  Solver:     3DMHKP-SA.py
  Instance:   /home/mcaspar/3DMHKP/Egeblad/ep3-20-U-C-50.txt
  Value mode: flat
  Timelimit:  900s
  Reports:    /home/mcaspar/3DMHKP/results_3DMHKP_ep3
  CPUs:       1
============================================================
======================================================================
3DMHKP Simulated Annealing (random single-neighbour, sequence decoder)
SA params: T0=5% of f(S_0), alpha=0.999, T_min=0.001, reheat_threshold=5753, reheat_fraction=0.25
Move weights: {'relocate': 0.0, 'swap': 1.0, '2opt': 0.0, 'promote': 1.5, 'demote': 1.5, 'orient': 1.0, 'container': 0.5}
Time limit: 900.0s per instance, seed 81255809
======================================================================

======================================================================
ep3-20-U-C-50: 20 boxes (5 types), 1 containers (1 types)
  0-1 knapsack bound: 154428.0 (continuous relaxation: 157180.5)
  initial (value-density) decode: value 85910.0 (6/20 boxes)
  T0 = 3497.7 (calibrated, 70 worsening draws, target accept 35%)
  schedule: time-based, T0 -> 797.36 over 900s
    [iter 8] *** NEW BEST: value 87012.0, boxes 6/20, T=3497.5, elapsed=0.0s
    [iter 24] *** NEW BEST: value 100272.0, boxes 7/20, T=3497.5, elapsed=0.0s
    [iter 1206] *** NEW BEST: value 108758.0, boxes 8/20, T=3497.1, elapsed=0.1s
    [iter 6959] reheat + diversify: ceiling=874.43, value=78980.0
    [iter 12712] reheat + diversify: ceiling=786.99, value=62833.0
    [iter 18465] reheat + diversify: ceiling=708.29, value=80082.0
    [iter 24218] reheat + diversify: ceiling=637.46, value=97385.0
    [iter 29971] reheat + diversify: ceiling=573.72, value=65720.0
    [iter 35724] reheat + diversify: ceiling=516.34, value=80082.0
    [iter 41477] reheat + diversify: ceiling=464.71, value=77195.0
    [iter 47230] reheat + diversify: ceiling=418.24, value=58790.0
    [iter 52983] reheat + diversify: ceiling=376.42, value=81550.0
    [iter 58736] reheat + diversify: ceiling=338.77, value=86012.0
    [iter 64489] reheat + diversify: ceiling=304.90, value=96600.0
    [iter 70242] reheat + diversify: ceiling=274.41, value=91138.0
    [iter 75995] reheat + diversify: ceiling=246.97, value=84891.0
    [iter 81748] reheat + diversify: ceiling=222.27, value=82652.0
    [iter 87501] reheat + diversify: ceiling=200.04, value=69061.0
    [iter 93254] reheat + diversify: ceiling=180.04, value=68709.0
    [iter 99007] reheat + diversify: ceiling=162.03, value=69061.0
    [iter 104760] reheat + diversify: ceiling=145.83, value=61365.0
    [iter 110513] reheat + diversify: ceiling=131.25, value=70163.0
    [iter 116266] reheat + diversify: ceiling=118.12, value=94815.0
    [iter 122019] reheat + diversify: ceiling=106.31, value=73542.0
    [iter 127772] reheat + diversify: ceiling=95.68, value=70846.0
    [iter 133525] reheat + diversify: ceiling=86.11, value=97385.0
    [iter 139278] reheat + diversify: ceiling=77.50, value=85891.0
    [iter 145031] reheat + diversify: ceiling=69.75, value=99834.0
    [iter 150784] reheat + diversify: ceiling=62.78, value=87466.0
    [iter 156537] reheat + diversify: ceiling=56.50, value=58497.0
    [iter 162290] reheat + diversify: ceiling=50.85, value=70967.0
    [iter 168043] reheat + diversify: ceiling=45.76, value=74518.0
    [iter 173796] reheat + diversify: ceiling=41.19, value=50656.0
    [iter 179549] reheat + diversify: ceiling=37.07, value=68588.0
    [iter 185302] reheat + diversify: ceiling=33.36, value=92240.0
    [iter 191055] reheat + diversify: ceiling=30.03, value=65701.0
    [iter 196808] reheat + diversify: ceiling=27.02, value=78297.0
    [iter 202561] reheat + diversify: ceiling=24.32, value=89563.0
    [iter 208314] reheat + diversify: ceiling=21.89, value=75308.0
    [iter 214067] reheat + diversify: ceiling=19.70, value=58790.0
    [iter 219820] reheat + diversify: ceiling=17.73, value=76093.0
    [iter 225573] reheat + diversify: ceiling=15.96, value=103632.0
    [iter 231326] reheat + diversify: ceiling=14.36, value=62462.0
    [iter 237079] reheat + diversify: ceiling=12.92, value=87466.0
    [iter 242832] reheat + diversify: ceiling=11.63, value=75308.0
    [iter 248585] reheat + diversify: ceiling=10.47, value=93240.0
    [iter 254338] reheat + diversify: ceiling=9.42, value=92240.0
    [iter 260091] reheat + diversify: ceiling=8.48, value=60575.0
    [iter 265844] reheat + diversify: ceiling=7.63, value=86676.0
    [iter 271597] reheat + diversify: ceiling=6.87, value=43326.0
    [iter 277350] reheat + diversify: ceiling=6.18, value=78980.0
    [iter 283103] reheat + diversify: ceiling=5.56, value=72733.0
    [iter 288856] reheat + diversify: ceiling=5.01, value=97385.0
    [iter 294609] reheat + diversify: ceiling=4.51, value=64599.0
    [iter 300362] reheat + diversify: ceiling=4.06, value=93240.0
    [iter 306115] reheat + diversify: ceiling=3.65, value=77195.0
    [iter 311868] reheat + diversify: ceiling=3.29, value=63252.0
    [iter 317621] reheat + diversify: ceiling=2.96, value=69846.0
    [iter 323374] reheat + diversify: ceiling=2.66, value=77195.0
    [iter 329127] reheat + diversify: ceiling=2.40, value=70182.0
    [iter 334880] reheat + diversify: ceiling=2.16, value=80867.0
    [iter 340633] reheat + diversify: ceiling=1.94, value=83442.0
    [iter 346386] reheat + diversify: ceiling=1.75, value=84891.0
    [iter 352139] reheat + diversify: ceiling=1.57, value=73518.0
    [iter 357892] reheat + diversify: ceiling=1.41, value=92240.0
    [iter 363645] reheat + diversify: ceiling=1.27, value=86012.0
    [iter 369398] reheat + diversify: ceiling=1.15, value=76722.0
    [iter 375151] reheat + diversify: ceiling=1.03, value=69846.0
    [iter 380904] reheat + diversify: ceiling=0.93, value=70163.0
    [iter 386657] reheat + diversify: ceiling=0.84, value=80867.0
    [iter 392410] reheat + diversify: ceiling=0.75, value=82652.0
    [iter 398163] reheat + diversify: ceiling=0.68, value=94025.0
    [iter 403916] reheat + diversify: ceiling=0.61, value=94815.0
    [iter 409669] reheat + diversify: ceiling=0.55, value=80867.0
    [iter 415422] reheat + diversify: ceiling=0.49, value=77195.0
    [iter 421175] reheat + diversify: ceiling=0.44, value=77878.0
    [iter 426928] reheat + diversify: ceiling=0.40, value=86993.0
    [iter 432681] reheat + diversify: ceiling=0.36, value=77195.0
    [iter 438434] reheat + diversify: ceiling=0.32, value=77878.0
    [iter 444187] reheat + diversify: ceiling=0.29, value=66822.0
    [iter 449940] reheat + diversify: ceiling=0.26, value=75308.0
    [iter 455693] reheat + diversify: ceiling=0.24, value=69061.0
    [iter 461446] reheat + diversify: ceiling=0.21, value=87778.0
    [iter 467199] reheat + diversify: ceiling=0.19, value=86993.0
    [iter 472952] reheat + diversify: ceiling=0.17, value=83442.0
    [iter 478705] reheat + diversify: ceiling=0.15, value=84789.0
    [iter 484458] reheat + diversify: ceiling=0.14, value=94025.0
    [iter 490211] reheat + diversify: ceiling=0.13, value=79765.0
    [iter 495964] reheat + diversify: ceiling=0.11, value=87466.0
    [iter 501717] reheat + diversify: ceiling=0.10, value=67959.0
    [iter 507470] reheat + diversify: ceiling=0.09, value=69061.0
    [iter 513223] reheat + diversify: ceiling=0.08, value=56903.0
    [iter 518976] reheat + diversify: ceiling=0.07, value=77195.0
    [iter 524729] reheat + diversify: ceiling=0.07, value=92138.0
    [iter 530482] reheat + diversify: ceiling=0.06, value=76093.0
    [iter 536235] reheat + diversify: ceiling=0.05, value=49992.0
    [iter 541988] reheat + diversify: ceiling=0.05, value=85891.0
    [iter 547741] reheat + diversify: ceiling=0.04, value=78980.0
    [iter 553494] reheat + diversify: ceiling=0.04, value=70967.0
    [iter 559247] reheat + diversify: ceiling=0.04, value=86012.0
    [iter 565000] reheat + diversify: ceiling=0.03, value=85891.0
    [iter 570753] reheat + diversify: ceiling=0.03, value=86012.0
    [iter 576506] reheat + diversify: ceiling=0.03, value=92923.0
    [iter 582259] reheat + diversify: ceiling=0.02, value=71265.0
    [iter 588012] reheat + diversify: ceiling=0.02, value=93240.0
    [iter 593765] reheat + diversify: ceiling=0.02, value=67295.0
    [iter 599518] reheat + diversify: ceiling=0.02, value=73854.0
    [iter 605271] reheat + diversify: ceiling=0.02, value=87466.0
    [iter 611024] reheat + diversify: ceiling=0.01, value=80327.0
    [iter 616777] reheat + diversify: ceiling=0.01, value=51460.0
    [iter 622530] reheat + diversify: ceiling=0.01, value=97385.0
    [iter 628283] reheat + diversify: ceiling=0.01, value=77878.0
    [iter 634036] reheat + diversify: ceiling=0.01, value=70967.0
    [iter 639789] reheat + diversify: ceiling=0.01, value=71631.0
    [iter 645542] reheat + diversify: ceiling=0.01, value=70846.0
    [iter 651295] reheat + diversify: ceiling=0.01, value=92138.0
    [iter 657048] reheat + diversify: ceiling=0.01, value=74937.0
    [iter 662801] reheat + diversify: ceiling=0.01, value=87466.0
    [iter 668554] reheat + diversify: ceiling=0.00, value=77195.0
    [iter 674307] reheat + diversify: ceiling=0.00, value=86012.0
    [iter 680060] reheat + diversify: ceiling=0.00, value=53226.0
    [iter 685813] reheat + diversify: ceiling=0.00, value=83004.0
    [iter 691566] reheat + diversify: ceiling=0.00, value=63935.0
    [iter 697319] reheat + diversify: ceiling=0.00, value=79765.0
    [iter 703072] reheat + diversify: ceiling=0.00, value=93240.0
    [iter 708825] reheat + diversify: ceiling=0.00, value=69061.0
    [iter 714578] reheat + diversify: ceiling=0.00, value=62150.0
    [iter 720331] reheat + diversify: ceiling=0.00, value=85208.0
    [iter 726084] reheat + diversify: ceiling=0.00, value=62169.0
    [iter 731837] reheat + diversify: ceiling=0.00, value=84125.0
    [iter 737590] reheat + diversify: ceiling=0.00, value=91138.0
    [iter 743343] reheat + diversify: ceiling=0.00, value=69080.0
    [iter 749096] reheat + diversify: ceiling=0.00, value=86676.0
    [iter 754849] reheat + diversify: ceiling=0.00, value=92923.0
    [iter 760602] reheat + diversify: ceiling=0.00, value=78980.0
    [iter 766355] reheat + diversify: ceiling=0.00, value=68709.0
    [iter 772108] reheat + diversify: ceiling=0.00, value=86993.0
    [iter 777861] reheat + diversify: ceiling=0.00, value=57688.0
    [iter 783614] reheat + diversify: ceiling=0.00, value=84789.0
    [iter 789367] reheat + diversify: ceiling=0.00, value=92138.0
    [iter 795120] reheat + diversify: ceiling=0.00, value=76093.0
    [iter 800873] reheat + diversify: ceiling=0.00, value=78980.0
    [iter 806626] reheat + diversify: ceiling=0.00, value=82652.0
    [iter 812379] reheat + diversify: ceiling=0.00, value=77195.0
    [iter 818132] reheat + diversify: ceiling=0.00, value=78195.0
    [iter 823885] reheat + diversify: ceiling=0.00, value=97385.0
    [iter 829638] reheat + diversify: ceiling=0.00, value=86993.0
    [iter 835391] reheat + diversify: ceiling=0.00, value=65037.0
    [iter 841144] reheat + diversify: ceiling=0.00, value=77878.0
    [iter 846897] reheat + diversify: ceiling=0.00, value=77195.0
    [iter 852650] reheat + diversify: ceiling=0.00, value=77195.0
    [iter 858403] reheat + diversify: ceiling=0.00, value=75308.0
    [iter 864156] reheat + diversify: ceiling=0.00, value=90353.0
    [iter 869909] reheat + diversify: ceiling=0.00, value=83004.0
    [iter 875662] reheat + diversify: ceiling=0.00, value=59161.0
    [iter 881415] reheat + diversify: ceiling=0.00, value=99960.0
    [iter 887168] reheat + diversify: ceiling=0.00, value=79765.0
    [iter 892921] reheat + diversify: ceiling=0.00, value=51758.0
    [iter 898674] reheat + diversify: ceiling=0.00, value=86012.0
    [iter 904427] reheat + diversify: ceiling=0.00, value=97385.0
    [iter 910180] reheat + diversify: ceiling=0.00, value=89251.0
    [iter 915933] reheat + diversify: ceiling=0.00, value=72733.0
    [iter 921686] reheat + diversify: ceiling=0.00, value=80082.0
    [iter 927439] reheat + diversify: ceiling=0.00, value=93240.0
    [iter 933192] reheat + diversify: ceiling=0.00, value=63935.0
    [iter 938945] reheat + diversify: ceiling=0.00, value=105398.0
    [iter 944698] reheat + diversify: ceiling=0.00, value=70182.0
    [iter 950451] reheat + diversify: ceiling=0.00, value=67607.0
    [iter 956204] reheat + diversify: ceiling=0.00, value=83004.0
    [iter 961957] reheat + diversify: ceiling=0.00, value=71631.0
    [iter 967710] reheat + diversify: ceiling=0.00, value=66486.0
    [iter 973463] reheat + diversify: ceiling=0.00, value=70846.0
    [iter 979216] reheat + diversify: ceiling=0.00, value=83442.0
    [iter 984969] reheat + diversify: ceiling=0.00, value=77195.0
    [iter 990722] reheat + diversify: ceiling=0.00, value=70967.0
    [iter 996475] reheat + diversify: ceiling=0.00, value=70846.0
    [iter 1002228] reheat + diversify: ceiling=0.00, value=75620.0
    [iter 1007981] reheat + diversify: ceiling=0.00, value=88568.0
    [iter 1013734] reheat + diversify: ceiling=0.00, value=91138.0
    [iter 1019487] reheat + diversify: ceiling=0.00, value=87466.0
    [iter 1025240] reheat + diversify: ceiling=0.00, value=92923.0
    [iter 1030993] reheat + diversify: ceiling=0.00, value=87676.0
    [iter 1036746] reheat + diversify: ceiling=0.00, value=85891.0
    [iter 1042499] reheat + diversify: ceiling=0.00, value=93240.0
    [iter 1048252] reheat + diversify: ceiling=0.00, value=77214.0
    [iter 1054005] reheat + diversify: ceiling=0.00, value=70163.0
    [iter 1059758] reheat + diversify: ceiling=0.00, value=70182.0
    [iter 1065511] reheat + diversify: ceiling=0.00, value=97385.0
    [iter 1071264] reheat + diversify: ceiling=0.00, value=77195.0
    [iter 1077017] reheat + diversify: ceiling=0.00, value=85891.0
    [iter 1082770] reheat + diversify: ceiling=0.00, value=63935.0
    [iter 1088523] reheat + diversify: ceiling=0.00, value=59473.0
    [iter 1094276] reheat + diversify: ceiling=0.00, value=88568.0
    [iter 1100029] reheat + diversify: ceiling=0.00, value=71948.0
    [iter 1105782] reheat + diversify: ceiling=0.00, value=77195.0
    [iter 1111535] reheat + diversify: ceiling=0.00, value=63935.0
    [iter 1117288] reheat + diversify: ceiling=0.00, value=73518.0
    [iter 1123041] reheat + diversify: ceiling=0.00, value=75620.0
    [iter 1128794] reheat + diversify: ceiling=0.00, value=78980.0
    [iter 1134547] reheat + diversify: ceiling=0.00, value=69061.0
    [iter 1140300] reheat + diversify: ceiling=0.00, value=85891.0
    [iter 1146053] reheat + diversify: ceiling=0.00, value=84891.0
    [iter 1151806] reheat + diversify: ceiling=0.00, value=82340.0
    [iter 1157559] reheat + diversify: ceiling=0.00, value=69494.0
    [iter 1163312] reheat + diversify: ceiling=0.00, value=50656.0
    [iter 1169065] reheat + diversify: ceiling=0.00, value=71948.0
    [iter 1174818] reheat + diversify: ceiling=0.00, value=66924.0
    [iter 1180571] reheat + diversify: ceiling=0.00, value=62150.0
    [iter 1186324] reheat + diversify: ceiling=0.00, value=93240.0
    [iter 1192077] reheat + diversify: ceiling=0.00, value=77093.0
    [iter 1197830] reheat + diversify: ceiling=0.00, value=67607.0
    [iter 1203583] reheat + diversify: ceiling=0.00, value=78980.0
    [iter 1209336] reheat + diversify: ceiling=0.00, value=62150.0
    [iter 1215089] reheat + diversify: ceiling=0.00, value=56220.0
    [iter 1220842] reheat + diversify: ceiling=0.00, value=83442.0
    [iter 1226595] reheat + diversify: ceiling=0.00, value=72752.0
    [iter 1232348] reheat + diversify: ceiling=0.00, value=86676.0
    [iter 1238101] reheat + diversify: ceiling=0.00, value=65720.0
    [iter 1243854] reheat + diversify: ceiling=0.00, value=57688.0
    [iter 1249607] reheat + diversify: ceiling=0.00, value=93240.0
    [iter 1255360] reheat + diversify: ceiling=0.00, value=80867.0
    [iter 1261113] reheat + diversify: ceiling=0.00, value=94815.0
    [iter 1266866] reheat + diversify: ceiling=0.00, value=78195.0
    [iter 1272619] reheat + diversify: ceiling=0.00, value=57688.0
    [iter 1278372] reheat + diversify: ceiling=0.00, value=70846.0
    [iter 1284125] reheat + diversify: ceiling=0.00, value=73835.0
    [iter 1289878] reheat + diversify: ceiling=0.00, value=73518.0
    [iter 1295631] reheat + diversify: ceiling=0.00, value=92923.0
    [iter 1301384] reheat + diversify: ceiling=0.00, value=78980.0
    [iter 1307137] reheat + diversify: ceiling=0.00, value=90353.0
    [iter 1312890] reheat + diversify: ceiling=0.00, value=64599.0
    [iter 1318643] reheat + diversify: ceiling=0.00, value=44428.0
    [iter 1324396] reheat + diversify: ceiling=0.00, value=75308.0
    [iter 1330149] reheat + diversify: ceiling=0.00, value=80082.0
    [iter 1335902] reheat + diversify: ceiling=0.00, value=73835.0
    [iter 1341655] reheat + diversify: ceiling=0.00, value=78980.0
    [iter 1347408] reheat + diversify: ceiling=0.00, value=73050.0
    [iter 1353161] reheat + diversify: ceiling=0.00, value=67295.0
    [iter 1358914] reheat + diversify: ceiling=0.00, value=93240.0
    [iter 1364667] reheat + diversify: ceiling=0.00, value=108758.0
    [iter 1370420] reheat + diversify: ceiling=0.00, value=86012.0
    [iter 1376173] reheat + diversify: ceiling=0.00, value=68392.0
    [iter 1381926] reheat + diversify: ceiling=0.00, value=69061.0
    [iter 1387679] reheat + diversify: ceiling=0.00, value=97385.0
    [iter 1393432] reheat + diversify: ceiling=0.00, value=85891.0
    [iter 1399185] reheat + diversify: ceiling=0.00, value=84106.0
    [iter 1404938] reheat + diversify: ceiling=0.00, value=69080.0
    [iter 1410691] reheat + diversify: ceiling=0.00, value=78980.0
    [iter 1416444] reheat + diversify: ceiling=0.00, value=77878.0
    [iter 1422197] reheat + diversify: ceiling=0.00, value=65822.0
    [iter 1427950] reheat + diversify: ceiling=0.00, value=86012.0
    [iter 1433703] reheat + diversify: ceiling=0.00, value=90353.0
    [iter 1439456] reheat + diversify: ceiling=0.00, value=71948.0
    [iter 1445209] reheat + diversify: ceiling=0.00, value=81550.0
    [iter 1450962] reheat + diversify: ceiling=0.00, value=70163.0
    [iter 1456715] reheat + diversify: ceiling=0.00, value=70182.0
    [iter 1462468] reheat + diversify: ceiling=0.00, value=72733.0
    [iter 1468221] reheat + diversify: ceiling=0.00, value=90353.0
    [iter 1473974] reheat + diversify: ceiling=0.00, value=93240.0
    [iter 1479727] reheat + diversify: ceiling=0.00, value=86676.0
    [iter 1485480] reheat + diversify: ceiling=0.00, value=100272.0
    [iter 1491233] reheat + diversify: ceiling=0.00, value=91138.0
    [iter 1496986] reheat + diversify: ceiling=0.00, value=72733.0
    [iter 1502739] reheat + diversify: ceiling=0.00, value=76093.0
    [iter 1508492] reheat + diversify: ceiling=0.00, value=71948.0
    [iter 1514245] reheat + diversify: ceiling=0.00, value=72733.0
    [iter 1519998] reheat + diversify: ceiling=0.00, value=59473.0
    [iter 1525751] reheat + diversify: ceiling=0.00, value=84789.0
    [iter 1531504] reheat + diversify: ceiling=0.00, value=86993.0
    [iter 1537257] reheat + diversify: ceiling=0.00, value=87797.0
    [iter 1543010] reheat + diversify: ceiling=0.00, value=62150.0
    [iter 1548763] reheat + diversify: ceiling=0.00, value=58497.0
    [iter 1554516] reheat + diversify: ceiling=0.00, value=65701.0
    [iter 1560269] reheat + diversify: ceiling=0.00, value=66803.0
    [iter 1566022] reheat + diversify: ceiling=0.00, value=67959.0
    [iter 1571775] reheat + diversify: ceiling=0.00, value=81219.0
    [iter 1577528] reheat + diversify: ceiling=0.00, value=65720.0
    [iter 1583281] reheat + diversify: ceiling=0.00, value=77195.0
    [iter 1589034] reheat + diversify: ceiling=0.00, value=81550.0
    [iter 1594787] reheat + diversify: ceiling=0.00, value=73835.0
    [iter 1600540] reheat + diversify: ceiling=0.00, value=83004.0
    [iter 1606293] reheat + diversify: ceiling=0.00, value=91138.0
    [iter 1612046] reheat + diversify: ceiling=0.00, value=74518.0
    [iter 1617799] reheat + diversify: ceiling=0.00, value=92923.0
    [iter 1623552] reheat + diversify: ceiling=0.00, value=77195.0
    [iter 1629305] reheat + diversify: ceiling=0.00, value=83442.0
    [iter 1635058] reheat + diversify: ceiling=0.00, value=91138.0
    [iter 1640811] reheat + diversify: ceiling=0.00, value=82340.0
    [iter 1646564] reheat + diversify: ceiling=0.00, value=97385.0
    [iter 1652317] reheat + diversify: ceiling=0.00, value=86012.0
    [iter 1658070] reheat + diversify: ceiling=0.00, value=63935.0
    [iter 1663823] reheat + diversify: ceiling=0.00, value=79765.0
    [iter 1669576] reheat + diversify: ceiling=0.00, value=86993.0
    [iter 1675329] reheat + diversify: ceiling=0.00, value=61360.0
    [iter 1681082] reheat + diversify: ceiling=0.00, value=49992.0
    [iter 1686835] reheat + diversify: ceiling=0.00, value=94025.0
    [iter 1692588] reheat + diversify: ceiling=0.00, value=71631.0
    [iter 1698341] reheat + diversify: ceiling=0.00, value=92923.0
    [iter 1704094] reheat + diversify: ceiling=0.00, value=93240.0
    [iter 1709847] reheat + diversify: ceiling=0.00, value=65720.0
    [iter 1715600] reheat + diversify: ceiling=0.00, value=86676.0
    [iter 1721353] reheat + diversify: ceiling=0.00, value=62150.0
    [iter 1727106] reheat + diversify: ceiling=0.00, value=66486.0
    [iter 1732859] reheat + diversify: ceiling=0.00, value=71948.0
    [iter 1738612] reheat + diversify: ceiling=0.00, value=78980.0
    [iter 1744365] reheat + diversify: ceiling=0.00, value=75308.0
    [iter 1750118] reheat + diversify: ceiling=0.00, value=90372.0
    [iter 1755871] reheat + diversify: ceiling=0.00, value=63935.0
    [iter 1761624] reheat + diversify: ceiling=0.00, value=91138.0
    [iter 1767377] reheat + diversify: ceiling=0.00, value=57688.0
    [iter 1773130] reheat + diversify: ceiling=0.00, value=85891.0
    [iter 1778883] reheat + diversify: ceiling=0.00, value=69061.0
    [iter 1784636] reheat + diversify: ceiling=0.00, value=63935.0
    [iter 1790389] reheat + diversify: ceiling=0.00, value=74625.0
    [iter 1796142] reheat + diversify: ceiling=0.00, value=49554.0
    [iter 1801895] reheat + diversify: ceiling=0.00, value=77195.0
    [iter 1807648] reheat + diversify: ceiling=0.00, value=66822.0
    [iter 1813401] reheat + diversify: ceiling=0.00, value=82652.0
    [iter 1819154] reheat + diversify: ceiling=0.00, value=92138.0
    [iter 1824907] reheat + diversify: ceiling=0.00, value=86012.0
    [iter 1830660] reheat + diversify: ceiling=0.00, value=57688.0
    [iter 1836413] reheat + diversify: ceiling=0.00, value=90353.0
    [iter 1842166] reheat + diversify: ceiling=0.00, value=56903.0
    [iter 1847919] reheat + diversify: ceiling=0.00, value=81550.0
    [iter 1853672] reheat + diversify: ceiling=0.00, value=83004.0
    [iter 1859425] reheat + diversify: ceiling=0.00, value=60258.0
    [iter 1865178] reheat + diversify: ceiling=0.00, value=95810.0
    [iter 1870931] reheat + diversify: ceiling=0.00, value=51460.0
    [iter 1876684] reheat + diversify: ceiling=0.00, value=90353.0
    [iter 1882437] reheat + diversify: ceiling=0.00, value=81550.0
    [iter 1888190] reheat + diversify: ceiling=0.00, value=65037.0
    [iter 1893943] reheat + diversify: ceiling=0.00, value=77878.0
    [iter 1899696] reheat + diversify: ceiling=0.00, value=97385.0
    [iter 1905449] reheat + diversify: ceiling=0.00, value=62814.0
    [iter 1911202] reheat + diversify: ceiling=0.00, value=77878.0
    [iter 1916955] reheat + diversify: ceiling=0.00, value=77878.0
    [iter 1922708] reheat + diversify: ceiling=0.00, value=87466.0
    [iter 1928461] reheat + diversify: ceiling=0.00, value=78297.0
    [iter 1934214] reheat + diversify: ceiling=0.00, value=62833.0
    [iter 1939967] reheat + diversify: ceiling=0.00, value=74518.0
    [iter 1945720] reheat + diversify: ceiling=0.00, value=87466.0
    [iter 1951473] reheat + diversify: ceiling=0.00, value=73854.0
    [iter 1957226] reheat + diversify: ceiling=0.00, value=90353.0
    [iter 1962979] reheat + diversify: ceiling=0.00, value=71631.0
    [iter 1968732] reheat + diversify: ceiling=0.00, value=86676.0
    [iter 1974485] reheat + diversify: ceiling=0.00, value=91138.0
    [iter 1980238] reheat + diversify: ceiling=0.00, value=85227.0
    [iter 1985991] reheat + diversify: ceiling=0.00, value=65701.0
    [iter 1991744] reheat + diversify: ceiling=0.00, value=83442.0
    [iter 1997497] reheat + diversify: ceiling=0.00, value=85891.0
    [iter 2003250] reheat + diversify: ceiling=0.00, value=85891.0
    [iter 2009003] reheat + diversify: ceiling=0.00, value=93240.0
    [iter 2014756] reheat + diversify: ceiling=0.00, value=88568.0
    [iter 2020509] reheat + diversify: ceiling=0.00, value=56903.0
    [iter 2026262] reheat + diversify: ceiling=0.00, value=78980.0
    [iter 2032015] reheat + diversify: ceiling=0.00, value=65822.0
    [iter 2037768] reheat + diversify: ceiling=0.00, value=78297.0
    [iter 2043521] reheat + diversify: ceiling=0.00, value=77214.0
    [iter 2049274] reheat + diversify: ceiling=0.00, value=78980.0
    [iter 2055027] reheat + diversify: ceiling=0.00, value=87466.0
    [iter 2060780] reheat + diversify: ceiling=0.00, value=80867.0
    [iter 2066533] reheat + diversify: ceiling=0.00, value=85227.0
    [iter 2072286] reheat + diversify: ceiling=0.00, value=72733.0
    [iter 2078039] reheat + diversify: ceiling=0.00, value=86012.0
    [iter 2083792] reheat + diversify: ceiling=0.00, value=79765.0
    [iter 2089545] reheat + diversify: ceiling=0.00, value=94815.0
    [iter 2095298] reheat + diversify: ceiling=0.00, value=78980.0
    [iter 2101051] reheat + diversify: ceiling=0.00, value=78980.0
    [iter 2106804] reheat + diversify: ceiling=0.00, value=85891.0
    [iter 2112557] reheat + diversify: ceiling=0.00, value=75308.0
    [iter 2118310] reheat + diversify: ceiling=0.00, value=69846.0
    [iter 2124063] reheat + diversify: ceiling=0.00, value=62150.0
    [iter 2129816] reheat + diversify: ceiling=0.00, value=73835.0
    [iter 2135569] reheat + diversify: ceiling=0.00, value=85208.0
    [iter 2141322] reheat + diversify: ceiling=0.00, value=57688.0
    [iter 2147075] reheat + diversify: ceiling=0.00, value=92240.0
    [iter 2152828] reheat + diversify: ceiling=0.00, value=77878.0
    [iter 2158581] reheat + diversify: ceiling=0.00, value=86012.0
    [iter 2164334] reheat + diversify: ceiling=0.00, value=73835.0
    [iter 2170087] reheat + diversify: ceiling=0.00, value=79644.0
    [iter 2175840] reheat + diversify: ceiling=0.00, value=87466.0
    [iter 2181593] reheat + diversify: ceiling=0.00, value=86012.0
    [iter 2187346] reheat + diversify: ceiling=0.00, value=72733.0
    [iter 2193099] reheat + diversify: ceiling=0.00, value=87778.0
    [iter 2198852] reheat + diversify: ceiling=0.00, value=50656.0
    [iter 2204605] reheat + diversify: ceiling=0.00, value=82340.0
    [iter 2210358] reheat + diversify: ceiling=0.00, value=81550.0
    [iter 2216111] reheat + diversify: ceiling=0.00, value=87466.0
    [iter 2221864] reheat + diversify: ceiling=0.00, value=79765.0
    [iter 2227617] reheat + diversify: ceiling=0.00, value=63935.0
    [iter 2233370] reheat + diversify: ceiling=0.00, value=65720.0
    [iter 2239123] reheat + diversify: ceiling=0.00, value=78980.0
    [iter 2244876] reheat + diversify: ceiling=0.00, value=73050.0
    [iter 2250629] reheat + diversify: ceiling=0.00, value=77195.0
    [iter 2256382] reheat + diversify: ceiling=0.00, value=92138.0
    [iter 2262135] reheat + diversify: ceiling=0.00, value=55118.0
    [iter 2267888] reheat + diversify: ceiling=0.00, value=63935.0
    [iter 2273641] reheat + diversify: ceiling=0.00, value=83004.0
    [iter 2279394] reheat + diversify: ceiling=0.00, value=77195.0
    [iter 2285147] reheat + diversify: ceiling=0.00, value=76410.0
    [iter 2290900] reheat + diversify: ceiling=0.00, value=79644.0
    [iter 2296653] reheat + diversify: ceiling=0.00, value=93240.0
    [iter 2302406] reheat + diversify: ceiling=0.00, value=73518.0
    [iter 2308159] reheat + diversify: ceiling=0.00, value=77195.0
    [iter 2313912] reheat + diversify: ceiling=0.00, value=90353.0
    [iter 2319665] reheat + diversify: ceiling=0.00, value=57376.0
    [iter 2325418] reheat + diversify: ceiling=0.00, value=87466.0
    [iter 2331171] reheat + diversify: ceiling=0.00, value=71631.0
    [iter 2336924] reheat + diversify: ceiling=0.00, value=63935.0
    [iter 2342677] reheat + diversify: ceiling=0.00, value=71631.0
    [iter 2348430] reheat + diversify: ceiling=0.00, value=89563.0
    [iter 2354183] reheat + diversify: ceiling=0.00, value=85891.0
    [iter 2359936] reheat + diversify: ceiling=0.00, value=69744.0
    [iter 2365689] reheat + diversify: ceiling=0.00, value=59594.0
    [iter 2371442] reheat + diversify: ceiling=0.00, value=84106.0
    [iter 2377195] reheat + diversify: ceiling=0.00, value=84891.0
    [iter 2382948] reheat + diversify: ceiling=0.00, value=64599.0
    [iter 2388701] reheat + diversify: ceiling=0.00, value=81550.0
    [iter 2394454] reheat + diversify: ceiling=0.00, value=93240.0
    [iter 2400207] reheat + diversify: ceiling=0.00, value=87466.0
    [iter 2405960] reheat + diversify: ceiling=0.00, value=65822.0
    [iter 2411713] reheat + diversify: ceiling=0.00, value=85208.0
    [iter 2417466] reheat + diversify: ceiling=0.00, value=73523.0
    [iter 2423219] reheat + diversify: ceiling=0.00, value=62150.0
    [iter 2428972] reheat + diversify: ceiling=0.00, value=87466.0
    [iter 2434725] reheat + diversify: ceiling=0.00, value=83442.0
    [iter 2440478] reheat + diversify: ceiling=0.00, value=64599.0
    [iter 2446231] reheat + diversify: ceiling=0.00, value=70163.0
    [iter 2451984] reheat + diversify: ceiling=0.00, value=90353.0
    [iter 2457737] reheat + diversify: ceiling=0.00, value=46194.0
    [iter 2463490] reheat + diversify: ceiling=0.00, value=93240.0
    [iter 2469243] reheat + diversify: ceiling=0.00, value=57688.0
    [iter 2474996] reheat + diversify: ceiling=0.00, value=79765.0
    [iter 2480749] reheat + diversify: ceiling=0.00, value=93240.0
    [iter 2486502] reheat + diversify: ceiling=0.00, value=78297.0
    [iter 2492255] reheat + diversify: ceiling=0.00, value=70182.0
    [iter 2498008] reheat + diversify: ceiling=0.00, value=71948.0
    [iter 2503761] reheat + diversify: ceiling=0.00, value=80867.0
    [iter 2509514] reheat + diversify: ceiling=0.00, value=86676.0
    [iter 2515267] reheat + diversify: ceiling=0.00, value=65822.0
    [iter 2521020] reheat + diversify: ceiling=0.00, value=63935.0
    [iter 2526773] reheat + diversify: ceiling=0.00, value=55118.0
    [iter 2532526] reheat + diversify: ceiling=0.00, value=74518.0
    [iter 2538279] reheat + diversify: ceiling=0.00, value=86993.0
    [iter 2544032] reheat + diversify: ceiling=0.00, value=74937.0
    [iter 2549785] reheat + diversify: ceiling=0.00, value=83004.0
    [iter 2555538] reheat + diversify: ceiling=0.00, value=71948.0
    [iter 2561291] reheat + diversify: ceiling=0.00, value=91455.0
    [iter 2567044] reheat + diversify: ceiling=0.00, value=94815.0
    [iter 2572797] reheat + diversify: ceiling=0.00, value=63935.0
    [iter 2578550] reheat + diversify: ceiling=0.00, value=77214.0
    [iter 2584303] reheat + diversify: ceiling=0.00, value=67486.0
    [iter 2590056] reheat + diversify: ceiling=0.00, value=87778.0
    [iter 2595809] reheat + diversify: ceiling=0.00, value=70163.0
    [iter 2601562] reheat + diversify: ceiling=0.00, value=76093.0
    [iter 2607315] reheat + diversify: ceiling=0.00, value=50656.0
    [iter 2613068] reheat + diversify: ceiling=0.00, value=85208.0
    [iter 2618821] reheat + diversify: ceiling=0.00, value=92923.0
    [iter 2624574] reheat + diversify: ceiling=0.00, value=91138.0
    [iter 2630327] reheat + diversify: ceiling=0.00, value=63935.0
    [iter 2636080] reheat + diversify: ceiling=0.00, value=82340.0
    [iter 2641833] reheat + diversify: ceiling=0.00, value=72069.0
    [iter 2647586] reheat + diversify: ceiling=0.00, value=51339.0
    [iter 2653339] reheat + diversify: ceiling=0.00, value=78980.0
    [iter 2659092] reheat + diversify: ceiling=0.00, value=57688.0
    [iter 2664845] reheat + diversify: ceiling=0.00, value=108758.0
    [iter 2670598] reheat + diversify: ceiling=0.00, value=90353.0
    [iter 2676351] reheat + diversify: ceiling=0.00, value=97385.0
    [iter 2682104] reheat + diversify: ceiling=0.00, value=71948.0
    [iter 2687857] reheat + diversify: ceiling=0.00, value=85891.0
    [iter 2693610] reheat + diversify: ceiling=0.00, value=86012.0
    [iter 2699363] reheat + diversify: ceiling=0.00, value=70967.0
    [iter 2705116] reheat + diversify: ceiling=0.00, value=65701.0
    [iter 2710869] reheat + diversify: ceiling=0.00, value=69061.0
    [iter 2716622] reheat + diversify: ceiling=0.00, value=78980.0
    [iter 2722375] reheat + diversify: ceiling=0.00, value=71948.0
    [iter 2728128] reheat + diversify: ceiling=0.00, value=87466.0
    [iter 2733881] reheat + diversify: ceiling=0.00, value=73523.0
    [iter 2739634] reheat + diversify: ceiling=0.00, value=68397.0
    [iter 2745387] reheat + diversify: ceiling=0.00, value=80765.0
    [iter 2751140] reheat + diversify: ceiling=0.00, value=76093.0
    [iter 2756893] reheat + diversify: ceiling=0.00, value=90353.0
    [iter 2762646] reheat + diversify: ceiling=0.00, value=77878.0
    [iter 2768399] reheat + diversify: ceiling=0.00, value=68397.0
    [iter 2774152] reheat + diversify: ceiling=0.00, value=78980.0
    [iter 2779905] reheat + diversify: ceiling=0.00, value=69846.0
    [iter 2785658] reheat + diversify: ceiling=0.00, value=85208.0
    [iter 2791411] reheat + diversify: ceiling=0.00, value=74835.0
    [iter 2797164] reheat + diversify: ceiling=0.00, value=80082.0
    [iter 2802917] reheat + diversify: ceiling=0.00, value=78980.0
    [iter 2808670] reheat + diversify: ceiling=0.00, value=79644.0
    [iter 2814423] reheat + diversify: ceiling=0.00, value=76093.0
    [iter 2820176] reheat + diversify: ceiling=0.00, value=83004.0
    [iter 2825929] reheat + diversify: ceiling=0.00, value=83004.0
    [iter 2831682] reheat + diversify: ceiling=0.00, value=70182.0
    [iter 2837435] reheat + diversify: ceiling=0.00, value=92923.0
    [iter 2843188] reheat + diversify: ceiling=0.00, value=93240.0
    [iter 2848941] reheat + diversify: ceiling=0.00, value=83004.0
    [iter 2854694] reheat + diversify: ceiling=0.00, value=73050.0
    [iter 2860447] reheat + diversify: ceiling=0.00, value=60696.0
    [iter 2866200] reheat + diversify: ceiling=0.00, value=82652.0
    [iter 2871953] reheat + diversify: ceiling=0.00, value=90353.0
    [iter 2877706] reheat + diversify: ceiling=0.00, value=70967.0
    [iter 2883459] reheat + diversify: ceiling=0.00, value=87466.0
    [iter 2889212] reheat + diversify: ceiling=0.00, value=93240.0
    [iter 2894965] reheat + diversify: ceiling=0.00, value=90353.0
    [iter 2900718] reheat + diversify: ceiling=0.00, value=80867.0
    [iter 2906471] reheat + diversify: ceiling=0.00, value=79765.0
    [iter 2912224] reheat + diversify: ceiling=0.00, value=65037.0
    [iter 2917977] reheat + diversify: ceiling=0.00, value=77878.0
    [iter 2923730] reheat + diversify: ceiling=0.00, value=59473.0
    [iter 2929483] reheat + diversify: ceiling=0.00, value=78980.0
    [iter 2935236] reheat + diversify: ceiling=0.00, value=105398.0
    [iter 2940989] reheat + diversify: ceiling=0.00, value=76093.0
    [iter 2946742] reheat + diversify: ceiling=0.00, value=88568.0
    [iter 2952495] reheat + diversify: ceiling=0.00, value=57688.0
    [iter 2958248] reheat + diversify: ceiling=0.00, value=46194.0
    [iter 2964001] reheat + diversify: ceiling=0.00, value=78980.0
    [iter 2969754] reheat + diversify: ceiling=0.00, value=82652.0
    [iter 2975507] reheat + diversify: ceiling=0.00, value=91138.0
    [iter 2981260] reheat + diversify: ceiling=0.00, value=78980.0
    [iter 2987013] reheat + diversify: ceiling=0.00, value=65701.0
    [iter 2992766] reheat + diversify: ceiling=0.00, value=70163.0
    [iter 2998519] reheat + diversify: ceiling=0.00, value=85891.0
    [iter 3004272] reheat + diversify: ceiling=0.00, value=73542.0
    [iter 3010025] reheat + diversify: ceiling=0.00, value=86012.0
    [iter 3015778] reheat + diversify: ceiling=0.00, value=86676.0
    [iter 3021531] reheat + diversify: ceiling=0.00, value=48890.0
    [iter 3027284] reheat + diversify: ceiling=0.00, value=85891.0
    [iter 3033037] reheat + diversify: ceiling=0.00, value=73835.0
    [iter 3038790] reheat + diversify: ceiling=0.00, value=62150.0
    [iter 3044543] reheat + diversify: ceiling=0.00, value=80765.0
    [iter 3050296] reheat + diversify: ceiling=0.00, value=90353.0
    [iter 3056049] reheat + diversify: ceiling=0.00, value=81550.0
    [iter 3061802] reheat + diversify: ceiling=0.00, value=83442.0
    [iter 3067555] reheat + diversify: ceiling=0.00, value=79765.0
    [iter 3073308] reheat + diversify: ceiling=0.00, value=78668.0
    [iter 3079061] reheat + diversify: ceiling=0.00, value=63497.0
    [iter 3084814] reheat + diversify: ceiling=0.00, value=54016.0
    [iter 3090567] reheat + diversify: ceiling=0.00, value=70163.0
    [iter 3096320] reheat + diversify: ceiling=0.00, value=84891.0
    [iter 3102073] reheat + diversify: ceiling=0.00, value=84125.0
    [iter 3107826] reheat + diversify: ceiling=0.00, value=67295.0
    [iter 3113579] reheat + diversify: ceiling=0.00, value=75308.0
    [iter 3119332] reheat + diversify: ceiling=0.00, value=73835.0
    [iter 3125085] reheat + diversify: ceiling=0.00, value=90353.0
    [iter 3130838] reheat + diversify: ceiling=0.00, value=53352.0
    [iter 3136591] reheat + diversify: ceiling=0.00, value=69061.0
    [iter 3142344] reheat + diversify: ceiling=0.00, value=92240.0
    [iter 3148097] reheat + diversify: ceiling=0.00, value=89251.0
    [iter 3153850] reheat + diversify: ceiling=0.00, value=80867.0
    [iter 3159603] reheat + diversify: ceiling=0.00, value=73523.0
    [iter 3165356] reheat + diversify: ceiling=0.00, value=77093.0
    [iter 3171109] reheat + diversify: ceiling=0.00, value=93240.0
    [iter 3176862] reheat + diversify: ceiling=0.00, value=91138.0
    [iter 3182615] reheat + diversify: ceiling=0.00, value=70163.0
    [iter 3188368] reheat + diversify: ceiling=0.00, value=86012.0
    [iter 3194121] reheat + diversify: ceiling=0.00, value=72733.0
    [iter 3199874] reheat + diversify: ceiling=0.00, value=58790.0
    [iter 3205627] reheat + diversify: ceiling=0.00, value=80867.0
    [iter 3211380] reheat + diversify: ceiling=0.00, value=94025.0
    [iter 3217133] reheat + diversify: ceiling=0.00, value=78980.0
    [iter 3222886] reheat + diversify: ceiling=0.00, value=94815.0
    [iter 3228639] reheat + diversify: ceiling=0.00, value=78297.0
    [iter 3234392] reheat + diversify: ceiling=0.00, value=76410.0
    [iter 3240145] reheat + diversify: ceiling=0.00, value=92240.0
    [iter 3245898] reheat + diversify: ceiling=0.00, value=85891.0
    [iter 3251651] reheat + diversify: ceiling=0.00, value=73518.0
    [iter 3257404] reheat + diversify: ceiling=0.00, value=67607.0
    [iter 3263157] reheat + diversify: ceiling=0.00, value=69080.0
    [iter 3268910] reheat + diversify: ceiling=0.00, value=70967.0
    [iter 3274663] reheat + diversify: ceiling=0.00, value=92138.0
    [iter 3280416] reheat + diversify: ceiling=0.00, value=92923.0
    [iter 3286169] reheat + diversify: ceiling=0.00, value=86012.0
    [iter 3291922] reheat + diversify: ceiling=0.00, value=89670.0
    [iter 3297675] reheat + diversify: ceiling=0.00, value=64720.0
    [iter 3303428] reheat + diversify: ceiling=0.00, value=77195.0
    [iter 3309181] reheat + diversify: ceiling=0.00, value=70967.0
    [iter 3314934] reheat + diversify: ceiling=0.00, value=70163.0
    [iter 3320687] reheat + diversify: ceiling=0.00, value=91455.0
    [iter 3326440] reheat + diversify: ceiling=0.00, value=80867.0
    [iter 3332193] reheat + diversify: ceiling=0.00, value=63935.0
    [iter 3337946] reheat + diversify: ceiling=0.00, value=61677.0
    [iter 3343699] reheat + diversify: ceiling=0.00, value=100936.0
    [iter 3349452] reheat + diversify: ceiling=0.00, value=63935.0
    [iter 3355205] reheat + diversify: ceiling=0.00, value=90353.0
    [iter 3360958] reheat + diversify: ceiling=0.00, value=93240.0
    [iter 3366711] reheat + diversify: ceiling=0.00, value=78980.0
    [iter 3372464] reheat + diversify: ceiling=0.00, value=67959.0
    [iter 3378217] reheat + diversify: ceiling=0.00, value=70967.0
    [iter 3383970] reheat + diversify: ceiling=0.00, value=78542.0
    [iter 3389723] reheat + diversify: ceiling=0.00, value=86012.0
    [iter 3395476] reheat + diversify: ceiling=0.00, value=85891.0
    [iter 3401229] reheat + diversify: ceiling=0.00, value=71265.0
    [iter 3406982] reheat + diversify: ceiling=0.00, value=73523.0
    [iter 3412735] reheat + diversify: ceiling=0.00, value=73835.0
    [iter 3418488] reheat + diversify: ceiling=0.00, value=92240.0
    [iter 3424241] reheat + diversify: ceiling=0.00, value=64720.0
    [iter 3429994] reheat + diversify: ceiling=0.00, value=76410.0
    [iter 3435747] reheat + diversify: ceiling=0.00, value=67905.0
    [iter 3441500] reheat + diversify: ceiling=0.00, value=74518.0
    [iter 3447253] reheat + diversify: ceiling=0.00, value=86012.0
    [iter 3453006] reheat + diversify: ceiling=0.00, value=74625.0
    [iter 3458759] reheat + diversify: ceiling=0.00, value=92138.0
    [iter 3464512] reheat + diversify: ceiling=0.00, value=84106.0
    [iter 3470265] reheat + diversify: ceiling=0.00, value=82340.0
    [iter 3476018] reheat + diversify: ceiling=0.00, value=69080.0
    [iter 3481771] reheat + diversify: ceiling=0.00, value=80867.0
    [iter 3487524] reheat + diversify: ceiling=0.00, value=85891.0
    [iter 3493277] reheat + diversify: ceiling=0.00, value=67486.0
    [iter 3499030] reheat + diversify: ceiling=0.00, value=68588.0
    [iter 3504783] reheat + diversify: ceiling=0.00, value=75620.0
    [iter 3510536] reheat + diversify: ceiling=0.00, value=82340.0
    [iter 3516289] reheat + diversify: ceiling=0.00, value=71631.0
    [iter 3522042] reheat + diversify: ceiling=0.00, value=91138.0
    [iter 3527795] reheat + diversify: ceiling=0.00, value=91138.0
    [iter 3533548] reheat + diversify: ceiling=0.00, value=97385.0
    [iter 3539301] reheat + diversify: ceiling=0.00, value=92923.0
    [iter 3545054] reheat + diversify: ceiling=0.00, value=89251.0
    [iter 3550807] reheat + diversify: ceiling=0.00, value=65384.0
    [iter 3556560] reheat + diversify: ceiling=0.00, value=73523.0
    [iter 3562313] reheat + diversify: ceiling=0.00, value=79765.0
    [iter 3568066] reheat + diversify: ceiling=0.00, value=79765.0
    [iter 3573819] reheat + diversify: ceiling=0.00, value=71948.0
    [iter 3579572] reheat + diversify: ceiling=0.00, value=72733.0
    [iter 3585325] reheat + diversify: ceiling=0.00, value=84106.0
    [iter 3591078] reheat + diversify: ceiling=0.00, value=76093.0
    [iter 3596831] reheat + diversify: ceiling=0.00, value=89251.0
    [iter 3602584] reheat + diversify: ceiling=0.00, value=62814.0
    [iter 3608337] reheat + diversify: ceiling=0.00, value=73523.0
    [iter 3614090] reheat + diversify: ceiling=0.00, value=70163.0
    [iter 3619843] reheat + diversify: ceiling=0.00, value=62462.0
    [iter 3625596] reheat + diversify: ceiling=0.00, value=85891.0
    [iter 3631349] reheat + diversify: ceiling=0.00, value=78980.0
    [iter 3637102] reheat + diversify: ceiling=0.00, value=70967.0
    [iter 3642855] reheat + diversify: ceiling=0.00, value=91138.0
    [iter 3648608] reheat + diversify: ceiling=0.00, value=93240.0
    [iter 3654361] reheat + diversify: ceiling=0.00, value=78980.0
    [iter 3660114] reheat + diversify: ceiling=0.00, value=91138.0
    [iter 3665867] reheat + diversify: ceiling=0.00, value=66486.0
    [iter 3671620] reheat + diversify: ceiling=0.00, value=85208.0
    [iter 3677373] reheat + diversify: ceiling=0.00, value=87466.0
    [iter 3683126] reheat + diversify: ceiling=0.00, value=78980.0
    [iter 3688879] reheat + diversify: ceiling=0.00, value=71948.0
    [iter 3694632] reheat + diversify: ceiling=0.00, value=77195.0
    [iter 3700385] reheat + diversify: ceiling=0.00, value=80867.0
    [iter 3706138] reheat + diversify: ceiling=0.00, value=86012.0
    [iter 3711891] reheat + diversify: ceiling=0.00, value=69080.0
    [iter 3717644] reheat + diversify: ceiling=0.00, value=88778.0
    [iter 3723397] reheat + diversify: ceiling=0.00, value=64720.0
    [iter 3729150] reheat + diversify: ceiling=0.00, value=91138.0
    [iter 3734903] reheat + diversify: ceiling=0.00, value=92138.0
    [iter 3740656] reheat + diversify: ceiling=0.00, value=97385.0
    [iter 3746409] reheat + diversify: ceiling=0.00, value=69061.0
    [iter 3752162] reheat + diversify: ceiling=0.00, value=70967.0
    [iter 3757915] reheat + diversify: ceiling=0.00, value=64599.0
    [iter 3763668] reheat + diversify: ceiling=0.00, value=74835.0
    [iter 3769421] reheat + diversify: ceiling=0.00, value=83004.0
    [iter 3775174] reheat + diversify: ceiling=0.00, value=97385.0
    [iter 3780927] reheat + diversify: ceiling=0.00, value=89251.0
    [iter 3786680] reheat + diversify: ceiling=0.00, value=86676.0
    [iter 3792433] reheat + diversify: ceiling=0.00, value=57688.0
    [iter 3798186] reheat + diversify: ceiling=0.00, value=54016.0
    [iter 3803939] reheat + diversify: ceiling=0.00, value=77878.0
    [iter 3809692] reheat + diversify: ceiling=0.00, value=78980.0
    [iter 3815445] reheat + diversify: ceiling=0.00, value=56903.0
    [iter 3821198] reheat + diversify: ceiling=0.00, value=63935.0
    [iter 3826951] reheat + diversify: ceiling=0.00, value=71948.0
    [iter 3832704] reheat + diversify: ceiling=0.00, value=67959.0
    [iter 3838457] reheat + diversify: ceiling=0.00, value=63935.0
    [iter 3844210] reheat + diversify: ceiling=0.00, value=84891.0
    [iter 3849963] reheat + diversify: ceiling=0.00, value=69061.0
    [iter 3855716] reheat + diversify: ceiling=0.00, value=80867.0
    [iter 3861469] reheat + diversify: ceiling=0.00, value=69061.0
    [iter 3867222] reheat + diversify: ceiling=0.00, value=86676.0
    [iter 3872975] reheat + diversify: ceiling=0.00, value=77878.0
    [iter 3878728] reheat + diversify: ceiling=0.00, value=92240.0
    [iter 3884481] reheat + diversify: ceiling=0.00, value=89670.0
    [iter 3890234] reheat + diversify: ceiling=0.00, value=69061.0
    [iter 3895987] reheat + diversify: ceiling=0.00, value=85891.0
    [iter 3901740] reheat + diversify: ceiling=0.00, value=62150.0
    [iter 3907493] reheat + diversify: ceiling=0.00, value=77195.0
    [iter 3913246] reheat + diversify: ceiling=0.00, value=108758.0
    [iter 3918999] reheat + diversify: ceiling=0.00, value=75308.0
    [iter 3924752] reheat + diversify: ceiling=0.00, value=77195.0
    [iter 3930505] reheat + diversify: ceiling=0.00, value=65037.0
    [iter 3936258] reheat + diversify: ceiling=0.00, value=85891.0
    [iter 3942011] reheat + diversify: ceiling=0.00, value=69080.0
    [iter 3947764] reheat + diversify: ceiling=0.00, value=84789.0
    [iter 3953517] reheat + diversify: ceiling=0.00, value=80082.0
    [iter 3959270] reheat + diversify: ceiling=0.00, value=86012.0
    [iter 3965023] reheat + diversify: ceiling=0.00, value=85227.0
    [iter 3970776] reheat + diversify: ceiling=0.00, value=84891.0
    [iter 3976529] reheat + diversify: ceiling=0.00, value=65037.0
    [iter 3982282] reheat + diversify: ceiling=0.00, value=55801.0
    [iter 3988035] reheat + diversify: ceiling=0.00, value=70163.0
    [iter 3993788] reheat + diversify: ceiling=0.00, value=72069.0
    [iter 3999541] reheat + diversify: ceiling=0.00, value=80867.0
    [iter 4005294] reheat + diversify: ceiling=0.00, value=83442.0
    [iter 4011047] reheat + diversify: ceiling=0.00, value=92138.0
    [iter 4016800] reheat + diversify: ceiling=0.00, value=85891.0
    [iter 4022553] reheat + diversify: ceiling=0.00, value=83004.0
    [iter 4028306] reheat + diversify: ceiling=0.00, value=63935.0
    [iter 4034059] reheat + diversify: ceiling=0.00, value=77214.0
    [iter 4039812] reheat + diversify: ceiling=0.00, value=71948.0
    [iter 4045565] reheat + diversify: ceiling=0.00, value=77195.0
    [iter 4051318] reheat + diversify: ceiling=0.00, value=63935.0
    [iter 4057071] reheat + diversify: ceiling=0.00, value=89563.0
    [iter 4062824] reheat + diversify: ceiling=0.00, value=74518.0
    [iter 4068577] reheat + diversify: ceiling=0.00, value=78980.0
    [iter 4074330] reheat + diversify: ceiling=0.00, value=58790.0
    [iter 4080083] reheat + diversify: ceiling=0.00, value=84125.0
    [iter 4085836] reheat + diversify: ceiling=0.00, value=84106.0
    [iter 4091589] reheat + diversify: ceiling=0.00, value=63935.0
    [iter 4097342] reheat + diversify: ceiling=0.00, value=74206.0
    [iter 4103095] reheat + diversify: ceiling=0.00, value=71948.0
    [iter 4108848] reheat + diversify: ceiling=0.00, value=79765.0
    [iter 4114601] reheat + diversify: ceiling=0.00, value=74625.0
    [iter 4120354] reheat + diversify: ceiling=0.00, value=60575.0
    [iter 4126107] reheat + diversify: ceiling=0.00, value=77195.0
    [iter 4131860] reheat + diversify: ceiling=0.00, value=92923.0
    [iter 4137613] reheat + diversify: ceiling=0.00, value=85227.0
    [iter 4143366] reheat + diversify: ceiling=0.00, value=80082.0
    [iter 4149119] reheat + diversify: ceiling=0.00, value=67607.0
    [iter 4154872] reheat + diversify: ceiling=0.00, value=70846.0
    [iter 4160625] reheat + diversify: ceiling=0.00, value=56220.0
    [iter 4166378] reheat + diversify: ceiling=0.00, value=87778.0
    [iter 4172131] reheat + diversify: ceiling=0.00, value=79663.0
    [iter 4177884] reheat + diversify: ceiling=0.00, value=97385.0
    [iter 4183637] reheat + diversify: ceiling=0.00, value=65822.0
    [iter 4189390] reheat + diversify: ceiling=0.00, value=79765.0
    [iter 4195143] reheat + diversify: ceiling=0.00, value=75620.0
    [iter 4200896] reheat + diversify: ceiling=0.00, value=71948.0
    [iter 4206649] reheat + diversify: ceiling=0.00, value=62833.0
    [iter 4212402] reheat + diversify: ceiling=0.00, value=70182.0
    [iter 4218155] reheat + diversify: ceiling=0.00, value=76410.0
    [iter 4223908] reheat + diversify: ceiling=0.00, value=58790.0
    [iter 4229661] reheat + diversify: ceiling=0.00, value=83004.0
    [iter 4235414] reheat + diversify: ceiling=0.00, value=87466.0
    [iter 4241167] reheat + diversify: ceiling=0.00, value=92240.0
    [iter 4246920] reheat + diversify: ceiling=0.00, value=76410.0
    [iter 4252673] reheat + diversify: ceiling=0.00, value=73518.0
    [iter 4258426] reheat + diversify: ceiling=0.00, value=57024.0
    [iter 4264179] reheat + diversify: ceiling=0.00, value=81550.0
    [iter 4269932] reheat + diversify: ceiling=0.00, value=69080.0
    [iter 4275685] reheat + diversify: ceiling=0.00, value=57024.0
    [iter 4281438] reheat + diversify: ceiling=0.00, value=71948.0
    [iter 4287191] reheat + diversify: ceiling=0.00, value=80082.0
    [iter 4292944] reheat + diversify: ceiling=0.00, value=84106.0
    [iter 4298697] reheat + diversify: ceiling=0.00, value=99170.0
    [iter 4304450] reheat + diversify: ceiling=0.00, value=69061.0
    [iter 4310203] reheat + diversify: ceiling=0.00, value=87778.0
    [iter 4315956] reheat + diversify: ceiling=0.00, value=104296.0
    [iter 4321709] reheat + diversify: ceiling=0.00, value=51758.0
    [iter 4327462] reheat + diversify: ceiling=0.00, value=55801.0
    [iter 4333215] reheat + diversify: ceiling=0.00, value=94025.0
    [iter 4338968] reheat + diversify: ceiling=0.00, value=91455.0
    [iter 4344721] reheat + diversify: ceiling=0.00, value=67905.0
    [iter 4350474] reheat + diversify: ceiling=0.00, value=58790.0
    [iter 4356227] reheat + diversify: ceiling=0.00, value=75620.0
    [iter 4361980] reheat + diversify: ceiling=0.00, value=58497.0
    [iter 4367733] reheat + diversify: ceiling=0.00, value=70846.0
    [iter 4373486] reheat + diversify: ceiling=0.00, value=61360.0
    [iter 4379239] reheat + diversify: ceiling=0.00, value=63935.0
    [iter 4384992] reheat + diversify: ceiling=0.00, value=86012.0
    [iter 4390745] reheat + diversify: ceiling=0.00, value=73523.0
    [iter 4396498] reheat + diversify: ceiling=0.00, value=94025.0
    [iter 4402251] reheat + diversify: ceiling=0.00, value=85891.0
    [iter 4408004] reheat + diversify: ceiling=0.00, value=77195.0
    [iter 4413757] reheat + diversify: ceiling=0.00, value=76093.0
    [iter 4419510] reheat + diversify: ceiling=0.00, value=90353.0
    [iter 4425263] reheat + diversify: ceiling=0.00, value=90353.0
    [iter 4431016] reheat + diversify: ceiling=0.00, value=63252.0
    [iter 4436769] reheat + diversify: ceiling=0.00, value=85891.0
    [iter 4442522] reheat + diversify: ceiling=0.00, value=69080.0
    [iter 4448275] reheat + diversify: ceiling=0.00, value=79765.0
    [iter 4454028] reheat + diversify: ceiling=0.00, value=63935.0
    [iter 4459781] reheat + diversify: ceiling=0.00, value=70163.0
    [iter 4465534] reheat + diversify: ceiling=0.00, value=87466.0
    [iter 4471287] reheat + diversify: ceiling=0.00, value=82214.0
    [iter 4477040] reheat + diversify: ceiling=0.00, value=67295.0
    [iter 4482793] reheat + diversify: ceiling=0.00, value=53352.0
    [iter 4488546] reheat + diversify: ceiling=0.00, value=82340.0
    [iter 4494299] reheat + diversify: ceiling=0.00, value=78980.0
    [iter 4500052] reheat + diversify: ceiling=0.00, value=74206.0
    [iter 4505805] reheat + diversify: ceiling=0.00, value=74518.0
    [iter 4511558] reheat + diversify: ceiling=0.00, value=63935.0
    [iter 4517311] reheat + diversify: ceiling=0.00, value=91138.0
    [iter 4523064] reheat + diversify: ceiling=0.00, value=76093.0
    [iter 4528817] reheat + diversify: ceiling=0.00, value=74518.0
    [iter 4534570] reheat + diversify: ceiling=0.00, value=77878.0
    [iter 4540323] reheat + diversify: ceiling=0.00, value=84106.0
    [iter 4546076] reheat + diversify: ceiling=0.00, value=73835.0
    [iter 4551829] reheat + diversify: ceiling=0.00, value=74518.0
    [iter 4557582] reheat + diversify: ceiling=0.00, value=73523.0
    [iter 4563335] reheat + diversify: ceiling=0.00, value=72733.0
    [iter 4569088] reheat + diversify: ceiling=0.00, value=73518.0
    [iter 4574841] reheat + diversify: ceiling=0.00, value=81550.0
    [iter 4580594] reheat + diversify: ceiling=0.00, value=85891.0
    [iter 4586347] reheat + diversify: ceiling=0.00, value=77195.0
    [iter 4592100] reheat + diversify: ceiling=0.00, value=93240.0
    [iter 4597853] reheat + diversify: ceiling=0.00, value=99834.0
    [iter 4603606] reheat + diversify: ceiling=0.00, value=77195.0
    [iter 4609359] reheat + diversify: ceiling=0.00, value=77878.0
    [iter 4615112] reheat + diversify: ceiling=0.00, value=57024.0
    [iter 4620865] reheat + diversify: ceiling=0.00, value=71948.0
    [iter 4626618] reheat + diversify: ceiling=0.00, value=65037.0
    [iter 4632371] reheat + diversify: ceiling=0.00, value=69061.0
    [iter 4638124] reheat + diversify: ceiling=0.00, value=83442.0
    [iter 4643877] reheat + diversify: ceiling=0.00, value=86676.0
    [iter 4649630] reheat + diversify: ceiling=0.00, value=82340.0
    [iter 4655383] reheat + diversify: ceiling=0.00, value=83004.0
    [iter 4661136] reheat + diversify: ceiling=0.00, value=61365.0
    [iter 4666889] reheat + diversify: ceiling=0.00, value=88568.0
    [iter 4672642] reheat + diversify: ceiling=0.00, value=57688.0
    [iter 4678395] reheat + diversify: ceiling=0.00, value=84106.0
    [iter 4684148] reheat + diversify: ceiling=0.00, value=76410.0
    [iter 4689901] reheat + diversify: ceiling=0.00, value=69080.0
    [iter 4695654] reheat + diversify: ceiling=0.00, value=92923.0
    [iter 4701407] reheat + diversify: ceiling=0.00, value=78980.0
    [iter 4707160] reheat + diversify: ceiling=0.00, value=92138.0
    [iter 4712913] reheat + diversify: ceiling=0.00, value=76093.0
    [iter 4718666] reheat + diversify: ceiling=0.00, value=58790.0
    [iter 4724419] reheat + diversify: ceiling=0.00, value=52441.0
    [iter 4730172] reheat + diversify: ceiling=0.00, value=59892.0
    [iter 4735925] reheat + diversify: ceiling=0.00, value=82340.0
    [iter 4741678] reheat + diversify: ceiling=0.00, value=86993.0
    [iter 4747431] reheat + diversify: ceiling=0.00, value=62150.0
    [iter 4753184] reheat + diversify: ceiling=0.00, value=87466.0
    [iter 4758937] reheat + diversify: ceiling=0.00, value=65701.0
    [iter 4764690] reheat + diversify: ceiling=0.00, value=75991.0
    [iter 4770443] reheat + diversify: ceiling=0.00, value=68392.0
    [iter 4776196] reheat + diversify: ceiling=0.00, value=84106.0
    [iter 4781949] reheat + diversify: ceiling=0.00, value=90353.0
    [iter 4787702] reheat + diversify: ceiling=0.00, value=82652.0
    [iter 4793455] reheat + diversify: ceiling=0.00, value=83004.0
    [iter 4799208] reheat + diversify: ceiling=0.00, value=65822.0
    [iter 4804961] reheat + diversify: ceiling=0.00, value=63935.0
    [iter 4810714] reheat + diversify: ceiling=0.00, value=59473.0
    [iter 4816467] reheat + diversify: ceiling=0.00, value=91138.0
    [iter 4822220] reheat + diversify: ceiling=0.00, value=77195.0
    [iter 4827973] reheat + diversify: ceiling=0.00, value=76093.0
    [iter 4833726] reheat + diversify: ceiling=0.00, value=88461.0
    [iter 4839479] reheat + diversify: ceiling=0.00, value=78980.0
    [iter 4845232] reheat + diversify: ceiling=0.00, value=90353.0
    [iter 4850985] reheat + diversify: ceiling=0.00, value=87778.0
    [iter 4856738] reheat + diversify: ceiling=0.00, value=77195.0
    [iter 4862491] reheat + diversify: ceiling=0.00, value=63935.0
    [iter 4868244] reheat + diversify: ceiling=0.00, value=55118.0
    [iter 4873997] reheat + diversify: ceiling=0.00, value=84106.0
    [iter 4879750] reheat + diversify: ceiling=0.00, value=87466.0
    [iter 4885503] reheat + diversify: ceiling=0.00, value=56903.0
    [iter 4891256] reheat + diversify: ceiling=0.00, value=105398.0
    [iter 4897009] reheat + diversify: ceiling=0.00, value=86676.0
    [iter 4902762] reheat + diversify: ceiling=0.00, value=86993.0
    [iter 4908515] reheat + diversify: ceiling=0.00, value=67295.0
    [iter 4914268] reheat + diversify: ceiling=0.00, value=86993.0
    [iter 4920021] reheat + diversify: ceiling=0.00, value=72733.0
    [iter 4925774] reheat + diversify: ceiling=0.00, value=70967.0
    [iter 4931527] reheat + diversify: ceiling=0.00, value=97385.0
    [iter 4937280] reheat + diversify: ceiling=0.00, value=75308.0
    [iter 4943033] reheat + diversify: ceiling=0.00, value=94815.0
    [iter 4948786] reheat + diversify: ceiling=0.00, value=93240.0
    [iter 4954539] reheat + diversify: ceiling=0.00, value=51758.0
    [iter 4960292] reheat + diversify: ceiling=0.00, value=77878.0
    [iter 4966045] reheat + diversify: ceiling=0.00, value=79765.0
    [iter 4971798] reheat + diversify: ceiling=0.00, value=62833.0
    [iter 4977551] reheat + diversify: ceiling=0.00, value=74518.0
    [iter 4983304] reheat + diversify: ceiling=0.00, value=86012.0
    [iter 4989057] reheat + diversify: ceiling=0.00, value=83004.0
    [iter 4994810] reheat + diversify: ceiling=0.00, value=73835.0
    [iter 5000563] reheat + diversify: ceiling=0.00, value=65822.0
    [iter 5006316] reheat + diversify: ceiling=0.00, value=80453.0
    [iter 5012069] reheat + diversify: ceiling=0.00, value=77195.0
    [iter 5017822] reheat + diversify: ceiling=0.00, value=91138.0
    [iter 5023575] reheat + diversify: ceiling=0.00, value=87466.0
    [iter 5029328] reheat + diversify: ceiling=0.00, value=74835.0
    [iter 5035081] reheat + diversify: ceiling=0.00, value=73854.0
    [iter 5040834] reheat + diversify: ceiling=0.00, value=74518.0
    [iter 5046587] reheat + diversify: ceiling=0.00, value=92923.0
    [iter 5052340] reheat + diversify: ceiling=0.00, value=82340.0
    [iter 5058093] reheat + diversify: ceiling=0.00, value=74937.0
    [iter 5063846] reheat + diversify: ceiling=0.00, value=105398.0
    [iter 5069599] reheat + diversify: ceiling=0.00, value=74206.0
    [iter 5075352] reheat + diversify: ceiling=0.00, value=86993.0
    [iter 5081105] reheat + diversify: ceiling=0.00, value=77195.0
    [iter 5086858] reheat + diversify: ceiling=0.00, value=67959.0
    [iter 5092611] reheat + diversify: ceiling=0.00, value=62833.0
    [iter 5098364] reheat + diversify: ceiling=0.00, value=93240.0
    [iter 5104117] reheat + diversify: ceiling=0.00, value=77878.0
    [iter 5109870] reheat + diversify: ceiling=0.00, value=92923.0
    [iter 5115623] reheat + diversify: ceiling=0.00, value=92923.0
    [iter 5121376] reheat + diversify: ceiling=0.00, value=108758.0
    [iter 5127129] reheat + diversify: ceiling=0.00, value=64599.0
    [iter 5132882] reheat + diversify: ceiling=0.00, value=76722.0
    [iter 5138635] reheat + diversify: ceiling=0.00, value=62150.0
    [iter 5144388] reheat + diversify: ceiling=0.00, value=57688.0
    [iter 5150141] reheat + diversify: ceiling=0.00, value=77195.0
    [iter 5155894] reheat + diversify: ceiling=0.00, value=91455.0
    [iter 5161647] reheat + diversify: ceiling=0.00, value=82340.0
    [iter 5167400] reheat + diversify: ceiling=0.00, value=86676.0
    [iter 5173153] reheat + diversify: ceiling=0.00, value=68709.0
    [iter 5178906] reheat + diversify: ceiling=0.00, value=77190.0
    [iter 5184659] reheat + diversify: ceiling=0.00, value=69061.0
    [iter 5190412] reheat + diversify: ceiling=0.00, value=94708.0
    [iter 5196165] reheat + diversify: ceiling=0.00, value=66486.0
    [iter 5201918] reheat + diversify: ceiling=0.00, value=58790.0
    [iter 5207671] reheat + diversify: ceiling=0.00, value=61677.0
    [iter 5213424] reheat + diversify: ceiling=0.00, value=85891.0
    [iter 5219177] reheat + diversify: ceiling=0.00, value=82340.0
    [iter 5224930] reheat + diversify: ceiling=0.00, value=64599.0
    [iter 5230683] reheat + diversify: ceiling=0.00, value=65822.0
    [iter 5236436] reheat + diversify: ceiling=0.00, value=80867.0
    [iter 5242189] reheat + diversify: ceiling=0.00, value=70163.0
    [iter 5247942] reheat + diversify: ceiling=0.00, value=58790.0
    [iter 5253695] reheat + diversify: ceiling=0.00, value=73542.0
    [iter 5259448] reheat + diversify: ceiling=0.00, value=85891.0
    [iter 5265201] reheat + diversify: ceiling=0.00, value=104296.0
    [iter 5270954] reheat + diversify: ceiling=0.00, value=86993.0
    [iter 5276707] reheat + diversify: ceiling=0.00, value=70846.0
    [iter 5282460] reheat + diversify: ceiling=0.00, value=58790.0
    [iter 5288213] reheat + diversify: ceiling=0.00, value=78980.0
    [iter 5293966] reheat + diversify: ceiling=0.00, value=70967.0
    [iter 5299719] reheat + diversify: ceiling=0.00, value=73835.0
    [iter 5305472] reheat + diversify: ceiling=0.00, value=89563.0
    [iter 5311225] reheat + diversify: ceiling=0.00, value=104296.0
    [iter 5316978] reheat + diversify: ceiling=0.00, value=91455.0
    [iter 5322731] reheat + diversify: ceiling=0.00, value=85891.0
    [iter 5328484] reheat + diversify: ceiling=0.00, value=69080.0
    [iter 5334237] reheat + diversify: ceiling=0.00, value=79765.0
    [iter 5339990] reheat + diversify: ceiling=0.00, value=87466.0
    [iter 5345743] reheat + diversify: ceiling=0.00, value=76093.0
    [iter 5351496] reheat + diversify: ceiling=0.00, value=65822.0
    [iter 5357249] reheat + diversify: ceiling=0.00, value=58790.0
    [iter 5363002] reheat + diversify: ceiling=0.00, value=86676.0
    [iter 5368755] reheat + diversify: ceiling=0.00, value=77195.0
    [iter 5374508] reheat + diversify: ceiling=0.00, value=84125.0
    [iter 5380261] reheat + diversify: ceiling=0.00, value=79644.0
    [iter 5386014] reheat + diversify: ceiling=0.00, value=85891.0
    [iter 5391767] reheat + diversify: ceiling=0.00, value=71631.0
    [iter 5397520] reheat + diversify: ceiling=0.00, value=52562.0
    [iter 5403273] reheat + diversify: ceiling=0.00, value=75620.0
    [iter 5409026] reheat + diversify: ceiling=0.00, value=86993.0
    [iter 5414779] reheat + diversify: ceiling=0.00, value=69061.0
    [iter 5420532] reheat + diversify: ceiling=0.00, value=79765.0
    [iter 5426285] reheat + diversify: ceiling=0.00, value=74206.0
    [iter 5432038] reheat + diversify: ceiling=0.00, value=71948.0
    [iter 5437791] reheat + diversify: ceiling=0.00, value=84891.0
    [iter 5443544] reheat + diversify: ceiling=0.00, value=70846.0
    [iter 5449297] reheat + diversify: ceiling=0.00, value=81550.0
    [iter 5455050] reheat + diversify: ceiling=0.00, value=73733.0
    [iter 5460803] reheat + diversify: ceiling=0.00, value=64599.0
    [iter 5466556] reheat + diversify: ceiling=0.00, value=65822.0
    [iter 5472309] reheat + diversify: ceiling=0.00, value=64720.0
    [iter 5478062] reheat + diversify: ceiling=0.00, value=75308.0
    [iter 5483815] reheat + diversify: ceiling=0.00, value=79765.0
    [iter 5489568] reheat + diversify: ceiling=0.00, value=92923.0
    [iter 5495321] reheat + diversify: ceiling=0.00, value=77195.0
    [iter 5501074] reheat + diversify: ceiling=0.00, value=104296.0
    [iter 5506827] reheat + diversify: ceiling=0.00, value=85891.0
    [iter 5512580] reheat + diversify: ceiling=0.00, value=72733.0
    [iter 5518333] reheat + diversify: ceiling=0.00, value=93240.0
    [iter 5524086] reheat + diversify: ceiling=0.00, value=62833.0
    [iter 5529839] reheat + diversify: ceiling=0.00, value=62150.0
    [iter 5535592] reheat + diversify: ceiling=0.00, value=76410.0
    [iter 5541345] reheat + diversify: ceiling=0.00, value=91138.0
    [iter 5547098] reheat + diversify: ceiling=0.00, value=86993.0
    [iter 5552851] reheat + diversify: ceiling=0.00, value=87466.0
    [iter 5558604] reheat + diversify: ceiling=0.00, value=74518.0
    [iter 5564357] reheat + diversify: ceiling=0.00, value=71948.0
    [iter 5570110] reheat + diversify: ceiling=0.00, value=85891.0
    [iter 5575863] reheat + diversify: ceiling=0.00, value=75620.0
    [iter 5581616] reheat + diversify: ceiling=0.00, value=94815.0
    [iter 5587369] reheat + diversify: ceiling=0.00, value=80867.0
    [iter 5593122] reheat + diversify: ceiling=0.00, value=71265.0
    [iter 5598875] reheat + diversify: ceiling=0.00, value=61048.0
    [iter 5604628] reheat + diversify: ceiling=0.00, value=73835.0
    [iter 5610381] reheat + diversify: ceiling=0.00, value=78980.0
    [iter 5616134] reheat + diversify: ceiling=0.00, value=73835.0
    [iter 5621887] reheat + diversify: ceiling=0.00, value=82340.0
    [iter 5627640] reheat + diversify: ceiling=0.00, value=82340.0
    [iter 5633393] reheat + diversify: ceiling=0.00, value=62833.0
    [iter 5639146] reheat + diversify: ceiling=0.00, value=75308.0
    [iter 5644899] reheat + diversify: ceiling=0.00, value=79765.0
    [iter 5650652] reheat + diversify: ceiling=0.00, value=76410.0
    [iter 5656405] reheat + diversify: ceiling=0.00, value=108758.0
    [iter 5662158] reheat + diversify: ceiling=0.00, value=83004.0
    [iter 5667911] reheat + diversify: ceiling=0.00, value=91138.0
    [iter 5673664] reheat + diversify: ceiling=0.00, value=87466.0
    [iter 5679417] reheat + diversify: ceiling=0.00, value=85891.0
    [iter 5685170] reheat + diversify: ceiling=0.00, value=78980.0
    [iter 5690923] reheat + diversify: ceiling=0.00, value=70182.0
    [iter 5696676] reheat + diversify: ceiling=0.00, value=73835.0
    [iter 5702429] reheat + diversify: ceiling=0.00, value=85891.0
    [iter 5708182] reheat + diversify: ceiling=0.00, value=73523.0
    [iter 5713935] reheat + diversify: ceiling=0.00, value=90353.0
    [iter 5719688] reheat + diversify: ceiling=0.00, value=73733.0
    [iter 5725441] reheat + diversify: ceiling=0.00, value=81550.0
    [iter 5731194] reheat + diversify: ceiling=0.00, value=91138.0
    [iter 5736947] reheat + diversify: ceiling=0.00, value=86676.0
    [iter 5742700] reheat + diversify: ceiling=0.00, value=68588.0
    [iter 5748453] reheat + diversify: ceiling=0.00, value=79644.0
    [iter 5754206] reheat + diversify: ceiling=0.00, value=63935.0
    [iter 5759959] reheat + diversify: ceiling=0.00, value=67486.0
    [iter 5765712] reheat + diversify: ceiling=0.00, value=93240.0
    [iter 5771465] reheat + diversify: ceiling=0.00, value=63935.0
    [iter 5777218] reheat + diversify: ceiling=0.00, value=103632.0
    [iter 5782971] reheat + diversify: ceiling=0.00, value=99834.0
    [iter 5788724] reheat + diversify: ceiling=0.00, value=84891.0
    [iter 5794477] reheat + diversify: ceiling=0.00, value=57688.0
    [iter 5800230] reheat + diversify: ceiling=0.00, value=64599.0
    [iter 5805983] reheat + diversify: ceiling=0.00, value=77195.0
    [iter 5811736] reheat + diversify: ceiling=0.00, value=74625.0
    [iter 5817489] reheat + diversify: ceiling=0.00, value=78980.0
    [iter 5823242] reheat + diversify: ceiling=0.00, value=92138.0
    [iter 5828995] reheat + diversify: ceiling=0.00, value=75308.0
    [iter 5834748] reheat + diversify: ceiling=0.00, value=86012.0
    [iter 5840501] reheat + diversify: ceiling=0.00, value=85891.0
    [iter 5846254] reheat + diversify: ceiling=0.00, value=75308.0
    [iter 5852007] reheat + diversify: ceiling=0.00, value=56220.0
    [iter 5857760] reheat + diversify: ceiling=0.00, value=66822.0
    [iter 5863513] reheat + diversify: ceiling=0.00, value=91138.0
    [iter 5869266] reheat + diversify: ceiling=0.00, value=84106.0
    [iter 5875019] reheat + diversify: ceiling=0.00, value=62833.0
    [iter 5880772] reheat + diversify: ceiling=0.00, value=63935.0
    [iter 5886525] reheat + diversify: ceiling=0.00, value=91138.0
    [iter 5892278] reheat + diversify: ceiling=0.00, value=79644.0
    [iter 5898031] reheat + diversify: ceiling=0.00, value=80765.0
    [iter 5903784] reheat + diversify: ceiling=0.00, value=63935.0
    [iter 5909537] reheat + diversify: ceiling=0.00, value=83442.0
    [iter 5915290] reheat + diversify: ceiling=0.00, value=80867.0
    [iter 5921043] reheat + diversify: ceiling=0.00, value=86676.0
    [iter 5926796] reheat + diversify: ceiling=0.00, value=104296.0
    [iter 5932549] reheat + diversify: ceiling=0.00, value=74835.0
    [iter 5938302] reheat + diversify: ceiling=0.00, value=71265.0
    [iter 5944055] reheat + diversify: ceiling=0.00, value=65720.0
    [iter 5949808] reheat + diversify: ceiling=0.00, value=80867.0
    [iter 5955561] reheat + diversify: ceiling=0.00, value=62833.0
    [iter 5961314] reheat + diversify: ceiling=0.00, value=70967.0
    [iter 5967067] reheat + diversify: ceiling=0.00, value=66803.0
    [iter 5972820] reheat + diversify: ceiling=0.00, value=94025.0
    [iter 5978573] reheat + diversify: ceiling=0.00, value=76093.0
    [iter 5984326] reheat + diversify: ceiling=0.00, value=90353.0
    [iter 5990079] reheat + diversify: ceiling=0.00, value=80867.0
    [iter 5995832] reheat + diversify: ceiling=0.00, value=73518.0
    [iter 6001585] reheat + diversify: ceiling=0.00, value=88461.0
    [iter 6007338] reheat + diversify: ceiling=0.00, value=90353.0
    [iter 6013091] reheat + diversify: ceiling=0.00, value=82340.0
    [iter 6018844] reheat + diversify: ceiling=0.00, value=59161.0
    [iter 6024597] reheat + diversify: ceiling=0.00, value=71631.0
    [iter 6030350] reheat + diversify: ceiling=0.00, value=65822.0
    [iter 6036103] reheat + diversify: ceiling=0.00, value=69061.0
    [iter 6041856] reheat + diversify: ceiling=0.00, value=87466.0
    [iter 6047609] reheat + diversify: ceiling=0.00, value=86012.0
    [iter 6053362] reheat + diversify: ceiling=0.00, value=70967.0
    [iter 6059115] reheat + diversify: ceiling=0.00, value=87466.0
    [iter 6064868] reheat + diversify: ceiling=0.00, value=91455.0
    [iter 6070621] reheat + diversify: ceiling=0.00, value=88461.0
    [iter 6076374] reheat + diversify: ceiling=0.00, value=79765.0
    [iter 6082127] reheat + diversify: ceiling=0.00, value=94815.0
    [iter 6087880] reheat + diversify: ceiling=0.00, value=97385.0
    [iter 6093633] reheat + diversify: ceiling=0.00, value=90353.0
    [iter 6099386] reheat + diversify: ceiling=0.00, value=84106.0
    [iter 6105139] reheat + diversify: ceiling=0.00, value=80867.0
    [iter 6110892] reheat + diversify: ceiling=0.00, value=67905.0
    [iter 6116645] reheat + diversify: ceiling=0.00, value=73523.0
    [iter 6122398] reheat + diversify: ceiling=0.00, value=93240.0
    [iter 6128151] reheat + diversify: ceiling=0.00, value=91455.0
    [iter 6133904] reheat + diversify: ceiling=0.00, value=85891.0
    [iter 6139657] reheat + diversify: ceiling=0.00, value=87466.0
    [iter 6145410] reheat + diversify: ceiling=0.00, value=62150.0
    [iter 6151163] reheat + diversify: ceiling=0.00, value=62150.0
    [iter 6156916] reheat + diversify: ceiling=0.00, value=87466.0
    [iter 6162669] reheat + diversify: ceiling=0.00, value=44428.0
    [iter 6168422] reheat + diversify: ceiling=0.00, value=63252.0
    [iter 6174175] reheat + diversify: ceiling=0.00, value=93240.0
    [iter 6179928] reheat + diversify: ceiling=0.00, value=104296.0
    [iter 6185681] reheat + diversify: ceiling=0.00, value=70967.0
    [iter 6191434] reheat + diversify: ceiling=0.00, value=80765.0
    [iter 6197187] reheat + diversify: ceiling=0.00, value=65720.0
    [iter 6202940] reheat + diversify: ceiling=0.00, value=82340.0
    [iter 6208693] reheat + diversify: ceiling=0.00, value=76410.0
    [iter 6214446] reheat + diversify: ceiling=0.00, value=80082.0
    [iter 6220199] reheat + diversify: ceiling=0.00, value=79765.0
    [iter 6225952] reheat + diversify: ceiling=0.00, value=91455.0
    [iter 6231705] reheat + diversify: ceiling=0.00, value=80867.0
    [iter 6237458] reheat + diversify: ceiling=0.00, value=58790.0
    [iter 6243211] reheat + diversify: ceiling=0.00, value=78297.0
    [iter 6248964] reheat + diversify: ceiling=0.00, value=66486.0
    [iter 6254717] reheat + diversify: ceiling=0.00, value=91138.0
    [iter 6260470] reheat + diversify: ceiling=0.00, value=76410.0
    [iter 6266223] reheat + diversify: ceiling=0.00, value=82340.0
    [iter 6271976] reheat + diversify: ceiling=0.00, value=79644.0
    [iter 6277729] reheat + diversify: ceiling=0.00, value=86676.0
    [iter 6283482] reheat + diversify: ceiling=0.00, value=90353.0
    [iter 6289235] reheat + diversify: ceiling=0.00, value=73835.0
    [iter 6294988] reheat + diversify: ceiling=0.00, value=70846.0
    [iter 6300741] reheat + diversify: ceiling=0.00, value=77214.0
    [iter 6306494] reheat + diversify: ceiling=0.00, value=69061.0
    [iter 6312247] reheat + diversify: ceiling=0.00, value=64599.0
    [iter 6318000] reheat + diversify: ceiling=0.00, value=71948.0
    [iter 6323753] reheat + diversify: ceiling=0.00, value=91138.0
    [iter 6329506] reheat + diversify: ceiling=0.00, value=75308.0
    [iter 6335259] reheat + diversify: ceiling=0.00, value=52562.0
    [iter 6341012] reheat + diversify: ceiling=0.00, value=71948.0
    [iter 6346765] reheat + diversify: ceiling=0.00, value=92240.0
    [iter 6352518] reheat + diversify: ceiling=0.00, value=91138.0
    [iter 6358271] reheat + diversify: ceiling=0.00, value=80867.0
    [iter 6364024] reheat + diversify: ceiling=0.00, value=56586.0
    [iter 6369777] reheat + diversify: ceiling=0.00, value=76410.0
    [iter 6375530] reheat + diversify: ceiling=0.00, value=78980.0
    [iter 6381283] reheat + diversify: ceiling=0.00, value=86012.0
    [iter 6387036] reheat + diversify: ceiling=0.00, value=62833.0
    [iter 6392789] reheat + diversify: ceiling=0.00, value=83004.0
    [iter 6398542] reheat + diversify: ceiling=0.00, value=67959.0
    [iter 6404295] reheat + diversify: ceiling=0.00, value=85891.0
    [iter 6410048] reheat + diversify: ceiling=0.00, value=76093.0
    [iter 6415801] reheat + diversify: ceiling=0.00, value=86012.0
    [iter 6421554] reheat + diversify: ceiling=0.00, value=86012.0
    [iter 6427307] reheat + diversify: ceiling=0.00, value=73854.0
    [iter 6433060] reheat + diversify: ceiling=0.00, value=64599.0
    [iter 6438813] reheat + diversify: ceiling=0.00, value=63935.0
    [iter 6444566] reheat + diversify: ceiling=0.00, value=93240.0
    [iter 6450319] reheat + diversify: ceiling=0.00, value=91138.0
    [iter 6456072] reheat + diversify: ceiling=0.00, value=70163.0
    [iter 6461825] reheat + diversify: ceiling=0.00, value=91138.0
    [iter 6467578] reheat + diversify: ceiling=0.00, value=82340.0
    [iter 6473331] reheat + diversify: ceiling=0.00, value=91138.0
    [iter 6479084] reheat + diversify: ceiling=0.00, value=72733.0
    [iter 6484837] reheat + diversify: ceiling=0.00, value=55118.0
    [iter 6490590] reheat + diversify: ceiling=0.00, value=83004.0
    [iter 6496343] reheat + diversify: ceiling=0.00, value=79765.0
    [iter 6502096] reheat + diversify: ceiling=0.00, value=63935.0
    [iter 6507849] reheat + diversify: ceiling=0.00, value=73542.0
    [iter 6513602] reheat + diversify: ceiling=0.00, value=87466.0
    [iter 6519355] reheat + diversify: ceiling=0.00, value=85891.0
    [iter 6525108] reheat + diversify: ceiling=0.00, value=70846.0
    [iter 6530861] reheat + diversify: ceiling=0.00, value=69061.0
    [iter 6536614] reheat + diversify: ceiling=0.00, value=67295.0
    [iter 6542367] reheat + diversify: ceiling=0.00, value=62150.0
    [iter 6548120] reheat + diversify: ceiling=0.00, value=91138.0
    [iter 6553873] reheat + diversify: ceiling=0.00, value=77195.0
    [iter 6559626] reheat + diversify: ceiling=0.00, value=73835.0
    [iter 6565379] reheat + diversify: ceiling=0.00, value=77878.0
    [iter 6571132] reheat + diversify: ceiling=0.00, value=75308.0
    [iter 6576885] reheat + diversify: ceiling=0.00, value=90353.0
    [iter 6582638] reheat + diversify: ceiling=0.00, value=84106.0
    [iter 6588391] reheat + diversify: ceiling=0.00, value=80867.0
    [iter 6594144] reheat + diversify: ceiling=0.00, value=84106.0
    [iter 6599897] reheat + diversify: ceiling=0.00, value=68397.0
    [iter 6605650] reheat + diversify: ceiling=0.00, value=65701.0
    [iter 6611403] reheat + diversify: ceiling=0.00, value=78980.0
    [iter 6617156] reheat + diversify: ceiling=0.00, value=92138.0
    [iter 6622909] reheat + diversify: ceiling=0.00, value=72733.0
    [iter 6628662] reheat + diversify: ceiling=0.00, value=93240.0
    [iter 6634415] reheat + diversify: ceiling=0.00, value=58005.0
    [iter 6640168] reheat + diversify: ceiling=0.00, value=104296.0
    [iter 6645921] reheat + diversify: ceiling=0.00, value=77214.0
    [iter 6651674] reheat + diversify: ceiling=0.00, value=63935.0
    [iter 6657427] reheat + diversify: ceiling=0.00, value=83004.0
    [iter 6663180] reheat + diversify: ceiling=0.00, value=80867.0
    [iter 6668933] reheat + diversify: ceiling=0.00, value=86012.0
    [iter 6674686] reheat + diversify: ceiling=0.00, value=74518.0
    [iter 6680439] reheat + diversify: ceiling=0.00, value=97385.0
    [iter 6686192] reheat + diversify: ceiling=0.00, value=85891.0
    [iter 6691945] reheat + diversify: ceiling=0.00, value=86012.0
    [iter 6697698] reheat + diversify: ceiling=0.00, value=75308.0
    [iter 6703451] reheat + diversify: ceiling=0.00, value=71948.0
    [iter 6709204] reheat + diversify: ceiling=0.00, value=91455.0
    [iter 6714957] reheat + diversify: ceiling=0.00, value=49554.0
    [iter 6720710] reheat + diversify: ceiling=0.00, value=67486.0
    [iter 6726463] reheat + diversify: ceiling=0.00, value=53352.0
    [iter 6732216] reheat + diversify: ceiling=0.00, value=89251.0
    [iter 6737969] reheat + diversify: ceiling=0.00, value=82340.0
    [iter 6743722] reheat + diversify: ceiling=0.00, value=77878.0
    [iter 6749475] reheat + diversify: ceiling=0.00, value=91138.0
    [iter 6755228] reheat + diversify: ceiling=0.00, value=72069.0
    [iter 6760981] reheat + diversify: ceiling=0.00, value=90353.0
    [iter 6766734] reheat + diversify: ceiling=0.00, value=80867.0
    [iter 6772487] reheat + diversify: ceiling=0.00, value=84125.0
    [iter 6778240] reheat + diversify: ceiling=0.00, value=73835.0
    [iter 6783993] reheat + diversify: ceiling=0.00, value=84106.0
    [iter 6789746] reheat + diversify: ceiling=0.00, value=77195.0
    [iter 6795499] reheat + diversify: ceiling=0.00, value=76093.0
    [iter 6801252] reheat + diversify: ceiling=0.00, value=83442.0
    [iter 6807005] reheat + diversify: ceiling=0.00, value=71948.0
    [iter 6812758] reheat + diversify: ceiling=0.00, value=67486.0
    [iter 6818511] reheat + diversify: ceiling=0.00, value=79765.0
    [iter 6824264] reheat + diversify: ceiling=0.00, value=87466.0
    [iter 6830017] reheat + diversify: ceiling=0.00, value=63935.0
    [iter 6835770] reheat + diversify: ceiling=0.00, value=56586.0
    [iter 6841523] reheat + diversify: ceiling=0.00, value=85891.0
    [iter 6847276] reheat + diversify: ceiling=0.00, value=75620.0
    [iter 6853029] reheat + diversify: ceiling=0.00, value=75308.0
    [iter 6858782] reheat + diversify: ceiling=0.00, value=74518.0
    [iter 6864535] reheat + diversify: ceiling=0.00, value=52250.0
    [iter 6870288] reheat + diversify: ceiling=0.00, value=62150.0
    [iter 6876041] reheat + diversify: ceiling=0.00, value=79644.0
    [iter 6881794] reheat + diversify: ceiling=0.00, value=77195.0
    [iter 6887547] reheat + diversify: ceiling=0.00, value=82340.0
    [iter 6893300] reheat + diversify: ceiling=0.00, value=97385.0
    [iter 6899053] reheat + diversify: ceiling=0.00, value=76093.0
    [iter 6904806] reheat + diversify: ceiling=0.00, value=73518.0
    [iter 6910559] reheat + diversify: ceiling=0.00, value=102842.0
    [iter 6916312] reheat + diversify: ceiling=0.00, value=80082.0
    [iter 6922065] reheat + diversify: ceiling=0.00, value=70846.0
    [iter 6927818] reheat + diversify: ceiling=0.00, value=66486.0
    [iter 6933571] reheat + diversify: ceiling=0.00, value=72733.0
    [iter 6939324] reheat + diversify: ceiling=0.00, value=92138.0
    [iter 6945077] reheat + diversify: ceiling=0.00, value=71948.0
    [iter 6950830] reheat + diversify: ceiling=0.00, value=72733.0
    [iter 6956583] reheat + diversify: ceiling=0.00, value=91138.0
    [iter 6962336] reheat + diversify: ceiling=0.00, value=73416.0
    [iter 6968089] reheat + diversify: ceiling=0.00, value=64599.0
    [iter 6973842] reheat + diversify: ceiling=0.00, value=92923.0
    [iter 6979595] reheat + diversify: ceiling=0.00, value=71948.0
    [iter 6985348] reheat + diversify: ceiling=0.00, value=59892.0
    [iter 6991101] reheat + diversify: ceiling=0.00, value=85891.0
    [iter 6996854] reheat + diversify: ceiling=0.00, value=83004.0
    [iter 7002607] reheat + diversify: ceiling=0.00, value=95810.0
    [iter 7008360] reheat + diversify: ceiling=0.00, value=77195.0
    [iter 7014113] reheat + diversify: ceiling=0.00, value=84106.0
    [iter 7019866] reheat + diversify: ceiling=0.00, value=86676.0
    [iter 7025619] reheat + diversify: ceiling=0.00, value=58790.0
    [iter 7031372] reheat + diversify: ceiling=0.00, value=69690.0
    [iter 7037125] reheat + diversify: ceiling=0.00, value=85891.0
    [iter 7042878] reheat + diversify: ceiling=0.00, value=93240.0
    [iter 7048631] reheat + diversify: ceiling=0.00, value=70163.0
    [iter 7054384] reheat + diversify: ceiling=0.00, value=58497.0
    [iter 7060137] reheat + diversify: ceiling=0.00, value=75308.0
    [iter 7065890] reheat + diversify: ceiling=0.00, value=84106.0
    [iter 7071643] reheat + diversify: ceiling=0.00, value=87466.0
    [iter 7077396] reheat + diversify: ceiling=0.00, value=38498.0
    [iter 7083149] reheat + diversify: ceiling=0.00, value=78297.0
    [iter 7088902] reheat + diversify: ceiling=0.00, value=94815.0
    [iter 7094655] reheat + diversify: ceiling=0.00, value=58790.0
    [iter 7100408] reheat + diversify: ceiling=0.00, value=71948.0
    [iter 7106161] reheat + diversify: ceiling=0.00, value=63935.0
    [iter 7111914] reheat + diversify: ceiling=0.00, value=74518.0
    [iter 7117667] reheat + diversify: ceiling=0.00, value=70967.0
    [iter 7123420] reheat + diversify: ceiling=0.00, value=75308.0
    [iter 7129173] reheat + diversify: ceiling=0.00, value=70182.0
    [iter 7134926] reheat + diversify: ceiling=0.00, value=65822.0
    [iter 7140679] reheat + diversify: ceiling=0.00, value=55118.0
    [iter 7146432] reheat + diversify: ceiling=0.00, value=66924.0
    [iter 7152185] reheat + diversify: ceiling=0.00, value=92240.0
    [iter 7157938] reheat + diversify: ceiling=0.00, value=89251.0
    [iter 7163691] reheat + diversify: ceiling=0.00, value=69846.0
    [iter 7169444] reheat + diversify: ceiling=0.00, value=62169.0
    [iter 7175197] reheat + diversify: ceiling=0.00, value=104296.0
    [iter 7180950] reheat + diversify: ceiling=0.00, value=84106.0
    [iter 7186703] reheat + diversify: ceiling=0.00, value=64720.0
    [iter 7192456] reheat + diversify: ceiling=0.00, value=63935.0
    [iter 7198209] reheat + diversify: ceiling=0.00, value=80082.0
    [iter 7203962] reheat + diversify: ceiling=0.00, value=52250.0
    [iter 7209715] reheat + diversify: ceiling=0.00, value=77878.0
    [iter 7215468] reheat + diversify: ceiling=0.00, value=79765.0
    [iter 7221221] reheat + diversify: ceiling=0.00, value=83004.0
    [iter 7226974] reheat + diversify: ceiling=0.00, value=55801.0
    [iter 7232727] reheat + diversify: ceiling=0.00, value=50656.0
    [iter 7238480] reheat + diversify: ceiling=0.00, value=69061.0
    [iter 7244233] reheat + diversify: ceiling=0.00, value=83442.0
    [iter 7249986] reheat + diversify: ceiling=0.00, value=52250.0
    [iter 7255739] reheat + diversify: ceiling=0.00, value=90353.0
    [iter 7261492] reheat + diversify: ceiling=0.00, value=69061.0
    [iter 7267245] reheat + diversify: ceiling=0.00, value=52562.0
    [iter 7272998] reheat + diversify: ceiling=0.00, value=86012.0
    [iter 7278751] reheat + diversify: ceiling=0.00, value=69061.0
    [iter 7284504] reheat + diversify: ceiling=0.00, value=65822.0
    [iter 7290257] reheat + diversify: ceiling=0.00, value=76093.0
    [iter 7296010] reheat + diversify: ceiling=0.00, value=104296.0
    [iter 7301763] reheat + diversify: ceiling=0.00, value=69061.0
    [iter 7307516] reheat + diversify: ceiling=0.00, value=82340.0
    [iter 7313269] reheat + diversify: ceiling=0.00, value=77878.0
    [iter 7319022] reheat + diversify: ceiling=0.00, value=91138.0
    [iter 7324775] reheat + diversify: ceiling=0.00, value=90353.0
    [iter 7330528] reheat + diversify: ceiling=0.00, value=58790.0
    [iter 7336281] reheat + diversify: ceiling=0.00, value=74625.0
    [iter 7342034] reheat + diversify: ceiling=0.00, value=83004.0
    [iter 7347787] reheat + diversify: ceiling=0.00, value=63935.0
    [iter 7353540] reheat + diversify: ceiling=0.00, value=48890.0
    [iter 7359293] reheat + diversify: ceiling=0.00, value=63935.0
    [iter 7365046] reheat + diversify: ceiling=0.00, value=62833.0
    [iter 7370799] reheat + diversify: ceiling=0.00, value=74518.0
    [iter 7376552] reheat + diversify: ceiling=0.00, value=70967.0
    [iter 7382305] reheat + diversify: ceiling=0.00, value=91138.0
    [iter 7388058] reheat + diversify: ceiling=0.00, value=67295.0
    [iter 7393811] reheat + diversify: ceiling=0.00, value=79765.0
    [iter 7399564] reheat + diversify: ceiling=0.00, value=52250.0
    [iter 7405317] reheat + diversify: ceiling=0.00, value=78980.0
    [iter 7411070] reheat + diversify: ceiling=0.00, value=65822.0
    [iter 7416823] reheat + diversify: ceiling=0.00, value=58790.0
    [iter 7422576] reheat + diversify: ceiling=0.00, value=85891.0
    [iter 7428329] reheat + diversify: ceiling=0.00, value=70967.0
    [iter 7434082] reheat + diversify: ceiling=0.00, value=86012.0
    [iter 7439835] reheat + diversify: ceiling=0.00, value=90353.0
    [iter 7445588] reheat + diversify: ceiling=0.00, value=62169.0
    [iter 7451341] reheat + diversify: ceiling=0.00, value=62814.0
    [iter 7457094] reheat + diversify: ceiling=0.00, value=63252.0
    [iter 7462847] reheat + diversify: ceiling=0.00, value=66924.0
    [iter 7468600] reheat + diversify: ceiling=0.00, value=85891.0
    [iter 7474353] reheat + diversify: ceiling=0.00, value=93240.0
    [iter 7480106] reheat + diversify: ceiling=0.00, value=85891.0
    [iter 7485859] reheat + diversify: ceiling=0.00, value=85891.0
    [iter 7491612] reheat + diversify: ceiling=0.00, value=71631.0
    [iter 7497365] reheat + diversify: ceiling=0.00, value=80082.0
    [iter 7503118] reheat + diversify: ceiling=0.00, value=58005.0
    [iter 7508871] reheat + diversify: ceiling=0.00, value=77878.0
    [iter 7514624] reheat + diversify: ceiling=0.00, value=73835.0
    [iter 7520377] reheat + diversify: ceiling=0.00, value=58790.0
    [iter 7526130] reheat + diversify: ceiling=0.00, value=71948.0
    [iter 7531883] reheat + diversify: ceiling=0.00, value=85891.0
    [iter 7537636] reheat + diversify: ceiling=0.00, value=70846.0
    [iter 7543389] reheat + diversify: ceiling=0.00, value=59594.0
    [iter 7549142] reheat + diversify: ceiling=0.00, value=73050.0
    [iter 7554895] reheat + diversify: ceiling=0.00, value=76410.0
    [iter 7560648] reheat + diversify: ceiling=0.00, value=72733.0
    [iter 7566401] reheat + diversify: ceiling=0.00, value=92240.0
    [iter 7572154] reheat + diversify: ceiling=0.00, value=55801.0
    [iter 7577907] reheat + diversify: ceiling=0.00, value=70967.0
    [iter 7583660] reheat + diversify: ceiling=0.00, value=70846.0
    [iter 7589413] reheat + diversify: ceiling=0.00, value=92923.0
    [iter 7595166] reheat + diversify: ceiling=0.00, value=56586.0
    [iter 7600919] reheat + diversify: ceiling=0.00, value=61048.0
    [iter 7606672] reheat + diversify: ceiling=0.00, value=93240.0
    [iter 7612425] reheat + diversify: ceiling=0.00, value=87466.0
    [iter 7618178] reheat + diversify: ceiling=0.00, value=86012.0
    [iter 7623931] reheat + diversify: ceiling=0.00, value=85891.0
    [iter 7629684] reheat + diversify: ceiling=0.00, value=63935.0
    [iter 7635437] reheat + diversify: ceiling=0.00, value=65701.0
    [iter 7641190] reheat + diversify: ceiling=0.00, value=62833.0
    [iter 7646943] reheat + diversify: ceiling=0.00, value=78980.0
    [iter 7652696] reheat + diversify: ceiling=0.00, value=93240.0
    [iter 7658449] reheat + diversify: ceiling=0.00, value=78980.0
    [iter 7664202] reheat + diversify: ceiling=0.00, value=72421.0
    [iter 7669955] reheat + diversify: ceiling=0.00, value=81550.0
    [iter 7675708] reheat + diversify: ceiling=0.00, value=87466.0
    [iter 7681461] reheat + diversify: ceiling=0.00, value=104296.0
    [iter 7687214] reheat + diversify: ceiling=0.00, value=87466.0
    [iter 7692967] reheat + diversify: ceiling=0.00, value=86676.0
    [iter 7698720] reheat + diversify: ceiling=0.00, value=70967.0
    [iter 7704473] reheat + diversify: ceiling=0.00, value=87778.0
    [iter 7710226] reheat + diversify: ceiling=0.00, value=80082.0
    [iter 7715979] reheat + diversify: ceiling=0.00, value=91138.0
    [iter 7721732] reheat + diversify: ceiling=0.00, value=71948.0
    [iter 7727485] reheat + diversify: ceiling=0.00, value=86012.0
    [iter 7733238] reheat + diversify: ceiling=0.00, value=71265.0
    [iter 7738991] reheat + diversify: ceiling=0.00, value=77878.0
    [iter 7744744] reheat + diversify: ceiling=0.00, value=71948.0
    [iter 7750497] reheat + diversify: ceiling=0.00, value=70846.0
    [iter 7756250] reheat + diversify: ceiling=0.00, value=97385.0
    [iter 7762003] reheat + diversify: ceiling=0.00, value=79644.0
    [iter 7767756] reheat + diversify: ceiling=0.00, value=83004.0
    [iter 7773509] reheat + diversify: ceiling=0.00, value=79644.0
    [iter 7779262] reheat + diversify: ceiling=0.00, value=86676.0
    [iter 7785015] reheat + diversify: ceiling=0.00, value=85891.0
    [iter 7790768] reheat + diversify: ceiling=0.00, value=70163.0
    [iter 7796521] reheat + diversify: ceiling=0.00, value=79644.0
    [iter 7802274] reheat + diversify: ceiling=0.00, value=75308.0
    [iter 7808027] reheat + diversify: ceiling=0.00, value=80867.0
    [iter 7813780] reheat + diversify: ceiling=0.00, value=67295.0
    [iter 7819533] reheat + diversify: ceiling=0.00, value=71948.0
    [iter 7825286] reheat + diversify: ceiling=0.00, value=62814.0
    [iter 7831039] reheat + diversify: ceiling=0.00, value=83004.0
    [iter 7836792] reheat + diversify: ceiling=0.00, value=74625.0
    [iter 7842545] reheat + diversify: ceiling=0.00, value=60263.0
    [iter 7848298] reheat + diversify: ceiling=0.00, value=72733.0
    [iter 7854051] reheat + diversify: ceiling=0.00, value=70846.0
    [iter 7859804] reheat + diversify: ceiling=0.00, value=80082.0
    [iter 7865557] reheat + diversify: ceiling=0.00, value=86012.0
    [iter 7871310] reheat + diversify: ceiling=0.00, value=85227.0
    [iter 7877063] reheat + diversify: ceiling=0.00, value=90353.0
    [iter 7882816] reheat + diversify: ceiling=0.00, value=70846.0
    [iter 7888569] reheat + diversify: ceiling=0.00, value=75308.0
    [iter 7894322] reheat + diversify: ceiling=0.00, value=86012.0
    [iter 7900075] reheat + diversify: ceiling=0.00, value=83004.0
    [iter 7905828] reheat + diversify: ceiling=0.00, value=91138.0
    [iter 7911581] reheat + diversify: ceiling=0.00, value=69061.0
    [iter 7917334] reheat + diversify: ceiling=0.00, value=86993.0
    [iter 7923087] reheat + diversify: ceiling=0.00, value=66174.0
    [iter 7928840] reheat + diversify: ceiling=0.00, value=93240.0
    [iter 7934593] reheat + diversify: ceiling=0.00, value=75620.0
    [iter 7940346] reheat + diversify: ceiling=0.00, value=58790.0
    [iter 7946099] reheat + diversify: ceiling=0.00, value=84106.0
    [iter 7951852] reheat + diversify: ceiling=0.00, value=84891.0
    [iter 7957605] reheat + diversify: ceiling=0.00, value=82340.0
    [iter 7963358] reheat + diversify: ceiling=0.00, value=94815.0
    [iter 7969111] reheat + diversify: ceiling=0.00, value=85891.0
    [iter 7974864] reheat + diversify: ceiling=0.00, value=58790.0
    [iter 7980617] reheat + diversify: ceiling=0.00, value=76410.0
    [iter 7986370] reheat + diversify: ceiling=0.00, value=74518.0
    [iter 7992123] reheat + diversify: ceiling=0.00, value=78980.0
    [iter 7997876] reheat + diversify: ceiling=0.00, value=72421.0
    [iter 8003629] reheat + diversify: ceiling=0.00, value=55430.0
    [iter 8009382] reheat + diversify: ceiling=0.00, value=80867.0
    [iter 8015135] reheat + diversify: ceiling=0.00, value=64599.0
    [iter 8020888] reheat + diversify: ceiling=0.00, value=90353.0
    [iter 8026641] reheat + diversify: ceiling=0.00, value=69744.0
    [iter 8032394] reheat + diversify: ceiling=0.00, value=67486.0
    [iter 8038147] reheat + diversify: ceiling=0.00, value=84891.0
    [iter 8043900] reheat + diversify: ceiling=0.00, value=78999.0
    [iter 8049653] reheat + diversify: ceiling=0.00, value=91138.0
    [iter 8055406] reheat + diversify: ceiling=0.00, value=74937.0
    [iter 8061159] reheat + diversify: ceiling=0.00, value=72733.0
    [iter 8066912] reheat + diversify: ceiling=0.00, value=91138.0
    [iter 8072665] reheat + diversify: ceiling=0.00, value=53543.0
    [iter 8078418] reheat + diversify: ceiling=0.00, value=64599.0
    [iter 8084171] reheat + diversify: ceiling=0.00, value=83442.0
    [iter 8089924] reheat + diversify: ceiling=0.00, value=72069.0
    [iter 8095677] reheat + diversify: ceiling=0.00, value=91138.0
    [iter 8101430] reheat + diversify: ceiling=0.00, value=83442.0
    [iter 8107183] reheat + diversify: ceiling=0.00, value=61360.0
    [iter 8112936] reheat + diversify: ceiling=0.00, value=70967.0
    [iter 8118689] reheat + diversify: ceiling=0.00, value=79765.0
    [iter 8124442] reheat + diversify: ceiling=0.00, value=85891.0
    [iter 8130195] reheat + diversify: ceiling=0.00, value=73518.0
    [iter 8135948] reheat + diversify: ceiling=0.00, value=86676.0
    [iter 8141701] reheat + diversify: ceiling=0.00, value=71631.0
    [iter 8147454] reheat + diversify: ceiling=0.00, value=74518.0
    [iter 8153207] reheat + diversify: ceiling=0.00, value=69061.0
    [iter 8158960] reheat + diversify: ceiling=0.00, value=73854.0
    [iter 8164713] reheat + diversify: ceiling=0.00, value=84891.0
    [iter 8170466] reheat + diversify: ceiling=0.00, value=85891.0
    [iter 8176219] reheat + diversify: ceiling=0.00, value=74206.0
    [iter 8181972] reheat + diversify: ceiling=0.00, value=102511.0
    [iter 8187725] reheat + diversify: ceiling=0.00, value=89563.0
    [iter 8193478] reheat + diversify: ceiling=0.00, value=78980.0
    [iter 8199231] reheat + diversify: ceiling=0.00, value=76093.0
    [iter 8204984] reheat + diversify: ceiling=0.00, value=64599.0
    [iter 8210737] reheat + diversify: ceiling=0.00, value=77878.0
    [iter 8216490] reheat + diversify: ceiling=0.00, value=87778.0
    [iter 8222243] reheat + diversify: ceiling=0.00, value=59892.0
    [iter 8227996] reheat + diversify: ceiling=0.00, value=62462.0
    [iter 8233749] reheat + diversify: ceiling=0.00, value=74518.0
    [iter 8239502] reheat + diversify: ceiling=0.00, value=62833.0
    [iter 8245255] reheat + diversify: ceiling=0.00, value=54328.0
    [iter 8251008] reheat + diversify: ceiling=0.00, value=86676.0
    [iter 8256761] reheat + diversify: ceiling=0.00, value=80867.0
    [iter 8262514] reheat + diversify: ceiling=0.00, value=83442.0
    [iter 8268267] reheat + diversify: ceiling=0.00, value=70967.0
    [iter 8274020] reheat + diversify: ceiling=0.00, value=81550.0
    [iter 8279773] reheat + diversify: ceiling=0.00, value=85891.0
    [iter 8285526] reheat + diversify: ceiling=0.00, value=57688.0
    [iter 8291279] reheat + diversify: ceiling=0.00, value=83004.0
    [iter 8297032] reheat + diversify: ceiling=0.00, value=75308.0
    [iter 8302785] reheat + diversify: ceiling=0.00, value=81550.0
    [iter 8308538] reheat + diversify: ceiling=0.00, value=76093.0
    [iter 8314291] reheat + diversify: ceiling=0.00, value=48890.0
    [iter 8320044] reheat + diversify: ceiling=0.00, value=77195.0
    [iter 8325797] reheat + diversify: ceiling=0.00, value=93240.0
    [iter 8331550] reheat + diversify: ceiling=0.00, value=78980.0
    [iter 8337303] reheat + diversify: ceiling=0.00, value=91138.0
    [iter 8343056] reheat + diversify: ceiling=0.00, value=82340.0
    [iter 8348809] reheat + diversify: ceiling=0.00, value=74206.0
    [iter 8354562] reheat + diversify: ceiling=0.00, value=70163.0
    [iter 8360315] reheat + diversify: ceiling=0.00, value=76410.0
    [iter 8366068] reheat + diversify: ceiling=0.00, value=100272.0
    [iter 8371821] reheat + diversify: ceiling=0.00, value=87466.0
    [iter 8377574] reheat + diversify: ceiling=0.00, value=85891.0
    [iter 8383327] reheat + diversify: ceiling=0.00, value=73542.0
    [iter 8389080] reheat + diversify: ceiling=0.00, value=69494.0
    [iter 8394833] reheat + diversify: ceiling=0.00, value=82340.0
    [iter 8400586] reheat + diversify: ceiling=0.00, value=87466.0
    [iter 8406339] reheat + diversify: ceiling=0.00, value=77214.0
    [iter 8412092] reheat + diversify: ceiling=0.00, value=73050.0
    [iter 8417845] reheat + diversify: ceiling=0.00, value=88568.0
    [iter 8423598] reheat + diversify: ceiling=0.00, value=93240.0
    [iter 8429351] reheat + diversify: ceiling=0.00, value=68588.0
    [iter 8435104] reheat + diversify: ceiling=0.00, value=79765.0
    [iter 8440857] reheat + diversify: ceiling=0.00, value=84106.0
    [iter 8446610] reheat + diversify: ceiling=0.00, value=85891.0
    [iter 8452363] reheat + diversify: ceiling=0.00, value=80867.0
    [iter 8458116] reheat + diversify: ceiling=0.00, value=91138.0
    [iter 8463869] reheat + diversify: ceiling=0.00, value=65822.0
    [iter 8469622] reheat + diversify: ceiling=0.00, value=91138.0
    [iter 8475375] reheat + diversify: ceiling=0.00, value=58790.0
    [iter 8481128] reheat + diversify: ceiling=0.00, value=87466.0
    [iter 8486881] reheat + diversify: ceiling=0.00, value=71948.0
    [iter 8492634] reheat + diversify: ceiling=0.00, value=69061.0
    [iter 8498387] reheat + diversify: ceiling=0.00, value=69061.0
    [iter 8504140] reheat + diversify: ceiling=0.00, value=63252.0
    [iter 8509893] reheat + diversify: ceiling=0.00, value=72421.0
    [iter 8515646] reheat + diversify: ceiling=0.00, value=78980.0
    [iter 8521399] reheat + diversify: ceiling=0.00, value=70182.0
    [iter 8527152] reheat + diversify: ceiling=0.00, value=85891.0
    [iter 8532905] reheat + diversify: ceiling=0.00, value=64599.0
    [iter 8538658] reheat + diversify: ceiling=0.00, value=77878.0
    [iter 8544411] reheat + diversify: ceiling=0.00, value=79765.0
    [iter 8550164] reheat + diversify: ceiling=0.00, value=77195.0
    [iter 8555917] reheat + diversify: ceiling=0.00, value=73518.0
    [iter 8561670] reheat + diversify: ceiling=0.00, value=91138.0
    [iter 8567423] reheat + diversify: ceiling=0.00, value=82340.0
    [iter 8573176] reheat + diversify: ceiling=0.00, value=94025.0
    [iter 8578929] reheat + diversify: ceiling=0.00, value=72752.0
    [iter 8584682] reheat + diversify: ceiling=0.00, value=71948.0
    [iter 8590435] reheat + diversify: ceiling=0.00, value=80082.0
    [iter 8596188] reheat + diversify: ceiling=0.00, value=83004.0
    [iter 8601941] reheat + diversify: ceiling=0.00, value=90353.0
    [iter 8607694] reheat + diversify: ceiling=0.00, value=72733.0
    [iter 8613447] reheat + diversify: ceiling=0.00, value=87466.0
    [iter 8619200] reheat + diversify: ceiling=0.00, value=78980.0
    [iter 8624953] reheat + diversify: ceiling=0.00, value=83004.0
    [iter 8630706] reheat + diversify: ceiling=0.00, value=77195.0
    [iter 8636459] reheat + diversify: ceiling=0.00, value=53543.0
    [iter 8642212] reheat + diversify: ceiling=0.00, value=53352.0
    [iter 8647965] reheat + diversify: ceiling=0.00, value=85891.0
    [iter 8653718] reheat + diversify: ceiling=0.00, value=73416.0
    [iter 8659471] reheat + diversify: ceiling=0.00, value=86012.0
    [iter 8665224] reheat + diversify: ceiling=0.00, value=77195.0
    [iter 8670977] reheat + diversify: ceiling=0.00, value=91138.0
    [iter 8676730] reheat + diversify: ceiling=0.00, value=82340.0
    [iter 8682483] reheat + diversify: ceiling=0.00, value=64599.0
    [iter 8688236] reheat + diversify: ceiling=0.00, value=78980.0
    [iter 8693989] reheat + diversify: ceiling=0.00, value=90353.0
    [iter 8699742] reheat + diversify: ceiling=0.00, value=63935.0
    [iter 8705495] reheat + diversify: ceiling=0.00, value=71948.0
    [iter 8711248] reheat + diversify: ceiling=0.00, value=73518.0
    [iter 8717001] reheat + diversify: ceiling=0.00, value=87778.0
    [iter 8722754] reheat + diversify: ceiling=0.00, value=77878.0
    [iter 8728507] reheat + diversify: ceiling=0.00, value=87466.0
    [iter 8734260] reheat + diversify: ceiling=0.00, value=80867.0
    [iter 8740013] reheat + diversify: ceiling=0.00, value=78980.0
    [iter 8745766] reheat + diversify: ceiling=0.00, value=80429.0
    [iter 8751519] reheat + diversify: ceiling=0.00, value=74937.0
    [iter 8757272] reheat + diversify: ceiling=0.00, value=74518.0
    [iter 8763025] reheat + diversify: ceiling=0.00, value=93240.0
    [iter 8768778] reheat + diversify: ceiling=0.00, value=70163.0
    [iter 8774531] reheat + diversify: ceiling=0.00, value=59892.0
    [iter 8780284] reheat + diversify: ceiling=0.00, value=65037.0
    [iter 8786037] reheat + diversify: ceiling=0.00, value=66486.0
    [iter 8791790] reheat + diversify: ceiling=0.00, value=86012.0
    [iter 8797543] reheat + diversify: ceiling=0.00, value=93240.0
    [iter 8803296] reheat + diversify: ceiling=0.00, value=78980.0
    [iter 8809049] reheat + diversify: ceiling=0.00, value=86993.0
    [iter 8814802] reheat + diversify: ceiling=0.00, value=99834.0
    [iter 8820555] reheat + diversify: ceiling=0.00, value=90353.0
    [iter 8826308] reheat + diversify: ceiling=0.00, value=62048.0
    [iter 8832061] reheat + diversify: ceiling=0.00, value=83004.0
    [iter 8837814] reheat + diversify: ceiling=0.00, value=63935.0
    [iter 8843567] reheat + diversify: ceiling=0.00, value=48890.0
    [iter 8849320] reheat + diversify: ceiling=0.00, value=91138.0
    [iter 8855073] reheat + diversify: ceiling=0.00, value=83004.0
    [iter 8860826] reheat + diversify: ceiling=0.00, value=59473.0
    [iter 8866579] reheat + diversify: ceiling=0.00, value=78980.0
    [iter 8872332] reheat + diversify: ceiling=0.00, value=89251.0
    [iter 8878085] reheat + diversify: ceiling=0.00, value=78980.0
    [iter 8883838] reheat + diversify: ceiling=0.00, value=84106.0
    [iter 8889591] reheat + diversify: ceiling=0.00, value=86012.0
    [iter 8895344] reheat + diversify: ceiling=0.00, value=64599.0
    [iter 8901097] reheat + diversify: ceiling=0.00, value=63564.0
    [iter 8906850] reheat + diversify: ceiling=0.00, value=86012.0
    [iter 8912603] reheat + diversify: ceiling=0.00, value=82340.0
    [iter 8918356] reheat + diversify: ceiling=0.00, value=80082.0
    [iter 8924109] reheat + diversify: ceiling=0.00, value=58352.0
    [iter 8929862] reheat + diversify: ceiling=0.00, value=64720.0
    [iter 8935615] reheat + diversify: ceiling=0.00, value=82340.0
    [iter 8941368] reheat + diversify: ceiling=0.00, value=73416.0
    [iter 8947121] reheat + diversify: ceiling=0.00, value=86012.0
    [iter 8952874] reheat + diversify: ceiling=0.00, value=61048.0
    [iter 8958627] reheat + diversify: ceiling=0.00, value=72069.0
    [iter 8964380] reheat + diversify: ceiling=0.00, value=71631.0
    [iter 8970133] reheat + diversify: ceiling=0.00, value=104296.0
    [iter 8975886] reheat + diversify: ceiling=0.00, value=75308.0
    [iter 8981639] reheat + diversify: ceiling=0.00, value=63935.0
    [iter 8987392] reheat + diversify: ceiling=0.00, value=71948.0
    [iter 8993145] reheat + diversify: ceiling=0.00, value=79644.0
    [iter 8998898] reheat + diversify: ceiling=0.00, value=69061.0
    [iter 9004651] reheat + diversify: ceiling=0.00, value=76093.0
    [iter 9010404] reheat + diversify: ceiling=0.00, value=93240.0
    [iter 9016157] reheat + diversify: ceiling=0.00, value=93240.0
    [iter 9021910] reheat + diversify: ceiling=0.00, value=83004.0
    [iter 9027663] reheat + diversify: ceiling=0.00, value=73854.0
    [iter 9033416] reheat + diversify: ceiling=0.00, value=69744.0
    [iter 9039169] reheat + diversify: ceiling=0.00, value=65701.0
    [iter 9044922] reheat + diversify: ceiling=0.00, value=84106.0
    [iter 9050675] reheat + diversify: ceiling=0.00, value=75620.0
    [iter 9056428] reheat + diversify: ceiling=0.00, value=91138.0
    [iter 9062181] reheat + diversify: ceiling=0.00, value=90353.0
    [iter 9067934] reheat + diversify: ceiling=0.00, value=58790.0
    [iter 9073687] reheat + diversify: ceiling=0.00, value=67295.0
    [iter 9079440] reheat + diversify: ceiling=0.00, value=90353.0
    [iter 9085193] reheat + diversify: ceiling=0.00, value=83004.0
    [iter 9090946] reheat + diversify: ceiling=0.00, value=77878.0
    [iter 9096699] reheat + diversify: ceiling=0.00, value=63252.0
    [iter 9102452] reheat + diversify: ceiling=0.00, value=90353.0
    [iter 9108205] reheat + diversify: ceiling=0.00, value=93240.0
    [iter 9113958] reheat + diversify: ceiling=0.00, value=67295.0
    [iter 9119711] reheat + diversify: ceiling=0.00, value=81550.0
    [iter 9125464] reheat + diversify: ceiling=0.00, value=86012.0
    [iter 9131217] reheat + diversify: ceiling=0.00, value=86993.0
    [iter 9136970] reheat + diversify: ceiling=0.00, value=63935.0
    [iter 9142723] reheat + diversify: ceiling=0.00, value=61048.0
    [iter 9148476] reheat + diversify: ceiling=0.00, value=86012.0
    [iter 9154229] reheat + diversify: ceiling=0.00, value=66822.0
    [iter 9159982] reheat + diversify: ceiling=0.00, value=84106.0
    [iter 9165735] reheat + diversify: ceiling=0.00, value=70967.0
    [iter 9171488] reheat + diversify: ceiling=0.00, value=73835.0
    [iter 9177241] reheat + diversify: ceiling=0.00, value=85891.0
    [iter 9182994] reheat + diversify: ceiling=0.00, value=69061.0
    [iter 9188747] reheat + diversify: ceiling=0.00, value=86012.0
    [iter 9194500] reheat + diversify: ceiling=0.00, value=69061.0
    [iter 9200253] reheat + diversify: ceiling=0.00, value=82340.0
    [iter 9206006] reheat + diversify: ceiling=0.00, value=78980.0
    [iter 9211759] reheat + diversify: ceiling=0.00, value=86012.0
    [iter 9217512] reheat + diversify: ceiling=0.00, value=85891.0
    [iter 9223265] reheat + diversify: ceiling=0.00, value=86012.0
    [iter 9229018] reheat + diversify: ceiling=0.00, value=84106.0
    [iter 9234771] reheat + diversify: ceiling=0.00, value=87466.0
    [iter 9240524] reheat + diversify: ceiling=0.00, value=85891.0
    [iter 9246277] reheat + diversify: ceiling=0.00, value=65720.0
    [iter 9252030] reheat + diversify: ceiling=0.00, value=78980.0
    [iter 9257783] reheat + diversify: ceiling=0.00, value=64599.0
    [iter 9263536] reheat + diversify: ceiling=0.00, value=71948.0
    [iter 9269289] reheat + diversify: ceiling=0.00, value=87466.0
    [iter 9275042] reheat + diversify: ceiling=0.00, value=79644.0
    [iter 9280795] reheat + diversify: ceiling=0.00, value=62169.0
    [iter 9286548] reheat + diversify: ceiling=0.00, value=63935.0
    [iter 9292301] reheat + diversify: ceiling=0.00, value=78542.0
    [iter 9298054] reheat + diversify: ceiling=0.00, value=87778.0
    [iter 9303807] reheat + diversify: ceiling=0.00, value=72733.0
    [iter 9309560] reheat + diversify: ceiling=0.00, value=65701.0
    [iter 9315313] reheat + diversify: ceiling=0.00, value=87466.0
    [iter 9321066] reheat + diversify: ceiling=0.00, value=91138.0
    [iter 9326819] reheat + diversify: ceiling=0.00, value=72733.0
    [iter 9332572] reheat + diversify: ceiling=0.00, value=73542.0
    [iter 9338325] reheat + diversify: ceiling=0.00, value=73050.0
    [iter 9344078] reheat + diversify: ceiling=0.00, value=78668.0
    [iter 9349831] reheat + diversify: ceiling=0.00, value=57688.0
    [iter 9355584] reheat + diversify: ceiling=0.00, value=75620.0
    [iter 9361337] reheat + diversify: ceiling=0.00, value=62833.0
    [iter 9367090] reheat + diversify: ceiling=0.00, value=74625.0
    [iter 9372843] reheat + diversify: ceiling=0.00, value=91138.0
    [iter 9378596] reheat + diversify: ceiling=0.00, value=94815.0
    [iter 9384349] reheat + diversify: ceiling=0.00, value=65822.0
    [iter 9390102] reheat + diversify: ceiling=0.00, value=85891.0
    [iter 9395855] reheat + diversify: ceiling=0.00, value=76410.0
    [iter 9401608] reheat + diversify: ceiling=0.00, value=85891.0
    [iter 9407361] reheat + diversify: ceiling=0.00, value=91138.0
    [iter 9413114] reheat + diversify: ceiling=0.00, value=70846.0
    [iter 9418867] reheat + diversify: ceiling=0.00, value=61677.0
    [iter 9424620] reheat + diversify: ceiling=0.00, value=73854.0
    [iter 9430373] reheat + diversify: ceiling=0.00, value=85891.0
    [iter 9436126] reheat + diversify: ceiling=0.00, value=90353.0
    [iter 9441879] reheat + diversify: ceiling=0.00, value=83004.0
    [iter 9447632] reheat + diversify: ceiling=0.00, value=76093.0
    [iter 9453385] reheat + diversify: ceiling=0.00, value=93240.0
    [iter 9459138] reheat + diversify: ceiling=0.00, value=77878.0
    [iter 9464891] reheat + diversify: ceiling=0.00, value=85891.0
    [iter 9470644] reheat + diversify: ceiling=0.00, value=76410.0
    [iter 9476397] reheat + diversify: ceiling=0.00, value=82340.0
    [iter 9482150] reheat + diversify: ceiling=0.00, value=86012.0
    [iter 9487903] reheat + diversify: ceiling=0.00, value=73523.0
    [iter 9493656] reheat + diversify: ceiling=0.00, value=89251.0
    [iter 9499409] reheat + diversify: ceiling=0.00, value=63935.0
    [iter 9505162] reheat + diversify: ceiling=0.00, value=73854.0
    [iter 9510915] reheat + diversify: ceiling=0.00, value=86993.0
    [iter 9516668] reheat + diversify: ceiling=0.00, value=99834.0
    [iter 9522421] reheat + diversify: ceiling=0.00, value=86012.0
    [iter 9528174] reheat + diversify: ceiling=0.00, value=80082.0
    [iter 9533927] reheat + diversify: ceiling=0.00, value=78980.0
    [iter 9539680] reheat + diversify: ceiling=0.00, value=72069.0
    [iter 9545433] reheat + diversify: ceiling=0.00, value=77195.0
    [iter 9551186] reheat + diversify: ceiling=0.00, value=91138.0
    [iter 9556939] reheat + diversify: ceiling=0.00, value=69080.0
    [iter 9562692] reheat + diversify: ceiling=0.00, value=86012.0
    [iter 9568445] reheat + diversify: ceiling=0.00, value=68397.0
    [iter 9574198] reheat + diversify: ceiling=0.00, value=74206.0
    [iter 9579951] reheat + diversify: ceiling=0.00, value=71948.0
    [iter 9585704] reheat + diversify: ceiling=0.00, value=85891.0
    [iter 9591457] reheat + diversify: ceiling=0.00, value=104296.0
    [iter 9597210] reheat + diversify: ceiling=0.00, value=70182.0
    [iter 9602963] reheat + diversify: ceiling=0.00, value=77878.0
    [iter 9608716] reheat + diversify: ceiling=0.00, value=80867.0
    [iter 9614469] reheat + diversify: ceiling=0.00, value=67295.0
    [iter 9620222] reheat + diversify: ceiling=0.00, value=86993.0
    [iter 9625975] reheat + diversify: ceiling=0.00, value=54016.0
    [iter 9631728] reheat + diversify: ceiling=0.00, value=84891.0
    [iter 9637481] reheat + diversify: ceiling=0.00, value=83004.0
    [iter 9643234] reheat + diversify: ceiling=0.00, value=65701.0
    [iter 9648987] reheat + diversify: ceiling=0.00, value=84891.0
    [iter 9654740] reheat + diversify: ceiling=0.00, value=62833.0
    [iter 9660493] reheat + diversify: ceiling=0.00, value=77195.0
    [iter 9666246] reheat + diversify: ceiling=0.00, value=70163.0
    [iter 9671999] reheat + diversify: ceiling=0.00, value=77195.0
    [iter 9677752] reheat + diversify: ceiling=0.00, value=92240.0
    [iter 9683505] reheat + diversify: ceiling=0.00, value=85891.0
    [iter 9689258] reheat + diversify: ceiling=0.00, value=62833.0
    [iter 9695011] reheat + diversify: ceiling=0.00, value=73835.0
    [iter 9700764] reheat + diversify: ceiling=0.00, value=77214.0
    [iter 9706517] reheat + diversify: ceiling=0.00, value=70846.0
    [iter 9712270] reheat + diversify: ceiling=0.00, value=87466.0
    [iter 9718023] reheat + diversify: ceiling=0.00, value=80867.0
    [iter 9723776] reheat + diversify: ceiling=0.00, value=73523.0
    [iter 9729529] reheat + diversify: ceiling=0.00, value=75308.0
    [iter 9735282] reheat + diversify: ceiling=0.00, value=60575.0
    [iter 9741035] reheat + diversify: ceiling=0.00, value=85891.0
    [iter 9746788] reheat + diversify: ceiling=0.00, value=91138.0
    [iter 9752541] reheat + diversify: ceiling=0.00, value=107968.0
    [iter 9758294] reheat + diversify: ceiling=0.00, value=94815.0
    [iter 9764047] reheat + diversify: ceiling=0.00, value=87466.0
    [iter 9769800] reheat + diversify: ceiling=0.00, value=77878.0
    [iter 9775553] reheat + diversify: ceiling=0.00, value=92923.0
    [iter 9781306] reheat + diversify: ceiling=0.00, value=84125.0
    [iter 9787059] reheat + diversify: ceiling=0.00, value=80867.0
    [iter 9792812] reheat + diversify: ceiling=0.00, value=62833.0
    [iter 9798565] reheat + diversify: ceiling=0.00, value=85891.0
    [iter 9804318] reheat + diversify: ceiling=0.00, value=97385.0
    [iter 9810071] reheat + diversify: ceiling=0.00, value=86012.0
    [iter 9815824] reheat + diversify: ceiling=0.00, value=69494.0
    [iter 9821577] reheat + diversify: ceiling=0.00, value=79765.0
    [iter 9827330] reheat + diversify: ceiling=0.00, value=86012.0
    [iter 9833083] reheat + diversify: ceiling=0.00, value=55118.0
    [iter 9838836] reheat + diversify: ceiling=0.00, value=63935.0
    [iter 9844589] reheat + diversify: ceiling=0.00, value=72733.0
    [iter 9850342] reheat + diversify: ceiling=0.00, value=78297.0
    [iter 9856095] reheat + diversify: ceiling=0.00, value=77878.0
    [iter 9861848] reheat + diversify: ceiling=0.00, value=81550.0
    [iter 9867601] reheat + diversify: ceiling=0.00, value=94815.0
    [iter 9873354] reheat + diversify: ceiling=0.00, value=57688.0
    [iter 9879107] reheat + diversify: ceiling=0.00, value=67905.0
    [iter 9884860] reheat + diversify: ceiling=0.00, value=83442.0
    [iter 9890613] reheat + diversify: ceiling=0.00, value=79765.0
    [iter 9896366] reheat + diversify: ceiling=0.00, value=70846.0
    [iter 9902119] reheat + diversify: ceiling=0.00, value=82652.0
    [iter 9907872] reheat + diversify: ceiling=0.00, value=80082.0
    [iter 9913625] reheat + diversify: ceiling=0.00, value=77878.0
    [iter 9919378] reheat + diversify: ceiling=0.00, value=80082.0
    [iter 9925131] reheat + diversify: ceiling=0.00, value=89251.0
    [iter 9930884] reheat + diversify: ceiling=0.00, value=63935.0
    [iter 9936637] reheat + diversify: ceiling=0.00, value=78542.0
    [iter 9942390] reheat + diversify: ceiling=0.00, value=68397.0
    [iter 9948143] reheat + diversify: ceiling=0.00, value=65822.0
    [iter 9953896] reheat + diversify: ceiling=0.00, value=94025.0
    [iter 9959649] reheat + diversify: ceiling=0.00, value=83004.0
    [iter 9965402] reheat + diversify: ceiling=0.00, value=77195.0
    [iter 9971155] reheat + diversify: ceiling=0.00, value=75308.0
    [iter 9976908] reheat + diversify: ceiling=0.00, value=86993.0
    [iter 9982661] reheat + diversify: ceiling=0.00, value=91138.0
    [iter 9988414] reheat + diversify: ceiling=0.00, value=79644.0
    [iter 9994167] reheat + diversify: ceiling=0.00, value=75308.0
    [iter 9999920] reheat + diversify: ceiling=0.00, value=70967.0
    [iter 10005673] reheat + diversify: ceiling=0.00, value=63935.0
    [iter 10011426] reheat + diversify: ceiling=0.00, value=79765.0
    [iter 10017179] reheat + diversify: ceiling=0.00, value=91138.0
    [iter 10022932] reheat + diversify: ceiling=0.00, value=93240.0
    [iter 10028685] reheat + diversify: ceiling=0.00, value=104296.0
    [iter 10034438] reheat + diversify: ceiling=0.00, value=84106.0
    [iter 10040191] reheat + diversify: ceiling=0.00, value=75308.0
    [iter 10045944] reheat + diversify: ceiling=0.00, value=87778.0
    [iter 10051697] reheat + diversify: ceiling=0.00, value=76410.0
    [iter 10057450] reheat + diversify: ceiling=0.00, value=72733.0
    [iter 10063203] reheat + diversify: ceiling=0.00, value=65822.0
    [iter 10068956] reheat + diversify: ceiling=0.00, value=90353.0
    [iter 10074709] reheat + diversify: ceiling=0.00, value=80867.0
    [iter 10080462] reheat + diversify: ceiling=0.00, value=51460.0
    [iter 10086215] reheat + diversify: ceiling=0.00, value=80082.0
    [iter 10091968] reheat + diversify: ceiling=0.00, value=75308.0
    [iter 10097721] reheat + diversify: ceiling=0.00, value=73050.0
    [iter 10103474] reheat + diversify: ceiling=0.00, value=91138.0
    [iter 10109227] reheat + diversify: ceiling=0.00, value=78980.0
    [iter 10114980] reheat + diversify: ceiling=0.00, value=78542.0
    [iter 10120733] reheat + diversify: ceiling=0.00, value=80867.0
    [iter 10126486] reheat + diversify: ceiling=0.00, value=58790.0
    [iter 10132239] reheat + diversify: ceiling=0.00, value=77859.0
    [iter 10137992] reheat + diversify: ceiling=0.00, value=71948.0
    [iter 10143745] reheat + diversify: ceiling=0.00, value=84891.0
    [iter 10149498] reheat + diversify: ceiling=0.00, value=74518.0
    [iter 10155251] reheat + diversify: ceiling=0.00, value=83442.0
    [iter 10161004] reheat + diversify: ceiling=0.00, value=91138.0
    [iter 10166757] reheat + diversify: ceiling=0.00, value=96264.0
    [iter 10172510] reheat + diversify: ceiling=0.00, value=91138.0
    [iter 10178263] reheat + diversify: ceiling=0.00, value=83442.0
    [iter 10184016] reheat + diversify: ceiling=0.00, value=71631.0
    [iter 10189769] reheat + diversify: ceiling=0.00, value=56903.0
    [iter 10195522] reheat + diversify: ceiling=0.00, value=93240.0
    [iter 10201275] reheat + diversify: ceiling=0.00, value=91138.0
    [iter 10207028] reheat + diversify: ceiling=0.00, value=61048.0
    [iter 10212781] reheat + diversify: ceiling=0.00, value=62150.0
    [iter 10218534] reheat + diversify: ceiling=0.00, value=93240.0
    [iter 10224287] reheat + diversify: ceiling=0.00, value=91138.0
    [iter 10230040] reheat + diversify: ceiling=0.00, value=77878.0
    [iter 10235793] reheat + diversify: ceiling=0.00, value=83442.0
    [iter 10241546] reheat + diversify: ceiling=0.00, value=68392.0
    [iter 10247299] reheat + diversify: ceiling=0.00, value=76093.0
    [iter 10253052] reheat + diversify: ceiling=0.00, value=57688.0
    [iter 10258805] reheat + diversify: ceiling=0.00, value=93240.0
    [iter 10264558] reheat + diversify: ceiling=0.00, value=76093.0
    [iter 10270311] reheat + diversify: ceiling=0.00, value=65701.0
    [iter 10276064] reheat + diversify: ceiling=0.00, value=65701.0
    [iter 10281817] reheat + diversify: ceiling=0.00, value=56586.0
    [iter 10287570] reheat + diversify: ceiling=0.00, value=77195.0
    [iter 10293323] reheat + diversify: ceiling=0.00, value=91138.0
    [iter 10299076] reheat + diversify: ceiling=0.00, value=85891.0
    [iter 10304829] reheat + diversify: ceiling=0.00, value=93240.0
    [iter 10310582] reheat + diversify: ceiling=0.00, value=87466.0
    [iter 10316335] reheat + diversify: ceiling=0.00, value=86012.0
    [iter 10322088] reheat + diversify: ceiling=0.00, value=72069.0
    [iter 10327841] reheat + diversify: ceiling=0.00, value=69061.0
    [iter 10333594] reheat + diversify: ceiling=0.00, value=57688.0
    [iter 10339347] reheat + diversify: ceiling=0.00, value=89251.0
    [iter 10345100] reheat + diversify: ceiling=0.00, value=85891.0
    [iter 10350853] reheat + diversify: ceiling=0.00, value=84106.0
    [iter 10356606] reheat + diversify: ceiling=0.00, value=83004.0
    [iter 10362359] reheat + diversify: ceiling=0.00, value=65701.0
    [iter 10368112] reheat + diversify: ceiling=0.00, value=89251.0
    [iter 10373865] reheat + diversify: ceiling=0.00, value=85891.0
    [iter 10379618] reheat + diversify: ceiling=0.00, value=89251.0
    [iter 10385371] reheat + diversify: ceiling=0.00, value=75308.0
    [iter 10391124] reheat + diversify: ceiling=0.00, value=87466.0
    [iter 10396877] reheat + diversify: ceiling=0.00, value=49992.0
    [iter 10402630] reheat + diversify: ceiling=0.00, value=85891.0
    [iter 10408383] reheat + diversify: ceiling=0.00, value=77190.0
    [iter 10414136] reheat + diversify: ceiling=0.00, value=77878.0
    [iter 10419889] reheat + diversify: ceiling=0.00, value=86012.0
    [iter 10425642] reheat + diversify: ceiling=0.00, value=79765.0
    [iter 10431395] reheat + diversify: ceiling=0.00, value=57688.0
    [iter 10437148] reheat + diversify: ceiling=0.00, value=81550.0
    [iter 10442901] reheat + diversify: ceiling=0.00, value=65822.0
    [iter 10448654] reheat + diversify: ceiling=0.00, value=105398.0
    [iter 10454407] reheat + diversify: ceiling=0.00, value=91138.0
    [iter 10460160] reheat + diversify: ceiling=0.00, value=74518.0
    [iter 10465913] reheat + diversify: ceiling=0.00, value=85891.0
    [iter 10471666] reheat + diversify: ceiling=0.00, value=83004.0
    [iter 10477419] reheat + diversify: ceiling=0.00, value=73518.0
    [iter 10483172] reheat + diversify: ceiling=0.00, value=78980.0
    [iter 10488925] reheat + diversify: ceiling=0.00, value=78297.0
    [iter 10494678] reheat + diversify: ceiling=0.00, value=76410.0
    [iter 10500431] reheat + diversify: ceiling=0.00, value=73050.0
    [iter 10506184] reheat + diversify: ceiling=0.00, value=93240.0
    [iter 10511937] reheat + diversify: ceiling=0.00, value=72069.0
    [iter 10517690] reheat + diversify: ceiling=0.00, value=78980.0
    [iter 10523443] reheat + diversify: ceiling=0.00, value=87466.0
    [iter 10529196] reheat + diversify: ceiling=0.00, value=74206.0
    [iter 10534949] reheat + diversify: ceiling=0.00, value=91138.0
    [iter 10540702] reheat + diversify: ceiling=0.00, value=85891.0
    [iter 10546455] reheat + diversify: ceiling=0.00, value=83004.0
    [iter 10552208] reheat + diversify: ceiling=0.00, value=93240.0
    [iter 10557961] reheat + diversify: ceiling=0.00, value=77195.0
    [iter 10563714] reheat + diversify: ceiling=0.00, value=65720.0
    [iter 10569467] reheat + diversify: ceiling=0.00, value=75308.0
    [iter 10575220] reheat + diversify: ceiling=0.00, value=86012.0
    [iter 10580973] reheat + diversify: ceiling=0.00, value=55118.0
    [iter 10586726] reheat + diversify: ceiling=0.00, value=71948.0
    [iter 10592479] reheat + diversify: ceiling=0.00, value=90353.0
    [iter 10598232] reheat + diversify: ceiling=0.00, value=55430.0
    [iter 10603985] reheat + diversify: ceiling=0.00, value=91138.0
    [iter 10609738] reheat + diversify: ceiling=0.00, value=93240.0
    [iter 10615491] reheat + diversify: ceiling=0.00, value=63935.0
    [iter 10621244] reheat + diversify: ceiling=0.00, value=58790.0
    [iter 10626997] reheat + diversify: ceiling=0.00, value=92240.0
    [iter 10632750] reheat + diversify: ceiling=0.00, value=91138.0
    [iter 10638503] reheat + diversify: ceiling=0.00, value=86012.0
    [iter 10644256] reheat + diversify: ceiling=0.00, value=62833.0
    [iter 10650009] reheat + diversify: ceiling=0.00, value=87466.0
    [iter 10655762] reheat + diversify: ceiling=0.00, value=93240.0
    [iter 10661515] reheat + diversify: ceiling=0.00, value=81550.0
    [iter 10667268] reheat + diversify: ceiling=0.00, value=83004.0
    [iter 10673021] reheat + diversify: ceiling=0.00, value=82340.0
    [iter 10678774] reheat + diversify: ceiling=0.00, value=70163.0
    [iter 10684527] reheat + diversify: ceiling=0.00, value=70967.0
    [iter 10690280] reheat + diversify: ceiling=0.00, value=85891.0
    [iter 10696033] reheat + diversify: ceiling=0.00, value=84125.0
    [iter 10701786] reheat + diversify: ceiling=0.00, value=70846.0
    [iter 10707539] reheat + diversify: ceiling=0.00, value=87466.0
    [iter 10713292] reheat + diversify: ceiling=0.00, value=59580.0
    [iter 10719045] reheat + diversify: ceiling=0.00, value=94025.0
    [iter 10724798] reheat + diversify: ceiling=0.00, value=71948.0
    [iter 10730551] reheat + diversify: ceiling=0.00, value=93240.0
    [iter 10736304] reheat + diversify: ceiling=0.00, value=86676.0
    [iter 10742057] reheat + diversify: ceiling=0.00, value=79765.0
    [iter 10747810] reheat + diversify: ceiling=0.00, value=73523.0
    [iter 10753563] reheat + diversify: ceiling=0.00, value=63935.0
    [iter 10759316] reheat + diversify: ceiling=0.00, value=65822.0
    [iter 10765069] reheat + diversify: ceiling=0.00, value=89251.0
    [iter 10770822] reheat + diversify: ceiling=0.00, value=76722.0
    [iter 10776575] reheat + diversify: ceiling=0.00, value=80867.0
    [iter 10782328] reheat + diversify: ceiling=0.00, value=71631.0
    [iter 10788081] reheat + diversify: ceiling=0.00, value=65701.0
    [iter 10793834] reheat + diversify: ceiling=0.00, value=83004.0
    [iter 10799587] reheat + diversify: ceiling=0.00, value=86993.0
    [iter 10805340] reheat + diversify: ceiling=0.00, value=86012.0
    [iter 10811093] reheat + diversify: ceiling=0.00, value=94815.0
    [iter 10816846] reheat + diversify: ceiling=0.00, value=86310.0
    [iter 10822599] reheat + diversify: ceiling=0.00, value=94815.0
    [iter 10828352] reheat + diversify: ceiling=0.00, value=70846.0
    [iter 10834105] reheat + diversify: ceiling=0.00, value=90353.0
    [iter 10839858] reheat + diversify: ceiling=0.00, value=85891.0
    [iter 10845611] reheat + diversify: ceiling=0.00, value=86676.0
    [iter 10851364] reheat + diversify: ceiling=0.00, value=82340.0
    [iter 10857117] reheat + diversify: ceiling=0.00, value=64720.0
    [iter 10862870] reheat + diversify: ceiling=0.00, value=70846.0
    [iter 10868623] reheat + diversify: ceiling=0.00, value=74835.0
    [iter 10874376] reheat + diversify: ceiling=0.00, value=89251.0
    [iter 10880129] reheat + diversify: ceiling=0.00, value=58790.0
    [iter 10885882] reheat + diversify: ceiling=0.00, value=70182.0
    [iter 10891635] reheat + diversify: ceiling=0.00, value=87466.0
    [iter 10897388] reheat + diversify: ceiling=0.00, value=86676.0
    [iter 10903141] reheat + diversify: ceiling=0.00, value=77195.0
    [iter 10908894] reheat + diversify: ceiling=0.00, value=75308.0
    [iter 10914647] reheat + diversify: ceiling=0.00, value=79765.0
    [iter 10920400] reheat + diversify: ceiling=0.00, value=84125.0
    [iter 10926153] reheat + diversify: ceiling=0.00, value=108758.0
    [iter 10931906] reheat + diversify: ceiling=0.00, value=93240.0
    [iter 10937659] reheat + diversify: ceiling=0.00, value=86012.0
    [iter 10943412] reheat + diversify: ceiling=0.00, value=78980.0
    [iter 10949165] reheat + diversify: ceiling=0.00, value=87466.0
    [iter 10954918] reheat + diversify: ceiling=0.00, value=86012.0
    [iter 10960671] reheat + diversify: ceiling=0.00, value=70182.0
    [iter 10966424] reheat + diversify: ceiling=0.00, value=77214.0
    [iter 10972177] reheat + diversify: ceiling=0.00, value=87466.0
    [iter 10977930] reheat + diversify: ceiling=0.00, value=78297.0
    [iter 10983683] reheat + diversify: ceiling=0.00, value=67486.0
    [iter 10989436] reheat + diversify: ceiling=0.00, value=66924.0
    [iter 10995189] reheat + diversify: ceiling=0.00, value=75308.0
    [iter 11000942] reheat + diversify: ceiling=0.00, value=86676.0
    [iter 11006695] reheat + diversify: ceiling=0.00, value=81550.0
    [iter 11012448] reheat + diversify: ceiling=0.00, value=62833.0
    [iter 11018201] reheat + diversify: ceiling=0.00, value=65701.0
    [iter 11023954] reheat + diversify: ceiling=0.00, value=58790.0
    [iter 11029707] reheat + diversify: ceiling=0.00, value=71631.0
    [iter 11035460] reheat + diversify: ceiling=0.00, value=77878.0
    [iter 11041213] reheat + diversify: ceiling=0.00, value=107968.0
    [iter 11046966] reheat + diversify: ceiling=0.00, value=92138.0
    [iter 11052719] reheat + diversify: ceiling=0.00, value=85891.0
    [iter 11058472] reheat + diversify: ceiling=0.00, value=85891.0
    [iter 11064225] reheat + diversify: ceiling=0.00, value=74518.0
    [iter 11069978] reheat + diversify: ceiling=0.00, value=77195.0
    [iter 11075731] reheat + diversify: ceiling=0.00, value=65384.0
    [iter 11081484] reheat + diversify: ceiling=0.00, value=70846.0
    [iter 11087237] reheat + diversify: ceiling=0.00, value=63497.0
    [iter 11092990] reheat + diversify: ceiling=0.00, value=86012.0
    [iter 11098743] reheat + diversify: ceiling=0.00, value=83442.0
    [iter 11104496] reheat + diversify: ceiling=0.00, value=85891.0
    [iter 11110249] reheat + diversify: ceiling=0.00, value=77878.0
    [iter 11116002] reheat + diversify: ceiling=0.00, value=73835.0
    [iter 11121755] reheat + diversify: ceiling=0.00, value=77214.0
    [iter 11127508] reheat + diversify: ceiling=0.00, value=61048.0
    [iter 11133261] reheat + diversify: ceiling=0.00, value=59473.0
    [iter 11139014] reheat + diversify: ceiling=0.00, value=79644.0
    [iter 11144767] reheat + diversify: ceiling=0.00, value=86012.0
    [iter 11150520] reheat + diversify: ceiling=0.00, value=63935.0
    [iter 11156273] reheat + diversify: ceiling=0.00, value=93240.0
    [iter 11162026] reheat + diversify: ceiling=0.00, value=91138.0
    [iter 11167779] reheat + diversify: ceiling=0.00, value=64599.0
    [iter 11173532] reheat + diversify: ceiling=0.00, value=104296.0
    [iter 11179285] reheat + diversify: ceiling=0.00, value=63935.0
    [iter 11185038] reheat + diversify: ceiling=0.00, value=86012.0
    [iter 11190791] reheat + diversify: ceiling=0.00, value=80082.0
    [iter 11196544] reheat + diversify: ceiling=0.00, value=86012.0
    [iter 11202297] reheat + diversify: ceiling=0.00, value=64720.0
    [iter 11208050] reheat + diversify: ceiling=0.00, value=74518.0
    [iter 11213803] reheat + diversify: ceiling=0.00, value=104296.0
    [iter 11219556] reheat + diversify: ceiling=0.00, value=46632.0
    [iter 11225309] reheat + diversify: ceiling=0.00, value=86676.0
    [iter 11231062] reheat + diversify: ceiling=0.00, value=93240.0
    [iter 11236815] reheat + diversify: ceiling=0.00, value=73518.0
    [iter 11242568] reheat + diversify: ceiling=0.00, value=87466.0
    [iter 11248321] reheat + diversify: ceiling=0.00, value=83442.0
    [iter 11254074] reheat + diversify: ceiling=0.00, value=104296.0
    [iter 11259827] reheat + diversify: ceiling=0.00, value=85891.0
    [iter 11265580] reheat + diversify: ceiling=0.00, value=87466.0
    [iter 11271333] reheat + diversify: ceiling=0.00, value=87466.0
    [iter 11277086] reheat + diversify: ceiling=0.00, value=84106.0
    [iter 11282839] reheat + diversify: ceiling=0.00, value=91455.0
    [iter 11288592] reheat + diversify: ceiling=0.00, value=72069.0
    [iter 11294345] reheat + diversify: ceiling=0.00, value=63935.0
    [iter 11300098] reheat + diversify: ceiling=0.00, value=67295.0
    [iter 11305851] reheat + diversify: ceiling=0.00, value=76093.0
    [iter 11311604] reheat + diversify: ceiling=0.00, value=67486.0
    [iter 11317357] reheat + diversify: ceiling=0.00, value=83004.0
    [iter 11323110] reheat + diversify: ceiling=0.00, value=80867.0
    [iter 11328863] reheat + diversify: ceiling=0.00, value=86676.0
    [iter 11334616] reheat + diversify: ceiling=0.00, value=78980.0
    [iter 11340369] reheat + diversify: ceiling=0.00, value=94815.0
    [iter 11346122] reheat + diversify: ceiling=0.00, value=66924.0
    [iter 11351875] reheat + diversify: ceiling=0.00, value=72733.0
    [iter 11357628] reheat + diversify: ceiling=0.00, value=57688.0
    [iter 11363381] reheat + diversify: ceiling=0.00, value=77878.0
    [iter 11369134] reheat + diversify: ceiling=0.00, value=86993.0
    [iter 11374887] reheat + diversify: ceiling=0.00, value=78980.0
    [iter 11380640] reheat + diversify: ceiling=0.00, value=93240.0
    [iter 11386393] reheat + diversify: ceiling=0.00, value=70846.0
    [iter 11392146] reheat + diversify: ceiling=0.00, value=86012.0
    [iter 11397899] reheat + diversify: ceiling=0.00, value=66486.0
    [iter 11403652] reheat + diversify: ceiling=0.00, value=75308.0
    [iter 11409405] reheat + diversify: ceiling=0.00, value=74937.0
    [iter 11415158] reheat + diversify: ceiling=0.00, value=91455.0
    [iter 11420911] reheat + diversify: ceiling=0.00, value=55430.0
    [iter 11426664] reheat + diversify: ceiling=0.00, value=51758.0
    [iter 11432417] reheat + diversify: ceiling=0.00, value=85891.0
    [iter 11438170] reheat + diversify: ceiling=0.00, value=83004.0
    [iter 11443923] reheat + diversify: ceiling=0.00, value=77195.0
    [iter 11449676] reheat + diversify: ceiling=0.00, value=56903.0
    [iter 11455429] reheat + diversify: ceiling=0.00, value=91138.0
    [iter 11461182] reheat + diversify: ceiling=0.00, value=64599.0
    [iter 11466935] reheat + diversify: ceiling=0.00, value=58790.0
    [iter 11472688] reheat + diversify: ceiling=0.00, value=83004.0
    [iter 11478441] reheat + diversify: ceiling=0.00, value=83004.0
    [iter 11484194] reheat + diversify: ceiling=0.00, value=85891.0
    [iter 11489947] reheat + diversify: ceiling=0.00, value=86012.0
    [iter 11495700] reheat + diversify: ceiling=0.00, value=83442.0
    [iter 11501453] reheat + diversify: ceiling=0.00, value=102842.0
    [iter 11507206] reheat + diversify: ceiling=0.00, value=63935.0
    [iter 11512959] reheat + diversify: ceiling=0.00, value=80867.0
    [iter 11518712] reheat + diversify: ceiling=0.00, value=70967.0
    [iter 11524465] reheat + diversify: ceiling=0.00, value=75308.0
    [iter 11530218] reheat + diversify: ceiling=0.00, value=65037.0
    [iter 11535971] reheat + diversify: ceiling=0.00, value=78542.0
    [iter 11541724] reheat + diversify: ceiling=0.00, value=87466.0
    [iter 11547477] reheat + diversify: ceiling=0.00, value=62150.0
    [iter 11553230] reheat + diversify: ceiling=0.00, value=81550.0
    [iter 11558983] reheat + diversify: ceiling=0.00, value=69080.0
    [iter 11564736] reheat + diversify: ceiling=0.00, value=108758.0
    [iter 11570489] reheat + diversify: ceiling=0.00, value=77214.0
    [iter 11576242] reheat + diversify: ceiling=0.00, value=93240.0
    [iter 11581995] reheat + diversify: ceiling=0.00, value=87466.0
    [iter 11587748] reheat + diversify: ceiling=0.00, value=83442.0
    [iter 11593501] reheat + diversify: ceiling=0.00, value=70846.0
    [iter 11599254] reheat + diversify: ceiling=0.00, value=60696.0
    [iter 11605007] reheat + diversify: ceiling=0.00, value=78980.0
    [iter 11610760] reheat + diversify: ceiling=0.00, value=85891.0
    [iter 11616513] reheat + diversify: ceiling=0.00, value=76093.0
    [iter 11622266] reheat + diversify: ceiling=0.00, value=65384.0
    [iter 11628019] reheat + diversify: ceiling=0.00, value=89251.0
    [iter 11633772] reheat + diversify: ceiling=0.00, value=48890.0
    [iter 11639525] reheat + diversify: ceiling=0.00, value=86012.0
    [iter 11645278] reheat + diversify: ceiling=0.00, value=58790.0
    [iter 11651031] reheat + diversify: ceiling=0.00, value=77214.0
    [iter 11656784] reheat + diversify: ceiling=0.00, value=70846.0
    [iter 11662537] reheat + diversify: ceiling=0.00, value=63935.0
    [iter 11668290] reheat + diversify: ceiling=0.00, value=87466.0
    [iter 11674043] reheat + diversify: ceiling=0.00, value=86012.0
    [iter 11679796] reheat + diversify: ceiling=0.00, value=91138.0
    [iter 11685549] reheat + diversify: ceiling=0.00, value=55801.0
    [iter 11691302] reheat + diversify: ceiling=0.00, value=83004.0
    [iter 11697055] reheat + diversify: ceiling=0.00, value=92138.0
    [iter 11702808] reheat + diversify: ceiling=0.00, value=86012.0
    [iter 11708561] reheat + diversify: ceiling=0.00, value=80082.0
    [iter 11714314] reheat + diversify: ceiling=0.00, value=93713.0
    [iter 11720067] reheat + diversify: ceiling=0.00, value=54016.0
    [iter 11725820] reheat + diversify: ceiling=0.00, value=97385.0
    [iter 11731573] reheat + diversify: ceiling=0.00, value=73835.0
    [iter 11737326] reheat + diversify: ceiling=0.00, value=86012.0
    [iter 11743079] reheat + diversify: ceiling=0.00, value=78980.0
    [iter 11748832] reheat + diversify: ceiling=0.00, value=73518.0
    [iter 11754585] reheat + diversify: ceiling=0.00, value=84125.0
    [iter 11760338] reheat + diversify: ceiling=0.00, value=68397.0
    [iter 11766091] reheat + diversify: ceiling=0.00, value=93240.0
    [iter 11771844] reheat + diversify: ceiling=0.00, value=92138.0
    [iter 11777597] reheat + diversify: ceiling=0.00, value=83004.0
    [iter 11783350] reheat + diversify: ceiling=0.00, value=92138.0
    [iter 11789103] reheat + diversify: ceiling=0.00, value=63935.0
    [iter 11794856] reheat + diversify: ceiling=0.00, value=93240.0
    [iter 11800609] reheat + diversify: ceiling=0.00, value=81550.0
    [iter 11806362] reheat + diversify: ceiling=0.00, value=78980.0
    [iter 11812115] reheat + diversify: ceiling=0.00, value=84106.0
    [iter 11817868] reheat + diversify: ceiling=0.00, value=78980.0
    [iter 11823621] reheat + diversify: ceiling=0.00, value=86012.0
    [iter 11829374] reheat + diversify: ceiling=0.00, value=79644.0
    [iter 11835127] reheat + diversify: ceiling=0.00, value=78668.0
    [iter 11840880] reheat + diversify: ceiling=0.00, value=84125.0
    [iter 11846633] reheat + diversify: ceiling=0.00, value=78542.0
    [iter 11852386] reheat + diversify: ceiling=0.00, value=65701.0
    [iter 11858139] reheat + diversify: ceiling=0.00, value=80867.0
    [iter 11863892] reheat + diversify: ceiling=0.00, value=83004.0
    [iter 11869645] reheat + diversify: ceiling=0.00, value=71948.0
    [iter 11875398] reheat + diversify: ceiling=0.00, value=86012.0
    [iter 11881151] reheat + diversify: ceiling=0.00, value=76410.0
    [iter 11886904] reheat + diversify: ceiling=0.00, value=70846.0
    [iter 11892657] reheat + diversify: ceiling=0.00, value=62833.0
    [iter 11898410] reheat + diversify: ceiling=0.00, value=63935.0
    [iter 11904163] reheat + diversify: ceiling=0.00, value=58790.0
    [iter 11909916] reheat + diversify: ceiling=0.00, value=83004.0
    [iter 11915669] reheat + diversify: ceiling=0.00, value=83004.0
    [iter 11921422] reheat + diversify: ceiling=0.00, value=82340.0
    [iter 11927175] reheat + diversify: ceiling=0.00, value=86012.0
    [iter 11932928] reheat + diversify: ceiling=0.00, value=86012.0
    [iter 11938681] reheat + diversify: ceiling=0.00, value=70846.0
    [iter 11944434] reheat + diversify: ceiling=0.00, value=69744.0
    [iter 11950187] reheat + diversify: ceiling=0.00, value=70163.0
    [iter 11955940] reheat + diversify: ceiling=0.00, value=85891.0
    [iter 11961693] reheat + diversify: ceiling=0.00, value=85208.0
    [iter 11967446] reheat + diversify: ceiling=0.00, value=70846.0
    [iter 11973199] reheat + diversify: ceiling=0.00, value=71948.0
    [iter 11978952] reheat + diversify: ceiling=0.00, value=58790.0
    [iter 11984705] reheat + diversify: ceiling=0.00, value=74518.0
    [iter 11990458] reheat + diversify: ceiling=0.00, value=83004.0
    [iter 11996211] reheat + diversify: ceiling=0.00, value=85208.0
    [iter 12001964] reheat + diversify: ceiling=0.00, value=70846.0
    [iter 12007717] reheat + diversify: ceiling=0.00, value=55118.0
    [iter 12013470] reheat + diversify: ceiling=0.00, value=86676.0
    [iter 12019223] reheat + diversify: ceiling=0.00, value=84106.0
    [iter 12024976] reheat + diversify: ceiling=0.00, value=70846.0
    [iter 12030729] reheat + diversify: ceiling=0.00, value=66486.0
    [iter 12036482] reheat + diversify: ceiling=0.00, value=66486.0
    [iter 12042235] reheat + diversify: ceiling=0.00, value=80867.0
    [iter 12047988] reheat + diversify: ceiling=0.00, value=86012.0
    [iter 12053741] reheat + diversify: ceiling=0.00, value=71631.0
    [iter 12059494] reheat + diversify: ceiling=0.00, value=74937.0
    [iter 12065247] reheat + diversify: ceiling=0.00, value=79765.0
    [iter 12071000] reheat + diversify: ceiling=0.00, value=64720.0
    [iter 12076753] reheat + diversify: ceiling=0.00, value=63935.0
    [iter 12082506] reheat + diversify: ceiling=0.00, value=63935.0
    [iter 12088259] reheat + diversify: ceiling=0.00, value=71948.0
    [iter 12094012] reheat + diversify: ceiling=0.00, value=85891.0
    [iter 12099765] reheat + diversify: ceiling=0.00, value=92923.0
    [iter 12105518] reheat + diversify: ceiling=0.00, value=78980.0
    [iter 12111271] reheat + diversify: ceiling=0.00, value=92923.0
    [iter 12117024] reheat + diversify: ceiling=0.00, value=90353.0
    [iter 12122777] reheat + diversify: ceiling=0.00, value=78980.0
    [iter 12128530] reheat + diversify: ceiling=0.00, value=97385.0
    [iter 12134283] reheat + diversify: ceiling=0.00, value=80867.0
    [iter 12140036] reheat + diversify: ceiling=0.00, value=77878.0
    [iter 12145789] reheat + diversify: ceiling=0.00, value=86012.0
    [iter 12151542] reheat + diversify: ceiling=0.00, value=93240.0
    [iter 12157295] reheat + diversify: ceiling=0.00, value=88568.0
    [iter 12163048] reheat + diversify: ceiling=0.00, value=107968.0
    [iter 12168801] reheat + diversify: ceiling=0.00, value=79765.0
    [iter 12174554] reheat + diversify: ceiling=0.00, value=48890.0
    [iter 12180307] reheat + diversify: ceiling=0.00, value=58790.0
    [iter 12186060] reheat + diversify: ceiling=0.00, value=71948.0
    [iter 12191813] reheat + diversify: ceiling=0.00, value=74937.0
    [iter 12197566] reheat + diversify: ceiling=0.00, value=72069.0
    [iter 12203319] reheat + diversify: ceiling=0.00, value=78980.0
    [iter 12209072] reheat + diversify: ceiling=0.00, value=86012.0
    [iter 12214825] reheat + diversify: ceiling=0.00, value=91138.0
    [iter 12220578] reheat + diversify: ceiling=0.00, value=91138.0
    [iter 12226331] reheat + diversify: ceiling=0.00, value=63252.0
    [iter 12232084] reheat + diversify: ceiling=0.00, value=93240.0
    [iter 12237837] reheat + diversify: ceiling=0.00, value=83004.0
    [iter 12243590] reheat + diversify: ceiling=0.00, value=65822.0
    [iter 12249343] reheat + diversify: ceiling=0.00, value=75308.0
    [iter 12255096] reheat + diversify: ceiling=0.00, value=83442.0
    [iter 12260849] reheat + diversify: ceiling=0.00, value=69061.0
    [iter 12266602] reheat + diversify: ceiling=0.00, value=78980.0
    [iter 12272355] reheat + diversify: ceiling=0.00, value=63935.0
    [iter 12278108] reheat + diversify: ceiling=0.00, value=94815.0
    [iter 12283861] reheat + diversify: ceiling=0.00, value=87466.0
    [iter 12289614] reheat + diversify: ceiling=0.00, value=65384.0
    [iter 12295367] reheat + diversify: ceiling=0.00, value=77195.0
    [iter 12301120] reheat + diversify: ceiling=0.00, value=85891.0
    [iter 12306873] reheat + diversify: ceiling=0.00, value=77195.0
    [iter 12312626] reheat + diversify: ceiling=0.00, value=75308.0
    [iter 12318379] reheat + diversify: ceiling=0.00, value=75620.0
    [iter 12324132] reheat + diversify: ceiling=0.00, value=93240.0
    [iter 12329885] reheat + diversify: ceiling=0.00, value=70163.0
    [iter 12335638] reheat + diversify: ceiling=0.00, value=93240.0
    [iter 12341391] reheat + diversify: ceiling=0.00, value=76757.0
    [iter 12347144] reheat + diversify: ceiling=0.00, value=73523.0
    [iter 12352897] reheat + diversify: ceiling=0.00, value=87466.0
    [iter 12358650] reheat + diversify: ceiling=0.00, value=78980.0
    [iter 12364403] reheat + diversify: ceiling=0.00, value=62833.0
    [iter 12370156] reheat + diversify: ceiling=0.00, value=82652.0
    [iter 12375909] reheat + diversify: ceiling=0.00, value=65701.0
    [iter 12381662] reheat + diversify: ceiling=0.00, value=83004.0
    [iter 12387415] reheat + diversify: ceiling=0.00, value=78980.0
    [iter 12393168] reheat + diversify: ceiling=0.00, value=85891.0
    [iter 12398921] reheat + diversify: ceiling=0.00, value=78980.0
    [iter 12404674] reheat + diversify: ceiling=0.00, value=92138.0
    [iter 12410427] reheat + diversify: ceiling=0.00, value=86012.0
    [iter 12416180] reheat + diversify: ceiling=0.00, value=86676.0
    [iter 12421933] reheat + diversify: ceiling=0.00, value=103632.0
    [iter 12427686] reheat + diversify: ceiling=0.00, value=85891.0
    [iter 12433439] reheat + diversify: ceiling=0.00, value=87466.0
    [iter 12439192] reheat + diversify: ceiling=0.00, value=47124.0
    [iter 12444945] reheat + diversify: ceiling=0.00, value=92923.0
    [iter 12450698] reheat + diversify: ceiling=0.00, value=65822.0
    [iter 12456451] reheat + diversify: ceiling=0.00, value=69080.0
    [iter 12462204] reheat + diversify: ceiling=0.00, value=65720.0
    [iter 12467957] reheat + diversify: ceiling=0.00, value=75620.0
    [iter 12473710] reheat + diversify: ceiling=0.00, value=97385.0
    [iter 12479463] reheat + diversify: ceiling=0.00, value=73416.0
    [iter 12485216] reheat + diversify: ceiling=0.00, value=73835.0
    [iter 12490969] reheat + diversify: ceiling=0.00, value=85891.0
    [iter 12496722] reheat + diversify: ceiling=0.00, value=70846.0
    [iter 12502475] reheat + diversify: ceiling=0.00, value=92240.0
    [iter 12508228] reheat + diversify: ceiling=0.00, value=64599.0
    [iter 12513981] reheat + diversify: ceiling=0.00, value=75308.0
    [iter 12519734] reheat + diversify: ceiling=0.00, value=71948.0
    [iter 12525487] reheat + diversify: ceiling=0.00, value=84891.0
    [iter 12531240] reheat + diversify: ceiling=0.00, value=85891.0
    [iter 12536993] reheat + diversify: ceiling=0.00, value=85891.0
    [iter 12542746] reheat + diversify: ceiling=0.00, value=93240.0
    [iter 12548499] reheat + diversify: ceiling=0.00, value=78980.0
    [iter 12554252] reheat + diversify: ceiling=0.00, value=62150.0
    [iter 12560005] reheat + diversify: ceiling=0.00, value=69061.0
    [iter 12565758] reheat + diversify: ceiling=0.00, value=77195.0
    [iter 12571511] reheat + diversify: ceiling=0.00, value=75308.0
    [iter 12577264] reheat + diversify: ceiling=0.00, value=71948.0
    [iter 12583017] reheat + diversify: ceiling=0.00, value=87466.0
    [iter 12588770] reheat + diversify: ceiling=0.00, value=93240.0
    [iter 12594523] reheat + diversify: ceiling=0.00, value=87466.0
    [iter 12600276] reheat + diversify: ceiling=0.00, value=85891.0
    [iter 12606029] reheat + diversify: ceiling=0.00, value=87778.0
    [iter 12611782] reheat + diversify: ceiling=0.00, value=77195.0
    [iter 12617535] reheat + diversify: ceiling=0.00, value=82340.0
    [iter 12623288] reheat + diversify: ceiling=0.00, value=59892.0
    [iter 12629041] reheat + diversify: ceiling=0.00, value=57688.0
    [iter 12634794] reheat + diversify: ceiling=0.00, value=92138.0
    [iter 12640547] reheat + diversify: ceiling=0.00, value=97385.0
    [iter 12646300] reheat + diversify: ceiling=0.00, value=84125.0
    [iter 12652053] reheat + diversify: ceiling=0.00, value=78980.0
    [iter 12657806] reheat + diversify: ceiling=0.00, value=72733.0
    [iter 12663559] reheat + diversify: ceiling=0.00, value=86012.0
    [iter 12669312] reheat + diversify: ceiling=0.00, value=64720.0
    [iter 12675065] reheat + diversify: ceiling=0.00, value=85891.0
    [iter 12680818] reheat + diversify: ceiling=0.00, value=73050.0
    [iter 12686571] reheat + diversify: ceiling=0.00, value=90353.0
    [iter 12692324] reheat + diversify: ceiling=0.00, value=86012.0
    [iter 12698077] reheat + diversify: ceiling=0.00, value=86993.0
    [iter 12703830] reheat + diversify: ceiling=0.00, value=76410.0
    [iter 12709583] reheat + diversify: ceiling=0.00, value=83004.0
    [iter 12715336] reheat + diversify: ceiling=0.00, value=86012.0
    [iter 12721089] reheat + diversify: ceiling=0.00, value=81550.0
    [iter 12726842] reheat + diversify: ceiling=0.00, value=80082.0
    [iter 12732595] reheat + diversify: ceiling=0.00, value=65384.0
    [iter 12738348] reheat + diversify: ceiling=0.00, value=58790.0
    [iter 12744101] reheat + diversify: ceiling=0.00, value=50656.0
    [iter 12749854] reheat + diversify: ceiling=0.00, value=93240.0
    [iter 12755607] reheat + diversify: ceiling=0.00, value=79644.0
    [iter 12761360] reheat + diversify: ceiling=0.00, value=65037.0
    [iter 12767113] reheat + diversify: ceiling=0.00, value=73854.0
    [iter 12772866] reheat + diversify: ceiling=0.00, value=90353.0
    [iter 12778619] reheat + diversify: ceiling=0.00, value=77195.0
    [iter 12784372] reheat + diversify: ceiling=0.00, value=86012.0
    [iter 12790125] reheat + diversify: ceiling=0.00, value=86012.0
    [iter 12795878] reheat + diversify: ceiling=0.00, value=85891.0
    [iter 12801631] reheat + diversify: ceiling=0.00, value=97385.0
    [iter 12807384] reheat + diversify: ceiling=0.00, value=69080.0
    [iter 12813137] reheat + diversify: ceiling=0.00, value=65701.0
    [iter 12818890] reheat + diversify: ceiling=0.00, value=73523.0
    [iter 12824643] reheat + diversify: ceiling=0.00, value=84106.0
    [iter 12830396] reheat + diversify: ceiling=0.00, value=67959.0
    [iter 12836149] reheat + diversify: ceiling=0.00, value=62150.0
    [iter 12841902] reheat + diversify: ceiling=0.00, value=85891.0
    [iter 12847655] reheat + diversify: ceiling=0.00, value=84106.0
    [iter 12853408] reheat + diversify: ceiling=0.00, value=72733.0
    [iter 12859161] reheat + diversify: ceiling=0.00, value=86993.0
    [iter 12864914] reheat + diversify: ceiling=0.00, value=58790.0
    [iter 12870667] reheat + diversify: ceiling=0.00, value=62150.0
    [iter 12876420] reheat + diversify: ceiling=0.00, value=79765.0
    [iter 12882173] reheat + diversify: ceiling=0.00, value=84891.0
    [iter 12887926] reheat + diversify: ceiling=0.00, value=80867.0
    [iter 12893679] reheat + diversify: ceiling=0.00, value=85891.0
    [iter 12899432] reheat + diversify: ceiling=0.00, value=86993.0
    [iter 12905185] reheat + diversify: ceiling=0.00, value=93240.0
    [iter 12910938] reheat + diversify: ceiling=0.00, value=85891.0
    [iter 12916691] reheat + diversify: ceiling=0.00, value=68397.0
    [iter 12922444] reheat + diversify: ceiling=0.00, value=93713.0
    [iter 12928197] reheat + diversify: ceiling=0.00, value=85891.0
    [iter 12933950] reheat + diversify: ceiling=0.00, value=65037.0
    [iter 12939703] reheat + diversify: ceiling=0.00, value=86012.0
    [iter 12945456] reheat + diversify: ceiling=0.00, value=65384.0
    [iter 12951209] reheat + diversify: ceiling=0.00, value=58790.0
    [iter 12956962] reheat + diversify: ceiling=0.00, value=91138.0
    [iter 12962715] reheat + diversify: ceiling=0.00, value=86993.0
    [iter 12968468] reheat + diversify: ceiling=0.00, value=86012.0
    [iter 12974221] reheat + diversify: ceiling=0.00, value=83004.0
    [iter 12979974] reheat + diversify: ceiling=0.00, value=80867.0
    [iter 12985727] reheat + diversify: ceiling=0.00, value=82340.0
    [iter 12991480] reheat + diversify: ceiling=0.00, value=79765.0
    [iter 12997233] reheat + diversify: ceiling=0.00, value=71631.0
    [iter 13002986] reheat + diversify: ceiling=0.00, value=87778.0
    [iter 13008739] reheat + diversify: ceiling=0.00, value=83442.0
    [iter 13014492] reheat + diversify: ceiling=0.00, value=84106.0
    [iter 13020245] reheat + diversify: ceiling=0.00, value=70967.0
    [iter 13025998] reheat + diversify: ceiling=0.00, value=87778.0
    [iter 13031751] reheat + diversify: ceiling=0.00, value=57024.0
    [iter 13037504] reheat + diversify: ceiling=0.00, value=86012.0
    [iter 13043257] reheat + diversify: ceiling=0.00, value=91138.0
    [iter 13049010] reheat + diversify: ceiling=0.00, value=74937.0
    [iter 13054763] reheat + diversify: ceiling=0.00, value=53352.0
    [iter 13060516] reheat + diversify: ceiling=0.00, value=90353.0
    [iter 13066269] reheat + diversify: ceiling=0.00, value=91138.0
    [iter 13072022] reheat + diversify: ceiling=0.00, value=85891.0
    [iter 13077775] reheat + diversify: ceiling=0.00, value=66486.0
    [iter 13083528] reheat + diversify: ceiling=0.00, value=52562.0
    [iter 13089281] reheat + diversify: ceiling=0.00, value=85891.0
    [iter 13095034] reheat + diversify: ceiling=0.00, value=65701.0
    [iter 13100787] reheat + diversify: ceiling=0.00, value=58790.0
    [iter 13106540] reheat + diversify: ceiling=0.00, value=79765.0
    [iter 13112293] reheat + diversify: ceiling=0.00, value=63935.0
    [iter 13118046] reheat + diversify: ceiling=0.00, value=71631.0
    [iter 13123799] reheat + diversify: ceiling=0.00, value=87466.0
    [iter 13129552] reheat + diversify: ceiling=0.00, value=81219.0
    [iter 13135305] reheat + diversify: ceiling=0.00, value=65384.0
    [iter 13141058] reheat + diversify: ceiling=0.00, value=102842.0
    [iter 13146811] reheat + diversify: ceiling=0.00, value=87466.0
    [iter 13152564] reheat + diversify: ceiling=0.00, value=90353.0
    [iter 13158317] reheat + diversify: ceiling=0.00, value=70846.0
    [iter 13164070] reheat + diversify: ceiling=0.00, value=104296.0
    [iter 13169823] reheat + diversify: ceiling=0.00, value=91138.0
    [iter 13175576] reheat + diversify: ceiling=0.00, value=84891.0
    [iter 13181329] reheat + diversify: ceiling=0.00, value=80765.0
    [iter 13187082] reheat + diversify: ceiling=0.00, value=81550.0
    [iter 13192835] reheat + diversify: ceiling=0.00, value=104296.0
    [iter 13198588] reheat + diversify: ceiling=0.00, value=72733.0
    [iter 13204341] reheat + diversify: ceiling=0.00, value=73854.0
    [iter 13210094] reheat + diversify: ceiling=0.00, value=64599.0
    [iter 13215847] reheat + diversify: ceiling=0.00, value=85891.0
    [iter 13221600] reheat + diversify: ceiling=0.00, value=84106.0
    [iter 13227353] reheat + diversify: ceiling=0.00, value=78980.0
    [iter 13233106] reheat + diversify: ceiling=0.00, value=71948.0
    [iter 13238859] reheat + diversify: ceiling=0.00, value=69061.0
    [iter 13244612] reheat + diversify: ceiling=0.00, value=97385.0
    [iter 13250365] reheat + diversify: ceiling=0.00, value=96600.0
    [iter 13256118] reheat + diversify: ceiling=0.00, value=83004.0
    [iter 13261871] reheat + diversify: ceiling=0.00, value=103613.0
    [iter 13267624] reheat + diversify: ceiling=0.00, value=76410.0
    [iter 13273377] reheat + diversify: ceiling=0.00, value=81550.0
    [iter 13279130] reheat + diversify: ceiling=0.00, value=82340.0
    [iter 13284883] reheat + diversify: ceiling=0.00, value=68397.0
    [iter 13290636] reheat + diversify: ceiling=0.00, value=71631.0
    [iter 13296389] reheat + diversify: ceiling=0.00, value=70967.0
    [iter 13302142] reheat + diversify: ceiling=0.00, value=70967.0
    [iter 13307895] reheat + diversify: ceiling=0.00, value=79765.0
    [iter 13313648] reheat + diversify: ceiling=0.00, value=83004.0
    [iter 13319401] reheat + diversify: ceiling=0.00, value=71948.0
    [iter 13325154] reheat + diversify: ceiling=0.00, value=86676.0
    [iter 13330907] reheat + diversify: ceiling=0.00, value=55118.0
    [iter 13336660] reheat + diversify: ceiling=0.00, value=80867.0
    [iter 13342413] reheat + diversify: ceiling=0.00, value=86012.0
    [iter 13348166] reheat + diversify: ceiling=0.00, value=76093.0
    [iter 13353919] reheat + diversify: ceiling=0.00, value=63935.0
    [iter 13359672] reheat + diversify: ceiling=0.00, value=93240.0
    [iter 13365425] reheat + diversify: ceiling=0.00, value=75308.0
    [iter 13371178] reheat + diversify: ceiling=0.00, value=69494.0
    [iter 13376931] reheat + diversify: ceiling=0.00, value=65701.0
    [iter 13382684] reheat + diversify: ceiling=0.00, value=97385.0
    [iter 13388437] reheat + diversify: ceiling=0.00, value=79644.0
    [iter 13394190] reheat + diversify: ceiling=0.00, value=73050.0
    [iter 13399943] reheat + diversify: ceiling=0.00, value=83004.0
    [iter 13405696] reheat + diversify: ceiling=0.00, value=56903.0
    [iter 13411449] reheat + diversify: ceiling=0.00, value=92138.0
    [iter 13417202] reheat + diversify: ceiling=0.00, value=78297.0
    [iter 13422955] reheat + diversify: ceiling=0.00, value=86012.0
    [iter 13428708] reheat + diversify: ceiling=0.00, value=90353.0
    [iter 13434461] reheat + diversify: ceiling=0.00, value=91455.0
    [iter 13440214] reheat + diversify: ceiling=0.00, value=51758.0
    [iter 13445967] reheat + diversify: ceiling=0.00, value=97385.0
    [iter 13451720] reheat + diversify: ceiling=0.00, value=57688.0
    [iter 13457473] reheat + diversify: ceiling=0.00, value=87466.0
    [iter 13463226] reheat + diversify: ceiling=0.00, value=69846.0
    [iter 13468979] reheat + diversify: ceiling=0.00, value=58790.0
    [iter 13474732] reheat + diversify: ceiling=0.00, value=103632.0
    [iter 13480485] reheat + diversify: ceiling=0.00, value=62150.0
    [iter 13486238] reheat + diversify: ceiling=0.00, value=85891.0
    [iter 13491991] reheat + diversify: ceiling=0.00, value=86993.0
    [iter 13497744] reheat + diversify: ceiling=0.00, value=62150.0
    [iter 13503497] reheat + diversify: ceiling=0.00, value=70182.0
    [iter 13509250] reheat + diversify: ceiling=0.00, value=63935.0
    [iter 13515003] reheat + diversify: ceiling=0.00, value=89251.0
    [iter 13520756] reheat + diversify: ceiling=0.00, value=50656.0
    [iter 13526509] reheat + diversify: ceiling=0.00, value=91138.0
    [iter 13532262] reheat + diversify: ceiling=0.00, value=73050.0
    [iter 13538015] reheat + diversify: ceiling=0.00, value=78980.0
    [iter 13543768] reheat + diversify: ceiling=0.00, value=91138.0
    [iter 13549521] reheat + diversify: ceiling=0.00, value=85891.0
    [iter 13555274] reheat + diversify: ceiling=0.00, value=90353.0
    [iter 13561027] reheat + diversify: ceiling=0.00, value=85891.0
    [iter 13566780] reheat + diversify: ceiling=0.00, value=82340.0
    [iter 13572533] reheat + diversify: ceiling=0.00, value=67295.0
    [iter 13578286] reheat + diversify: ceiling=0.00, value=63935.0
    [iter 13584039] reheat + diversify: ceiling=0.00, value=83004.0
    [iter 13589792] reheat + diversify: ceiling=0.00, value=86676.0
    [iter 13595545] reheat + diversify: ceiling=0.00, value=54016.0
    [iter 13601298] reheat + diversify: ceiling=0.00, value=82340.0
    [iter 13607051] reheat + diversify: ceiling=0.00, value=91138.0
    [iter 13612804] reheat + diversify: ceiling=0.00, value=92240.0
    [iter 13618557] reheat + diversify: ceiling=0.00, value=64720.0
    [iter 13624310] reheat + diversify: ceiling=0.00, value=77878.0
    [iter 13630063] reheat + diversify: ceiling=0.00, value=69080.0
    [iter 13635816] reheat + diversify: ceiling=0.00, value=77195.0
    [iter 13641569] reheat + diversify: ceiling=0.00, value=71948.0
    [iter 13647322] reheat + diversify: ceiling=0.00, value=77214.0
    [iter 13653075] reheat + diversify: ceiling=0.00, value=65822.0
    [iter 13658828] reheat + diversify: ceiling=0.00, value=64599.0
    [iter 13664581] reheat + diversify: ceiling=0.00, value=80082.0
    [iter 13670334] reheat + diversify: ceiling=0.00, value=86012.0
    [iter 13676087] reheat + diversify: ceiling=0.00, value=73518.0
    [iter 13681840] reheat + diversify: ceiling=0.00, value=67295.0
    [iter 13687593] reheat + diversify: ceiling=0.00, value=64599.0
    [iter 13693346] reheat + diversify: ceiling=0.00, value=94025.0
    [iter 13699099] reheat + diversify: ceiling=0.00, value=67486.0
    [iter 13704852] reheat + diversify: ceiling=0.00, value=82652.0
    [iter 13710605] reheat + diversify: ceiling=0.00, value=87466.0
    [iter 13716358] reheat + diversify: ceiling=0.00, value=83442.0
    [iter 13722111] reheat + diversify: ceiling=0.00, value=86012.0
    [iter 13727864] reheat + diversify: ceiling=0.00, value=87466.0
    [iter 13733617] reheat + diversify: ceiling=0.00, value=88568.0
    [iter 13739370] reheat + diversify: ceiling=0.00, value=71948.0
    [iter 13745123] reheat + diversify: ceiling=0.00, value=87466.0
    [iter 13750876] reheat + diversify: ceiling=0.00, value=93240.0
    [iter 13756629] reheat + diversify: ceiling=0.00, value=87778.0
    [iter 13762382] reheat + diversify: ceiling=0.00, value=74518.0
    [iter 13768135] reheat + diversify: ceiling=0.00, value=74518.0
    [iter 13773888] reheat + diversify: ceiling=0.00, value=73835.0
    [iter 13779641] reheat + diversify: ceiling=0.00, value=91138.0
    [iter 13785394] reheat + diversify: ceiling=0.00, value=62462.0
    [iter 13791147] reheat + diversify: ceiling=0.00, value=86012.0
    [iter 13796900] reheat + diversify: ceiling=0.00, value=69494.0
    [iter 13802653] reheat + diversify: ceiling=0.00, value=70163.0
    [iter 13808406] reheat + diversify: ceiling=0.00, value=97385.0
    [iter 13814159] reheat + diversify: ceiling=0.00, value=88568.0
    [iter 13819912] reheat + diversify: ceiling=0.00, value=92138.0
    [iter 13825665] reheat + diversify: ceiling=0.00, value=93240.0
    [iter 13831418] reheat + diversify: ceiling=0.00, value=62150.0
    [iter 13837171] reheat + diversify: ceiling=0.00, value=90353.0
    [iter 13842924] reheat + diversify: ceiling=0.00, value=74937.0
    [iter 13848677] reheat + diversify: ceiling=0.00, value=58790.0
    [iter 13854430] reheat + diversify: ceiling=0.00, value=73416.0
    [iter 13860183] reheat + diversify: ceiling=0.00, value=66924.0
    [iter 13865936] reheat + diversify: ceiling=0.00, value=74518.0
    [iter 13871689] reheat + diversify: ceiling=0.00, value=78980.0
    [iter 13877442] reheat + diversify: ceiling=0.00, value=83004.0
    [iter 13883195] reheat + diversify: ceiling=0.00, value=105398.0
    [iter 13888948] reheat + diversify: ceiling=0.00, value=80867.0
    [iter 13894701] reheat + diversify: ceiling=0.00, value=92240.0
    [iter 13900454] reheat + diversify: ceiling=0.00, value=56586.0
    [iter 13906207] reheat + diversify: ceiling=0.00, value=79765.0
    [iter 13911960] reheat + diversify: ceiling=0.00, value=82340.0
    [iter 13917713] reheat + diversify: ceiling=0.00, value=108758.0
    [iter 13923466] reheat + diversify: ceiling=0.00, value=79765.0
    [iter 13929219] reheat + diversify: ceiling=0.00, value=75308.0
    [iter 13934972] reheat + diversify: ceiling=0.00, value=58790.0
    [iter 13940725] reheat + diversify: ceiling=0.00, value=64720.0
    [iter 13946478] reheat + diversify: ceiling=0.00, value=78980.0
    [iter 13952231] reheat + diversify: ceiling=0.00, value=88568.0
    [iter 13957984] reheat + diversify: ceiling=0.00, value=50656.0
    [iter 13963737] reheat + diversify: ceiling=0.00, value=82340.0
    [iter 13969490] reheat + diversify: ceiling=0.00, value=107968.0
    [iter 13975243] reheat + diversify: ceiling=0.00, value=82340.0
    [iter 13980996] reheat + diversify: ceiling=0.00, value=91138.0
    [iter 13986749] reheat + diversify: ceiling=0.00, value=84106.0
    [iter 13992502] reheat + diversify: ceiling=0.00, value=86012.0
    [iter 13998255] reheat + diversify: ceiling=0.00, value=80867.0
    [iter 14004008] reheat + diversify: ceiling=0.00, value=60258.0
    [iter 14009761] reheat + diversify: ceiling=0.00, value=76093.0
    [iter 14015514] reheat + diversify: ceiling=0.00, value=96600.0
    [iter 14021267] reheat + diversify: ceiling=0.00, value=57688.0
    [iter 14027020] reheat + diversify: ceiling=0.00, value=91138.0
    [iter 14032773] reheat + diversify: ceiling=0.00, value=57688.0
    [iter 14038526] reheat + diversify: ceiling=0.00, value=92138.0
    [iter 14044279] reheat + diversify: ceiling=0.00, value=77195.0
    [iter 14050032] reheat + diversify: ceiling=0.00, value=83004.0
    [iter 14055785] reheat + diversify: ceiling=0.00, value=77190.0
    [iter 14061538] reheat + diversify: ceiling=0.00, value=77214.0
    [iter 14067291] reheat + diversify: ceiling=0.00, value=70163.0
    [iter 14073044] reheat + diversify: ceiling=0.00, value=93240.0
    [iter 14078797] reheat + diversify: ceiling=0.00, value=93240.0
    [iter 14084550] reheat + diversify: ceiling=0.00, value=79765.0
    [iter 14090303] reheat + diversify: ceiling=0.00, value=86012.0
    [iter 14096056] reheat + diversify: ceiling=0.00, value=85891.0
    [iter 14101809] reheat + diversify: ceiling=0.00, value=92240.0
    [iter 14107562] reheat + diversify: ceiling=0.00, value=50656.0
    [iter 14113315] reheat + diversify: ceiling=0.00, value=77195.0
    [iter 14119068] reheat + diversify: ceiling=0.00, value=97385.0
    [iter 14124821] reheat + diversify: ceiling=0.00, value=90353.0
    [iter 14130574] reheat + diversify: ceiling=0.00, value=104296.0
    [iter 14136327] reheat + diversify: ceiling=0.00, value=84106.0
    [iter 14142080] reheat + diversify: ceiling=0.00, value=93240.0
    [iter 14147833] reheat + diversify: ceiling=0.00, value=69061.0
    [iter 14153586] reheat + diversify: ceiling=0.00, value=86012.0
    [iter 14159339] reheat + diversify: ceiling=0.00, value=79765.0
    [iter 14165092] reheat + diversify: ceiling=0.00, value=80082.0
    [iter 14170845] reheat + diversify: ceiling=0.00, value=68397.0
    [iter 14176598] reheat + diversify: ceiling=0.00, value=70163.0
    [iter 14182351] reheat + diversify: ceiling=0.00, value=71631.0
    [iter 14188104] reheat + diversify: ceiling=0.00, value=70846.0
    [iter 14193857] reheat + diversify: ceiling=0.00, value=75308.0
    [iter 14199610] reheat + diversify: ceiling=0.00, value=93240.0
    [iter 14205363] reheat + diversify: ceiling=0.00, value=77195.0
    [iter 14211116] reheat + diversify: ceiling=0.00, value=86676.0
    [iter 14216869] reheat + diversify: ceiling=0.00, value=71948.0
    [iter 14222622] reheat + diversify: ceiling=0.00, value=67295.0
    [iter 14228375] reheat + diversify: ceiling=0.00, value=69061.0
    [iter 14234128] reheat + diversify: ceiling=0.00, value=65822.0
    [iter 14239881] reheat + diversify: ceiling=0.00, value=75308.0
    [iter 14245634] reheat + diversify: ceiling=0.00, value=71631.0
    [iter 14251387] reheat + diversify: ceiling=0.00, value=90353.0
    [iter 14257140] reheat + diversify: ceiling=0.00, value=77195.0
    [iter 14262893] reheat + diversify: ceiling=0.00, value=77214.0
    [iter 14268646] reheat + diversify: ceiling=0.00, value=73835.0
    [iter 14274399] reheat + diversify: ceiling=0.00, value=77195.0
    [iter 14280152] reheat + diversify: ceiling=0.00, value=88587.0
    [iter 14285905] reheat + diversify: ceiling=0.00, value=63935.0
    [iter 14291658] reheat + diversify: ceiling=0.00, value=78980.0
    [iter 14297411] reheat + diversify: ceiling=0.00, value=86012.0
    [iter 14303164] reheat + diversify: ceiling=0.00, value=92138.0
    [iter 14308917] reheat + diversify: ceiling=0.00, value=79765.0
    [iter 14314670] reheat + diversify: ceiling=0.00, value=64599.0
    [iter 14320423] reheat + diversify: ceiling=0.00, value=87466.0
    [iter 14326176] reheat + diversify: ceiling=0.00, value=86676.0
    [iter 14331929] reheat + diversify: ceiling=0.00, value=86676.0
    [iter 14337682] reheat + diversify: ceiling=0.00, value=63935.0
    [iter 14343435] reheat + diversify: ceiling=0.00, value=85891.0
    [iter 14349188] reheat + diversify: ceiling=0.00, value=77195.0
    [iter 14354941] reheat + diversify: ceiling=0.00, value=93240.0
    [iter 14360694] reheat + diversify: ceiling=0.00, value=85891.0
    [iter 14366447] reheat + diversify: ceiling=0.00, value=94815.0
    [iter 14372200] reheat + diversify: ceiling=0.00, value=70846.0
    [iter 14377953] reheat + diversify: ceiling=0.00, value=104296.0
    [iter 14383706] reheat + diversify: ceiling=0.00, value=71948.0
    [iter 14389459] reheat + diversify: ceiling=0.00, value=70846.0
    [iter 14395212] reheat + diversify: ceiling=0.00, value=86993.0
    [iter 14400965] reheat + diversify: ceiling=0.00, value=76410.0
    [iter 14406718] reheat + diversify: ceiling=0.00, value=84106.0
    [iter 14412471] reheat + diversify: ceiling=0.00, value=97385.0
    [iter 14418224] reheat + diversify: ceiling=0.00, value=73854.0
    [iter 14423977] reheat + diversify: ceiling=0.00, value=89251.0
    [iter 14429730] reheat + diversify: ceiling=0.00, value=86012.0
    [iter 14435483] reheat + diversify: ceiling=0.00, value=91138.0
    [iter 14441236] reheat + diversify: ceiling=0.00, value=71948.0
    [iter 14446989] reheat + diversify: ceiling=0.00, value=75620.0
    [iter 14452742] reheat + diversify: ceiling=0.00, value=75308.0
    [iter 14458495] reheat + diversify: ceiling=0.00, value=86012.0
    [iter 14464248] reheat + diversify: ceiling=0.00, value=58790.0
    [iter 14470001] reheat + diversify: ceiling=0.00, value=65720.0
    [iter 14475754] reheat + diversify: ceiling=0.00, value=90353.0
    [iter 14481507] reheat + diversify: ceiling=0.00, value=56586.0
    [iter 14487260] reheat + diversify: ceiling=0.00, value=85891.0
    [iter 14493013] reheat + diversify: ceiling=0.00, value=65822.0
    [iter 14498766] reheat + diversify: ceiling=0.00, value=75308.0
    [iter 14504519] reheat + diversify: ceiling=0.00, value=75303.0
    [iter 14510272] reheat + diversify: ceiling=0.00, value=90353.0
    [iter 14516025] reheat + diversify: ceiling=0.00, value=66803.0
    [iter 14521778] reheat + diversify: ceiling=0.00, value=91455.0
    [iter 14527531] reheat + diversify: ceiling=0.00, value=74518.0
    [iter 14533284] reheat + diversify: ceiling=0.00, value=55430.0
    [iter 14539037] reheat + diversify: ceiling=0.00, value=79765.0
    [iter 14544790] reheat + diversify: ceiling=0.00, value=91138.0
    [iter 14550543] reheat + diversify: ceiling=0.00, value=80082.0
    [iter 14556296] reheat + diversify: ceiling=0.00, value=85891.0
    [iter 14562049] reheat + diversify: ceiling=0.00, value=82340.0
    [iter 14567802] reheat + diversify: ceiling=0.00, value=54016.0
    [iter 14573555] reheat + diversify: ceiling=0.00, value=78980.0
    [iter 14579308] reheat + diversify: ceiling=0.00, value=83442.0
    [iter 14585061] reheat + diversify: ceiling=0.00, value=71631.0
    [iter 14590814] reheat + diversify: ceiling=0.00, value=73523.0
    [iter 14596567] reheat + diversify: ceiling=0.00, value=70163.0
    [iter 14602320] reheat + diversify: ceiling=0.00, value=67295.0
    [iter 14608073] reheat + diversify: ceiling=0.00, value=78297.0
    [iter 14613826] reheat + diversify: ceiling=0.00, value=91138.0
    [iter 14619579] reheat + diversify: ceiling=0.00, value=79644.0
    [iter 14625332] reheat + diversify: ceiling=0.00, value=53543.0
    [iter 14631085] reheat + diversify: ceiling=0.00, value=63935.0
    [iter 14636838] reheat + diversify: ceiling=0.00, value=72069.0
    [iter 14642591] reheat + diversify: ceiling=0.00, value=83004.0
    [iter 14648344] reheat + diversify: ceiling=0.00, value=69061.0
    [iter 14654097] reheat + diversify: ceiling=0.00, value=62814.0
    [iter 14659850] reheat + diversify: ceiling=0.00, value=91138.0
    [iter 14665603] reheat + diversify: ceiling=0.00, value=70846.0
    [iter 14671356] reheat + diversify: ceiling=0.00, value=69061.0
    [iter 14677109] reheat + diversify: ceiling=0.00, value=83004.0
    [iter 14682862] reheat + diversify: ceiling=0.00, value=85891.0
    [iter 14688615] reheat + diversify: ceiling=0.00, value=75308.0
    [iter 14694368] reheat + diversify: ceiling=0.00, value=70182.0
    [iter 14700121] reheat + diversify: ceiling=0.00, value=75991.0
    [iter 14705874] reheat + diversify: ceiling=0.00, value=73050.0
    [iter 14711627] reheat + diversify: ceiling=0.00, value=58790.0
    [iter 14717380] reheat + diversify: ceiling=0.00, value=91138.0
    [iter 14723133] reheat + diversify: ceiling=0.00, value=65822.0
    [iter 14728886] reheat + diversify: ceiling=0.00, value=58790.0
    [iter 14734639] reheat + diversify: ceiling=0.00, value=86012.0
    [iter 14740392] reheat + diversify: ceiling=0.00, value=70182.0
    [iter 14746145] reheat + diversify: ceiling=0.00, value=79765.0
    [iter 14751898] reheat + diversify: ceiling=0.00, value=48452.0
    [iter 14757651] reheat + diversify: ceiling=0.00, value=86012.0
    [iter 14763404] reheat + diversify: ceiling=0.00, value=91138.0
    [iter 14769157] reheat + diversify: ceiling=0.00, value=69061.0
    [iter 14774910] reheat + diversify: ceiling=0.00, value=66486.0
    [iter 14780663] reheat + diversify: ceiling=0.00, value=84106.0
    [iter 14786416] reheat + diversify: ceiling=0.00, value=71948.0
    [iter 14792169] reheat + diversify: ceiling=0.00, value=70967.0
    [iter 14797922] reheat + diversify: ceiling=0.00, value=57688.0
    [iter 14803675] reheat + diversify: ceiling=0.00, value=86012.0
    [iter 14809428] reheat + diversify: ceiling=0.00, value=93240.0
    [iter 14815181] reheat + diversify: ceiling=0.00, value=86676.0
    [iter 14820934] reheat + diversify: ceiling=0.00, value=90353.0
    [iter 14826687] reheat + diversify: ceiling=0.00, value=87466.0
    [iter 14832440] reheat + diversify: ceiling=0.00, value=77195.0
    [iter 14838193] reheat + diversify: ceiling=0.00, value=90353.0
    [iter 14843946] reheat + diversify: ceiling=0.00, value=79644.0
    [iter 14849699] reheat + diversify: ceiling=0.00, value=91455.0
    [iter 14855452] reheat + diversify: ceiling=0.00, value=79765.0
    [iter 14861205] reheat + diversify: ceiling=0.00, value=86012.0
    [iter 14866958] reheat + diversify: ceiling=0.00, value=83004.0
    [iter 14872711] reheat + diversify: ceiling=0.00, value=77195.0
    [iter 14878464] reheat + diversify: ceiling=0.00, value=65720.0
    [iter 14884217] reheat + diversify: ceiling=0.00, value=91138.0
    [iter 14889970] reheat + diversify: ceiling=0.00, value=67295.0
    [iter 14895723] reheat + diversify: ceiling=0.00, value=86012.0
    [iter 14901476] reheat + diversify: ceiling=0.00, value=64720.0
    [iter 14907229] reheat + diversify: ceiling=0.00, value=58688.0
    [iter 14912982] reheat + diversify: ceiling=0.00, value=85227.0
    [iter 14918735] reheat + diversify: ceiling=0.00, value=65822.0
    [iter 14924488] reheat + diversify: ceiling=0.00, value=91138.0
    [iter 14930241] reheat + diversify: ceiling=0.00, value=90353.0
    [iter 14935994] reheat + diversify: ceiling=0.00, value=70967.0
    [iter 14941747] reheat + diversify: ceiling=0.00, value=58790.0
    [iter 14947500] reheat + diversify: ceiling=0.00, value=62833.0
    [iter 14953253] reheat + diversify: ceiling=0.00, value=75308.0
    [iter 14959006] reheat + diversify: ceiling=0.00, value=74518.0
    [iter 14964759] reheat + diversify: ceiling=0.00, value=88568.0
    [iter 14970512] reheat + diversify: ceiling=0.00, value=63935.0
    [iter 14976265] reheat + diversify: ceiling=0.00, value=86012.0
    [iter 14982018] reheat + diversify: ceiling=0.00, value=63497.0
    [iter 14987771] reheat + diversify: ceiling=0.00, value=77878.0
    [iter 14993524] reheat + diversify: ceiling=0.00, value=94025.0
    [iter 14999277] reheat + diversify: ceiling=0.00, value=71948.0
    [iter 15005030] reheat + diversify: ceiling=0.00, value=82340.0
    [iter 15010783] reheat + diversify: ceiling=0.00, value=57024.0
    [iter 15016536] reheat + diversify: ceiling=0.00, value=80765.0
    [iter 15022289] reheat + diversify: ceiling=0.00, value=67295.0
    [iter 15028042] reheat + diversify: ceiling=0.00, value=85891.0
    [iter 15033795] reheat + diversify: ceiling=0.00, value=59580.0
    [iter 15039548] reheat + diversify: ceiling=0.00, value=72069.0
    [iter 15045301] reheat + diversify: ceiling=0.00, value=93240.0
    [iter 15051054] reheat + diversify: ceiling=0.00, value=63935.0
    [iter 15056807] reheat + diversify: ceiling=0.00, value=79644.0
    [iter 15062560] reheat + diversify: ceiling=0.00, value=86012.0
    [iter 15068313] reheat + diversify: ceiling=0.00, value=92240.0
    [iter 15074066] reheat + diversify: ceiling=0.00, value=83004.0
    [iter 15079819] reheat + diversify: ceiling=0.00, value=68392.0
    [iter 15085572] reheat + diversify: ceiling=0.00, value=65720.0
    [iter 15091325] reheat + diversify: ceiling=0.00, value=86993.0
    [iter 15097078] reheat + diversify: ceiling=0.00, value=54016.0
    [iter 15102831] reheat + diversify: ceiling=0.00, value=81550.0
    [iter 15108584] reheat + diversify: ceiling=0.00, value=79765.0
    [iter 15114337] reheat + diversify: ceiling=0.00, value=86993.0
    [iter 15120090] reheat + diversify: ceiling=0.00, value=62814.0
    [iter 15125843] reheat + diversify: ceiling=0.00, value=83004.0
    [iter 15131596] reheat + diversify: ceiling=0.00, value=81550.0
    [iter 15137349] reheat + diversify: ceiling=0.00, value=72752.0
    [iter 15143102] reheat + diversify: ceiling=0.00, value=85891.0
    [iter 15148855] reheat + diversify: ceiling=0.00, value=86012.0
    [iter 15154608] reheat + diversify: ceiling=0.00, value=71948.0
    [iter 15160361] reheat + diversify: ceiling=0.00, value=58478.0
    [iter 15166114] reheat + diversify: ceiling=0.00, value=79765.0
    [iter 15171867] reheat + diversify: ceiling=0.00, value=97385.0
    [iter 15177620] reheat + diversify: ceiling=0.00, value=86012.0
    [iter 15183373] reheat + diversify: ceiling=0.00, value=91138.0
    [iter 15189126] reheat + diversify: ceiling=0.00, value=86012.0
    [iter 15194879] reheat + diversify: ceiling=0.00, value=75620.0
    [iter 15200632] reheat + diversify: ceiling=0.00, value=69846.0
    [iter 15206385] reheat + diversify: ceiling=0.00, value=74937.0
    [iter 15212138] reheat + diversify: ceiling=0.00, value=94025.0
    [iter 15217891] reheat + diversify: ceiling=0.00, value=85891.0
    [iter 15223644] reheat + diversify: ceiling=0.00, value=86676.0
    [iter 15229397] reheat + diversify: ceiling=0.00, value=70163.0
    [iter 15235150] reheat + diversify: ceiling=0.00, value=69061.0
    [iter 15240903] reheat + diversify: ceiling=0.00, value=77878.0
    [iter 15246656] reheat + diversify: ceiling=0.00, value=72069.0
    [iter 15252409] reheat + diversify: ceiling=0.00, value=73050.0
    [iter 15258162] reheat + diversify: ceiling=0.00, value=86993.0
    [iter 15263915] reheat + diversify: ceiling=0.00, value=46632.0
    [iter 15269668] reheat + diversify: ceiling=0.00, value=99170.0
    [iter 15275421] reheat + diversify: ceiling=0.00, value=88568.0
    [iter 15281174] reheat + diversify: ceiling=0.00, value=86012.0
    [iter 15286927] reheat + diversify: ceiling=0.00, value=64725.0
    [iter 15292680] reheat + diversify: ceiling=0.00, value=50656.0
    [iter 15298433] reheat + diversify: ceiling=0.00, value=92138.0
    [iter 15304186] reheat + diversify: ceiling=0.00, value=80867.0
    [iter 15309939] reheat + diversify: ceiling=0.00, value=69080.0
    [iter 15315692] reheat + diversify: ceiling=0.00, value=93240.0
    [iter 15321445] reheat + diversify: ceiling=0.00, value=108758.0
    [iter 15327198] reheat + diversify: ceiling=0.00, value=72733.0
    [iter 15332951] reheat + diversify: ceiling=0.00, value=98049.0
    [iter 15338704] reheat + diversify: ceiling=0.00, value=57688.0
    [iter 15344457] reheat + diversify: ceiling=0.00, value=87466.0
    [iter 15350210] reheat + diversify: ceiling=0.00, value=70182.0
    [iter 15355963] reheat + diversify: ceiling=0.00, value=86012.0
    [iter 15361716] reheat + diversify: ceiling=0.00, value=97385.0
    [iter 15367469] reheat + diversify: ceiling=0.00, value=63935.0
    [iter 15373222] reheat + diversify: ceiling=0.00, value=63935.0
    [iter 15378975] reheat + diversify: ceiling=0.00, value=86012.0
    [iter 15384728] reheat + diversify: ceiling=0.00, value=61360.0
    [iter 15390481] reheat + diversify: ceiling=0.00, value=82340.0
    [iter 15396234] reheat + diversify: ceiling=0.00, value=83004.0
    [iter 15401987] reheat + diversify: ceiling=0.00, value=87466.0
    [iter 15407740] reheat + diversify: ceiling=0.00, value=91138.0
    [iter 15413493] reheat + diversify: ceiling=0.00, value=86012.0
    [iter 15419246] reheat + diversify: ceiling=0.00, value=66803.0
    [iter 15424999] reheat + diversify: ceiling=0.00, value=87778.0
    [iter 15430752] reheat + diversify: ceiling=0.00, value=85891.0
    [iter 15436505] reheat + diversify: ceiling=0.00, value=63935.0
    [iter 15442258] reheat + diversify: ceiling=0.00, value=82340.0
    [iter 15448011] reheat + diversify: ceiling=0.00, value=82340.0
    [iter 15453764] reheat + diversify: ceiling=0.00, value=82340.0
    [iter 15459517] reheat + diversify: ceiling=0.00, value=72421.0
    [iter 15465270] reheat + diversify: ceiling=0.00, value=80867.0
    [iter 15471023] reheat + diversify: ceiling=0.00, value=75308.0
    [iter 15476776] reheat + diversify: ceiling=0.00, value=108758.0
    [iter 15482529] reheat + diversify: ceiling=0.00, value=85891.0
    [iter 15488282] reheat + diversify: ceiling=0.00, value=96600.0
    [iter 15494035] reheat + diversify: ceiling=0.00, value=78542.0
    [iter 15499788] reheat + diversify: ceiling=0.00, value=58790.0
    [iter 15505541] reheat + diversify: ceiling=0.00, value=50656.0
    [iter 15511294] reheat + diversify: ceiling=0.00, value=92138.0
    [iter 15517047] reheat + diversify: ceiling=0.00, value=84106.0
    [iter 15522800] reheat + diversify: ceiling=0.00, value=75308.0
    [iter 15528553] reheat + diversify: ceiling=0.00, value=86012.0
    [iter 15534306] reheat + diversify: ceiling=0.00, value=62150.0
    [iter 15540059] reheat + diversify: ceiling=0.00, value=78980.0
    [iter 15545812] reheat + diversify: ceiling=0.00, value=87466.0
    [iter 15551565] reheat + diversify: ceiling=0.00, value=71631.0
    [iter 15557318] reheat + diversify: ceiling=0.00, value=85891.0
    [iter 15563071] reheat + diversify: ceiling=0.00, value=90353.0
    [iter 15568824] reheat + diversify: ceiling=0.00, value=86012.0
    [iter 15574577] reheat + diversify: ceiling=0.00, value=75303.0
    [iter 15580330] reheat + diversify: ceiling=0.00, value=58790.0
    [iter 15586083] reheat + diversify: ceiling=0.00, value=76093.0
    [iter 15591836] reheat + diversify: ceiling=0.00, value=86676.0
    [iter 15597589] reheat + diversify: ceiling=0.00, value=71948.0
    [iter 15603342] reheat + diversify: ceiling=0.00, value=85891.0
    [iter 15609095] reheat + diversify: ceiling=0.00, value=68709.0
    [iter 15614848] reheat + diversify: ceiling=0.00, value=76093.0
    [iter 15620601] reheat + diversify: ceiling=0.00, value=82340.0
    [iter 15626354] reheat + diversify: ceiling=0.00, value=61048.0
    [iter 15632107] reheat + diversify: ceiling=0.00, value=90353.0
    [iter 15637860] reheat + diversify: ceiling=0.00, value=83004.0
    [iter 15643613] reheat + diversify: ceiling=0.00, value=86676.0
    [iter 15649366] reheat + diversify: ceiling=0.00, value=79644.0
    [iter 15655119] reheat + diversify: ceiling=0.00, value=92240.0
    [iter 15660872] reheat + diversify: ceiling=0.00, value=90353.0
    [iter 15666625] reheat + diversify: ceiling=0.00, value=72752.0
    [iter 15672378] reheat + diversify: ceiling=0.00, value=65701.0
    [iter 15678131] reheat + diversify: ceiling=0.00, value=53352.0
    [iter 15683884] reheat + diversify: ceiling=0.00, value=66486.0
    [iter 15689637] reheat + diversify: ceiling=0.00, value=92240.0
    [iter 15695390] reheat + diversify: ceiling=0.00, value=70182.0
    [iter 15701143] reheat + diversify: ceiling=0.00, value=104296.0
    [iter 15706896] reheat + diversify: ceiling=0.00, value=91138.0
    [iter 15712649] reheat + diversify: ceiling=0.00, value=85891.0
    [iter 15718402] reheat + diversify: ceiling=0.00, value=70182.0
    [iter 15724155] reheat + diversify: ceiling=0.00, value=83004.0
    [iter 15729908] reheat + diversify: ceiling=0.00, value=70967.0
    [iter 15735661] reheat + diversify: ceiling=0.00, value=71948.0
    [iter 15741414] reheat + diversify: ceiling=0.00, value=76410.0
    [iter 15747167] reheat + diversify: ceiling=0.00, value=86676.0
    [iter 15752920] reheat + diversify: ceiling=0.00, value=72069.0
    [iter 15758673] reheat + diversify: ceiling=0.00, value=61677.0
    [iter 15764426] reheat + diversify: ceiling=0.00, value=86676.0
    [iter 15770179] reheat + diversify: ceiling=0.00, value=74206.0
    [iter 15775932] reheat + diversify: ceiling=0.00, value=77195.0
  time limit reached at iteration 15781153
  SA finished: 15781153 iterations in 900.0s (17535 it/s), accepted 7597607 (48.1%), rejected 8183545, neutral 7314734 (46.4%), worsening accepted 3.3%, no-move draws 0, reheats 2742
  SA: value 108758.0 (greedy 85910.0, +22848.0), bound 154428.0, gap 29.57%, util 68.5%
  report -> /home/mcaspar/3DMHKP/results_3DMHKP_ep3/ep3-20-U-C-50-3DMHKP-SA-a0.999-r0.25-t900s.txt

================================================================================================
SUMMARY
================================================================================================
instance      boxes  packed       greedy     SA value        bound      gap    util    iters    time
------------------------------------------------------------------------------------------------
ep3-20-U-C-50     20       8      85910.0     108758.0     154428.0   29.6%   68.5% 15781153  900.0s
------------------------------------------------------------------------------------------------
proven optimal (value reaches the upper bound): 0/1
improved over greedy: 1/1 (total value 85910.0 -> 108758.0, +26.60%)
mean gap to 0-1 knapsack bound: 29.6%
mean volume utilization: 68.5%
