============================================================
  Solver:     3DMHKP-SA.py
  Instance:   /home/mcaspar/3DMHKP/Egeblad/ep3-20-D-R-50.txt
  Value mode: flat
  Timelimit:  900s
  Reports:    /home/mcaspar/3DMHKP/results_3DMHKP_ep3
  CPUs:       1
============================================================
======================================================================
3DMHKP Simulated Annealing (random single-neighbour, sequence decoder)
SA params: T0=5% of f(S_0), alpha=0.999, T_min=0.001, reheat_threshold=5753, reheat_fraction=0.25
Move weights: {'relocate': 0.0, 'swap': 1.0, '2opt': 0.0, 'promote': 1.5, 'demote': 1.5, 'orient': 1.0, 'container': 0.5}
Time limit: 900.0s per instance, seed 2043760852
======================================================================

======================================================================
ep3-20-D-R-50: 20 boxes (20 types), 1 containers (1 types)
  0-1 knapsack bound: 19298.0 (continuous relaxation: 19604.2)
  initial (value-density) decode: value 9182.0 (12/20 boxes)
  T0 = 952.5 (calibrated, 75 worsening draws, target accept 35%)
  schedule: time-based, T0 -> 217.15 over 900s
    [iter 1] *** NEW BEST: value 10941.0, boxes 11/20, T=952.5, elapsed=0.2s
    [iter 6] *** NEW BEST: value 14170.0, boxes 11/20, T=952.3, elapsed=0.2s
    [iter 20] *** NEW BEST: value 14543.0, boxes 11/20, T=952.2, elapsed=0.2s
    [iter 24] *** NEW BEST: value 14762.0, boxes 12/20, T=952.2, elapsed=0.2s
    [iter 26] *** NEW BEST: value 15565.0, boxes 12/20, T=952.2, elapsed=0.2s
    [iter 821] *** NEW BEST: value 15857.0, boxes 11/20, T=952.1, elapsed=0.3s
    [iter 3654] *** NEW BEST: value 16153.0, boxes 11/20, T=951.6, elapsed=0.6s
    [iter 9407] reheat + diversify: ceiling=238.14, value=12890.0
    [iter 14811] *** NEW BEST: value 16165.0, boxes 13/20, T=949.7, elapsed=1.8s
    [iter 20564] reheat + diversify: ceiling=214.32, value=11945.0
    [iter 26317] reheat + diversify: ceiling=192.89, value=10814.0
    [iter 32070] reheat + diversify: ceiling=173.60, value=13121.0
    [iter 37823] reheat + diversify: ceiling=156.24, value=12418.0
    [iter 43576] reheat + diversify: ceiling=140.62, value=12339.0
    [iter 49329] reheat + diversify: ceiling=126.56, value=12907.0
    [iter 55082] reheat + diversify: ceiling=113.90, value=13572.0
    [iter 60835] reheat + diversify: ceiling=102.51, value=11314.0
    [iter 66588] reheat + diversify: ceiling=92.26, value=12638.0
    [iter 72341] reheat + diversify: ceiling=83.03, value=13366.0
    [iter 78094] reheat + diversify: ceiling=74.73, value=13537.0
    [iter 83847] reheat + diversify: ceiling=67.26, value=12965.0
    [iter 89600] reheat + diversify: ceiling=60.53, value=10786.0
    [iter 95353] reheat + diversify: ceiling=54.48, value=13348.0
    [iter 101106] reheat + diversify: ceiling=49.03, value=10723.0
    [iter 106859] reheat + diversify: ceiling=44.13, value=14086.0
    [iter 112612] reheat + diversify: ceiling=39.71, value=11457.0
    [iter 118365] reheat + diversify: ceiling=35.74, value=12313.0
    [iter 124118] reheat + diversify: ceiling=32.17, value=12348.0
    [iter 129871] reheat + diversify: ceiling=28.95, value=12062.0
    [iter 135624] reheat + diversify: ceiling=26.06, value=12773.0
    [iter 141377] reheat + diversify: ceiling=23.45, value=13732.0
    [iter 147130] reheat + diversify: ceiling=21.11, value=11132.0
    [iter 152883] reheat + diversify: ceiling=19.00, value=12541.0
    [iter 158636] reheat + diversify: ceiling=17.10, value=11936.0
    [iter 164389] reheat + diversify: ceiling=15.39, value=12091.0
    [iter 170142] reheat + diversify: ceiling=13.85, value=11598.0
    [iter 175895] reheat + diversify: ceiling=12.46, value=9636.0
    [iter 181648] reheat + diversify: ceiling=11.22, value=13613.0
    [iter 187401] reheat + diversify: ceiling=10.09, value=11740.0
    [iter 193154] reheat + diversify: ceiling=9.09, value=13337.0
    [iter 198907] reheat + diversify: ceiling=8.18, value=9313.0
    [iter 204660] reheat + diversify: ceiling=7.36, value=11990.0
    [iter 210413] reheat + diversify: ceiling=6.62, value=11853.0
    [iter 216166] reheat + diversify: ceiling=5.96, value=11581.0
    [iter 221919] reheat + diversify: ceiling=5.36, value=13115.0
    [iter 227672] reheat + diversify: ceiling=4.83, value=13572.0
    [iter 233425] reheat + diversify: ceiling=4.35, value=10663.0
    [iter 239178] reheat + diversify: ceiling=3.91, value=9265.0
    [iter 244931] reheat + diversify: ceiling=3.52, value=11526.0
    [iter 250684] reheat + diversify: ceiling=3.17, value=13217.0
    [iter 256437] reheat + diversify: ceiling=2.85, value=13193.0
    [iter 262190] reheat + diversify: ceiling=2.57, value=11569.0
    [iter 267943] reheat + diversify: ceiling=2.31, value=12187.0
    [iter 273696] reheat + diversify: ceiling=2.08, value=10307.0
    [iter 279449] reheat + diversify: ceiling=1.87, value=12914.0
    [iter 285202] reheat + diversify: ceiling=1.68, value=11458.0
    [iter 290955] reheat + diversify: ceiling=1.52, value=14023.0
    [iter 296708] reheat + diversify: ceiling=1.36, value=9666.0
    [iter 302461] reheat + diversify: ceiling=1.23, value=9741.0
    [iter 308214] reheat + diversify: ceiling=1.10, value=11794.0
    [iter 313967] reheat + diversify: ceiling=0.99, value=8687.0
    [iter 319720] reheat + diversify: ceiling=0.89, value=10564.0
    [iter 325473] reheat + diversify: ceiling=0.81, value=9991.0
    [iter 331226] reheat + diversify: ceiling=0.72, value=10982.0
    [iter 336979] reheat + diversify: ceiling=0.65, value=11941.0
    [iter 342732] reheat + diversify: ceiling=0.59, value=9128.0
    [iter 348485] reheat + diversify: ceiling=0.53, value=9016.0
    [iter 354238] reheat + diversify: ceiling=0.48, value=12949.0
    [iter 359991] reheat + diversify: ceiling=0.43, value=11860.0
    [iter 365744] reheat + diversify: ceiling=0.39, value=13159.0
    [iter 371497] reheat + diversify: ceiling=0.35, value=12337.0
    [iter 377250] reheat + diversify: ceiling=0.31, value=10269.0
    [iter 383003] reheat + diversify: ceiling=0.28, value=12447.0
    [iter 388756] reheat + diversify: ceiling=0.25, value=10857.0
    [iter 394509] reheat + diversify: ceiling=0.23, value=12970.0
    [iter 400262] reheat + diversify: ceiling=0.20, value=13245.0
    [iter 406015] reheat + diversify: ceiling=0.18, value=11299.0
    [iter 411768] reheat + diversify: ceiling=0.17, value=11949.0
    [iter 417521] reheat + diversify: ceiling=0.15, value=9733.0
    [iter 423274] reheat + diversify: ceiling=0.13, value=11909.0
    [iter 429027] reheat + diversify: ceiling=0.12, value=9239.0
    [iter 434780] reheat + diversify: ceiling=0.11, value=12294.0
    [iter 440533] reheat + diversify: ceiling=0.10, value=11354.0
    [iter 446286] reheat + diversify: ceiling=0.09, value=10799.0
    [iter 452039] reheat + diversify: ceiling=0.08, value=13384.0
    [iter 457792] reheat + diversify: ceiling=0.07, value=13389.0
    [iter 463545] reheat + diversify: ceiling=0.06, value=11490.0
    [iter 469298] reheat + diversify: ceiling=0.06, value=12238.0
    [iter 475051] reheat + diversify: ceiling=0.05, value=12541.0
    [iter 480804] reheat + diversify: ceiling=0.05, value=10791.0
    [iter 486557] reheat + diversify: ceiling=0.04, value=11949.0
    [iter 492310] reheat + diversify: ceiling=0.04, value=11200.0
    [iter 498063] reheat + diversify: ceiling=0.03, value=10834.0
    [iter 503816] reheat + diversify: ceiling=0.03, value=12056.0
    [iter 509569] reheat + diversify: ceiling=0.03, value=14132.0
    [iter 515322] reheat + diversify: ceiling=0.02, value=13474.0
    [iter 521075] reheat + diversify: ceiling=0.02, value=10967.0
    [iter 526828] reheat + diversify: ceiling=0.02, value=12515.0
    [iter 532581] reheat + diversify: ceiling=0.02, value=9967.0
    [iter 538334] reheat + diversify: ceiling=0.02, value=8908.0
    [iter 544087] reheat + diversify: ceiling=0.01, value=12010.0
    [iter 549840] reheat + diversify: ceiling=0.01, value=9583.0
    [iter 555593] reheat + diversify: ceiling=0.01, value=10981.0
    [iter 561346] reheat + diversify: ceiling=0.01, value=12260.0
    [iter 567099] reheat + diversify: ceiling=0.01, value=12497.0
    [iter 572852] reheat + diversify: ceiling=0.01, value=13761.0
    [iter 578605] reheat + diversify: ceiling=0.01, value=10897.0
    [iter 584358] reheat + diversify: ceiling=0.01, value=10202.0
    [iter 590111] reheat + diversify: ceiling=0.01, value=11457.0
    [iter 595864] reheat + diversify: ceiling=0.01, value=10562.0
    [iter 601617] reheat + diversify: ceiling=0.01, value=13232.0
    [iter 607370] reheat + diversify: ceiling=0.00, value=11839.0
    [iter 613123] reheat + diversify: ceiling=0.00, value=11518.0
    [iter 618876] reheat + diversify: ceiling=0.00, value=10589.0
    [iter 624629] reheat + diversify: ceiling=0.00, value=13578.0
    [iter 630382] reheat + diversify: ceiling=0.00, value=12012.0
    [iter 636135] reheat + diversify: ceiling=0.00, value=13520.0
    [iter 641888] reheat + diversify: ceiling=0.00, value=7258.0
    [iter 647641] reheat + diversify: ceiling=0.00, value=10692.0
    [iter 653394] reheat + diversify: ceiling=0.00, value=12897.0
    [iter 659147] reheat + diversify: ceiling=0.00, value=10387.0
    [iter 664900] reheat + diversify: ceiling=0.00, value=11240.0
    [iter 670653] reheat + diversify: ceiling=0.00, value=11897.0
    [iter 676406] reheat + diversify: ceiling=0.00, value=10188.0
    [iter 682159] reheat + diversify: ceiling=0.00, value=11165.0
    [iter 687912] reheat + diversify: ceiling=0.00, value=12509.0
    [iter 693665] reheat + diversify: ceiling=0.00, value=13550.0
    [iter 699418] reheat + diversify: ceiling=0.00, value=9535.0
    [iter 705171] reheat + diversify: ceiling=0.00, value=13921.0
    [iter 710924] reheat + diversify: ceiling=0.00, value=11543.0
    [iter 716677] reheat + diversify: ceiling=0.00, value=11767.0
    [iter 722430] reheat + diversify: ceiling=0.00, value=14451.0
    [iter 728183] reheat + diversify: ceiling=0.00, value=11748.0
    [iter 733936] reheat + diversify: ceiling=0.00, value=12509.0
    [iter 739689] reheat + diversify: ceiling=0.00, value=13492.0
    [iter 745442] reheat + diversify: ceiling=0.00, value=8522.0
    [iter 751195] reheat + diversify: ceiling=0.00, value=10406.0
    [iter 756948] reheat + diversify: ceiling=0.00, value=12389.0
    [iter 762701] reheat + diversify: ceiling=0.00, value=12389.0
    [iter 768454] reheat + diversify: ceiling=0.00, value=13448.0
    [iter 774207] reheat + diversify: ceiling=0.00, value=10998.0
    [iter 779960] reheat + diversify: ceiling=0.00, value=13817.0
    [iter 785713] reheat + diversify: ceiling=0.00, value=13178.0
    [iter 791466] reheat + diversify: ceiling=0.00, value=12314.0
    [iter 797219] reheat + diversify: ceiling=0.00, value=12515.0
    [iter 802972] reheat + diversify: ceiling=0.00, value=11594.0
    [iter 808725] reheat + diversify: ceiling=0.00, value=12328.0
    [iter 814478] reheat + diversify: ceiling=0.00, value=12274.0
    [iter 820231] reheat + diversify: ceiling=0.00, value=10266.0
    [iter 825984] reheat + diversify: ceiling=0.00, value=10578.0
    [iter 831737] reheat + diversify: ceiling=0.00, value=10225.0
    [iter 837490] reheat + diversify: ceiling=0.00, value=12073.0
    [iter 843243] reheat + diversify: ceiling=0.00, value=7180.0
    [iter 848996] reheat + diversify: ceiling=0.00, value=12712.0
    [iter 854749] reheat + diversify: ceiling=0.00, value=13298.0
    [iter 860502] reheat + diversify: ceiling=0.00, value=9967.0
    [iter 866255] reheat + diversify: ceiling=0.00, value=13066.0
    [iter 872008] reheat + diversify: ceiling=0.00, value=14497.0
    [iter 877761] reheat + diversify: ceiling=0.00, value=11839.0
    [iter 883514] reheat + diversify: ceiling=0.00, value=12601.0
    [iter 889267] reheat + diversify: ceiling=0.00, value=10711.0
    [iter 895020] reheat + diversify: ceiling=0.00, value=12389.0
    [iter 900773] reheat + diversify: ceiling=0.00, value=10776.0
    [iter 906526] reheat + diversify: ceiling=0.00, value=14769.0
    [iter 912279] reheat + diversify: ceiling=0.00, value=13316.0
    [iter 918032] reheat + diversify: ceiling=0.00, value=13117.0
    [iter 923785] reheat + diversify: ceiling=0.00, value=9967.0
    [iter 929538] reheat + diversify: ceiling=0.00, value=14163.0
    [iter 935291] reheat + diversify: ceiling=0.00, value=9128.0
    [iter 941044] reheat + diversify: ceiling=0.00, value=11949.0
    [iter 946797] reheat + diversify: ceiling=0.00, value=10942.0
    [iter 952550] reheat + diversify: ceiling=0.00, value=11739.0
    [iter 958303] reheat + diversify: ceiling=0.00, value=11492.0
    [iter 964056] reheat + diversify: ceiling=0.00, value=13075.0
    [iter 969809] reheat + diversify: ceiling=0.00, value=12043.0
    [iter 975562] reheat + diversify: ceiling=0.00, value=10067.0
    [iter 981315] reheat + diversify: ceiling=0.00, value=11550.0
    [iter 987068] reheat + diversify: ceiling=0.00, value=12062.0
    [iter 992821] reheat + diversify: ceiling=0.00, value=11594.0
    [iter 998574] reheat + diversify: ceiling=0.00, value=11940.0
    [iter 1004327] reheat + diversify: ceiling=0.00, value=11489.0
    [iter 1010080] reheat + diversify: ceiling=0.00, value=11883.0
    [iter 1015833] reheat + diversify: ceiling=0.00, value=11657.0
    [iter 1021586] reheat + diversify: ceiling=0.00, value=11459.0
    [iter 1027339] reheat + diversify: ceiling=0.00, value=11603.0
    [iter 1033092] reheat + diversify: ceiling=0.00, value=13564.0
    [iter 1038845] reheat + diversify: ceiling=0.00, value=12348.0
    [iter 1044598] reheat + diversify: ceiling=0.00, value=12596.0
    [iter 1050351] reheat + diversify: ceiling=0.00, value=11457.0
    [iter 1056104] reheat + diversify: ceiling=0.00, value=11140.0
    [iter 1061857] reheat + diversify: ceiling=0.00, value=14708.0
    [iter 1067610] reheat + diversify: ceiling=0.00, value=12174.0
    [iter 1073363] reheat + diversify: ceiling=0.00, value=12140.0
    [iter 1079116] reheat + diversify: ceiling=0.00, value=10998.0
    [iter 1084869] reheat + diversify: ceiling=0.00, value=15076.0
    [iter 1090622] reheat + diversify: ceiling=0.00, value=11708.0
    [iter 1096375] reheat + diversify: ceiling=0.00, value=11638.0
    [iter 1102128] reheat + diversify: ceiling=0.00, value=11671.0
    [iter 1107881] reheat + diversify: ceiling=0.00, value=9286.0
    [iter 1113634] reheat + diversify: ceiling=0.00, value=12141.0
    [iter 1119387] reheat + diversify: ceiling=0.00, value=10184.0
    [iter 1125140] reheat + diversify: ceiling=0.00, value=10474.0
    [iter 1130893] reheat + diversify: ceiling=0.00, value=11363.0
    [iter 1136646] reheat + diversify: ceiling=0.00, value=13771.0
    [iter 1142399] reheat + diversify: ceiling=0.00, value=12025.0
    [iter 1148152] reheat + diversify: ceiling=0.00, value=11058.0
    [iter 1153905] reheat + diversify: ceiling=0.00, value=11881.0
    [iter 1159658] reheat + diversify: ceiling=0.00, value=12313.0
    [iter 1165411] reheat + diversify: ceiling=0.00, value=11942.0
    [iter 1171164] reheat + diversify: ceiling=0.00, value=13490.0
    [iter 1176917] reheat + diversify: ceiling=0.00, value=15795.0
    [iter 1182670] reheat + diversify: ceiling=0.00, value=12638.0
    [iter 1188423] reheat + diversify: ceiling=0.00, value=9415.0
    [iter 1194176] reheat + diversify: ceiling=0.00, value=14499.0
    [iter 1199929] reheat + diversify: ceiling=0.00, value=9967.0
    [iter 1205682] reheat + diversify: ceiling=0.00, value=13847.0
    [iter 1211435] reheat + diversify: ceiling=0.00, value=12850.0
    [iter 1217188] reheat + diversify: ceiling=0.00, value=10871.0
    [iter 1222941] reheat + diversify: ceiling=0.00, value=11708.0
    [iter 1228694] reheat + diversify: ceiling=0.00, value=10913.0
    [iter 1234447] reheat + diversify: ceiling=0.00, value=12382.0
    [iter 1240200] reheat + diversify: ceiling=0.00, value=8953.0
    [iter 1245953] reheat + diversify: ceiling=0.00, value=11512.0
    [iter 1251706] reheat + diversify: ceiling=0.00, value=13567.0
    [iter 1257459] reheat + diversify: ceiling=0.00, value=11647.0
    [iter 1263212] reheat + diversify: ceiling=0.00, value=12618.0
    [iter 1268965] reheat + diversify: ceiling=0.00, value=10149.0
    [iter 1274718] reheat + diversify: ceiling=0.00, value=13232.0
    [iter 1280471] reheat + diversify: ceiling=0.00, value=10960.0
    [iter 1286224] reheat + diversify: ceiling=0.00, value=10982.0
    [iter 1291977] reheat + diversify: ceiling=0.00, value=10446.0
    [iter 1297730] reheat + diversify: ceiling=0.00, value=11389.0
    [iter 1303483] reheat + diversify: ceiling=0.00, value=12672.0
    [iter 1309236] reheat + diversify: ceiling=0.00, value=10581.0
    [iter 1314989] reheat + diversify: ceiling=0.00, value=13132.0
    [iter 1320742] reheat + diversify: ceiling=0.00, value=10535.0
    [iter 1326495] reheat + diversify: ceiling=0.00, value=13035.0
    [iter 1332248] reheat + diversify: ceiling=0.00, value=8239.0
    [iter 1338001] reheat + diversify: ceiling=0.00, value=13761.0
    [iter 1343754] reheat + diversify: ceiling=0.00, value=9565.0
    [iter 1349507] reheat + diversify: ceiling=0.00, value=8694.0
    [iter 1355260] reheat + diversify: ceiling=0.00, value=11688.0
    [iter 1361013] reheat + diversify: ceiling=0.00, value=12254.0
    [iter 1366766] reheat + diversify: ceiling=0.00, value=14132.0
    [iter 1372519] reheat + diversify: ceiling=0.00, value=12375.0
    [iter 1378272] reheat + diversify: ceiling=0.00, value=12949.0
    [iter 1384025] reheat + diversify: ceiling=0.00, value=10990.0
    [iter 1389778] reheat + diversify: ceiling=0.00, value=11893.0
    [iter 1395531] reheat + diversify: ceiling=0.00, value=12445.0
    [iter 1401284] reheat + diversify: ceiling=0.00, value=11914.0
    [iter 1407037] reheat + diversify: ceiling=0.00, value=12412.0
    [iter 1412790] reheat + diversify: ceiling=0.00, value=13694.0
    [iter 1418543] reheat + diversify: ceiling=0.00, value=12918.0
    [iter 1424296] reheat + diversify: ceiling=0.00, value=13218.0
    [iter 1430049] reheat + diversify: ceiling=0.00, value=9867.0
    [iter 1435802] reheat + diversify: ceiling=0.00, value=12064.0
    [iter 1441555] reheat + diversify: ceiling=0.00, value=12025.0
    [iter 1447308] reheat + diversify: ceiling=0.00, value=10974.0
    [iter 1453061] reheat + diversify: ceiling=0.00, value=11708.0
    [iter 1458814] reheat + diversify: ceiling=0.00, value=12415.0
    [iter 1464567] reheat + diversify: ceiling=0.00, value=9459.0
    [iter 1470320] reheat + diversify: ceiling=0.00, value=12407.0
    [iter 1476073] reheat + diversify: ceiling=0.00, value=11897.0
    [iter 1481826] reheat + diversify: ceiling=0.00, value=11631.0
    [iter 1487579] reheat + diversify: ceiling=0.00, value=12685.0
    [iter 1493332] reheat + diversify: ceiling=0.00, value=13093.0
    [iter 1499085] reheat + diversify: ceiling=0.00, value=12163.0
    [iter 1504838] reheat + diversify: ceiling=0.00, value=12777.0
    [iter 1510591] reheat + diversify: ceiling=0.00, value=12116.0
    [iter 1516344] reheat + diversify: ceiling=0.00, value=12314.0
    [iter 1522097] reheat + diversify: ceiling=0.00, value=13593.0
    [iter 1527850] reheat + diversify: ceiling=0.00, value=11360.0
    [iter 1533603] reheat + diversify: ceiling=0.00, value=14224.0
    [iter 1539356] reheat + diversify: ceiling=0.00, value=10177.0
    [iter 1545109] reheat + diversify: ceiling=0.00, value=14017.0
    [iter 1550862] reheat + diversify: ceiling=0.00, value=8560.0
    [iter 1556615] reheat + diversify: ceiling=0.00, value=12317.0
    [iter 1562368] reheat + diversify: ceiling=0.00, value=13492.0
    [iter 1568121] reheat + diversify: ceiling=0.00, value=12641.0
    [iter 1573874] reheat + diversify: ceiling=0.00, value=12326.0
    [iter 1579627] reheat + diversify: ceiling=0.00, value=13697.0
    [iter 1585380] reheat + diversify: ceiling=0.00, value=10982.0
    [iter 1591133] reheat + diversify: ceiling=0.00, value=12115.0
    [iter 1596886] reheat + diversify: ceiling=0.00, value=11559.0
    [iter 1602639] reheat + diversify: ceiling=0.00, value=13914.0
    [iter 1608392] reheat + diversify: ceiling=0.00, value=13720.0
    [iter 1614145] reheat + diversify: ceiling=0.00, value=13130.0
    [iter 1619898] reheat + diversify: ceiling=0.00, value=10647.0
    [iter 1625651] reheat + diversify: ceiling=0.00, value=10968.0
    [iter 1631404] reheat + diversify: ceiling=0.00, value=13490.0
    [iter 1637157] reheat + diversify: ceiling=0.00, value=11941.0
    [iter 1642910] reheat + diversify: ceiling=0.00, value=13777.0
    [iter 1648663] reheat + diversify: ceiling=0.00, value=9861.0
    [iter 1654416] reheat + diversify: ceiling=0.00, value=11140.0
    [iter 1660169] reheat + diversify: ceiling=0.00, value=13648.0
    [iter 1665922] reheat + diversify: ceiling=0.00, value=15022.0
    [iter 1671675] reheat + diversify: ceiling=0.00, value=13525.0
    [iter 1677428] reheat + diversify: ceiling=0.00, value=11240.0
    [iter 1683181] reheat + diversify: ceiling=0.00, value=7277.0
    [iter 1688934] reheat + diversify: ceiling=0.00, value=9128.0
    [iter 1694687] reheat + diversify: ceiling=0.00, value=12618.0
    [iter 1700440] reheat + diversify: ceiling=0.00, value=12389.0
    [iter 1706193] reheat + diversify: ceiling=0.00, value=9492.0
    [iter 1711946] reheat + diversify: ceiling=0.00, value=11914.0
    [iter 1717699] reheat + diversify: ceiling=0.00, value=11258.0
    [iter 1723452] reheat + diversify: ceiling=0.00, value=11389.0
    [iter 1729205] reheat + diversify: ceiling=0.00, value=14821.0
    [iter 1734958] reheat + diversify: ceiling=0.00, value=8912.0
    [iter 1740711] reheat + diversify: ceiling=0.00, value=11557.0
    [iter 1746464] reheat + diversify: ceiling=0.00, value=12617.0
    [iter 1752217] reheat + diversify: ceiling=0.00, value=11988.0
    [iter 1757970] reheat + diversify: ceiling=0.00, value=12233.0
    [iter 1763723] reheat + diversify: ceiling=0.00, value=10585.0
    [iter 1769476] reheat + diversify: ceiling=0.00, value=12822.0
    [iter 1775229] reheat + diversify: ceiling=0.00, value=12686.0
    [iter 1780982] reheat + diversify: ceiling=0.00, value=10177.0
    [iter 1786735] reheat + diversify: ceiling=0.00, value=10699.0
    [iter 1792488] reheat + diversify: ceiling=0.00, value=10973.0
    [iter 1798241] reheat + diversify: ceiling=0.00, value=13778.0
    [iter 1803994] reheat + diversify: ceiling=0.00, value=14787.0
    [iter 1809747] reheat + diversify: ceiling=0.00, value=12659.0
    [iter 1815500] reheat + diversify: ceiling=0.00, value=7336.0
    [iter 1821253] reheat + diversify: ceiling=0.00, value=12428.0
    [iter 1827006] reheat + diversify: ceiling=0.00, value=11487.0
    [iter 1832759] reheat + diversify: ceiling=0.00, value=10764.0
    [iter 1838512] reheat + diversify: ceiling=0.00, value=11949.0
    [iter 1844265] reheat + diversify: ceiling=0.00, value=11124.0
    [iter 1850018] reheat + diversify: ceiling=0.00, value=12949.0
    [iter 1855771] reheat + diversify: ceiling=0.00, value=11601.0
    [iter 1861524] reheat + diversify: ceiling=0.00, value=12238.0
    [iter 1867277] reheat + diversify: ceiling=0.00, value=9967.0
    [iter 1873030] reheat + diversify: ceiling=0.00, value=10391.0
    [iter 1878783] reheat + diversify: ceiling=0.00, value=7976.0
    [iter 1884536] reheat + diversify: ceiling=0.00, value=9860.0
    [iter 1890289] reheat + diversify: ceiling=0.00, value=12222.0
    [iter 1896042] reheat + diversify: ceiling=0.00, value=13089.0
    [iter 1901795] reheat + diversify: ceiling=0.00, value=11558.0
    [iter 1907548] reheat + diversify: ceiling=0.00, value=8081.0
    [iter 1913301] reheat + diversify: ceiling=0.00, value=12790.0
    [iter 1919054] reheat + diversify: ceiling=0.00, value=11231.0
    [iter 1924807] reheat + diversify: ceiling=0.00, value=12868.0
    [iter 1930560] reheat + diversify: ceiling=0.00, value=11709.0
    [iter 1936313] reheat + diversify: ceiling=0.00, value=14085.0
    [iter 1942066] reheat + diversify: ceiling=0.00, value=13038.0
    [iter 1947819] reheat + diversify: ceiling=0.00, value=11944.0
    [iter 1953572] reheat + diversify: ceiling=0.00, value=8992.0
    [iter 1959325] reheat + diversify: ceiling=0.00, value=10193.0
    [iter 1965078] reheat + diversify: ceiling=0.00, value=11816.0
    [iter 1970831] reheat + diversify: ceiling=0.00, value=9967.0
    [iter 1976584] reheat + diversify: ceiling=0.00, value=14076.0
    [iter 1982337] reheat + diversify: ceiling=0.00, value=12504.0
    [iter 1988090] reheat + diversify: ceiling=0.00, value=14252.0
    [iter 1993843] reheat + diversify: ceiling=0.00, value=14113.0
    [iter 1999596] reheat + diversify: ceiling=0.00, value=13117.0
    [iter 2005349] reheat + diversify: ceiling=0.00, value=10982.0
    [iter 2011102] reheat + diversify: ceiling=0.00, value=12130.0
    [iter 2016855] reheat + diversify: ceiling=0.00, value=13232.0
    [iter 2022608] reheat + diversify: ceiling=0.00, value=13572.0
    [iter 2028361] reheat + diversify: ceiling=0.00, value=12617.0
    [iter 2034114] reheat + diversify: ceiling=0.00, value=13130.0
    [iter 2039867] reheat + diversify: ceiling=0.00, value=11771.0
    [iter 2045620] reheat + diversify: ceiling=0.00, value=10998.0
    [iter 2051373] reheat + diversify: ceiling=0.00, value=13371.0
    [iter 2057126] reheat + diversify: ceiling=0.00, value=8337.0
    [iter 2062879] reheat + diversify: ceiling=0.00, value=11206.0
    [iter 2068632] reheat + diversify: ceiling=0.00, value=9870.0
    [iter 2074385] reheat + diversify: ceiling=0.00, value=9789.0
    [iter 2080138] reheat + diversify: ceiling=0.00, value=12672.0
    [iter 2085891] reheat + diversify: ceiling=0.00, value=11245.0
    [iter 2091644] reheat + diversify: ceiling=0.00, value=12548.0
    [iter 2097397] reheat + diversify: ceiling=0.00, value=11723.0
    [iter 2103150] reheat + diversify: ceiling=0.00, value=10906.0
    [iter 2108903] reheat + diversify: ceiling=0.00, value=14024.0
    [iter 2114656] reheat + diversify: ceiling=0.00, value=11732.0
    [iter 2120409] reheat + diversify: ceiling=0.00, value=11823.0
    [iter 2126162] reheat + diversify: ceiling=0.00, value=12140.0
    [iter 2131915] reheat + diversify: ceiling=0.00, value=12965.0
    [iter 2137668] reheat + diversify: ceiling=0.00, value=12898.0
    [iter 2143421] reheat + diversify: ceiling=0.00, value=13609.0
    [iter 2149174] reheat + diversify: ceiling=0.00, value=13824.0
    [iter 2154927] reheat + diversify: ceiling=0.00, value=14708.0
    [iter 2160680] reheat + diversify: ceiling=0.00, value=12560.0
    [iter 2166433] reheat + diversify: ceiling=0.00, value=9254.0
    [iter 2172186] reheat + diversify: ceiling=0.00, value=13490.0
    [iter 2177939] reheat + diversify: ceiling=0.00, value=13240.0
    [iter 2183692] reheat + diversify: ceiling=0.00, value=14377.0
    [iter 2189445] reheat + diversify: ceiling=0.00, value=10667.0
    [iter 2195198] reheat + diversify: ceiling=0.00, value=10351.0
    [iter 2200951] reheat + diversify: ceiling=0.00, value=10569.0
    [iter 2206704] reheat + diversify: ceiling=0.00, value=12988.0
    [iter 2212457] reheat + diversify: ceiling=0.00, value=11165.0
    [iter 2218210] reheat + diversify: ceiling=0.00, value=13400.0
    [iter 2223963] reheat + diversify: ceiling=0.00, value=14686.0
    [iter 2229716] reheat + diversify: ceiling=0.00, value=12646.0
    [iter 2235469] reheat + diversify: ceiling=0.00, value=13618.0
    [iter 2241222] reheat + diversify: ceiling=0.00, value=11200.0
    [iter 2246975] reheat + diversify: ceiling=0.00, value=12415.0
    [iter 2252728] reheat + diversify: ceiling=0.00, value=12150.0
    [iter 2258481] reheat + diversify: ceiling=0.00, value=12062.0
    [iter 2264234] reheat + diversify: ceiling=0.00, value=13514.0
    [iter 2269987] reheat + diversify: ceiling=0.00, value=10957.0
    [iter 2275740] reheat + diversify: ceiling=0.00, value=14824.0
    [iter 2281493] reheat + diversify: ceiling=0.00, value=12268.0
    [iter 2287246] reheat + diversify: ceiling=0.00, value=10760.0
    [iter 2292999] reheat + diversify: ceiling=0.00, value=11692.0
    [iter 2298752] reheat + diversify: ceiling=0.00, value=11573.0
    [iter 2304505] reheat + diversify: ceiling=0.00, value=12294.0
    [iter 2310258] reheat + diversify: ceiling=0.00, value=14318.0
    [iter 2316011] reheat + diversify: ceiling=0.00, value=10566.0
    [iter 2321764] reheat + diversify: ceiling=0.00, value=13492.0
    [iter 2327517] reheat + diversify: ceiling=0.00, value=12627.0
    [iter 2333270] reheat + diversify: ceiling=0.00, value=12634.0
    [iter 2339023] reheat + diversify: ceiling=0.00, value=9463.0
    [iter 2344776] reheat + diversify: ceiling=0.00, value=12066.0
    [iter 2350529] reheat + diversify: ceiling=0.00, value=13937.0
    [iter 2356282] reheat + diversify: ceiling=0.00, value=12235.0
    [iter 2362035] reheat + diversify: ceiling=0.00, value=10560.0
    [iter 2367788] reheat + diversify: ceiling=0.00, value=12322.0
    [iter 2373541] reheat + diversify: ceiling=0.00, value=8239.0
    [iter 2379294] reheat + diversify: ceiling=0.00, value=11163.0
    [iter 2385047] reheat + diversify: ceiling=0.00, value=12520.0
    [iter 2390800] reheat + diversify: ceiling=0.00, value=13461.0
    [iter 2396553] reheat + diversify: ceiling=0.00, value=9957.0
    [iter 2402306] reheat + diversify: ceiling=0.00, value=12213.0
    [iter 2408059] reheat + diversify: ceiling=0.00, value=11897.0
    [iter 2413812] reheat + diversify: ceiling=0.00, value=7309.0
    [iter 2419565] reheat + diversify: ceiling=0.00, value=9030.0
    [iter 2425318] reheat + diversify: ceiling=0.00, value=10897.0
    [iter 2431071] reheat + diversify: ceiling=0.00, value=11800.0
    [iter 2436824] reheat + diversify: ceiling=0.00, value=12027.0
    [iter 2442577] reheat + diversify: ceiling=0.00, value=12686.0
    [iter 2448330] reheat + diversify: ceiling=0.00, value=11440.0
    [iter 2454083] reheat + diversify: ceiling=0.00, value=10982.0
    [iter 2459836] reheat + diversify: ceiling=0.00, value=14394.0
    [iter 2465589] reheat + diversify: ceiling=0.00, value=13444.0
    [iter 2471342] reheat + diversify: ceiling=0.00, value=6779.0
    [iter 2477095] reheat + diversify: ceiling=0.00, value=10585.0
    [iter 2482848] reheat + diversify: ceiling=0.00, value=13913.0
    [iter 2488601] reheat + diversify: ceiling=0.00, value=14013.0
    [iter 2494354] reheat + diversify: ceiling=0.00, value=11082.0
    [iter 2500107] reheat + diversify: ceiling=0.00, value=12235.0
    [iter 2505860] reheat + diversify: ceiling=0.00, value=12893.0
    [iter 2511613] reheat + diversify: ceiling=0.00, value=9975.0
    [iter 2517366] reheat + diversify: ceiling=0.00, value=13282.0
    [iter 2523119] reheat + diversify: ceiling=0.00, value=13073.0
    [iter 2528872] reheat + diversify: ceiling=0.00, value=10438.0
    [iter 2534625] reheat + diversify: ceiling=0.00, value=13058.0
    [iter 2540378] reheat + diversify: ceiling=0.00, value=12264.0
    [iter 2546131] reheat + diversify: ceiling=0.00, value=9957.0
    [iter 2551884] reheat + diversify: ceiling=0.00, value=13080.0
    [iter 2557637] reheat + diversify: ceiling=0.00, value=14375.0
    [iter 2563390] reheat + diversify: ceiling=0.00, value=11342.0
    [iter 2569143] reheat + diversify: ceiling=0.00, value=14067.0
    [iter 2574896] reheat + diversify: ceiling=0.00, value=14132.0
    [iter 2580649] reheat + diversify: ceiling=0.00, value=14005.0
    [iter 2586402] reheat + diversify: ceiling=0.00, value=11269.0
    [iter 2592155] reheat + diversify: ceiling=0.00, value=12969.0
    [iter 2597908] reheat + diversify: ceiling=0.00, value=13905.0
    [iter 2603661] reheat + diversify: ceiling=0.00, value=12541.0
    [iter 2609414] reheat + diversify: ceiling=0.00, value=13193.0
    [iter 2615167] reheat + diversify: ceiling=0.00, value=12238.0
    [iter 2620920] reheat + diversify: ceiling=0.00, value=14630.0
    [iter 2626673] reheat + diversify: ceiling=0.00, value=11417.0
    [iter 2632426] reheat + diversify: ceiling=0.00, value=12894.0
    [iter 2638179] reheat + diversify: ceiling=0.00, value=12734.0
    [iter 2643932] reheat + diversify: ceiling=0.00, value=11942.0
    [iter 2649685] reheat + diversify: ceiling=0.00, value=13459.0
    [iter 2655438] reheat + diversify: ceiling=0.00, value=11748.0
    [iter 2661191] reheat + diversify: ceiling=0.00, value=11634.0
    [iter 2666944] reheat + diversify: ceiling=0.00, value=11708.0
    [iter 2672697] reheat + diversify: ceiling=0.00, value=9391.0
    [iter 2678450] reheat + diversify: ceiling=0.00, value=12050.0
    [iter 2684203] reheat + diversify: ceiling=0.00, value=11629.0
    [iter 2689956] reheat + diversify: ceiling=0.00, value=11821.0
    [iter 2695709] reheat + diversify: ceiling=0.00, value=10998.0
    [iter 2701462] reheat + diversify: ceiling=0.00, value=13073.0
    [iter 2707215] reheat + diversify: ceiling=0.00, value=8946.0
    [iter 2712968] reheat + diversify: ceiling=0.00, value=12308.0
    [iter 2718721] reheat + diversify: ceiling=0.00, value=12171.0
    [iter 2724474] reheat + diversify: ceiling=0.00, value=11536.0
    [iter 2730227] reheat + diversify: ceiling=0.00, value=10108.0
    [iter 2735980] reheat + diversify: ceiling=0.00, value=13879.0
    [iter 2741733] reheat + diversify: ceiling=0.00, value=10315.0
    [iter 2747486] reheat + diversify: ceiling=0.00, value=9157.0
    [iter 2753239] reheat + diversify: ceiling=0.00, value=12171.0
    [iter 2758992] reheat + diversify: ceiling=0.00, value=12894.0
    [iter 2764745] reheat + diversify: ceiling=0.00, value=9661.0
    [iter 2770498] reheat + diversify: ceiling=0.00, value=10687.0
    [iter 2776251] reheat + diversify: ceiling=0.00, value=10666.0
    [iter 2782004] reheat + diversify: ceiling=0.00, value=11256.0
    [iter 2787757] reheat + diversify: ceiling=0.00, value=12407.0
    [iter 2793510] reheat + diversify: ceiling=0.00, value=12056.0
    [iter 2799263] reheat + diversify: ceiling=0.00, value=11692.0
    [iter 2805016] reheat + diversify: ceiling=0.00, value=14773.0
    [iter 2810769] reheat + diversify: ceiling=0.00, value=12389.0
    [iter 2816522] reheat + diversify: ceiling=0.00, value=11188.0
    [iter 2822275] reheat + diversify: ceiling=0.00, value=11558.0
    [iter 2828028] reheat + diversify: ceiling=0.00, value=13171.0
    [iter 2833781] reheat + diversify: ceiling=0.00, value=12201.0
    [iter 2839534] reheat + diversify: ceiling=0.00, value=13164.0
    [iter 2845287] reheat + diversify: ceiling=0.00, value=11641.0
    [iter 2851040] reheat + diversify: ceiling=0.00, value=13817.0
    [iter 2856793] reheat + diversify: ceiling=0.00, value=13572.0
    [iter 2862546] reheat + diversify: ceiling=0.00, value=12597.0
    [iter 2868299] reheat + diversify: ceiling=0.00, value=12747.0
    [iter 2874052] reheat + diversify: ceiling=0.00, value=13222.0
    [iter 2879805] reheat + diversify: ceiling=0.00, value=14024.0
    [iter 2885558] reheat + diversify: ceiling=0.00, value=12583.0
    [iter 2891311] reheat + diversify: ceiling=0.00, value=12739.0
    [iter 2897064] reheat + diversify: ceiling=0.00, value=9262.0
    [iter 2902817] reheat + diversify: ceiling=0.00, value=14038.0
    [iter 2908570] reheat + diversify: ceiling=0.00, value=13010.0
    [iter 2914323] reheat + diversify: ceiling=0.00, value=10847.0
    [iter 2920076] reheat + diversify: ceiling=0.00, value=11058.0
    [iter 2925829] reheat + diversify: ceiling=0.00, value=13275.0
    [iter 2931582] reheat + diversify: ceiling=0.00, value=13914.0
    [iter 2937335] reheat + diversify: ceiling=0.00, value=13101.0
    [iter 2943088] reheat + diversify: ceiling=0.00, value=12672.0
    [iter 2948841] reheat + diversify: ceiling=0.00, value=8362.0
    [iter 2954594] reheat + diversify: ceiling=0.00, value=12999.0
    [iter 2960347] reheat + diversify: ceiling=0.00, value=14521.0
    [iter 2966100] reheat + diversify: ceiling=0.00, value=10786.0
    [iter 2971853] reheat + diversify: ceiling=0.00, value=11881.0
    [iter 2977606] reheat + diversify: ceiling=0.00, value=11263.0
    [iter 2983359] reheat + diversify: ceiling=0.00, value=13548.0
    [iter 2989112] reheat + diversify: ceiling=0.00, value=13711.0
    [iter 2994865] reheat + diversify: ceiling=0.00, value=12285.0
    [iter 3000618] reheat + diversify: ceiling=0.00, value=13064.0
    [iter 3006371] reheat + diversify: ceiling=0.00, value=11612.0
    [iter 3012124] reheat + diversify: ceiling=0.00, value=10286.0
    [iter 3017877] reheat + diversify: ceiling=0.00, value=12415.0
    [iter 3023630] reheat + diversify: ceiling=0.00, value=11805.0
    [iter 3029383] reheat + diversify: ceiling=0.00, value=13018.0
    [iter 3035136] reheat + diversify: ceiling=0.00, value=13491.0
    [iter 3040889] reheat + diversify: ceiling=0.00, value=12749.0
    [iter 3046642] reheat + diversify: ceiling=0.00, value=11839.0
    [iter 3052395] reheat + diversify: ceiling=0.00, value=13130.0
    [iter 3058148] reheat + diversify: ceiling=0.00, value=13879.0
    [iter 3063901] reheat + diversify: ceiling=0.00, value=11371.0
    [iter 3069654] reheat + diversify: ceiling=0.00, value=11692.0
    [iter 3075407] reheat + diversify: ceiling=0.00, value=11617.0
    [iter 3081160] reheat + diversify: ceiling=0.00, value=9612.0
    [iter 3086913] reheat + diversify: ceiling=0.00, value=12172.0
    [iter 3092666] reheat + diversify: ceiling=0.00, value=12074.0
    [iter 3098419] reheat + diversify: ceiling=0.00, value=13565.0
    [iter 3104172] reheat + diversify: ceiling=0.00, value=11884.0
    [iter 3109925] reheat + diversify: ceiling=0.00, value=11990.0
    [iter 3115678] reheat + diversify: ceiling=0.00, value=12918.0
    [iter 3121431] reheat + diversify: ceiling=0.00, value=12894.0
    [iter 3127184] reheat + diversify: ceiling=0.00, value=10398.0
    [iter 3132937] reheat + diversify: ceiling=0.00, value=11617.0
    [iter 3138690] reheat + diversify: ceiling=0.00, value=12815.0
    [iter 3144443] reheat + diversify: ceiling=0.00, value=9980.0
    [iter 3150196] reheat + diversify: ceiling=0.00, value=10832.0
    [iter 3155949] reheat + diversify: ceiling=0.00, value=13201.0
    [iter 3161702] reheat + diversify: ceiling=0.00, value=11385.0
    [iter 3167455] reheat + diversify: ceiling=0.00, value=13777.0
    [iter 3173208] reheat + diversify: ceiling=0.00, value=9991.0
    [iter 3178961] reheat + diversify: ceiling=0.00, value=10068.0
    [iter 3184714] reheat + diversify: ceiling=0.00, value=13241.0
    [iter 3190467] reheat + diversify: ceiling=0.00, value=11253.0
    [iter 3196220] reheat + diversify: ceiling=0.00, value=10006.0
    [iter 3201973] reheat + diversify: ceiling=0.00, value=12317.0
    [iter 3207726] reheat + diversify: ceiling=0.00, value=12515.0
    [iter 3213479] reheat + diversify: ceiling=0.00, value=13178.0
    [iter 3219232] reheat + diversify: ceiling=0.00, value=9990.0
    [iter 3224985] reheat + diversify: ceiling=0.00, value=11342.0
    [iter 3230738] reheat + diversify: ceiling=0.00, value=13093.0
    [iter 3236491] reheat + diversify: ceiling=0.00, value=10998.0
    [iter 3242244] reheat + diversify: ceiling=0.00, value=9967.0
    [iter 3247997] reheat + diversify: ceiling=0.00, value=12872.0
    [iter 3253750] reheat + diversify: ceiling=0.00, value=11693.0
    [iter 3259503] reheat + diversify: ceiling=0.00, value=10387.0
    [iter 3265256] reheat + diversify: ceiling=0.00, value=10847.0
    [iter 3271009] reheat + diversify: ceiling=0.00, value=10701.0
    [iter 3276762] reheat + diversify: ceiling=0.00, value=13509.0
    [iter 3282515] reheat + diversify: ceiling=0.00, value=12189.0
    [iter 3288268] reheat + diversify: ceiling=0.00, value=12907.0
    [iter 3294021] reheat + diversify: ceiling=0.00, value=12565.0
    [iter 3299774] reheat + diversify: ceiling=0.00, value=12667.0
    [iter 3305527] reheat + diversify: ceiling=0.00, value=11321.0
    [iter 3311280] reheat + diversify: ceiling=0.00, value=14520.0
    [iter 3317033] reheat + diversify: ceiling=0.00, value=14521.0
    [iter 3322786] reheat + diversify: ceiling=0.00, value=12565.0
    [iter 3328539] reheat + diversify: ceiling=0.00, value=12601.0
    [iter 3334292] reheat + diversify: ceiling=0.00, value=8724.0
    [iter 3340045] reheat + diversify: ceiling=0.00, value=13881.0
    [iter 3345798] reheat + diversify: ceiling=0.00, value=10141.0
    [iter 3351551] reheat + diversify: ceiling=0.00, value=8161.0
    [iter 3357304] reheat + diversify: ceiling=0.00, value=11457.0
    [iter 3363057] reheat + diversify: ceiling=0.00, value=10888.0
    [iter 3368810] reheat + diversify: ceiling=0.00, value=12254.0
    [iter 3374563] reheat + diversify: ceiling=0.00, value=8678.0
    [iter 3380316] reheat + diversify: ceiling=0.00, value=11638.0
    [iter 3386069] reheat + diversify: ceiling=0.00, value=13125.0
    [iter 3391822] reheat + diversify: ceiling=0.00, value=14150.0
    [iter 3397575] reheat + diversify: ceiling=0.00, value=13275.0
    [iter 3403328] reheat + diversify: ceiling=0.00, value=12459.0
    [iter 3409081] reheat + diversify: ceiling=0.00, value=14148.0
    [iter 3414834] reheat + diversify: ceiling=0.00, value=11631.0
    [iter 3420587] reheat + diversify: ceiling=0.00, value=9927.0
    [iter 3426340] reheat + diversify: ceiling=0.00, value=7535.0
    [iter 3432093] reheat + diversify: ceiling=0.00, value=11025.0
    [iter 3437846] reheat + diversify: ceiling=0.00, value=14524.0
    [iter 3443599] reheat + diversify: ceiling=0.00, value=10435.0
    [iter 3449352] reheat + diversify: ceiling=0.00, value=9967.0
    [iter 3455105] reheat + diversify: ceiling=0.00, value=11018.0
    [iter 3460858] reheat + diversify: ceiling=0.00, value=13041.0
    [iter 3466611] reheat + diversify: ceiling=0.00, value=13600.0
    [iter 3472364] reheat + diversify: ceiling=0.00, value=13164.0
    [iter 3478117] reheat + diversify: ceiling=0.00, value=13080.0
    [iter 3483870] reheat + diversify: ceiling=0.00, value=10760.0
    [iter 3489623] reheat + diversify: ceiling=0.00, value=13429.0
    [iter 3495376] reheat + diversify: ceiling=0.00, value=6382.0
    [iter 3501129] reheat + diversify: ceiling=0.00, value=10766.0
    [iter 3506882] reheat + diversify: ceiling=0.00, value=12764.0
    [iter 3512635] reheat + diversify: ceiling=0.00, value=10212.0
    [iter 3518388] reheat + diversify: ceiling=0.00, value=10438.0
    [iter 3524141] reheat + diversify: ceiling=0.00, value=12667.0
    [iter 3529894] reheat + diversify: ceiling=0.00, value=13282.0
    [iter 3535647] reheat + diversify: ceiling=0.00, value=13665.0
    [iter 3541400] reheat + diversify: ceiling=0.00, value=9990.0
    [iter 3547153] reheat + diversify: ceiling=0.00, value=13822.0
    [iter 3552906] reheat + diversify: ceiling=0.00, value=12814.0
    [iter 3558659] reheat + diversify: ceiling=0.00, value=10125.0
    [iter 3564412] reheat + diversify: ceiling=0.00, value=11758.0
    [iter 3570165] reheat + diversify: ceiling=0.00, value=14074.0
    [iter 3575918] reheat + diversify: ceiling=0.00, value=10810.0
    [iter 3581671] reheat + diversify: ceiling=0.00, value=12123.0
    [iter 3587424] reheat + diversify: ceiling=0.00, value=12892.0
    [iter 3593177] reheat + diversify: ceiling=0.00, value=14889.0
    [iter 3598930] reheat + diversify: ceiling=0.00, value=15120.0
    [iter 3604683] reheat + diversify: ceiling=0.00, value=13201.0
    [iter 3610436] reheat + diversify: ceiling=0.00, value=14248.0
    [iter 3616189] reheat + diversify: ceiling=0.00, value=14018.0
    [iter 3621942] reheat + diversify: ceiling=0.00, value=15098.0
    [iter 3627695] reheat + diversify: ceiling=0.00, value=12254.0
    [iter 3633448] reheat + diversify: ceiling=0.00, value=13117.0
    [iter 3639201] reheat + diversify: ceiling=0.00, value=11731.0
    [iter 3644954] reheat + diversify: ceiling=0.00, value=9509.0
    [iter 3650707] reheat + diversify: ceiling=0.00, value=13241.0
    [iter 3656460] reheat + diversify: ceiling=0.00, value=14889.0
    [iter 3662213] reheat + diversify: ceiling=0.00, value=11742.0
    [iter 3667966] reheat + diversify: ceiling=0.00, value=10402.0
    [iter 3673719] reheat + diversify: ceiling=0.00, value=12937.0
    [iter 3679472] reheat + diversify: ceiling=0.00, value=15543.0
    [iter 3685225] reheat + diversify: ceiling=0.00, value=11419.0
    [iter 3690978] reheat + diversify: ceiling=0.00, value=13609.0
    [iter 3696731] reheat + diversify: ceiling=0.00, value=13771.0
    [iter 3702484] reheat + diversify: ceiling=0.00, value=9906.0
    [iter 3708237] reheat + diversify: ceiling=0.00, value=14644.0
    [iter 3713990] reheat + diversify: ceiling=0.00, value=10278.0
    [iter 3719743] reheat + diversify: ceiling=0.00, value=13922.0
    [iter 3725496] reheat + diversify: ceiling=0.00, value=13118.0
    [iter 3731249] reheat + diversify: ceiling=0.00, value=11755.0
    [iter 3737002] reheat + diversify: ceiling=0.00, value=12337.0
    [iter 3742755] reheat + diversify: ceiling=0.00, value=12541.0
    [iter 3748508] reheat + diversify: ceiling=0.00, value=11137.0
    [iter 3754261] reheat + diversify: ceiling=0.00, value=12756.0
    [iter 3760014] reheat + diversify: ceiling=0.00, value=9059.0
    [iter 3765767] reheat + diversify: ceiling=0.00, value=14416.0
    [iter 3771520] reheat + diversify: ceiling=0.00, value=8231.0
    [iter 3777273] reheat + diversify: ceiling=0.00, value=12428.0
    [iter 3783026] reheat + diversify: ceiling=0.00, value=11868.0
    [iter 3788779] reheat + diversify: ceiling=0.00, value=11942.0
    [iter 3794532] reheat + diversify: ceiling=0.00, value=13017.0
    [iter 3800285] reheat + diversify: ceiling=0.00, value=10942.0
    [iter 3806038] reheat + diversify: ceiling=0.00, value=11534.0
    [iter 3811791] reheat + diversify: ceiling=0.00, value=9108.0
    [iter 3817544] reheat + diversify: ceiling=0.00, value=12641.0
    [iter 3823297] reheat + diversify: ceiling=0.00, value=12672.0
    [iter 3829050] reheat + diversify: ceiling=0.00, value=10522.0
    [iter 3834803] reheat + diversify: ceiling=0.00, value=11711.0
    [iter 3840556] reheat + diversify: ceiling=0.00, value=14085.0
    [iter 3846309] reheat + diversify: ceiling=0.00, value=10886.0
    [iter 3852062] reheat + diversify: ceiling=0.00, value=11897.0
    [iter 3857815] reheat + diversify: ceiling=0.00, value=12718.0
    [iter 3863568] reheat + diversify: ceiling=0.00, value=11490.0
    [iter 3869321] reheat + diversify: ceiling=0.00, value=12871.0
    [iter 3875074] reheat + diversify: ceiling=0.00, value=11156.0
    [iter 3880827] reheat + diversify: ceiling=0.00, value=10876.0
    [iter 3886580] reheat + diversify: ceiling=0.00, value=14132.0
    [iter 3892333] reheat + diversify: ceiling=0.00, value=13298.0
    [iter 3898086] reheat + diversify: ceiling=0.00, value=11455.0
    [iter 3903839] reheat + diversify: ceiling=0.00, value=13141.0
    [iter 3909592] reheat + diversify: ceiling=0.00, value=13017.0
    [iter 3915345] reheat + diversify: ceiling=0.00, value=12978.0
    [iter 3921098] reheat + diversify: ceiling=0.00, value=10834.0
    [iter 3926851] reheat + diversify: ceiling=0.00, value=9626.0
    [iter 3932604] reheat + diversify: ceiling=0.00, value=13773.0
    [iter 3938357] reheat + diversify: ceiling=0.00, value=11186.0
    [iter 3944110] reheat + diversify: ceiling=0.00, value=12428.0
    [iter 3949863] reheat + diversify: ceiling=0.00, value=10626.0
    [iter 3955616] reheat + diversify: ceiling=0.00, value=12991.0
    [iter 3961369] reheat + diversify: ceiling=0.00, value=10068.0
    [iter 3967122] reheat + diversify: ceiling=0.00, value=12096.0
    [iter 3972875] reheat + diversify: ceiling=0.00, value=11897.0
    [iter 3978628] reheat + diversify: ceiling=0.00, value=12139.0
    [iter 3984381] reheat + diversify: ceiling=0.00, value=9313.0
    [iter 3990134] reheat + diversify: ceiling=0.00, value=10514.0
    [iter 3995887] reheat + diversify: ceiling=0.00, value=12045.0
    [iter 4001640] reheat + diversify: ceiling=0.00, value=13966.0
    [iter 4007393] reheat + diversify: ceiling=0.00, value=11257.0
    [iter 4013146] reheat + diversify: ceiling=0.00, value=11678.0
    [iter 4018899] reheat + diversify: ceiling=0.00, value=10119.0
    [iter 4024652] reheat + diversify: ceiling=0.00, value=12389.0
    [iter 4030405] reheat + diversify: ceiling=0.00, value=11944.0
    [iter 4036158] reheat + diversify: ceiling=0.00, value=12073.0
    [iter 4041911] reheat + diversify: ceiling=0.00, value=10188.0
    [iter 4047664] reheat + diversify: ceiling=0.00, value=12101.0
    [iter 4053417] reheat + diversify: ceiling=0.00, value=11252.0
    [iter 4059170] reheat + diversify: ceiling=0.00, value=11942.0
    [iter 4064923] reheat + diversify: ceiling=0.00, value=11763.0
    [iter 4070676] reheat + diversify: ceiling=0.00, value=12439.0
    [iter 4076429] reheat + diversify: ceiling=0.00, value=11678.0
    [iter 4082182] reheat + diversify: ceiling=0.00, value=13824.0
    [iter 4087935] reheat + diversify: ceiling=0.00, value=10335.0
    [iter 4093688] reheat + diversify: ceiling=0.00, value=11156.0
    [iter 4099441] reheat + diversify: ceiling=0.00, value=12171.0
    [iter 4105194] reheat + diversify: ceiling=0.00, value=13348.0
    [iter 4110947] reheat + diversify: ceiling=0.00, value=13201.0
    [iter 4116700] reheat + diversify: ceiling=0.00, value=12566.0
    [iter 4122453] reheat + diversify: ceiling=0.00, value=12246.0
    [iter 4128206] reheat + diversify: ceiling=0.00, value=13646.0
    [iter 4133959] reheat + diversify: ceiling=0.00, value=14085.0
    [iter 4139712] reheat + diversify: ceiling=0.00, value=12342.0
    [iter 4145465] reheat + diversify: ceiling=0.00, value=9792.0
    [iter 4151218] reheat + diversify: ceiling=0.00, value=9972.0
    [iter 4156971] reheat + diversify: ceiling=0.00, value=11939.0
    [iter 4162724] reheat + diversify: ceiling=0.00, value=13038.0
    [iter 4168477] reheat + diversify: ceiling=0.00, value=10998.0
    [iter 4174230] reheat + diversify: ceiling=0.00, value=15565.0
    [iter 4179983] reheat + diversify: ceiling=0.00, value=9443.0
    [iter 4185736] reheat + diversify: ceiling=0.00, value=13593.0
    [iter 4191489] reheat + diversify: ceiling=0.00, value=12490.0
    [iter 4197242] reheat + diversify: ceiling=0.00, value=10043.0
    [iter 4202995] reheat + diversify: ceiling=0.00, value=10704.0
    [iter 4208748] reheat + diversify: ceiling=0.00, value=13989.0
    [iter 4214501] reheat + diversify: ceiling=0.00, value=8538.0
    [iter 4220254] reheat + diversify: ceiling=0.00, value=11965.0
    [iter 4226007] reheat + diversify: ceiling=0.00, value=12877.0
    [iter 4231760] reheat + diversify: ceiling=0.00, value=9892.0
    [iter 4237513] reheat + diversify: ceiling=0.00, value=12734.0
    [iter 4243266] reheat + diversify: ceiling=0.00, value=10840.0
    [iter 4249019] reheat + diversify: ceiling=0.00, value=14593.0
    [iter 4254772] reheat + diversify: ceiling=0.00, value=10692.0
    [iter 4260525] reheat + diversify: ceiling=0.00, value=11389.0
    [iter 4266278] reheat + diversify: ceiling=0.00, value=10610.0
    [iter 4272031] reheat + diversify: ceiling=0.00, value=14005.0
    [iter 4277784] reheat + diversify: ceiling=0.00, value=14152.0
    [iter 4283537] reheat + diversify: ceiling=0.00, value=13238.0
    [iter 4289290] reheat + diversify: ceiling=0.00, value=12177.0
    [iter 4295043] reheat + diversify: ceiling=0.00, value=14686.0
    [iter 4300796] reheat + diversify: ceiling=0.00, value=11140.0
    [iter 4306549] reheat + diversify: ceiling=0.00, value=14869.0
    [iter 4312302] reheat + diversify: ceiling=0.00, value=13778.0
    [iter 4318055] reheat + diversify: ceiling=0.00, value=9062.0
    [iter 4323808] reheat + diversify: ceiling=0.00, value=14702.0
    [iter 4329561] reheat + diversify: ceiling=0.00, value=10248.0
    [iter 4335314] reheat + diversify: ceiling=0.00, value=12591.0
    [iter 4341067] reheat + diversify: ceiling=0.00, value=11939.0
    [iter 4346820] reheat + diversify: ceiling=0.00, value=13013.0
    [iter 4352573] reheat + diversify: ceiling=0.00, value=10658.0
    [iter 4358326] reheat + diversify: ceiling=0.00, value=11490.0
    [iter 4364079] reheat + diversify: ceiling=0.00, value=11140.0
    [iter 4369832] reheat + diversify: ceiling=0.00, value=12930.0
    [iter 4375585] reheat + diversify: ceiling=0.00, value=13590.0
    [iter 4381338] reheat + diversify: ceiling=0.00, value=13017.0
    [iter 4387091] reheat + diversify: ceiling=0.00, value=13208.0
    [iter 4392844] reheat + diversify: ceiling=0.00, value=11676.0
    [iter 4398597] reheat + diversify: ceiling=0.00, value=12091.0
    [iter 4404350] reheat + diversify: ceiling=0.00, value=12043.0
    [iter 4410103] reheat + diversify: ceiling=0.00, value=12468.0
    [iter 4415856] reheat + diversify: ceiling=0.00, value=13474.0
    [iter 4421609] reheat + diversify: ceiling=0.00, value=12599.0
    [iter 4427362] reheat + diversify: ceiling=0.00, value=12073.0
    [iter 4433115] reheat + diversify: ceiling=0.00, value=12868.0
    [iter 4438868] reheat + diversify: ceiling=0.00, value=12231.0
    [iter 4444621] reheat + diversify: ceiling=0.00, value=10422.0
    [iter 4450374] reheat + diversify: ceiling=0.00, value=12604.0
    [iter 4456127] reheat + diversify: ceiling=0.00, value=13231.0
    [iter 4461880] reheat + diversify: ceiling=0.00, value=13269.0
    [iter 4467633] reheat + diversify: ceiling=0.00, value=10633.0
    [iter 4473386] reheat + diversify: ceiling=0.00, value=11475.0
    [iter 4479139] reheat + diversify: ceiling=0.00, value=13058.0
    [iter 4484892] reheat + diversify: ceiling=0.00, value=14220.0
    [iter 4490645] reheat + diversify: ceiling=0.00, value=10764.0
    [iter 4496398] reheat + diversify: ceiling=0.00, value=12418.0
    [iter 4502151] reheat + diversify: ceiling=0.00, value=12613.0
    [iter 4507904] reheat + diversify: ceiling=0.00, value=12949.0
    [iter 4513657] reheat + diversify: ceiling=0.00, value=9090.0
    [iter 4519410] reheat + diversify: ceiling=0.00, value=12314.0
    [iter 4525163] reheat + diversify: ceiling=0.00, value=10805.0
    [iter 4530916] reheat + diversify: ceiling=0.00, value=10885.0
    [iter 4536669] reheat + diversify: ceiling=0.00, value=11975.0
    [iter 4542422] reheat + diversify: ceiling=0.00, value=12664.0
    [iter 4548175] reheat + diversify: ceiling=0.00, value=13206.0
    [iter 4553928] reheat + diversify: ceiling=0.00, value=14195.0
    [iter 4559681] reheat + diversify: ceiling=0.00, value=7385.0
    [iter 4565434] reheat + diversify: ceiling=0.00, value=10211.0
    [iter 4571187] reheat + diversify: ceiling=0.00, value=12433.0
    [iter 4576940] reheat + diversify: ceiling=0.00, value=13525.0
    [iter 4582693] reheat + diversify: ceiling=0.00, value=10028.0
    [iter 4588446] reheat + diversify: ceiling=0.00, value=11898.0
    [iter 4594199] reheat + diversify: ceiling=0.00, value=9613.0
    [iter 4599952] reheat + diversify: ceiling=0.00, value=9165.0
    [iter 4605705] reheat + diversify: ceiling=0.00, value=12634.0
    [iter 4611458] reheat + diversify: ceiling=0.00, value=14017.0
    [iter 4617211] reheat + diversify: ceiling=0.00, value=12497.0
    [iter 4622964] reheat + diversify: ceiling=0.00, value=9955.0
    [iter 4628717] reheat + diversify: ceiling=0.00, value=11834.0
    [iter 4634470] reheat + diversify: ceiling=0.00, value=11326.0
    [iter 4640223] reheat + diversify: ceiling=0.00, value=11564.0
    [iter 4645976] reheat + diversify: ceiling=0.00, value=11558.0
    [iter 4651729] reheat + diversify: ceiling=0.00, value=12435.0
    [iter 4657482] reheat + diversify: ceiling=0.00, value=12043.0
    [iter 4663235] reheat + diversify: ceiling=0.00, value=10414.0
    [iter 4668988] reheat + diversify: ceiling=0.00, value=12951.0
    [iter 4674741] reheat + diversify: ceiling=0.00, value=12045.0
    [iter 4680494] reheat + diversify: ceiling=0.00, value=13142.0
    [iter 4686247] reheat + diversify: ceiling=0.00, value=10358.0
    [iter 4692000] reheat + diversify: ceiling=0.00, value=11748.0
    [iter 4697753] reheat + diversify: ceiling=0.00, value=12555.0
    [iter 4703506] reheat + diversify: ceiling=0.00, value=15378.0
    [iter 4709259] reheat + diversify: ceiling=0.00, value=11575.0
    [iter 4715012] reheat + diversify: ceiling=0.00, value=12317.0
    [iter 4720765] reheat + diversify: ceiling=0.00, value=14521.0
    [iter 4726518] reheat + diversify: ceiling=0.00, value=15422.0
    [iter 4732271] reheat + diversify: ceiling=0.00, value=13316.0
    [iter 4738024] reheat + diversify: ceiling=0.00, value=13164.0
    [iter 4743777] reheat + diversify: ceiling=0.00, value=12868.0
    [iter 4749530] reheat + diversify: ceiling=0.00, value=12609.0
    [iter 4755283] reheat + diversify: ceiling=0.00, value=9860.0
    [iter 4761036] reheat + diversify: ceiling=0.00, value=12339.0
    [iter 4766789] reheat + diversify: ceiling=0.00, value=10168.0
    [iter 4772542] reheat + diversify: ceiling=0.00, value=14224.0
    [iter 4778295] reheat + diversify: ceiling=0.00, value=13065.0
    [iter 4784048] reheat + diversify: ceiling=0.00, value=12988.0
    [iter 4789801] reheat + diversify: ceiling=0.00, value=13241.0
    [iter 4795554] reheat + diversify: ceiling=0.00, value=9181.0
    [iter 4801307] reheat + diversify: ceiling=0.00, value=12490.0
    [iter 4807060] reheat + diversify: ceiling=0.00, value=14498.0
    [iter 4812813] reheat + diversify: ceiling=0.00, value=14572.0
    [iter 4818566] reheat + diversify: ceiling=0.00, value=12484.0
    [iter 4824319] reheat + diversify: ceiling=0.00, value=14148.0
    [iter 4830072] reheat + diversify: ceiling=0.00, value=11457.0
    [iter 4835825] reheat + diversify: ceiling=0.00, value=14086.0
    [iter 4841578] reheat + diversify: ceiling=0.00, value=12989.0
    [iter 4847331] reheat + diversify: ceiling=0.00, value=14017.0
    [iter 4853084] reheat + diversify: ceiling=0.00, value=12930.0
    [iter 4858837] reheat + diversify: ceiling=0.00, value=11600.0
    [iter 4864590] reheat + diversify: ceiling=0.00, value=13808.0
    [iter 4870343] reheat + diversify: ceiling=0.00, value=12391.0
    [iter 4876096] reheat + diversify: ceiling=0.00, value=12722.0
    [iter 4881849] reheat + diversify: ceiling=0.00, value=15120.0
    [iter 4887602] reheat + diversify: ceiling=0.00, value=10365.0
    [iter 4893355] reheat + diversify: ceiling=0.00, value=13949.0
    [iter 4899108] reheat + diversify: ceiling=0.00, value=9161.0
    [iter 4904861] reheat + diversify: ceiling=0.00, value=10526.0
    [iter 4910614] reheat + diversify: ceiling=0.00, value=12541.0
    [iter 4916367] reheat + diversify: ceiling=0.00, value=10610.0
    [iter 4922120] reheat + diversify: ceiling=0.00, value=10297.0
    [iter 4927873] reheat + diversify: ceiling=0.00, value=10068.0
    [iter 4933626] reheat + diversify: ceiling=0.00, value=11619.0
    [iter 4939379] reheat + diversify: ceiling=0.00, value=12133.0
    [iter 4945132] reheat + diversify: ceiling=0.00, value=10594.0
    [iter 4950885] reheat + diversify: ceiling=0.00, value=13193.0
    [iter 4956638] reheat + diversify: ceiling=0.00, value=12565.0
    [iter 4962391] reheat + diversify: ceiling=0.00, value=14667.0
    [iter 4968144] reheat + diversify: ceiling=0.00, value=13817.0
    [iter 4973897] reheat + diversify: ceiling=0.00, value=10640.0
    [iter 4979650] reheat + diversify: ceiling=0.00, value=11313.0
    [iter 4985403] reheat + diversify: ceiling=0.00, value=9272.0
    [iter 4991156] reheat + diversify: ceiling=0.00, value=9254.0
    [iter 4996909] reheat + diversify: ceiling=0.00, value=12382.0
    [iter 5002662] reheat + diversify: ceiling=0.00, value=11293.0
    [iter 5008415] reheat + diversify: ceiling=0.00, value=12240.0
    [iter 5014168] reheat + diversify: ceiling=0.00, value=12638.0
    [iter 5019921] reheat + diversify: ceiling=0.00, value=10764.0
    [iter 5025674] reheat + diversify: ceiling=0.00, value=11452.0
    [iter 5031427] reheat + diversify: ceiling=0.00, value=12893.0
    [iter 5037180] reheat + diversify: ceiling=0.00, value=12556.0
    [iter 5042933] reheat + diversify: ceiling=0.00, value=14390.0
    [iter 5048686] reheat + diversify: ceiling=0.00, value=10966.0
    [iter 5054439] reheat + diversify: ceiling=0.00, value=14497.0
    [iter 5060192] reheat + diversify: ceiling=0.00, value=10202.0
    [iter 5065945] reheat + diversify: ceiling=0.00, value=12722.0
    [iter 5071698] reheat + diversify: ceiling=0.00, value=13635.0
    [iter 5077451] reheat + diversify: ceiling=0.00, value=12068.0
    [iter 5083204] reheat + diversify: ceiling=0.00, value=8962.0
    [iter 5088957] reheat + diversify: ceiling=0.00, value=12376.0
    [iter 5094710] reheat + diversify: ceiling=0.00, value=10036.0
    [iter 5100463] reheat + diversify: ceiling=0.00, value=13240.0
    [iter 5106216] reheat + diversify: ceiling=0.00, value=13642.0
    [iter 5111969] reheat + diversify: ceiling=0.00, value=12641.0
    [iter 5117722] reheat + diversify: ceiling=0.00, value=10812.0
    [iter 5123475] reheat + diversify: ceiling=0.00, value=14524.0
    [iter 5129228] reheat + diversify: ceiling=0.00, value=11982.0
    [iter 5134981] reheat + diversify: ceiling=0.00, value=12240.0
    [iter 5140734] reheat + diversify: ceiling=0.00, value=11617.0
    [iter 5146487] reheat + diversify: ceiling=0.00, value=13173.0
    [iter 5152240] reheat + diversify: ceiling=0.00, value=10141.0
    [iter 5157993] reheat + diversify: ceiling=0.00, value=11490.0
    [iter 5163746] reheat + diversify: ceiling=0.00, value=11719.0
    [iter 5169499] reheat + diversify: ceiling=0.00, value=13112.0
    [iter 5175252] reheat + diversify: ceiling=0.00, value=12868.0
    [iter 5181005] reheat + diversify: ceiling=0.00, value=12546.0
    [iter 5186758] reheat + diversify: ceiling=0.00, value=11882.0
    [iter 5192511] reheat + diversify: ceiling=0.00, value=13212.0
    [iter 5198264] reheat + diversify: ceiling=0.00, value=12149.0
    [iter 5204017] reheat + diversify: ceiling=0.00, value=11585.0
    [iter 5209770] reheat + diversify: ceiling=0.00, value=12718.0
    [iter 5215523] reheat + diversify: ceiling=0.00, value=9612.0
    [iter 5221276] reheat + diversify: ceiling=0.00, value=13727.0
    [iter 5227029] reheat + diversify: ceiling=0.00, value=12096.0
    [iter 5232782] reheat + diversify: ceiling=0.00, value=14021.0
    [iter 5238535] reheat + diversify: ceiling=0.00, value=10668.0
    [iter 5244288] reheat + diversify: ceiling=0.00, value=13178.0
    [iter 5250041] reheat + diversify: ceiling=0.00, value=9294.0
    [iter 5255794] reheat + diversify: ceiling=0.00, value=13117.0
    [iter 5261547] reheat + diversify: ceiling=0.00, value=12064.0
    [iter 5267300] reheat + diversify: ceiling=0.00, value=10560.0
    [iter 5273053] reheat + diversify: ceiling=0.00, value=15565.0
    [iter 5278806] reheat + diversify: ceiling=0.00, value=11714.0
    [iter 5284559] reheat + diversify: ceiling=0.00, value=11558.0
    [iter 5290312] reheat + diversify: ceiling=0.00, value=12201.0
    [iter 5296065] reheat + diversify: ceiling=0.00, value=10676.0
    [iter 5301818] reheat + diversify: ceiling=0.00, value=12050.0
    [iter 5307571] reheat + diversify: ceiling=0.00, value=11629.0
    [iter 5313324] reheat + diversify: ceiling=0.00, value=12422.0
    [iter 5319077] reheat + diversify: ceiling=0.00, value=13201.0
    [iter 5324830] reheat + diversify: ceiling=0.00, value=13264.0
    [iter 5330583] reheat + diversify: ceiling=0.00, value=12685.0
    [iter 5336336] reheat + diversify: ceiling=0.00, value=11601.0
    [iter 5342089] reheat + diversify: ceiling=0.00, value=12808.0
    [iter 5347842] reheat + diversify: ceiling=0.00, value=12201.0
    [iter 5353595] reheat + diversify: ceiling=0.00, value=9254.0
    [iter 5359348] reheat + diversify: ceiling=0.00, value=12241.0
    [iter 5365101] reheat + diversify: ceiling=0.00, value=11440.0
    [iter 5370854] reheat + diversify: ceiling=0.00, value=12247.0
    [iter 5376607] reheat + diversify: ceiling=0.00, value=13863.0
    [iter 5382360] reheat + diversify: ceiling=0.00, value=13672.0
    [iter 5388113] reheat + diversify: ceiling=0.00, value=10836.0
    [iter 5393866] reheat + diversify: ceiling=0.00, value=14313.0
    [iter 5399619] reheat + diversify: ceiling=0.00, value=13817.0
    [iter 5405372] reheat + diversify: ceiling=0.00, value=11363.0
    [iter 5411125] reheat + diversify: ceiling=0.00, value=11140.0
    [iter 5416878] reheat + diversify: ceiling=0.00, value=11970.0
    [iter 5422631] reheat + diversify: ceiling=0.00, value=11916.0
    [iter 5428384] reheat + diversify: ceiling=0.00, value=15120.0
    [iter 5434137] reheat + diversify: ceiling=0.00, value=14521.0
    [iter 5439890] reheat + diversify: ceiling=0.00, value=12793.0
    [iter 5445643] reheat + diversify: ceiling=0.00, value=10342.0
    [iter 5451396] reheat + diversify: ceiling=0.00, value=11212.0
    [iter 5457149] reheat + diversify: ceiling=0.00, value=14572.0
    [iter 5462902] reheat + diversify: ceiling=0.00, value=10972.0
    [iter 5468655] reheat + diversify: ceiling=0.00, value=10885.0
    [iter 5474408] reheat + diversify: ceiling=0.00, value=14524.0
    [iter 5480161] reheat + diversify: ceiling=0.00, value=9991.0
    [iter 5485914] reheat + diversify: ceiling=0.00, value=10897.0
    [iter 5491667] reheat + diversify: ceiling=0.00, value=13891.0
    [iter 5497420] reheat + diversify: ceiling=0.00, value=12391.0
    [iter 5503173] reheat + diversify: ceiling=0.00, value=11897.0
    [iter 5508926] reheat + diversify: ceiling=0.00, value=11742.0
    [iter 5514679] reheat + diversify: ceiling=0.00, value=12565.0
    [iter 5520432] reheat + diversify: ceiling=0.00, value=11014.0
    [iter 5526185] reheat + diversify: ceiling=0.00, value=11942.0
    [iter 5531938] reheat + diversify: ceiling=0.00, value=10929.0
    [iter 5537691] reheat + diversify: ceiling=0.00, value=12418.0
    [iter 5543444] reheat + diversify: ceiling=0.00, value=11297.0
    [iter 5549197] reheat + diversify: ceiling=0.00, value=14067.0
    [iter 5554950] reheat + diversify: ceiling=0.00, value=14762.0
    [iter 5560703] reheat + diversify: ceiling=0.00, value=12739.0
    [iter 5566456] reheat + diversify: ceiling=0.00, value=13206.0
    [iter 5572209] reheat + diversify: ceiling=0.00, value=8239.0
    [iter 5577962] reheat + diversify: ceiling=0.00, value=12565.0
    [iter 5583715] reheat + diversify: ceiling=0.00, value=14673.0
    [iter 5589468] reheat + diversify: ceiling=0.00, value=12739.0
    [iter 5595221] reheat + diversify: ceiling=0.00, value=11340.0
    [iter 5600974] reheat + diversify: ceiling=0.00, value=6800.0
    [iter 5606727] reheat + diversify: ceiling=0.00, value=12389.0
    [iter 5612480] reheat + diversify: ceiling=0.00, value=8363.0
    [iter 5618233] reheat + diversify: ceiling=0.00, value=13338.0
    [iter 5623986] reheat + diversify: ceiling=0.00, value=10219.0
    [iter 5629739] reheat + diversify: ceiling=0.00, value=10998.0
    [iter 5635492] reheat + diversify: ceiling=0.00, value=10787.0
    [iter 5641245] reheat + diversify: ceiling=0.00, value=10897.0
    [iter 5646998] reheat + diversify: ceiling=0.00, value=11874.0
    [iter 5652751] reheat + diversify: ceiling=0.00, value=13208.0
    [iter 5658504] reheat + diversify: ceiling=0.00, value=15795.0
    [iter 5664257] reheat + diversify: ceiling=0.00, value=11490.0
    [iter 5670010] reheat + diversify: ceiling=0.00, value=12313.0
    [iter 5675763] reheat + diversify: ceiling=0.00, value=11805.0
    [iter 5681516] reheat + diversify: ceiling=0.00, value=14295.0
    [iter 5687269] reheat + diversify: ceiling=0.00, value=12444.0
    [iter 5693022] reheat + diversify: ceiling=0.00, value=11847.0
    [iter 5698775] reheat + diversify: ceiling=0.00, value=12868.0
    [iter 5704528] reheat + diversify: ceiling=0.00, value=14622.0
    [iter 5710281] reheat + diversify: ceiling=0.00, value=13646.0
    [iter 5716034] reheat + diversify: ceiling=0.00, value=12062.0
    [iter 5721787] reheat + diversify: ceiling=0.00, value=10957.0
    [iter 5727540] reheat + diversify: ceiling=0.00, value=9511.0
    [iter 5733293] reheat + diversify: ceiling=0.00, value=12734.0
    [iter 5739046] reheat + diversify: ceiling=0.00, value=9496.0
    [iter 5744799] reheat + diversify: ceiling=0.00, value=12079.0
    [iter 5750552] reheat + diversify: ceiling=0.00, value=12992.0
    [iter 5756305] reheat + diversify: ceiling=0.00, value=13892.0
    [iter 5762058] reheat + diversify: ceiling=0.00, value=11252.0
    [iter 5767811] reheat + diversify: ceiling=0.00, value=12601.0
    [iter 5773564] reheat + diversify: ceiling=0.00, value=13783.0
    [iter 5779317] reheat + diversify: ceiling=0.00, value=12056.0
    [iter 5785070] reheat + diversify: ceiling=0.00, value=12965.0
    [iter 5790823] reheat + diversify: ceiling=0.00, value=11647.0
    [iter 5796576] reheat + diversify: ceiling=0.00, value=9680.0
    [iter 5802329] reheat + diversify: ceiling=0.00, value=9967.0
    [iter 5808082] reheat + diversify: ceiling=0.00, value=11368.0
    [iter 5813835] reheat + diversify: ceiling=0.00, value=13222.0
    [iter 5819588] reheat + diversify: ceiling=0.00, value=11788.0
    [iter 5825341] reheat + diversify: ceiling=0.00, value=13693.0
    [iter 5831094] reheat + diversify: ceiling=0.00, value=14017.0
    [iter 5836847] reheat + diversify: ceiling=0.00, value=12389.0
    [iter 5842600] reheat + diversify: ceiling=0.00, value=13937.0
    [iter 5848353] reheat + diversify: ceiling=0.00, value=8113.0
    [iter 5854106] reheat + diversify: ceiling=0.00, value=12636.0
    [iter 5859859] reheat + diversify: ceiling=0.00, value=12318.0
    [iter 5865612] reheat + diversify: ceiling=0.00, value=11631.0
    [iter 5871365] reheat + diversify: ceiling=0.00, value=14572.0
    [iter 5877118] reheat + diversify: ceiling=0.00, value=11555.0
    [iter 5882871] reheat + diversify: ceiling=0.00, value=11594.0
    [iter 5888624] reheat + diversify: ceiling=0.00, value=8490.0
    [iter 5894377] reheat + diversify: ceiling=0.00, value=13847.0
    [iter 5900130] reheat + diversify: ceiling=0.00, value=13248.0
    [iter 5905883] reheat + diversify: ceiling=0.00, value=13589.0
    [iter 5911636] reheat + diversify: ceiling=0.00, value=9461.0
    [iter 5917389] reheat + diversify: ceiling=0.00, value=11617.0
    [iter 5923142] reheat + diversify: ceiling=0.00, value=12965.0
    [iter 5928895] reheat + diversify: ceiling=0.00, value=11807.0
    [iter 5934648] reheat + diversify: ceiling=0.00, value=13185.0
    [iter 5940401] reheat + diversify: ceiling=0.00, value=9437.0
    [iter 5946154] reheat + diversify: ceiling=0.00, value=11874.0
    [iter 5951907] reheat + diversify: ceiling=0.00, value=10792.0
    [iter 5957660] reheat + diversify: ceiling=0.00, value=12010.0
    [iter 5963413] reheat + diversify: ceiling=0.00, value=13223.0
    [iter 5969166] reheat + diversify: ceiling=0.00, value=14565.0
    [iter 5974919] reheat + diversify: ceiling=0.00, value=14270.0
    [iter 5980672] reheat + diversify: ceiling=0.00, value=12685.0
    [iter 5986425] reheat + diversify: ceiling=0.00, value=9672.0
    [iter 5992178] reheat + diversify: ceiling=0.00, value=14073.0
    [iter 5997931] reheat + diversify: ceiling=0.00, value=11834.0
    [iter 6003684] reheat + diversify: ceiling=0.00, value=8799.0
    [iter 6009437] reheat + diversify: ceiling=0.00, value=11590.0
    [iter 6015190] reheat + diversify: ceiling=0.00, value=15857.0
    [iter 6020943] reheat + diversify: ceiling=0.00, value=14867.0
    [iter 6026696] reheat + diversify: ceiling=0.00, value=11518.0
    [iter 6032449] reheat + diversify: ceiling=0.00, value=13045.0
    [iter 6038202] reheat + diversify: ceiling=0.00, value=13196.0
    [iter 6043955] reheat + diversify: ceiling=0.00, value=11997.0
    [iter 6049708] reheat + diversify: ceiling=0.00, value=12156.0
    [iter 6055461] reheat + diversify: ceiling=0.00, value=8740.0
    [iter 6061214] reheat + diversify: ceiling=0.00, value=14708.0
    [iter 6066967] reheat + diversify: ceiling=0.00, value=9102.0
    [iter 6072720] reheat + diversify: ceiling=0.00, value=10679.0
    [iter 6078473] reheat + diversify: ceiling=0.00, value=11923.0
    [iter 6084226] reheat + diversify: ceiling=0.00, value=12161.0
    [iter 6089979] reheat + diversify: ceiling=0.00, value=14747.0
    [iter 6095732] reheat + diversify: ceiling=0.00, value=11065.0
    [iter 6101485] reheat + diversify: ceiling=0.00, value=11897.0
    [iter 6107238] reheat + diversify: ceiling=0.00, value=12389.0
    [iter 6112991] reheat + diversify: ceiling=0.00, value=13497.0
    [iter 6118744] reheat + diversify: ceiling=0.00, value=14597.0
    [iter 6124497] reheat + diversify: ceiling=0.00, value=13572.0
    [iter 6130250] reheat + diversify: ceiling=0.00, value=12656.0
    [iter 6136003] reheat + diversify: ceiling=0.00, value=12520.0
    [iter 6141756] reheat + diversify: ceiling=0.00, value=10344.0
    [iter 6147509] reheat + diversify: ceiling=0.00, value=10782.0
    [iter 6153262] reheat + diversify: ceiling=0.00, value=12515.0
    [iter 6159015] reheat + diversify: ceiling=0.00, value=13571.0
    [iter 6164768] reheat + diversify: ceiling=0.00, value=13159.0
    [iter 6170521] reheat + diversify: ceiling=0.00, value=11941.0
    [iter 6176274] reheat + diversify: ceiling=0.00, value=10988.0
    [iter 6182027] reheat + diversify: ceiling=0.00, value=10897.0
    [iter 6187780] reheat + diversify: ceiling=0.00, value=13548.0
    [iter 6193533] reheat + diversify: ceiling=0.00, value=10459.0
    [iter 6199286] reheat + diversify: ceiling=0.00, value=8513.0
    [iter 6205039] reheat + diversify: ceiling=0.00, value=10513.0
    [iter 6210792] reheat + diversify: ceiling=0.00, value=13422.0
    [iter 6216545] reheat + diversify: ceiling=0.00, value=11389.0
    [iter 6222298] reheat + diversify: ceiling=0.00, value=13918.0
    [iter 6228051] reheat + diversify: ceiling=0.00, value=13824.0
    [iter 6233804] reheat + diversify: ceiling=0.00, value=13611.0
    [iter 6239557] reheat + diversify: ceiling=0.00, value=13377.0
    [iter 6245310] reheat + diversify: ceiling=0.00, value=14378.0
    [iter 6251063] reheat + diversify: ceiling=0.00, value=12314.0
    [iter 6256816] reheat + diversify: ceiling=0.00, value=12172.0
    [iter 6262569] reheat + diversify: ceiling=0.00, value=15543.0
    [iter 6268322] reheat + diversify: ceiling=0.00, value=11351.0
    [iter 6274075] reheat + diversify: ceiling=0.00, value=10803.0
    [iter 6279828] reheat + diversify: ceiling=0.00, value=12268.0
    [iter 6285581] reheat + diversify: ceiling=0.00, value=13593.0
    [iter 6291334] reheat + diversify: ceiling=0.00, value=11245.0
    [iter 6297087] reheat + diversify: ceiling=0.00, value=12928.0
    [iter 6302840] reheat + diversify: ceiling=0.00, value=14097.0
    [iter 6308593] reheat + diversify: ceiling=0.00, value=9071.0
    [iter 6314346] reheat + diversify: ceiling=0.00, value=10816.0
    [iter 6320099] reheat + diversify: ceiling=0.00, value=13042.0
    [iter 6325852] reheat + diversify: ceiling=0.00, value=8815.0
    [iter 6331605] reheat + diversify: ceiling=0.00, value=13564.0
    [iter 6337358] reheat + diversify: ceiling=0.00, value=10200.0
    [iter 6343111] reheat + diversify: ceiling=0.00, value=13232.0
    [iter 6348864] reheat + diversify: ceiling=0.00, value=14597.0
    [iter 6354617] reheat + diversify: ceiling=0.00, value=13945.0
    [iter 6360370] reheat + diversify: ceiling=0.00, value=8761.0
    [iter 6366123] reheat + diversify: ceiling=0.00, value=11489.0
    [iter 6371876] reheat + diversify: ceiling=0.00, value=14045.0
    [iter 6377629] reheat + diversify: ceiling=0.00, value=15313.0
    [iter 6383382] reheat + diversify: ceiling=0.00, value=10014.0
    [iter 6389135] reheat + diversify: ceiling=0.00, value=12663.0
    [iter 6394888] reheat + diversify: ceiling=0.00, value=12634.0
    [iter 6400641] reheat + diversify: ceiling=0.00, value=12313.0
    [iter 6406394] reheat + diversify: ceiling=0.00, value=7678.0
    [iter 6412147] reheat + diversify: ceiling=0.00, value=12254.0
    [iter 6417900] reheat + diversify: ceiling=0.00, value=9913.0
    [iter 6423653] reheat + diversify: ceiling=0.00, value=12783.0
    [iter 6429406] reheat + diversify: ceiling=0.00, value=14389.0
    [iter 6435159] reheat + diversify: ceiling=0.00, value=12339.0
    [iter 6440912] reheat + diversify: ceiling=0.00, value=12263.0
    [iter 6446665] reheat + diversify: ceiling=0.00, value=15165.0
    [iter 6452418] reheat + diversify: ceiling=0.00, value=12037.0
    [iter 6458171] reheat + diversify: ceiling=0.00, value=13712.0
    [iter 6463924] reheat + diversify: ceiling=0.00, value=10317.0
    [iter 6469677] reheat + diversify: ceiling=0.00, value=13567.0
    [iter 6475430] reheat + diversify: ceiling=0.00, value=13647.0
    [iter 6481183] reheat + diversify: ceiling=0.00, value=12484.0
    [iter 6486936] reheat + diversify: ceiling=0.00, value=12313.0
    [iter 6492689] reheat + diversify: ceiling=0.00, value=13600.0
    [iter 6498442] reheat + diversify: ceiling=0.00, value=14113.0
    [iter 6504195] reheat + diversify: ceiling=0.00, value=12415.0
    [iter 6509948] reheat + diversify: ceiling=0.00, value=11881.0
    [iter 6515701] reheat + diversify: ceiling=0.00, value=12672.0
    [iter 6521454] reheat + diversify: ceiling=0.00, value=13990.0
    [iter 6527207] reheat + diversify: ceiling=0.00, value=14224.0
    [iter 6532960] reheat + diversify: ceiling=0.00, value=14375.0
    [iter 6538713] reheat + diversify: ceiling=0.00, value=10270.0
    [iter 6544466] reheat + diversify: ceiling=0.00, value=12565.0
    [iter 6550219] reheat + diversify: ceiling=0.00, value=11480.0
    [iter 6555972] reheat + diversify: ceiling=0.00, value=14143.0
    [iter 6561725] reheat + diversify: ceiling=0.00, value=13762.0
    [iter 6567478] reheat + diversify: ceiling=0.00, value=13298.0
    [iter 6573231] reheat + diversify: ceiling=0.00, value=11618.0
    [iter 6578984] reheat + diversify: ceiling=0.00, value=12091.0
    [iter 6584737] reheat + diversify: ceiling=0.00, value=11326.0
    [iter 6590490] reheat + diversify: ceiling=0.00, value=10782.0
    [iter 6596243] reheat + diversify: ceiling=0.00, value=8693.0
    [iter 6601996] reheat + diversify: ceiling=0.00, value=12142.0
    [iter 6607749] reheat + diversify: ceiling=0.00, value=15196.0
    [iter 6613502] reheat + diversify: ceiling=0.00, value=9967.0
    [iter 6619255] reheat + diversify: ceiling=0.00, value=9913.0
    [iter 6625008] reheat + diversify: ceiling=0.00, value=15673.0
    [iter 6630761] reheat + diversify: ceiling=0.00, value=13264.0
    [iter 6636514] reheat + diversify: ceiling=0.00, value=12641.0
    [iter 6642267] reheat + diversify: ceiling=0.00, value=10998.0
    [iter 6648020] reheat + diversify: ceiling=0.00, value=12691.0
    [iter 6653773] reheat + diversify: ceiling=0.00, value=12150.0
    [iter 6659526] reheat + diversify: ceiling=0.00, value=11936.0
    [iter 6665279] reheat + diversify: ceiling=0.00, value=13164.0
    [iter 6671032] reheat + diversify: ceiling=0.00, value=9991.0
    [iter 6676785] reheat + diversify: ceiling=0.00, value=13525.0
    [iter 6682538] reheat + diversify: ceiling=0.00, value=15543.0
    [iter 6688291] reheat + diversify: ceiling=0.00, value=12062.0
    [iter 6694044] reheat + diversify: ceiling=0.00, value=12914.0
    [iter 6699797] reheat + diversify: ceiling=0.00, value=9935.0
    [iter 6705550] reheat + diversify: ceiling=0.00, value=10014.0
    [iter 6711303] reheat + diversify: ceiling=0.00, value=10913.0
    [iter 6717056] reheat + diversify: ceiling=0.00, value=10708.0
    [iter 6722809] reheat + diversify: ceiling=0.00, value=9786.0
    [iter 6728562] reheat + diversify: ceiling=0.00, value=10776.0
    [iter 6734315] reheat + diversify: ceiling=0.00, value=14132.0
    [iter 6740068] reheat + diversify: ceiling=0.00, value=13525.0
    [iter 6745821] reheat + diversify: ceiling=0.00, value=10462.0
    [iter 6751574] reheat + diversify: ceiling=0.00, value=13120.0
    [iter 6757327] reheat + diversify: ceiling=0.00, value=12853.0
    [iter 6763080] reheat + diversify: ceiling=0.00, value=14290.0
    [iter 6768833] reheat + diversify: ceiling=0.00, value=12619.0
    [iter 6774586] reheat + diversify: ceiling=0.00, value=11852.0
    [iter 6780339] reheat + diversify: ceiling=0.00, value=11128.0
    [iter 6786092] reheat + diversify: ceiling=0.00, value=12142.0
    [iter 6791845] reheat + diversify: ceiling=0.00, value=10177.0
    [iter 6797598] reheat + diversify: ceiling=0.00, value=9365.0
    [iter 6803351] reheat + diversify: ceiling=0.00, value=15165.0
    [iter 6809104] reheat + diversify: ceiling=0.00, value=9967.0
    [iter 6814857] reheat + diversify: ceiling=0.00, value=13697.0
    [iter 6820610] reheat + diversify: ceiling=0.00, value=12483.0
    [iter 6826363] reheat + diversify: ceiling=0.00, value=9967.0
    [iter 6832116] reheat + diversify: ceiling=0.00, value=13045.0
    [iter 6837869] reheat + diversify: ceiling=0.00, value=13010.0
    [iter 6843622] reheat + diversify: ceiling=0.00, value=11252.0
    [iter 6849375] reheat + diversify: ceiling=0.00, value=11155.0
    [iter 6855128] reheat + diversify: ceiling=0.00, value=14867.0
    [iter 6860881] reheat + diversify: ceiling=0.00, value=11333.0
    [iter 6866634] reheat + diversify: ceiling=0.00, value=13295.0
    [iter 6872387] reheat + diversify: ceiling=0.00, value=10913.0
    [iter 6878140] reheat + diversify: ceiling=0.00, value=12886.0
    [iter 6883893] reheat + diversify: ceiling=0.00, value=9897.0
    [iter 6889646] reheat + diversify: ceiling=0.00, value=9427.0
    [iter 6895399] reheat + diversify: ceiling=0.00, value=14867.0
    [iter 6901152] reheat + diversify: ceiling=0.00, value=10315.0
    [iter 6906905] reheat + diversify: ceiling=0.00, value=11981.0
    [iter 6912658] reheat + diversify: ceiling=0.00, value=11497.0
    [iter 6918411] reheat + diversify: ceiling=0.00, value=12116.0
    [iter 6924164] reheat + diversify: ceiling=0.00, value=10611.0
    [iter 6929917] reheat + diversify: ceiling=0.00, value=9783.0
    [iter 6935670] reheat + diversify: ceiling=0.00, value=8542.0
    [iter 6941423] reheat + diversify: ceiling=0.00, value=10566.0
    [iter 6947176] reheat + diversify: ceiling=0.00, value=11897.0
    [iter 6952929] reheat + diversify: ceiling=0.00, value=13718.0
    [iter 6958682] reheat + diversify: ceiling=0.00, value=9177.0
    [iter 6964435] reheat + diversify: ceiling=0.00, value=14113.0
    [iter 6970188] reheat + diversify: ceiling=0.00, value=12790.0
    [iter 6975941] reheat + diversify: ceiling=0.00, value=12822.0
    [iter 6981694] reheat + diversify: ceiling=0.00, value=12372.0
    [iter 6987447] reheat + diversify: ceiling=0.00, value=12308.0
    [iter 6993200] reheat + diversify: ceiling=0.00, value=10704.0
    [iter 6998953] reheat + diversify: ceiling=0.00, value=12062.0
    [iter 7004706] reheat + diversify: ceiling=0.00, value=16153.0
    [iter 7010459] reheat + diversify: ceiling=0.00, value=12664.0
    [iter 7016212] reheat + diversify: ceiling=0.00, value=11674.0
    [iter 7021965] reheat + diversify: ceiling=0.00, value=10685.0
    [iter 7027718] reheat + diversify: ceiling=0.00, value=10463.0
    [iter 7033471] reheat + diversify: ceiling=0.00, value=15565.0
    [iter 7039224] reheat + diversify: ceiling=0.00, value=12087.0
    [iter 7044977] reheat + diversify: ceiling=0.00, value=13436.0
    [iter 7050730] reheat + diversify: ceiling=0.00, value=9626.0
    [iter 7056483] reheat + diversify: ceiling=0.00, value=13784.0
    [iter 7062236] reheat + diversify: ceiling=0.00, value=11497.0
    [iter 7067989] reheat + diversify: ceiling=0.00, value=15120.0
    [iter 7073742] reheat + diversify: ceiling=0.00, value=11905.0
    [iter 7079495] reheat + diversify: ceiling=0.00, value=12598.0
    [iter 7085248] reheat + diversify: ceiling=0.00, value=13269.0
    [iter 7091001] reheat + diversify: ceiling=0.00, value=12339.0
    [iter 7096754] reheat + diversify: ceiling=0.00, value=12685.0
    [iter 7102507] reheat + diversify: ceiling=0.00, value=12974.0
    [iter 7108260] reheat + diversify: ceiling=0.00, value=11897.0
    [iter 7114013] reheat + diversify: ceiling=0.00, value=14408.0
    [iter 7119766] reheat + diversify: ceiling=0.00, value=11820.0
    [iter 7125519] reheat + diversify: ceiling=0.00, value=14497.0
    [iter 7131272] reheat + diversify: ceiling=0.00, value=11486.0
    [iter 7137025] reheat + diversify: ceiling=0.00, value=12139.0
    [iter 7142778] reheat + diversify: ceiling=0.00, value=10938.0
    [iter 7148531] reheat + diversify: ceiling=0.00, value=12112.0
    [iter 7154284] reheat + diversify: ceiling=0.00, value=11617.0
    [iter 7160037] reheat + diversify: ceiling=0.00, value=12714.0
    [iter 7165790] reheat + diversify: ceiling=0.00, value=11897.0
    [iter 7171543] reheat + diversify: ceiling=0.00, value=12321.0
    [iter 7177296] reheat + diversify: ceiling=0.00, value=13701.0
    [iter 7183049] reheat + diversify: ceiling=0.00, value=11531.0
    [iter 7188802] reheat + diversify: ceiling=0.00, value=14938.0
    [iter 7194555] reheat + diversify: ceiling=0.00, value=10960.0
    [iter 7200308] reheat + diversify: ceiling=0.00, value=13848.0
    [iter 7206061] reheat + diversify: ceiling=0.00, value=12161.0
    [iter 7211814] reheat + diversify: ceiling=0.00, value=13301.0
    [iter 7217567] reheat + diversify: ceiling=0.00, value=13339.0
    [iter 7223320] reheat + diversify: ceiling=0.00, value=15489.0
    [iter 7229073] reheat + diversify: ceiling=0.00, value=9283.0
    [iter 7234826] reheat + diversify: ceiling=0.00, value=11965.0
    [iter 7240579] reheat + diversify: ceiling=0.00, value=13783.0
    [iter 7246332] reheat + diversify: ceiling=0.00, value=13817.0
    [iter 7252085] reheat + diversify: ceiling=0.00, value=11815.0
    [iter 7257838] reheat + diversify: ceiling=0.00, value=11603.0
    [iter 7263591] reheat + diversify: ceiling=0.00, value=11742.0
    [iter 7269344] reheat + diversify: ceiling=0.00, value=13340.0
    [iter 7275097] reheat + diversify: ceiling=0.00, value=12073.0
    [iter 7280850] reheat + diversify: ceiling=0.00, value=9860.0
    [iter 7286603] reheat + diversify: ceiling=0.00, value=9067.0
    [iter 7292356] reheat + diversify: ceiling=0.00, value=10526.0
    [iter 7298109] reheat + diversify: ceiling=0.00, value=15050.0
    [iter 7303862] reheat + diversify: ceiling=0.00, value=13066.0
    [iter 7309615] reheat + diversify: ceiling=0.00, value=13895.0
    [iter 7315368] reheat + diversify: ceiling=0.00, value=11925.0
    [iter 7321121] reheat + diversify: ceiling=0.00, value=13597.0
    [iter 7326874] reheat + diversify: ceiling=0.00, value=9090.0
    [iter 7332627] reheat + diversify: ceiling=0.00, value=11641.0
    [iter 7338380] reheat + diversify: ceiling=0.00, value=11387.0
    [iter 7344133] reheat + diversify: ceiling=0.00, value=12483.0
    [iter 7349886] reheat + diversify: ceiling=0.00, value=11186.0
    [iter 7355639] reheat + diversify: ceiling=0.00, value=11740.0
    [iter 7361392] reheat + diversify: ceiling=0.00, value=6031.0
    [iter 7367145] reheat + diversify: ceiling=0.00, value=11931.0
    [iter 7372898] reheat + diversify: ceiling=0.00, value=10990.0
    [iter 7378651] reheat + diversify: ceiling=0.00, value=10212.0
    [iter 7384404] reheat + diversify: ceiling=0.00, value=9016.0
    [iter 7390157] reheat + diversify: ceiling=0.00, value=13783.0
    [iter 7395910] reheat + diversify: ceiling=0.00, value=11184.0
    [iter 7401663] reheat + diversify: ceiling=0.00, value=14497.0
    [iter 7407416] reheat + diversify: ceiling=0.00, value=11137.0
    [iter 7413169] reheat + diversify: ceiling=0.00, value=8973.0
    [iter 7418922] reheat + diversify: ceiling=0.00, value=11965.0
    [iter 7424675] reheat + diversify: ceiling=0.00, value=12914.0
    [iter 7430428] reheat + diversify: ceiling=0.00, value=13966.0
    [iter 7436181] reheat + diversify: ceiling=0.00, value=13698.0
    [iter 7441934] reheat + diversify: ceiling=0.00, value=14597.0
    [iter 7447687] reheat + diversify: ceiling=0.00, value=10347.0
    [iter 7453440] reheat + diversify: ceiling=0.00, value=12601.0
    [iter 7459193] reheat + diversify: ceiling=0.00, value=11936.0
    [iter 7464946] reheat + diversify: ceiling=0.00, value=13509.0
    [iter 7470699] reheat + diversify: ceiling=0.00, value=13525.0
    [iter 7476452] reheat + diversify: ceiling=0.00, value=11555.0
    [iter 7482205] reheat + diversify: ceiling=0.00, value=15301.0
    [iter 7487958] reheat + diversify: ceiling=0.00, value=14524.0
    [iter 7493711] reheat + diversify: ceiling=0.00, value=13117.0
    [iter 7499464] reheat + diversify: ceiling=0.00, value=12787.0
    [iter 7505217] reheat + diversify: ceiling=0.00, value=13548.0
    [iter 7510970] reheat + diversify: ceiling=0.00, value=10026.0
    [iter 7516723] reheat + diversify: ceiling=0.00, value=14521.0
    [iter 7522476] reheat + diversify: ceiling=0.00, value=12166.0
    [iter 7528229] reheat + diversify: ceiling=0.00, value=13178.0
    [iter 7533982] reheat + diversify: ceiling=0.00, value=13453.0
    [iter 7539735] reheat + diversify: ceiling=0.00, value=9017.0
    [iter 7545488] reheat + diversify: ceiling=0.00, value=13265.0
    [iter 7551241] reheat + diversify: ceiling=0.00, value=11638.0
    [iter 7556994] reheat + diversify: ceiling=0.00, value=12073.0
    [iter 7562747] reheat + diversify: ceiling=0.00, value=12194.0
    [iter 7568500] reheat + diversify: ceiling=0.00, value=14132.0
    [iter 7574253] reheat + diversify: ceiling=0.00, value=9270.0
    [iter 7580006] reheat + diversify: ceiling=0.00, value=15977.0
    [iter 7585759] reheat + diversify: ceiling=0.00, value=12916.0
    [iter 7591512] reheat + diversify: ceiling=0.00, value=10156.0
    [iter 7597265] reheat + diversify: ceiling=0.00, value=12806.0
    [iter 7603018] reheat + diversify: ceiling=0.00, value=12509.0
    [iter 7608771] reheat + diversify: ceiling=0.00, value=10634.0
    [iter 7614524] reheat + diversify: ceiling=0.00, value=10108.0
    [iter 7620277] reheat + diversify: ceiling=0.00, value=12613.0
    [iter 7626030] reheat + diversify: ceiling=0.00, value=14597.0
    [iter 7631783] reheat + diversify: ceiling=0.00, value=11965.0
    [iter 7637536] reheat + diversify: ceiling=0.00, value=11564.0
    [iter 7643289] reheat + diversify: ceiling=0.00, value=12916.0
    [iter 7649042] reheat + diversify: ceiling=0.00, value=14766.0
    [iter 7654795] reheat + diversify: ceiling=0.00, value=14148.0
    [iter 7660548] reheat + diversify: ceiling=0.00, value=13016.0
    [iter 7666301] reheat + diversify: ceiling=0.00, value=11755.0
    [iter 7672054] reheat + diversify: ceiling=0.00, value=14248.0
    [iter 7677807] reheat + diversify: ceiling=0.00, value=11924.0
    [iter 7683560] reheat + diversify: ceiling=0.00, value=13013.0
    [iter 7689313] reheat + diversify: ceiling=0.00, value=12685.0
    [iter 7695066] reheat + diversify: ceiling=0.00, value=11942.0
    [iter 7700819] reheat + diversify: ceiling=0.00, value=15313.0
    [iter 7706572] reheat + diversify: ceiling=0.00, value=9043.0
    [iter 7712325] reheat + diversify: ceiling=0.00, value=12914.0
    [iter 7718078] reheat + diversify: ceiling=0.00, value=14224.0
    [iter 7723831] reheat + diversify: ceiling=0.00, value=11692.0
    [iter 7729584] reheat + diversify: ceiling=0.00, value=12732.0
    [iter 7735337] reheat + diversify: ceiling=0.00, value=13815.0
    [iter 7741090] reheat + diversify: ceiling=0.00, value=12777.0
    [iter 7746843] reheat + diversify: ceiling=0.00, value=11708.0
    [iter 7752596] reheat + diversify: ceiling=0.00, value=10513.0
    [iter 7758349] reheat + diversify: ceiling=0.00, value=12091.0
    [iter 7764102] reheat + diversify: ceiling=0.00, value=10188.0
    [iter 7769855] reheat + diversify: ceiling=0.00, value=11868.0
    [iter 7775608] reheat + diversify: ceiling=0.00, value=10766.0
    [iter 7781361] reheat + diversify: ceiling=0.00, value=15378.0
    [iter 7787114] reheat + diversify: ceiling=0.00, value=9527.0
    [iter 7792867] reheat + diversify: ceiling=0.00, value=11711.0
    [iter 7798620] reheat + diversify: ceiling=0.00, value=11943.0
    [iter 7804373] reheat + diversify: ceiling=0.00, value=13900.0
    [iter 7810126] reheat + diversify: ceiling=0.00, value=14132.0
    [iter 7815879] reheat + diversify: ceiling=0.00, value=14518.0
    [iter 7821632] reheat + diversify: ceiling=0.00, value=16022.0
    [iter 7827385] reheat + diversify: ceiling=0.00, value=14943.0
    [iter 7833138] reheat + diversify: ceiling=0.00, value=11711.0
    [iter 7838891] reheat + diversify: ceiling=0.00, value=13990.0
    [iter 7844644] reheat + diversify: ceiling=0.00, value=10419.0
    [iter 7850397] reheat + diversify: ceiling=0.00, value=11942.0
    [iter 7856150] reheat + diversify: ceiling=0.00, value=9358.0
    [iter 7861903] reheat + diversify: ceiling=0.00, value=12389.0
    [iter 7867656] reheat + diversify: ceiling=0.00, value=14593.0
    [iter 7873409] reheat + diversify: ceiling=0.00, value=12884.0
    [iter 7879162] reheat + diversify: ceiling=0.00, value=11598.0
    [iter 7884915] reheat + diversify: ceiling=0.00, value=13347.0
    [iter 7890668] reheat + diversify: ceiling=0.00, value=11968.0
    [iter 7896421] reheat + diversify: ceiling=0.00, value=8976.0
    [iter 7902174] reheat + diversify: ceiling=0.00, value=12624.0
    [iter 7907927] reheat + diversify: ceiling=0.00, value=14635.0
    [iter 7913680] reheat + diversify: ceiling=0.00, value=13217.0
    [iter 7919433] reheat + diversify: ceiling=0.00, value=13112.0
    [iter 7925186] reheat + diversify: ceiling=0.00, value=13597.0
    [iter 7930939] reheat + diversify: ceiling=0.00, value=13217.0
    [iter 7936692] reheat + diversify: ceiling=0.00, value=10188.0
    [iter 7942445] reheat + diversify: ceiling=0.00, value=12037.0
    [iter 7948198] reheat + diversify: ceiling=0.00, value=6937.0
    [iter 7953951] reheat + diversify: ceiling=0.00, value=11799.0
    [iter 7959704] reheat + diversify: ceiling=0.00, value=13163.0
    [iter 7965457] reheat + diversify: ceiling=0.00, value=13240.0
    [iter 7971210] reheat + diversify: ceiling=0.00, value=10628.0
    [iter 7976963] reheat + diversify: ceiling=0.00, value=11571.0
    [iter 7982716] reheat + diversify: ceiling=0.00, value=12686.0
    [iter 7988469] reheat + diversify: ceiling=0.00, value=11614.0
    [iter 7994222] reheat + diversify: ceiling=0.00, value=10938.0
    [iter 7999975] reheat + diversify: ceiling=0.00, value=13609.0
    [iter 8005728] reheat + diversify: ceiling=0.00, value=12140.0
    [iter 8011481] reheat + diversify: ceiling=0.00, value=10566.0
    [iter 8017234] reheat + diversify: ceiling=0.00, value=13291.0
    [iter 8022987] reheat + diversify: ceiling=0.00, value=11923.0
    [iter 8028740] reheat + diversify: ceiling=0.00, value=12696.0
    [iter 8034493] reheat + diversify: ceiling=0.00, value=10418.0
    [iter 8040246] reheat + diversify: ceiling=0.00, value=14222.0
    [iter 8045999] reheat + diversify: ceiling=0.00, value=12415.0
    [iter 8051752] reheat + diversify: ceiling=0.00, value=10036.0
    [iter 8057505] reheat + diversify: ceiling=0.00, value=12428.0
    [iter 8063258] reheat + diversify: ceiling=0.00, value=12318.0
    [iter 8069011] reheat + diversify: ceiling=0.00, value=10645.0
    [iter 8074764] reheat + diversify: ceiling=0.00, value=9717.0
    [iter 8080517] reheat + diversify: ceiling=0.00, value=14565.0
    [iter 8086270] reheat + diversify: ceiling=0.00, value=9225.0
    [iter 8092023] reheat + diversify: ceiling=0.00, value=12739.0
    [iter 8097776] reheat + diversify: ceiling=0.00, value=12868.0
    [iter 8103529] reheat + diversify: ceiling=0.00, value=9967.0
    [iter 8109282] reheat + diversify: ceiling=0.00, value=10565.0
    [iter 8115035] reheat + diversify: ceiling=0.00, value=13590.0
    [iter 8120788] reheat + diversify: ceiling=0.00, value=14073.0
    [iter 8126541] reheat + diversify: ceiling=0.00, value=10811.0
    [iter 8132294] reheat + diversify: ceiling=0.00, value=11502.0
    [iter 8138047] reheat + diversify: ceiling=0.00, value=9427.0
    [iter 8143800] reheat + diversify: ceiling=0.00, value=13735.0
    [iter 8149553] reheat + diversify: ceiling=0.00, value=10272.0
    [iter 8155306] reheat + diversify: ceiling=0.00, value=13891.0
    [iter 8161059] reheat + diversify: ceiling=0.00, value=9857.0
    [iter 8166812] reheat + diversify: ceiling=0.00, value=11692.0
    [iter 8172565] reheat + diversify: ceiling=0.00, value=11641.0
    [iter 8178318] reheat + diversify: ceiling=0.00, value=12083.0
    [iter 8184071] reheat + diversify: ceiling=0.00, value=13817.0
    [iter 8189824] reheat + diversify: ceiling=0.00, value=10344.0
    [iter 8195577] reheat + diversify: ceiling=0.00, value=12487.0
    [iter 8201330] reheat + diversify: ceiling=0.00, value=11688.0
    [iter 8207083] reheat + diversify: ceiling=0.00, value=12020.0
    [iter 8212836] reheat + diversify: ceiling=0.00, value=9262.0
    [iter 8218589] reheat + diversify: ceiling=0.00, value=14164.0
    [iter 8224342] reheat + diversify: ceiling=0.00, value=10998.0
    [iter 8230095] reheat + diversify: ceiling=0.00, value=14622.0
    [iter 8235848] reheat + diversify: ceiling=0.00, value=11863.0
    [iter 8241601] reheat + diversify: ceiling=0.00, value=12480.0
    [iter 8247354] reheat + diversify: ceiling=0.00, value=13694.0
    [iter 8253107] reheat + diversify: ceiling=0.00, value=12541.0
    [iter 8258860] reheat + diversify: ceiling=0.00, value=8604.0
    [iter 8264613] reheat + diversify: ceiling=0.00, value=9897.0
    [iter 8270366] reheat + diversify: ceiling=0.00, value=14269.0
    [iter 8276119] reheat + diversify: ceiling=0.00, value=13821.0
    [iter 8281872] reheat + diversify: ceiling=0.00, value=14132.0
    [iter 8287625] reheat + diversify: ceiling=0.00, value=11212.0
    [iter 8293378] reheat + diversify: ceiling=0.00, value=13613.0
    [iter 8299131] reheat + diversify: ceiling=0.00, value=12318.0
    [iter 8304884] reheat + diversify: ceiling=0.00, value=11719.0
    [iter 8310637] reheat + diversify: ceiling=0.00, value=11671.0
    [iter 8316390] reheat + diversify: ceiling=0.00, value=12360.0
    [iter 8322143] reheat + diversify: ceiling=0.00, value=10415.0
    [iter 8327896] reheat + diversify: ceiling=0.00, value=14479.0
    [iter 8333649] reheat + diversify: ceiling=0.00, value=12634.0
    [iter 8339402] reheat + diversify: ceiling=0.00, value=15565.0
    [iter 8345155] reheat + diversify: ceiling=0.00, value=12814.0
    [iter 8350908] reheat + diversify: ceiling=0.00, value=13474.0
    [iter 8356661] reheat + diversify: ceiling=0.00, value=10566.0
    [iter 8362414] reheat + diversify: ceiling=0.00, value=12142.0
    [iter 8368167] reheat + diversify: ceiling=0.00, value=14889.0
    [iter 8373920] reheat + diversify: ceiling=0.00, value=11638.0
    [iter 8379673] reheat + diversify: ceiling=0.00, value=10792.0
    [iter 8385426] reheat + diversify: ceiling=0.00, value=14295.0
    [iter 8391179] reheat + diversify: ceiling=0.00, value=11200.0
    [iter 8396932] reheat + diversify: ceiling=0.00, value=12180.0
    [iter 8402685] reheat + diversify: ceiling=0.00, value=10156.0
    [iter 8408438] reheat + diversify: ceiling=0.00, value=10358.0
    [iter 8414191] reheat + diversify: ceiling=0.00, value=13817.0
    [iter 8419944] reheat + diversify: ceiling=0.00, value=12548.0
    [iter 8425697] reheat + diversify: ceiling=0.00, value=14479.0
    [iter 8431450] reheat + diversify: ceiling=0.00, value=10409.0
    [iter 8437203] reheat + diversify: ceiling=0.00, value=13035.0
    [iter 8442956] reheat + diversify: ceiling=0.00, value=9685.0
    [iter 8448709] reheat + diversify: ceiling=0.00, value=13241.0
    [iter 8454462] reheat + diversify: ceiling=0.00, value=15005.0
    [iter 8460215] reheat + diversify: ceiling=0.00, value=10679.0
    [iter 8465968] reheat + diversify: ceiling=0.00, value=11863.0
    [iter 8471721] reheat + diversify: ceiling=0.00, value=11014.0
    [iter 8477474] reheat + diversify: ceiling=0.00, value=11184.0
    [iter 8483227] reheat + diversify: ceiling=0.00, value=13117.0
    [iter 8488980] reheat + diversify: ceiling=0.00, value=12412.0
    [iter 8494733] reheat + diversify: ceiling=0.00, value=13727.0
    [iter 8500486] reheat + diversify: ceiling=0.00, value=13466.0
    [iter 8506239] reheat + diversify: ceiling=0.00, value=13839.0
    [iter 8511992] reheat + diversify: ceiling=0.00, value=13114.0
  time limit reached at iteration 8513766
  SA finished: 8513766 iterations in 900.0s (9460 it/s), accepted 5291045 (62.1%), rejected 3222720, neutral 4386380 (51.5%), worsening accepted 21.9%, no-move draws 0, reheats 1478
  SA: value 16165.0 (greedy 9182.0, +6983.0), bound 19298.0, gap 16.23%, util 81.4%
  report -> /home/mcaspar/3DMHKP/results_3DMHKP_ep3/ep3-20-D-R-50-3DMHKP-SA-a0.999-r0.25-t900s.txt

================================================================================================
SUMMARY
================================================================================================
instance      boxes  packed       greedy     SA value        bound      gap    util    iters    time
------------------------------------------------------------------------------------------------
ep3-20-D-R-50     20      13       9182.0      16165.0      19298.0   16.2%   81.4%  8513766  900.0s
------------------------------------------------------------------------------------------------
proven optimal (value reaches the upper bound): 0/1
improved over greedy: 1/1 (total value 9182.0 -> 16165.0, +76.05%)
mean gap to 0-1 knapsack bound: 16.2%
mean volume utilization: 81.4%
