============================================================
  Solver:     3DMHKP-SA.py
  Instance:   /home/mcaspar/3DMHKP/Egeblad/ep3-20-L-C-50.txt
  Value mode: flat
  Timelimit:  900s
  Reports:    /home/mcaspar/3DMHKP/results_3DMHKP_ep3
  CPUs:       1
============================================================
======================================================================
3DMHKP Simulated Annealing (random single-neighbour, sequence decoder)
SA params: T0=5% of f(S_0), alpha=0.999, T_min=0.001, reheat_threshold=5753, reheat_fraction=0.25
Move weights: {'relocate': 0.0, 'swap': 1.0, '2opt': 0.0, 'promote': 1.5, 'demote': 1.5, 'orient': 1.0, 'container': 0.5}
Time limit: 900.0s per instance, seed 2018603391
======================================================================

======================================================================
ep3-20-L-C-50: 20 boxes (5 types), 1 containers (1 types)
  0-1 knapsack bound: 33780.0 (continuous relaxation: 34613.5)
  initial (value-density) decode: value 21018.0 (8/20 boxes)
  T0 = 1085.9 (calibrated, 53 worsening draws, target accept 35%)
  schedule: time-based, T0 -> 247.55 over 900s
    [iter 24] *** NEW BEST: value 22566.0, boxes 9/20, T=1085.8, elapsed=0.1s
    [iter 172] *** NEW BEST: value 22632.0, boxes 9/20, T=1085.8, elapsed=0.1s
    [iter 192] *** NEW BEST: value 23004.0, boxes 8/20, T=1085.8, elapsed=0.1s
    [iter 334] *** NEW BEST: value 24078.0, boxes 8/20, T=1085.8, elapsed=0.1s
    [iter 349] *** NEW BEST: value 25152.0, boxes 8/20, T=1085.8, elapsed=0.1s
    [iter 355] *** NEW BEST: value 25320.0, boxes 10/20, T=1085.8, elapsed=0.1s
    [iter 364] *** NEW BEST: value 25590.0, boxes 7/20, T=1085.8, elapsed=0.1s
    [iter 4006] *** NEW BEST: value 26145.0, boxes 8/20, T=1085.3, elapsed=0.3s
    [iter 6117] *** NEW BEST: value 26832.0, boxes 9/20, T=1085.1, elapsed=0.5s
    [iter 11870] reheat + diversify: ceiling=271.47, value=15480.0
    [iter 17623] reheat + diversify: ceiling=244.33, value=22011.0
    [iter 23376] reheat + diversify: ceiling=219.89, value=21558.0
    [iter 29129] reheat + diversify: ceiling=197.90, value=13866.0
    [iter 34882] reheat + diversify: ceiling=178.11, value=19761.0
    [iter 40635] reheat + diversify: ceiling=160.30, value=19761.0
    [iter 46388] reheat + diversify: ceiling=144.27, value=25152.0
    [iter 52141] reheat + diversify: ceiling=129.85, value=16554.0
    [iter 57894] reheat + diversify: ceiling=116.86, value=17628.0
    [iter 63647] reheat + diversify: ceiling=105.17, value=18168.0
    [iter 69400] reheat + diversify: ceiling=94.66, value=22011.0
    [iter 75153] reheat + diversify: ceiling=85.19, value=20418.0
    [iter 80906] reheat + diversify: ceiling=76.67, value=21492.0
    [iter 86659] reheat + diversify: ceiling=69.01, value=16554.0
    [iter 92412] reheat + diversify: ceiling=62.10, value=20382.0
    [iter 98165] reheat + diversify: ceiling=55.89, value=19944.0
    [iter 103918] reheat + diversify: ceiling=50.30, value=20250.0
    [iter 109671] reheat + diversify: ceiling=45.27, value=22011.0
    [iter 115424] reheat + diversify: ceiling=40.75, value=22011.0
    [iter 121177] reheat + diversify: ceiling=36.67, value=19242.0
    [iter 126930] reheat + diversify: ceiling=33.00, value=20346.0
    [iter 132683] reheat + diversify: ceiling=29.70, value=19548.0
    [iter 138436] reheat + diversify: ceiling=26.73, value=22632.0
    [iter 144189] reheat + diversify: ceiling=24.06, value=20133.0
    [iter 149942] reheat + diversify: ceiling=21.65, value=18168.0
    [iter 155695] reheat + diversify: ceiling=19.49, value=18168.0
    [iter 161448] reheat + diversify: ceiling=17.54, value=18132.0
    [iter 167201] reheat + diversify: ceiling=15.79, value=15888.0
    [iter 172954] reheat + diversify: ceiling=14.21, value=18621.0
    [iter 178707] reheat + diversify: ceiling=12.79, value=23172.0
    [iter 184460] reheat + diversify: ceiling=11.51, value=19344.0
    [iter 190213] reheat + diversify: ceiling=10.36, value=18870.0
    [iter 195966] reheat + diversify: ceiling=9.32, value=17694.0
    [iter 201719] reheat + diversify: ceiling=8.39, value=19278.0
    [iter 207472] reheat + diversify: ceiling=7.55, value=22632.0
    [iter 213225] reheat + diversify: ceiling=6.80, value=23625.0
    [iter 218978] reheat + diversify: ceiling=6.12, value=22011.0
    [iter 224731] reheat + diversify: ceiling=5.50, value=18804.0
    [iter 230484] reheat + diversify: ceiling=4.95, value=19944.0
    [iter 236237] reheat + diversify: ceiling=4.46, value=19878.0
    [iter 241990] reheat + diversify: ceiling=4.01, value=19578.0
    [iter 247743] reheat + diversify: ceiling=3.61, value=20250.0
    [iter 253496] reheat + diversify: ceiling=3.25, value=19242.0
    [iter 259249] reheat + diversify: ceiling=2.93, value=22632.0
    [iter 265002] reheat + diversify: ceiling=2.63, value=18132.0
    [iter 270755] reheat + diversify: ceiling=2.37, value=23625.0
    [iter 276508] reheat + diversify: ceiling=2.13, value=19242.0
    [iter 282261] reheat + diversify: ceiling=1.92, value=16554.0
    [iter 288014] reheat + diversify: ceiling=1.73, value=19140.0
    [iter 293767] reheat + diversify: ceiling=1.55, value=24078.0
    [iter 299520] reheat + diversify: ceiling=1.40, value=20169.0
    [iter 305273] reheat + diversify: ceiling=1.26, value=25320.0
    [iter 311026] reheat + diversify: ceiling=1.13, value=19944.0
    [iter 316779] reheat + diversify: ceiling=1.02, value=23004.0
    [iter 322532] reheat + diversify: ceiling=0.92, value=18804.0
    [iter 328285] reheat + diversify: ceiling=0.83, value=21018.0
    [iter 334038] reheat + diversify: ceiling=0.74, value=20937.0
    [iter 339791] reheat + diversify: ceiling=0.67, value=13866.0
    [iter 345544] reheat + diversify: ceiling=0.60, value=18621.0
    [iter 351297] reheat + diversify: ceiling=0.54, value=20382.0
    [iter 357050] reheat + diversify: ceiling=0.49, value=15042.0
    [iter 362803] reheat + diversify: ceiling=0.44, value=17628.0
    [iter 368556] reheat + diversify: ceiling=0.40, value=23004.0
    [iter 374309] reheat + diversify: ceiling=0.36, value=21828.0
    [iter 380062] reheat + diversify: ceiling=0.32, value=25320.0
    [iter 385815] reheat + diversify: ceiling=0.29, value=21756.0
    [iter 391568] reheat + diversify: ceiling=0.26, value=16554.0
    [iter 397321] reheat + diversify: ceiling=0.23, value=23976.0
    [iter 403074] reheat + diversify: ceiling=0.21, value=20754.0
    [iter 408827] reheat + diversify: ceiling=0.19, value=18102.0
    [iter 414580] reheat + diversify: ceiling=0.17, value=20892.0
    [iter 420333] reheat + diversify: ceiling=0.15, value=19944.0
    [iter 426086] reheat + diversify: ceiling=0.14, value=23976.0
    [iter 431839] reheat + diversify: ceiling=0.12, value=16518.0
    [iter 437592] reheat + diversify: ceiling=0.11, value=19725.0
    [iter 443345] reheat + diversify: ceiling=0.10, value=21864.0
    [iter 449098] reheat + diversify: ceiling=0.09, value=15480.0
    [iter 454851] reheat + diversify: ceiling=0.08, value=21966.0
    [iter 460604] reheat + diversify: ceiling=0.07, value=16554.0
    [iter 466357] reheat + diversify: ceiling=0.07, value=20754.0
    [iter 472110] reheat + diversify: ceiling=0.06, value=18102.0
    [iter 477863] reheat + diversify: ceiling=0.05, value=22566.0
    [iter 483616] reheat + diversify: ceiling=0.05, value=21792.0
    [iter 489369] reheat + diversify: ceiling=0.04, value=24078.0
    [iter 495122] reheat + diversify: ceiling=0.04, value=20988.0
    [iter 500875] reheat + diversify: ceiling=0.04, value=21792.0
    [iter 506628] reheat + diversify: ceiling=0.03, value=15378.0
    [iter 512381] reheat + diversify: ceiling=0.03, value=13866.0
    [iter 518134] reheat + diversify: ceiling=0.03, value=19170.0
    [iter 523887] reheat + diversify: ceiling=0.02, value=20937.0
    [iter 529640] reheat + diversify: ceiling=0.02, value=19578.0
    [iter 535393] reheat + diversify: ceiling=0.02, value=20346.0
    [iter 541146] reheat + diversify: ceiling=0.02, value=19878.0
    [iter 546899] reheat + diversify: ceiling=0.02, value=25152.0
    [iter 552652] reheat + diversify: ceiling=0.01, value=21756.0
    [iter 558405] reheat + diversify: ceiling=0.01, value=19206.0
    [iter 564158] reheat + diversify: ceiling=0.01, value=18768.0
    [iter 569911] reheat + diversify: ceiling=0.01, value=20346.0
    [iter 575664] reheat + diversify: ceiling=0.01, value=16554.0
    [iter 581417] reheat + diversify: ceiling=0.01, value=19944.0
    [iter 587170] reheat + diversify: ceiling=0.01, value=20346.0
    [iter 592923] reheat + diversify: ceiling=0.01, value=23625.0
    [iter 598676] reheat + diversify: ceiling=0.01, value=24552.0
    [iter 604429] reheat + diversify: ceiling=0.01, value=15414.0
    [iter 610182] reheat + diversify: ceiling=0.00, value=21930.0
    [iter 615935] reheat + diversify: ceiling=0.00, value=15480.0
    [iter 621688] reheat + diversify: ceiling=0.00, value=16518.0
    [iter 627441] reheat + diversify: ceiling=0.00, value=18102.0
    [iter 633194] reheat + diversify: ceiling=0.00, value=20316.0
    [iter 638947] reheat + diversify: ceiling=0.00, value=24531.0
    [iter 644700] reheat + diversify: ceiling=0.00, value=16518.0
    [iter 650453] reheat + diversify: ceiling=0.00, value=16518.0
    [iter 656206] reheat + diversify: ceiling=0.00, value=19944.0
    [iter 661959] reheat + diversify: ceiling=0.00, value=17694.0
    [iter 667712] reheat + diversify: ceiling=0.00, value=17628.0
    [iter 673465] reheat + diversify: ceiling=0.00, value=17730.0
    [iter 679218] reheat + diversify: ceiling=0.00, value=16554.0
    [iter 684971] reheat + diversify: ceiling=0.00, value=16554.0
    [iter 690724] reheat + diversify: ceiling=0.00, value=21345.0
    [iter 696477] reheat + diversify: ceiling=0.00, value=18972.0
    [iter 702230] reheat + diversify: ceiling=0.00, value=24246.0
    [iter 707983] reheat + diversify: ceiling=0.00, value=22011.0
    [iter 713736] reheat + diversify: ceiling=0.00, value=20754.0
    [iter 719489] reheat + diversify: ceiling=0.00, value=17409.0
    [iter 725242] reheat + diversify: ceiling=0.00, value=21930.0
    [iter 730995] reheat + diversify: ceiling=0.00, value=23625.0
    [iter 736748] reheat + diversify: ceiling=0.00, value=20988.0
    [iter 742501] reheat + diversify: ceiling=0.00, value=19242.0
    [iter 748254] reheat + diversify: ceiling=0.00, value=21492.0
    [iter 754007] reheat + diversify: ceiling=0.00, value=18066.0
    [iter 759760] reheat + diversify: ceiling=0.00, value=16554.0
    [iter 765513] reheat + diversify: ceiling=0.00, value=21492.0
    [iter 771266] reheat + diversify: ceiling=0.00, value=22011.0
    [iter 777019] reheat + diversify: ceiling=0.00, value=19578.0
    [iter 782772] reheat + diversify: ceiling=0.00, value=24078.0
    [iter 788525] reheat + diversify: ceiling=0.00, value=17994.0
    [iter 794278] reheat + diversify: ceiling=0.00, value=21828.0
    [iter 800031] reheat + diversify: ceiling=0.00, value=22836.0
    [iter 805784] reheat + diversify: ceiling=0.00, value=19593.0
    [iter 811537] reheat + diversify: ceiling=0.00, value=22011.0
    [iter 817290] reheat + diversify: ceiling=0.00, value=16554.0
    [iter 823043] reheat + diversify: ceiling=0.00, value=22566.0
    [iter 828796] reheat + diversify: ceiling=0.00, value=18102.0
    [iter 834549] reheat + diversify: ceiling=0.00, value=16554.0
    [iter 840302] reheat + diversify: ceiling=0.00, value=18066.0
    [iter 846055] reheat + diversify: ceiling=0.00, value=18168.0
    [iter 851808] reheat + diversify: ceiling=0.00, value=22011.0
    [iter 857561] reheat + diversify: ceiling=0.00, value=19578.0
    [iter 863314] reheat + diversify: ceiling=0.00, value=21828.0
    [iter 869067] reheat + diversify: ceiling=0.00, value=23106.0
    [iter 874820] reheat + diversify: ceiling=0.00, value=18768.0
    [iter 880573] reheat + diversify: ceiling=0.00, value=13866.0
    [iter 886326] reheat + diversify: ceiling=0.00, value=15342.0
    [iter 892079] reheat + diversify: ceiling=0.00, value=24552.0
    [iter 897832] reheat + diversify: ceiling=0.00, value=17994.0
    [iter 903585] reheat + diversify: ceiling=0.00, value=19170.0
    [iter 909338] reheat + diversify: ceiling=0.00, value=20316.0
    [iter 915091] reheat + diversify: ceiling=0.00, value=19206.0
    [iter 920844] reheat + diversify: ceiling=0.00, value=20484.0
    [iter 926597] reheat + diversify: ceiling=0.00, value=21207.0
    [iter 932350] reheat + diversify: ceiling=0.00, value=13866.0
    [iter 938103] reheat + diversify: ceiling=0.00, value=13866.0
    [iter 943856] reheat + diversify: ceiling=0.00, value=17694.0
    [iter 949609] reheat + diversify: ceiling=0.00, value=16554.0
    [iter 955362] reheat + diversify: ceiling=0.00, value=18804.0
    [iter 961115] reheat + diversify: ceiling=0.00, value=17628.0
    [iter 966868] reheat + diversify: ceiling=0.00, value=23004.0
    [iter 972621] reheat + diversify: ceiling=0.00, value=21966.0
    [iter 978374] reheat + diversify: ceiling=0.00, value=15480.0
    [iter 984127] reheat + diversify: ceiling=0.00, value=22530.0
    [iter 989880] reheat + diversify: ceiling=0.00, value=21909.0
    [iter 995633] reheat + diversify: ceiling=0.00, value=21558.0
    [iter 1001386] reheat + diversify: ceiling=0.00, value=16554.0
    [iter 1007139] reheat + diversify: ceiling=0.00, value=18687.0
    [iter 1012892] reheat + diversify: ceiling=0.00, value=19593.0
    [iter 1018645] reheat + diversify: ceiling=0.00, value=19242.0
    [iter 1024398] reheat + diversify: ceiling=0.00, value=23625.0
    [iter 1030151] reheat + diversify: ceiling=0.00, value=19206.0
    [iter 1035904] reheat + diversify: ceiling=0.00, value=21792.0
    [iter 1041657] reheat + diversify: ceiling=0.00, value=15378.0
    [iter 1047410] reheat + diversify: ceiling=0.00, value=22011.0
    [iter 1053163] reheat + diversify: ceiling=0.00, value=23625.0
    [iter 1058916] reheat + diversify: ceiling=0.00, value=17409.0
    [iter 1064669] reheat + diversify: ceiling=0.00, value=15342.0
    [iter 1070422] reheat + diversify: ceiling=0.00, value=20790.0
    [iter 1076175] reheat + diversify: ceiling=0.00, value=15480.0
    [iter 1081928] reheat + diversify: ceiling=0.00, value=19206.0
    [iter 1087681] reheat + diversify: ceiling=0.00, value=19170.0
    [iter 1093434] reheat + diversify: ceiling=0.00, value=23004.0
    [iter 1099187] reheat + diversify: ceiling=0.00, value=13968.0
    [iter 1104940] reheat + diversify: ceiling=0.00, value=22011.0
    [iter 1110693] reheat + diversify: ceiling=0.00, value=18972.0
    [iter 1116446] reheat + diversify: ceiling=0.00, value=21696.0
    [iter 1122199] reheat + diversify: ceiling=0.00, value=14940.0
    [iter 1127952] reheat + diversify: ceiling=0.00, value=19242.0
    [iter 1133705] reheat + diversify: ceiling=0.00, value=21390.0
    [iter 1139458] reheat + diversify: ceiling=0.00, value=20382.0
    [iter 1145211] reheat + diversify: ceiling=0.00, value=21762.0
    [iter 1150964] reheat + diversify: ceiling=0.00, value=18168.0
    [iter 1156717] reheat + diversify: ceiling=0.00, value=21909.0
    [iter 1162470] reheat + diversify: ceiling=0.00, value=18870.0
    [iter 1168223] reheat + diversify: ceiling=0.00, value=15516.0
    [iter 1173976] reheat + diversify: ceiling=0.00, value=21909.0
    [iter 1179729] reheat + diversify: ceiling=0.00, value=22011.0
    [iter 1185482] reheat + diversify: ceiling=0.00, value=17664.0
    [iter 1191235] reheat + diversify: ceiling=0.00, value=20346.0
    [iter 1196988] reheat + diversify: ceiling=0.00, value=19278.0
    [iter 1202741] reheat + diversify: ceiling=0.00, value=21018.0
    [iter 1208494] reheat + diversify: ceiling=0.00, value=23625.0
    [iter 1214247] reheat + diversify: ceiling=0.00, value=12690.0
    [iter 1220000] reheat + diversify: ceiling=0.00, value=19878.0
    [iter 1225753] reheat + diversify: ceiling=0.00, value=25320.0
    [iter 1231506] reheat + diversify: ceiling=0.00, value=21558.0
    [iter 1237259] reheat + diversify: ceiling=0.00, value=20418.0
    [iter 1243012] reheat + diversify: ceiling=0.00, value=22938.0
    [iter 1248765] reheat + diversify: ceiling=0.00, value=22011.0
    [iter 1254518] reheat + diversify: ceiling=0.00, value=25152.0
    [iter 1260271] reheat + diversify: ceiling=0.00, value=19242.0
    [iter 1266024] reheat + diversify: ceiling=0.00, value=22011.0
    [iter 1271777] reheat + diversify: ceiling=0.00, value=21696.0
    [iter 1277530] reheat + diversify: ceiling=0.00, value=21345.0
    [iter 1283283] reheat + diversify: ceiling=0.00, value=22632.0
    [iter 1289036] reheat + diversify: ceiling=0.00, value=20937.0
    [iter 1294789] reheat + diversify: ceiling=0.00, value=16854.0
    [iter 1300542] reheat + diversify: ceiling=0.00, value=18621.0
    [iter 1306295] reheat + diversify: ceiling=0.00, value=14940.0
    [iter 1312048] reheat + diversify: ceiling=0.00, value=21558.0
    [iter 1317801] reheat + diversify: ceiling=0.00, value=22011.0
    [iter 1323554] reheat + diversify: ceiling=0.00, value=16554.0
    [iter 1329307] reheat + diversify: ceiling=0.00, value=22317.0
    [iter 1335060] reheat + diversify: ceiling=0.00, value=21018.0
    [iter 1340813] reheat + diversify: ceiling=0.00, value=22836.0
    [iter 1346566] reheat + diversify: ceiling=0.00, value=19761.0
    [iter 1352319] reheat + diversify: ceiling=0.00, value=21018.0
    [iter 1358072] reheat + diversify: ceiling=0.00, value=21864.0
    [iter 1363825] reheat + diversify: ceiling=0.00, value=19761.0
    [iter 1369578] reheat + diversify: ceiling=0.00, value=21492.0
    [iter 1375331] reheat + diversify: ceiling=0.00, value=16518.0
    [iter 1381084] reheat + diversify: ceiling=0.00, value=15378.0
    [iter 1386837] reheat + diversify: ceiling=0.00, value=25320.0
    [iter 1392590] reheat + diversify: ceiling=0.00, value=20382.0
    [iter 1398343] reheat + diversify: ceiling=0.00, value=23004.0
    [iter 1404096] reheat + diversify: ceiling=0.00, value=16554.0
    [iter 1409849] reheat + diversify: ceiling=0.00, value=19176.0
    [iter 1415602] reheat + diversify: ceiling=0.00, value=20346.0
    [iter 1421355] reheat + diversify: ceiling=0.00, value=22632.0
    [iter 1427108] reheat + diversify: ceiling=0.00, value=22011.0
    [iter 1432861] reheat + diversify: ceiling=0.00, value=18168.0
    [iter 1438614] reheat + diversify: ceiling=0.00, value=19725.0
    [iter 1444367] reheat + diversify: ceiling=0.00, value=22632.0
    [iter 1450120] reheat + diversify: ceiling=0.00, value=18132.0
    [iter 1455873] reheat + diversify: ceiling=0.00, value=18804.0
    [iter 1461626] reheat + diversify: ceiling=0.00, value=23625.0
    [iter 1467379] reheat + diversify: ceiling=0.00, value=25320.0
    [iter 1473132] reheat + diversify: ceiling=0.00, value=20382.0
    [iter 1478885] reheat + diversify: ceiling=0.00, value=16554.0
    [iter 1484638] reheat + diversify: ceiling=0.00, value=21492.0
    [iter 1490391] reheat + diversify: ceiling=0.00, value=18204.0
    [iter 1496144] reheat + diversify: ceiling=0.00, value=24531.0
    [iter 1501897] reheat + diversify: ceiling=0.00, value=24078.0
    [iter 1507650] reheat + diversify: ceiling=0.00, value=20382.0
    [iter 1513403] reheat + diversify: ceiling=0.00, value=19944.0
    [iter 1519156] reheat + diversify: ceiling=0.00, value=19944.0
    [iter 1524909] reheat + diversify: ceiling=0.00, value=19023.0
    [iter 1530662] reheat + diversify: ceiling=0.00, value=15480.0
    [iter 1536415] reheat + diversify: ceiling=0.00, value=20682.0
    [iter 1542168] reheat + diversify: ceiling=0.00, value=16590.0
    [iter 1547921] reheat + diversify: ceiling=0.00, value=19242.0
    [iter 1553674] reheat + diversify: ceiling=0.00, value=15480.0
    [iter 1559427] reheat + diversify: ceiling=0.00, value=22632.0
    [iter 1565180] reheat + diversify: ceiling=0.00, value=18804.0
    [iter 1570933] reheat + diversify: ceiling=0.00, value=20937.0
    [iter 1576686] reheat + diversify: ceiling=0.00, value=19944.0
    [iter 1582439] reheat + diversify: ceiling=0.00, value=22632.0
    [iter 1588192] reheat + diversify: ceiling=0.00, value=18621.0
    [iter 1593945] reheat + diversify: ceiling=0.00, value=18249.0
    [iter 1599698] reheat + diversify: ceiling=0.00, value=23391.0
    [iter 1605451] reheat + diversify: ceiling=0.00, value=21558.0
    [iter 1611204] reheat + diversify: ceiling=0.00, value=20484.0
    [iter 1616957] reheat + diversify: ceiling=0.00, value=20418.0
    [iter 1622710] reheat + diversify: ceiling=0.00, value=19725.0
    [iter 1628463] reheat + diversify: ceiling=0.00, value=25320.0
    [iter 1634216] reheat + diversify: ceiling=0.00, value=16656.0
    [iter 1639969] reheat + diversify: ceiling=0.00, value=21018.0
    [iter 1645722] reheat + diversify: ceiling=0.00, value=19242.0
    [iter 1651475] reheat + diversify: ceiling=0.00, value=20346.0
    [iter 1657228] reheat + diversify: ceiling=0.00, value=16554.0
    [iter 1662981] reheat + diversify: ceiling=0.00, value=15480.0
    [iter 1668734] reheat + diversify: ceiling=0.00, value=20718.0
    [iter 1674487] reheat + diversify: ceiling=0.00, value=22011.0
    [iter 1680240] reheat + diversify: ceiling=0.00, value=19242.0
    [iter 1685993] reheat + diversify: ceiling=0.00, value=20790.0
    [iter 1691746] reheat + diversify: ceiling=0.00, value=18066.0
    [iter 1697499] reheat + diversify: ceiling=0.00, value=15480.0
    [iter 1703252] reheat + diversify: ceiling=0.00, value=21024.0
    [iter 1709005] reheat + diversify: ceiling=0.00, value=17730.0
    [iter 1714758] reheat + diversify: ceiling=0.00, value=19206.0
    [iter 1720511] reheat + diversify: ceiling=0.00, value=23706.0
    [iter 1726264] reheat + diversify: ceiling=0.00, value=22632.0
    [iter 1732017] reheat + diversify: ceiling=0.00, value=19242.0
    [iter 1737770] reheat + diversify: ceiling=0.00, value=24078.0
    [iter 1743523] reheat + diversify: ceiling=0.00, value=22632.0
    [iter 1749276] reheat + diversify: ceiling=0.00, value=17475.0
    [iter 1755029] reheat + diversify: ceiling=0.00, value=20484.0
    [iter 1760782] reheat + diversify: ceiling=0.00, value=17730.0
    [iter 1766535] reheat + diversify: ceiling=0.00, value=23106.0
    [iter 1772288] reheat + diversify: ceiling=0.00, value=22011.0
    [iter 1778041] reheat + diversify: ceiling=0.00, value=19878.0
    [iter 1783794] reheat + diversify: ceiling=0.00, value=20382.0
    [iter 1789547] reheat + diversify: ceiling=0.00, value=17994.0
    [iter 1795300] reheat + diversify: ceiling=0.00, value=19206.0
    [iter 1801053] reheat + diversify: ceiling=0.00, value=17628.0
    [iter 1806806] reheat + diversify: ceiling=0.00, value=20754.0
    [iter 1812559] reheat + diversify: ceiling=0.00, value=19593.0
    [iter 1818312] reheat + diversify: ceiling=0.00, value=18096.0
    [iter 1824065] reheat + diversify: ceiling=0.00, value=19593.0
    [iter 1829818] reheat + diversify: ceiling=0.00, value=16554.0
    [iter 1835571] reheat + diversify: ceiling=0.00, value=19170.0
    [iter 1841324] reheat + diversify: ceiling=0.00, value=16116.0
    [iter 1847077] reheat + diversify: ceiling=0.00, value=19059.0
    [iter 1852830] reheat + diversify: ceiling=0.00, value=23457.0
    [iter 1858583] reheat + diversify: ceiling=0.00, value=14940.0
    [iter 1864336] reheat + diversify: ceiling=0.00, value=23457.0
    [iter 1870089] reheat + diversify: ceiling=0.00, value=23625.0
    [iter 1875842] reheat + diversify: ceiling=0.00, value=16518.0
    [iter 1881595] reheat + diversify: ceiling=0.00, value=19944.0
    [iter 1887348] reheat + diversify: ceiling=0.00, value=22902.0
    [iter 1893101] reheat + diversify: ceiling=0.00, value=23625.0
    [iter 1898854] reheat + diversify: ceiling=0.00, value=16554.0
    [iter 1904607] reheat + diversify: ceiling=0.00, value=21243.0
    [iter 1910360] reheat + diversify: ceiling=0.00, value=18030.0
    [iter 1916113] reheat + diversify: ceiling=0.00, value=21018.0
    [iter 1921866] reheat + diversify: ceiling=0.00, value=19944.0
    [iter 1927619] reheat + diversify: ceiling=0.00, value=22317.0
    [iter 1933372] reheat + diversify: ceiling=0.00, value=17628.0
    [iter 1939125] reheat + diversify: ceiling=0.00, value=17664.0
    [iter 1944878] reheat + diversify: ceiling=0.00, value=19944.0
    [iter 1950631] reheat + diversify: ceiling=0.00, value=23172.0
    [iter 1956384] reheat + diversify: ceiling=0.00, value=20718.0
    [iter 1962137] reheat + diversify: ceiling=0.00, value=20316.0
    [iter 1967890] reheat + diversify: ceiling=0.00, value=20484.0
    [iter 1973643] reheat + diversify: ceiling=0.00, value=21558.0
    [iter 1979396] reheat + diversify: ceiling=0.00, value=18036.0
    [iter 1985149] reheat + diversify: ceiling=0.00, value=18804.0
    [iter 1990902] reheat + diversify: ceiling=0.00, value=23625.0
    [iter 1996655] reheat + diversify: ceiling=0.00, value=17730.0
    [iter 2002408] reheat + diversify: ceiling=0.00, value=19170.0
    [iter 2008161] reheat + diversify: ceiling=0.00, value=21492.0
    [iter 2013914] reheat + diversify: ceiling=0.00, value=21909.0
    [iter 2019667] reheat + diversify: ceiling=0.00, value=23625.0
    [iter 2025420] reheat + diversify: ceiling=0.00, value=18804.0
    [iter 2031173] reheat + diversify: ceiling=0.00, value=21558.0
    [iter 2036926] reheat + diversify: ceiling=0.00, value=15480.0
    [iter 2042679] reheat + diversify: ceiling=0.00, value=21558.0
    [iter 2048432] reheat + diversify: ceiling=0.00, value=21018.0
    [iter 2054185] reheat + diversify: ceiling=0.00, value=16554.0
    [iter 2059938] reheat + diversify: ceiling=0.00, value=22632.0
    [iter 2065691] reheat + diversify: ceiling=0.00, value=17994.0
    [iter 2071444] reheat + diversify: ceiling=0.00, value=21018.0
    [iter 2077197] reheat + diversify: ceiling=0.00, value=20346.0
    [iter 2082950] reheat + diversify: ceiling=0.00, value=14940.0
    [iter 2088703] reheat + diversify: ceiling=0.00, value=19242.0
    [iter 2094456] reheat + diversify: ceiling=0.00, value=16590.0
    [iter 2100209] reheat + diversify: ceiling=0.00, value=23706.0
    [iter 2105962] reheat + diversify: ceiling=0.00, value=19725.0
    [iter 2111715] reheat + diversify: ceiling=0.00, value=16554.0
    [iter 2117468] reheat + diversify: ceiling=0.00, value=15480.0
    [iter 2123221] reheat + diversify: ceiling=0.00, value=24246.0
    [iter 2128974] reheat + diversify: ceiling=0.00, value=22011.0
    [iter 2134727] reheat + diversify: ceiling=0.00, value=19863.0
    [iter 2140480] reheat + diversify: ceiling=0.00, value=22632.0
    [iter 2146233] reheat + diversify: ceiling=0.00, value=15378.0
    [iter 2151986] reheat + diversify: ceiling=0.00, value=22011.0
    [iter 2157739] reheat + diversify: ceiling=0.00, value=16554.0
    [iter 2163492] reheat + diversify: ceiling=0.00, value=16518.0
    [iter 2169245] reheat + diversify: ceiling=0.00, value=23625.0
    [iter 2174998] reheat + diversify: ceiling=0.00, value=21390.0
    [iter 2180751] reheat + diversify: ceiling=0.00, value=19578.0
    [iter 2186504] reheat + diversify: ceiling=0.00, value=15480.0
    [iter 2192257] reheat + diversify: ceiling=0.00, value=24246.0
    [iter 2198010] reheat + diversify: ceiling=0.00, value=24246.0
    [iter 2203763] reheat + diversify: ceiling=0.00, value=24078.0
    [iter 2209516] reheat + diversify: ceiling=0.00, value=21243.0
    [iter 2215269] reheat + diversify: ceiling=0.00, value=21492.0
    [iter 2221022] reheat + diversify: ceiling=0.00, value=17730.0
    [iter 2226775] reheat + diversify: ceiling=0.00, value=20316.0
    [iter 2232528] reheat + diversify: ceiling=0.00, value=15480.0
    [iter 2238281] reheat + diversify: ceiling=0.00, value=16554.0
    [iter 2244034] reheat + diversify: ceiling=0.00, value=21762.0
    [iter 2249787] reheat + diversify: ceiling=0.00, value=19242.0
    [iter 2255540] reheat + diversify: ceiling=0.00, value=16554.0
    [iter 2261293] reheat + diversify: ceiling=0.00, value=18066.0
    [iter 2267046] reheat + diversify: ceiling=0.00, value=19206.0
    [iter 2272799] reheat + diversify: ceiling=0.00, value=18066.0
    [iter 2278552] reheat + diversify: ceiling=0.00, value=18102.0
    [iter 2284305] reheat + diversify: ceiling=0.00, value=17064.0
    [iter 2290058] reheat + diversify: ceiling=0.00, value=19944.0
    [iter 2295811] reheat + diversify: ceiling=0.00, value=16554.0
    [iter 2301564] reheat + diversify: ceiling=0.00, value=22632.0
    [iter 2307317] reheat + diversify: ceiling=0.00, value=22530.0
    [iter 2313070] reheat + diversify: ceiling=0.00, value=23625.0
    [iter 2318823] reheat + diversify: ceiling=0.00, value=23625.0
    [iter 2324576] reheat + diversify: ceiling=0.00, value=16554.0
    [iter 2330329] reheat + diversify: ceiling=0.00, value=20418.0
    [iter 2336082] reheat + diversify: ceiling=0.00, value=15378.0
    [iter 2341835] reheat + diversify: ceiling=0.00, value=16554.0
    [iter 2347588] reheat + diversify: ceiling=0.00, value=20346.0
    [iter 2353341] reheat + diversify: ceiling=0.00, value=24078.0
    [iter 2359094] reheat + diversify: ceiling=0.00, value=22566.0
    [iter 2364847] reheat + diversify: ceiling=0.00, value=19695.0
    [iter 2370600] reheat + diversify: ceiling=0.00, value=22902.0
    [iter 2376353] reheat + diversify: ceiling=0.00, value=15480.0
    [iter 2382106] reheat + diversify: ceiling=0.00, value=19761.0
    [iter 2387859] reheat + diversify: ceiling=0.00, value=20133.0
    [iter 2393612] reheat + diversify: ceiling=0.00, value=20097.0
    [iter 2399365] reheat + diversify: ceiling=0.00, value=19170.0
    [iter 2405118] reheat + diversify: ceiling=0.00, value=19278.0
    [iter 2410871] reheat + diversify: ceiling=0.00, value=18168.0
    [iter 2416624] reheat + diversify: ceiling=0.00, value=22632.0
    [iter 2422377] reheat + diversify: ceiling=0.00, value=24078.0
    [iter 2428130] reheat + diversify: ceiling=0.00, value=16554.0
    [iter 2433883] reheat + diversify: ceiling=0.00, value=20418.0
    [iter 2439636] reheat + diversify: ceiling=0.00, value=24078.0
    [iter 2445389] reheat + diversify: ceiling=0.00, value=21909.0
    [iter 2451142] reheat + diversify: ceiling=0.00, value=20346.0
    [iter 2456895] reheat + diversify: ceiling=0.00, value=13866.0
    [iter 2462648] reheat + diversify: ceiling=0.00, value=16554.0
    [iter 2468401] reheat + diversify: ceiling=0.00, value=19206.0
    [iter 2474154] reheat + diversify: ceiling=0.00, value=20418.0
    [iter 2479907] reheat + diversify: ceiling=0.00, value=17694.0
    [iter 2485660] reheat + diversify: ceiling=0.00, value=23625.0
    [iter 2491413] reheat + diversify: ceiling=0.00, value=16518.0
    [iter 2497166] reheat + diversify: ceiling=0.00, value=22566.0
    [iter 2502919] reheat + diversify: ceiling=0.00, value=19242.0
    [iter 2508672] reheat + diversify: ceiling=0.00, value=13866.0
    [iter 2514425] reheat + diversify: ceiling=0.00, value=17190.0
    [iter 2520178] reheat + diversify: ceiling=0.00, value=16554.0
    [iter 2525931] reheat + diversify: ceiling=0.00, value=19593.0
    [iter 2531684] reheat + diversify: ceiling=0.00, value=21558.0
    [iter 2537437] reheat + diversify: ceiling=0.00, value=15480.0
    [iter 2543190] reheat + diversify: ceiling=0.00, value=25320.0
    [iter 2548943] reheat + diversify: ceiling=0.00, value=16554.0
    [iter 2554696] reheat + diversify: ceiling=0.00, value=21492.0
    [iter 2560449] reheat + diversify: ceiling=0.00, value=17409.0
    [iter 2566202] reheat + diversify: ceiling=0.00, value=25320.0
    [iter 2571955] reheat + diversify: ceiling=0.00, value=20382.0
    [iter 2577708] reheat + diversify: ceiling=0.00, value=16554.0
    [iter 2583461] reheat + diversify: ceiling=0.00, value=23625.0
    [iter 2589214] reheat + diversify: ceiling=0.00, value=22902.0
    [iter 2594967] reheat + diversify: ceiling=0.00, value=16518.0
    [iter 2600720] reheat + diversify: ceiling=0.00, value=20346.0
    [iter 2606473] reheat + diversify: ceiling=0.00, value=25320.0
    [iter 2612226] reheat + diversify: ceiling=0.00, value=19242.0
    [iter 2617979] reheat + diversify: ceiling=0.00, value=13902.0
    [iter 2623732] reheat + diversify: ceiling=0.00, value=20346.0
    [iter 2629485] reheat + diversify: ceiling=0.00, value=22566.0
    [iter 2635238] reheat + diversify: ceiling=0.00, value=15480.0
    [iter 2640991] reheat + diversify: ceiling=0.00, value=19278.0
    [iter 2646744] reheat + diversify: ceiling=0.00, value=17694.0
    [iter 2652497] reheat + diversify: ceiling=0.00, value=16554.0
    [iter 2658250] reheat + diversify: ceiling=0.00, value=19761.0
    [iter 2664003] reheat + diversify: ceiling=0.00, value=19944.0
    [iter 2669756] reheat + diversify: ceiling=0.00, value=23478.0
    [iter 2675509] reheat + diversify: ceiling=0.00, value=15480.0
    [iter 2681262] reheat + diversify: ceiling=0.00, value=21762.0
    [iter 2687015] reheat + diversify: ceiling=0.00, value=22632.0
    [iter 2692768] reheat + diversify: ceiling=0.00, value=12792.0
    [iter 2698521] reheat + diversify: ceiling=0.00, value=21909.0
    [iter 2704274] reheat + diversify: ceiling=0.00, value=13866.0
    [iter 2710027] reheat + diversify: ceiling=0.00, value=19944.0
    [iter 2715780] reheat + diversify: ceiling=0.00, value=22011.0
    [iter 2721533] reheat + diversify: ceiling=0.00, value=16554.0
    [iter 2727286] reheat + diversify: ceiling=0.00, value=19797.0
    [iter 2733039] reheat + diversify: ceiling=0.00, value=17409.0
    [iter 2738792] reheat + diversify: ceiling=0.00, value=18066.0
    [iter 2744545] reheat + diversify: ceiling=0.00, value=22566.0
    [iter 2750298] reheat + diversify: ceiling=0.00, value=22530.0
    [iter 2756051] reheat + diversify: ceiling=0.00, value=25320.0
    [iter 2761804] reheat + diversify: ceiling=0.00, value=23004.0
    [iter 2767557] reheat + diversify: ceiling=0.00, value=20667.0
    [iter 2773310] reheat + diversify: ceiling=0.00, value=15342.0
    [iter 2779063] reheat + diversify: ceiling=0.00, value=18066.0
    [iter 2784816] reheat + diversify: ceiling=0.00, value=21018.0
    [iter 2790569] reheat + diversify: ceiling=0.00, value=23625.0
    [iter 2796322] reheat + diversify: ceiling=0.00, value=21558.0
    [iter 2802075] reheat + diversify: ceiling=0.00, value=19695.0
    [iter 2807828] reheat + diversify: ceiling=0.00, value=23457.0
    [iter 2813581] reheat + diversify: ceiling=0.00, value=19761.0
    [iter 2819334] reheat + diversify: ceiling=0.00, value=20937.0
    [iter 2825087] reheat + diversify: ceiling=0.00, value=22317.0
    [iter 2830840] reheat + diversify: ceiling=0.00, value=21018.0
    [iter 2836593] reheat + diversify: ceiling=0.00, value=24531.0
    [iter 2842346] reheat + diversify: ceiling=0.00, value=22632.0
    [iter 2848099] reheat + diversify: ceiling=0.00, value=21756.0
    [iter 2853852] reheat + diversify: ceiling=0.00, value=16554.0
    [iter 2859605] reheat + diversify: ceiling=0.00, value=21492.0
    [iter 2865358] reheat + diversify: ceiling=0.00, value=19944.0
    [iter 2871111] reheat + diversify: ceiling=0.00, value=21828.0
    [iter 2876864] reheat + diversify: ceiling=0.00, value=19761.0
    [iter 2882617] reheat + diversify: ceiling=0.00, value=14940.0
    [iter 2888370] reheat + diversify: ceiling=0.00, value=21492.0
    [iter 2894123] reheat + diversify: ceiling=0.00, value=21018.0
    [iter 2899876] reheat + diversify: ceiling=0.00, value=23457.0
    [iter 2905629] reheat + diversify: ceiling=0.00, value=21909.0
    [iter 2911382] reheat + diversify: ceiling=0.00, value=23625.0
    [iter 2917135] reheat + diversify: ceiling=0.00, value=23004.0
    [iter 2922888] reheat + diversify: ceiling=0.00, value=19725.0
    [iter 2928641] reheat + diversify: ceiling=0.00, value=23004.0
    [iter 2934394] reheat + diversify: ceiling=0.00, value=19944.0
    [iter 2940147] reheat + diversify: ceiling=0.00, value=24633.0
    [iter 2945900] reheat + diversify: ceiling=0.00, value=20754.0
    [iter 2951653] reheat + diversify: ceiling=0.00, value=23004.0
    [iter 2957406] reheat + diversify: ceiling=0.00, value=22902.0
    [iter 2963159] reheat + diversify: ceiling=0.00, value=14940.0
    [iter 2968912] reheat + diversify: ceiling=0.00, value=16554.0
    [iter 2974665] reheat + diversify: ceiling=0.00, value=21909.0
    [iter 2980418] reheat + diversify: ceiling=0.00, value=19944.0
    [iter 2986171] reheat + diversify: ceiling=0.00, value=17730.0
    [iter 2991924] reheat + diversify: ceiling=0.00, value=22632.0
    [iter 2997677] reheat + diversify: ceiling=0.00, value=17664.0
    [iter 3003430] reheat + diversify: ceiling=0.00, value=16554.0
    [iter 3009183] reheat + diversify: ceiling=0.00, value=19944.0
    [iter 3014936] reheat + diversify: ceiling=0.00, value=19761.0
    [iter 3020689] reheat + diversify: ceiling=0.00, value=21243.0
    [iter 3026442] reheat + diversify: ceiling=0.00, value=20133.0
    [iter 3032195] reheat + diversify: ceiling=0.00, value=20250.0
    [iter 3037948] reheat + diversify: ceiling=0.00, value=18102.0
    [iter 3043701] reheat + diversify: ceiling=0.00, value=20346.0
    [iter 3049454] reheat + diversify: ceiling=0.00, value=22011.0
    [iter 3055207] reheat + diversify: ceiling=0.00, value=10476.0
    [iter 3060960] reheat + diversify: ceiling=0.00, value=21558.0
    [iter 3066713] reheat + diversify: ceiling=0.00, value=22011.0
    [iter 3072466] reheat + diversify: ceiling=0.00, value=19761.0
    [iter 3078219] reheat + diversify: ceiling=0.00, value=17898.0
    [iter 3083972] reheat + diversify: ceiling=0.00, value=18138.0
    [iter 3089725] reheat + diversify: ceiling=0.00, value=15480.0
    [iter 3095478] reheat + diversify: ceiling=0.00, value=16518.0
    [iter 3101231] reheat + diversify: ceiling=0.00, value=23625.0
    [iter 3106984] reheat + diversify: ceiling=0.00, value=21558.0
    [iter 3112737] reheat + diversify: ceiling=0.00, value=22566.0
    [iter 3118490] reheat + diversify: ceiling=0.00, value=19863.0
    [iter 3124243] reheat + diversify: ceiling=0.00, value=21966.0
    [iter 3129996] reheat + diversify: ceiling=0.00, value=15480.0
    [iter 3135749] reheat + diversify: ceiling=0.00, value=19206.0
    [iter 3141502] reheat + diversify: ceiling=0.00, value=21966.0
    [iter 3147255] reheat + diversify: ceiling=0.00, value=22632.0
    [iter 3153008] reheat + diversify: ceiling=0.00, value=19140.0
    [iter 3158761] reheat + diversify: ceiling=0.00, value=22011.0
    [iter 3164514] reheat + diversify: ceiling=0.00, value=15480.0
    [iter 3170267] reheat + diversify: ceiling=0.00, value=22011.0
    [iter 3176020] reheat + diversify: ceiling=0.00, value=22632.0
    [iter 3181773] reheat + diversify: ceiling=0.00, value=19878.0
    [iter 3187526] reheat + diversify: ceiling=0.00, value=25320.0
    [iter 3193279] reheat + diversify: ceiling=0.00, value=19944.0
    [iter 3199032] reheat + diversify: ceiling=0.00, value=19578.0
    [iter 3204785] reheat + diversify: ceiling=0.00, value=15378.0
    [iter 3210538] reheat + diversify: ceiling=0.00, value=19761.0
    [iter 3216291] reheat + diversify: ceiling=0.00, value=18102.0
    [iter 3222044] reheat + diversify: ceiling=0.00, value=20418.0
    [iter 3227797] reheat + diversify: ceiling=0.00, value=23004.0
    [iter 3233550] reheat + diversify: ceiling=0.00, value=20835.0
    [iter 3239303] reheat + diversify: ceiling=0.00, value=16554.0
    [iter 3245056] reheat + diversify: ceiling=0.00, value=19944.0
    [iter 3250809] reheat + diversify: ceiling=0.00, value=24078.0
    [iter 3256562] reheat + diversify: ceiling=0.00, value=19140.0
    [iter 3262315] reheat + diversify: ceiling=0.00, value=16554.0
    [iter 3268068] reheat + diversify: ceiling=0.00, value=22902.0
    [iter 3273821] reheat + diversify: ceiling=0.00, value=24078.0
    [iter 3279574] reheat + diversify: ceiling=0.00, value=24246.0
    [iter 3285327] reheat + diversify: ceiling=0.00, value=18066.0
    [iter 3291080] reheat + diversify: ceiling=0.00, value=18102.0
    [iter 3296833] reheat + diversify: ceiling=0.00, value=16554.0
    [iter 3302586] reheat + diversify: ceiling=0.00, value=17409.0
    [iter 3308339] reheat + diversify: ceiling=0.00, value=24699.0
    [iter 3314092] reheat + diversify: ceiling=0.00, value=22566.0
    [iter 3319845] reheat + diversify: ceiling=0.00, value=25320.0
    [iter 3325598] reheat + diversify: ceiling=0.00, value=18102.0
    [iter 3331351] reheat + diversify: ceiling=0.00, value=24078.0
    [iter 3337104] reheat + diversify: ceiling=0.00, value=25320.0
    [iter 3342857] reheat + diversify: ceiling=0.00, value=23004.0
    [iter 3348610] reheat + diversify: ceiling=0.00, value=21909.0
    [iter 3354363] reheat + diversify: ceiling=0.00, value=22011.0
    [iter 3360116] reheat + diversify: ceiling=0.00, value=22011.0
    [iter 3365869] reheat + diversify: ceiling=0.00, value=18168.0
    [iter 3371622] reheat + diversify: ceiling=0.00, value=21828.0
    [iter 3377375] reheat + diversify: ceiling=0.00, value=23706.0
    [iter 3383128] reheat + diversify: ceiling=0.00, value=19944.0
    [iter 3388881] reheat + diversify: ceiling=0.00, value=19944.0
    [iter 3394634] reheat + diversify: ceiling=0.00, value=20250.0
    [iter 3400387] reheat + diversify: ceiling=0.00, value=20418.0
    [iter 3406140] reheat + diversify: ceiling=0.00, value=16554.0
    [iter 3411893] reheat + diversify: ceiling=0.00, value=23625.0
    [iter 3417646] reheat + diversify: ceiling=0.00, value=18804.0
    [iter 3423399] reheat + diversify: ceiling=0.00, value=20937.0
    [iter 3429152] reheat + diversify: ceiling=0.00, value=20718.0
    [iter 3434905] reheat + diversify: ceiling=0.00, value=21492.0
    [iter 3440658] reheat + diversify: ceiling=0.00, value=21558.0
    [iter 3446411] reheat + diversify: ceiling=0.00, value=19170.0
    [iter 3452164] reheat + diversify: ceiling=0.00, value=16518.0
    [iter 3457917] reheat + diversify: ceiling=0.00, value=16518.0
    [iter 3463670] reheat + diversify: ceiling=0.00, value=19242.0
    [iter 3469423] reheat + diversify: ceiling=0.00, value=22011.0
    [iter 3475176] reheat + diversify: ceiling=0.00, value=19944.0
    [iter 3480929] reheat + diversify: ceiling=0.00, value=18102.0
    [iter 3486682] reheat + diversify: ceiling=0.00, value=19944.0
    [iter 3492435] reheat + diversify: ceiling=0.00, value=23625.0
    [iter 3498188] reheat + diversify: ceiling=0.00, value=17409.0
    [iter 3503941] reheat + diversify: ceiling=0.00, value=16518.0
    [iter 3509694] reheat + diversify: ceiling=0.00, value=15378.0
    [iter 3515447] reheat + diversify: ceiling=0.00, value=19680.0
    [iter 3521200] reheat + diversify: ceiling=0.00, value=24078.0
    [iter 3526953] reheat + diversify: ceiling=0.00, value=16554.0
    [iter 3532706] reheat + diversify: ceiling=0.00, value=20988.0
    [iter 3538459] reheat + diversify: ceiling=0.00, value=20346.0
    [iter 3544212] reheat + diversify: ceiling=0.00, value=19323.0
    [iter 3549965] reheat + diversify: ceiling=0.00, value=20937.0
    [iter 3555718] reheat + diversify: ceiling=0.00, value=19206.0
    [iter 3561471] reheat + diversify: ceiling=0.00, value=23004.0
    [iter 3567224] reheat + diversify: ceiling=0.00, value=17730.0
    [iter 3572977] reheat + diversify: ceiling=0.00, value=21207.0
    [iter 3578730] reheat + diversify: ceiling=0.00, value=16518.0
    [iter 3584483] reheat + diversify: ceiling=0.00, value=19578.0
    [iter 3590236] reheat + diversify: ceiling=0.00, value=22902.0
    [iter 3595989] reheat + diversify: ceiling=0.00, value=22902.0
    [iter 3601742] reheat + diversify: ceiling=0.00, value=21243.0
    [iter 3607495] reheat + diversify: ceiling=0.00, value=20346.0
    [iter 3613248] reheat + diversify: ceiling=0.00, value=18102.0
    [iter 3619001] reheat + diversify: ceiling=0.00, value=13902.0
    [iter 3624754] reheat + diversify: ceiling=0.00, value=17730.0
    [iter 3630507] reheat + diversify: ceiling=0.00, value=22383.0
    [iter 3636260] reheat + diversify: ceiling=0.00, value=23106.0
    [iter 3642013] reheat + diversify: ceiling=0.00, value=16554.0
    [iter 3647766] reheat + diversify: ceiling=0.00, value=22011.0
    [iter 3653519] reheat + diversify: ceiling=0.00, value=19944.0
    [iter 3659272] reheat + diversify: ceiling=0.00, value=15480.0
    [iter 3665025] reheat + diversify: ceiling=0.00, value=18804.0
    [iter 3670778] reheat + diversify: ceiling=0.00, value=16554.0
    [iter 3676531] reheat + diversify: ceiling=0.00, value=22011.0
    [iter 3682284] reheat + diversify: ceiling=0.00, value=19278.0
    [iter 3688037] reheat + diversify: ceiling=0.00, value=19944.0
    [iter 3693790] reheat + diversify: ceiling=0.00, value=18168.0
    [iter 3699543] reheat + diversify: ceiling=0.00, value=23004.0
    [iter 3705296] reheat + diversify: ceiling=0.00, value=20316.0
    [iter 3711049] reheat + diversify: ceiling=0.00, value=21909.0
    [iter 3716802] reheat + diversify: ceiling=0.00, value=25320.0
    [iter 3722555] reheat + diversify: ceiling=0.00, value=14304.0
    [iter 3728308] reheat + diversify: ceiling=0.00, value=23004.0
    [iter 3734061] reheat + diversify: ceiling=0.00, value=24078.0
    [iter 3739814] reheat + diversify: ceiling=0.00, value=18102.0
    [iter 3745567] reheat + diversify: ceiling=0.00, value=15342.0
    [iter 3751320] reheat + diversify: ceiling=0.00, value=25320.0
    [iter 3757073] reheat + diversify: ceiling=0.00, value=20346.0
    [iter 3762826] reheat + diversify: ceiling=0.00, value=21762.0
    [iter 3768579] reheat + diversify: ceiling=0.00, value=22530.0
    [iter 3774332] reheat + diversify: ceiling=0.00, value=24078.0
    [iter 3780085] reheat + diversify: ceiling=0.00, value=21492.0
    [iter 3785838] reheat + diversify: ceiling=0.00, value=18066.0
    [iter 3791591] reheat + diversify: ceiling=0.00, value=17994.0
    [iter 3797344] reheat + diversify: ceiling=0.00, value=22011.0
    [iter 3803097] reheat + diversify: ceiling=0.00, value=19578.0
    [iter 3808850] reheat + diversify: ceiling=0.00, value=21909.0
    [iter 3814603] reheat + diversify: ceiling=0.00, value=19944.0
    [iter 3820356] reheat + diversify: ceiling=0.00, value=22836.0
    [iter 3826109] reheat + diversify: ceiling=0.00, value=15480.0
    [iter 3831862] reheat + diversify: ceiling=0.00, value=19944.0
    [iter 3837615] reheat + diversify: ceiling=0.00, value=16554.0
    [iter 3843368] reheat + diversify: ceiling=0.00, value=19761.0
    [iter 3849121] reheat + diversify: ceiling=0.00, value=13866.0
    [iter 3854874] reheat + diversify: ceiling=0.00, value=20250.0
    [iter 3860627] reheat + diversify: ceiling=0.00, value=18204.0
    [iter 3866380] reheat + diversify: ceiling=0.00, value=22566.0
    [iter 3872133] reheat + diversify: ceiling=0.00, value=22632.0
    [iter 3877886] reheat + diversify: ceiling=0.00, value=25320.0
    [iter 3883639] reheat + diversify: ceiling=0.00, value=19170.0
    [iter 3889392] reheat + diversify: ceiling=0.00, value=16554.0
    [iter 3895145] reheat + diversify: ceiling=0.00, value=17475.0
    [iter 3900898] reheat + diversify: ceiling=0.00, value=23625.0
    [iter 3906651] reheat + diversify: ceiling=0.00, value=25320.0
    [iter 3912404] reheat + diversify: ceiling=0.00, value=16518.0
    [iter 3918157] reheat + diversify: ceiling=0.00, value=20346.0
    [iter 3923910] reheat + diversify: ceiling=0.00, value=19278.0
    [iter 3929663] reheat + diversify: ceiling=0.00, value=21558.0
    [iter 3935416] reheat + diversify: ceiling=0.00, value=25320.0
    [iter 3941169] reheat + diversify: ceiling=0.00, value=20754.0
    [iter 3946922] reheat + diversify: ceiling=0.00, value=23625.0
    [iter 3952675] reheat + diversify: ceiling=0.00, value=19170.0
    [iter 3958428] reheat + diversify: ceiling=0.00, value=19761.0
    [iter 3964181] reheat + diversify: ceiling=0.00, value=23457.0
    [iter 3969934] reheat + diversify: ceiling=0.00, value=16518.0
    [iter 3975687] reheat + diversify: ceiling=0.00, value=25320.0
    [iter 3981440] reheat + diversify: ceiling=0.00, value=15342.0
    [iter 3987193] reheat + diversify: ceiling=0.00, value=18474.0
    [iter 3992946] reheat + diversify: ceiling=0.00, value=22632.0
    [iter 3998699] reheat + diversify: ceiling=0.00, value=23004.0
    [iter 4004452] reheat + diversify: ceiling=0.00, value=17628.0
    [iter 4010205] reheat + diversify: ceiling=0.00, value=22902.0
    [iter 4015958] reheat + diversify: ceiling=0.00, value=23004.0
    [iter 4021711] reheat + diversify: ceiling=0.00, value=18804.0
    [iter 4027464] reheat + diversify: ceiling=0.00, value=23976.0
    [iter 4033217] reheat + diversify: ceiling=0.00, value=16554.0
    [iter 4038970] reheat + diversify: ceiling=0.00, value=23004.0
    [iter 4044723] reheat + diversify: ceiling=0.00, value=21909.0
    [iter 4050476] reheat + diversify: ceiling=0.00, value=13866.0
    [iter 4056229] reheat + diversify: ceiling=0.00, value=19242.0
    [iter 4061982] reheat + diversify: ceiling=0.00, value=16554.0
    [iter 4067735] reheat + diversify: ceiling=0.00, value=21018.0
    [iter 4073488] reheat + diversify: ceiling=0.00, value=24246.0
    [iter 4079241] reheat + diversify: ceiling=0.00, value=19944.0
    [iter 4084994] reheat + diversify: ceiling=0.00, value=19761.0
    [iter 4090747] reheat + diversify: ceiling=0.00, value=17664.0
    [iter 4096500] reheat + diversify: ceiling=0.00, value=22632.0
    [iter 4102253] reheat + diversify: ceiling=0.00, value=23625.0
    [iter 4108006] reheat + diversify: ceiling=0.00, value=21243.0
    [iter 4113759] reheat + diversify: ceiling=0.00, value=22530.0
    [iter 4119512] reheat + diversify: ceiling=0.00, value=20835.0
    [iter 4125265] reheat + diversify: ceiling=0.00, value=20169.0
    [iter 4131018] reheat + diversify: ceiling=0.00, value=24078.0
    [iter 4136771] reheat + diversify: ceiling=0.00, value=24078.0
    [iter 4142524] reheat + diversify: ceiling=0.00, value=18066.0
    [iter 4148277] reheat + diversify: ceiling=0.00, value=15480.0
    [iter 4154030] reheat + diversify: ceiling=0.00, value=21762.0
    [iter 4159783] reheat + diversify: ceiling=0.00, value=19242.0
    [iter 4165536] reheat + diversify: ceiling=0.00, value=16518.0
    [iter 4171289] reheat + diversify: ceiling=0.00, value=17730.0
    [iter 4177042] reheat + diversify: ceiling=0.00, value=19278.0
    [iter 4182795] reheat + diversify: ceiling=0.00, value=19278.0
    [iter 4188548] reheat + diversify: ceiling=0.00, value=19170.0
    [iter 4194301] reheat + diversify: ceiling=0.00, value=22011.0
    [iter 4200054] reheat + diversify: ceiling=0.00, value=18804.0
    [iter 4205807] reheat + diversify: ceiling=0.00, value=16554.0
    [iter 4211560] reheat + diversify: ceiling=0.00, value=15480.0
    [iter 4217313] reheat + diversify: ceiling=0.00, value=24246.0
    [iter 4223066] reheat + diversify: ceiling=0.00, value=18804.0
    [iter 4228819] reheat + diversify: ceiling=0.00, value=15480.0
    [iter 4234572] reheat + diversify: ceiling=0.00, value=24078.0
    [iter 4240325] reheat + diversify: ceiling=0.00, value=22011.0
    [iter 4246078] reheat + diversify: ceiling=0.00, value=25320.0
    [iter 4251831] reheat + diversify: ceiling=0.00, value=20133.0
    [iter 4257584] reheat + diversify: ceiling=0.00, value=22836.0
    [iter 4263337] reheat + diversify: ceiling=0.00, value=19170.0
    [iter 4269090] reheat + diversify: ceiling=0.00, value=16554.0
    [iter 4274843] reheat + diversify: ceiling=0.00, value=20718.0
    [iter 4280596] reheat + diversify: ceiling=0.00, value=22902.0
    [iter 4286349] reheat + diversify: ceiling=0.00, value=20418.0
    [iter 4292102] reheat + diversify: ceiling=0.00, value=18336.0
    [iter 4297855] reheat + diversify: ceiling=0.00, value=16116.0
    [iter 4303608] reheat + diversify: ceiling=0.00, value=15480.0
    [iter 4309361] reheat + diversify: ceiling=0.00, value=22011.0
    [iter 4315114] reheat + diversify: ceiling=0.00, value=17694.0
    [iter 4320867] reheat + diversify: ceiling=0.00, value=18030.0
    [iter 4326620] reheat + diversify: ceiling=0.00, value=16554.0
    [iter 4332373] reheat + diversify: ceiling=0.00, value=16554.0
    [iter 4338126] reheat + diversify: ceiling=0.00, value=24078.0
    [iter 4343879] reheat + diversify: ceiling=0.00, value=15042.0
    [iter 4349632] reheat + diversify: ceiling=0.00, value=19140.0
    [iter 4355385] reheat + diversify: ceiling=0.00, value=23625.0
    [iter 4361138] reheat + diversify: ceiling=0.00, value=16554.0
    [iter 4366891] reheat + diversify: ceiling=0.00, value=15342.0
    [iter 4372644] reheat + diversify: ceiling=0.00, value=24078.0
    [iter 4378397] reheat + diversify: ceiling=0.00, value=17664.0
    [iter 4384150] reheat + diversify: ceiling=0.00, value=16518.0
    [iter 4389903] reheat + diversify: ceiling=0.00, value=22632.0
    [iter 4395656] reheat + diversify: ceiling=0.00, value=22011.0
    [iter 4401409] reheat + diversify: ceiling=0.00, value=20418.0
    [iter 4407162] reheat + diversify: ceiling=0.00, value=18066.0
    [iter 4412915] reheat + diversify: ceiling=0.00, value=17409.0
    [iter 4418668] reheat + diversify: ceiling=0.00, value=25320.0
    [iter 4424421] reheat + diversify: ceiling=0.00, value=22011.0
    [iter 4430174] reheat + diversify: ceiling=0.00, value=23625.0
    [iter 4435927] reheat + diversify: ceiling=0.00, value=18585.0
    [iter 4441680] reheat + diversify: ceiling=0.00, value=20871.0
    [iter 4447433] reheat + diversify: ceiling=0.00, value=22011.0
    [iter 4453186] reheat + diversify: ceiling=0.00, value=21018.0
    [iter 4458939] reheat + diversify: ceiling=0.00, value=23625.0
    [iter 4464692] reheat + diversify: ceiling=0.00, value=23625.0
    [iter 4470445] reheat + diversify: ceiling=0.00, value=16890.0
    [iter 4476198] reheat + diversify: ceiling=0.00, value=22011.0
    [iter 4481951] reheat + diversify: ceiling=0.00, value=21792.0
    [iter 4487704] reheat + diversify: ceiling=0.00, value=16554.0
    [iter 4493457] reheat + diversify: ceiling=0.00, value=20754.0
    [iter 4499210] reheat + diversify: ceiling=0.00, value=22632.0
    [iter 4504963] reheat + diversify: ceiling=0.00, value=23625.0
    [iter 4510716] reheat + diversify: ceiling=0.00, value=16890.0
    [iter 4516469] reheat + diversify: ceiling=0.00, value=20250.0
    [iter 4522222] reheat + diversify: ceiling=0.00, value=18066.0
    [iter 4527975] reheat + diversify: ceiling=0.00, value=23706.0
    [iter 4533728] reheat + diversify: ceiling=0.00, value=21558.0
    [iter 4539481] reheat + diversify: ceiling=0.00, value=21756.0
    [iter 4545234] reheat + diversify: ceiling=0.00, value=19242.0
    [iter 4550987] reheat + diversify: ceiling=0.00, value=15378.0
    [iter 4556740] reheat + diversify: ceiling=0.00, value=21756.0
    [iter 4562493] reheat + diversify: ceiling=0.00, value=16554.0
    [iter 4568246] reheat + diversify: ceiling=0.00, value=22530.0
    [iter 4573999] reheat + diversify: ceiling=0.00, value=16554.0
    [iter 4579752] reheat + diversify: ceiling=0.00, value=19944.0
    [iter 4585505] reheat + diversify: ceiling=0.00, value=25320.0
    [iter 4591258] reheat + diversify: ceiling=0.00, value=22566.0
    [iter 4597011] reheat + diversify: ceiling=0.00, value=17190.0
    [iter 4602764] reheat + diversify: ceiling=0.00, value=25152.0
    [iter 4608517] reheat + diversify: ceiling=0.00, value=18066.0
    [iter 4614270] reheat + diversify: ceiling=0.00, value=14304.0
    [iter 4620023] reheat + diversify: ceiling=0.00, value=16554.0
    [iter 4625776] reheat + diversify: ceiling=0.00, value=23625.0
    [iter 4631529] reheat + diversify: ceiling=0.00, value=21909.0
    [iter 4637282] reheat + diversify: ceiling=0.00, value=20484.0
    [iter 4643035] reheat + diversify: ceiling=0.00, value=22011.0
    [iter 4648788] reheat + diversify: ceiling=0.00, value=18102.0
    [iter 4654541] reheat + diversify: ceiling=0.00, value=23004.0
    [iter 4660294] reheat + diversify: ceiling=0.00, value=17694.0
    [iter 4666047] reheat + diversify: ceiling=0.00, value=21492.0
    [iter 4671800] reheat + diversify: ceiling=0.00, value=18066.0
    [iter 4677553] reheat + diversify: ceiling=0.00, value=21390.0
    [iter 4683306] reheat + diversify: ceiling=0.00, value=19170.0
    [iter 4689059] reheat + diversify: ceiling=0.00, value=16554.0
    [iter 4694812] reheat + diversify: ceiling=0.00, value=19140.0
    [iter 4700565] reheat + diversify: ceiling=0.00, value=19278.0
    [iter 4706318] reheat + diversify: ceiling=0.00, value=16518.0
    [iter 4712071] reheat + diversify: ceiling=0.00, value=23391.0
    [iter 4717824] reheat + diversify: ceiling=0.00, value=25590.0
    [iter 4723577] reheat + diversify: ceiling=0.00, value=19761.0
    [iter 4729330] reheat + diversify: ceiling=0.00, value=22011.0
    [iter 4735083] reheat + diversify: ceiling=0.00, value=22632.0
    [iter 4740836] reheat + diversify: ceiling=0.00, value=24078.0
    [iter 4746589] reheat + diversify: ceiling=0.00, value=19242.0
    [iter 4752342] reheat + diversify: ceiling=0.00, value=16518.0
    [iter 4758095] reheat + diversify: ceiling=0.00, value=15378.0
    [iter 4763848] reheat + diversify: ceiling=0.00, value=24078.0
    [iter 4769601] reheat + diversify: ceiling=0.00, value=15480.0
    [iter 4775354] reheat + diversify: ceiling=0.00, value=16860.0
    [iter 4781107] reheat + diversify: ceiling=0.00, value=16554.0
    [iter 4786860] reheat + diversify: ceiling=0.00, value=16518.0
    [iter 4792613] reheat + diversify: ceiling=0.00, value=22011.0
    [iter 4798366] reheat + diversify: ceiling=0.00, value=16554.0
    [iter 4804119] reheat + diversify: ceiling=0.00, value=16518.0
    [iter 4809872] reheat + diversify: ceiling=0.00, value=23085.0
    [iter 4815625] reheat + diversify: ceiling=0.00, value=16554.0
    [iter 4821378] reheat + diversify: ceiling=0.00, value=20835.0
    [iter 4827131] reheat + diversify: ceiling=0.00, value=15480.0
    [iter 4832884] reheat + diversify: ceiling=0.00, value=20346.0
    [iter 4838637] reheat + diversify: ceiling=0.00, value=22530.0
    [iter 4844390] reheat + diversify: ceiling=0.00, value=24633.0
    [iter 4850143] reheat + diversify: ceiling=0.00, value=15516.0
    [iter 4855896] reheat + diversify: ceiling=0.00, value=15378.0
    [iter 4861649] reheat + diversify: ceiling=0.00, value=24246.0
    [iter 4867402] reheat + diversify: ceiling=0.00, value=16554.0
    [iter 4873155] reheat + diversify: ceiling=0.00, value=23625.0
    [iter 4878908] reheat + diversify: ceiling=0.00, value=18270.0
    [iter 4884661] reheat + diversify: ceiling=0.00, value=16554.0
    [iter 4890414] reheat + diversify: ceiling=0.00, value=13902.0
    [iter 4896167] reheat + diversify: ceiling=0.00, value=23004.0
    [iter 4901920] reheat + diversify: ceiling=0.00, value=23004.0
    [iter 4907673] reheat + diversify: ceiling=0.00, value=18804.0
    [iter 4913426] reheat + diversify: ceiling=0.00, value=24078.0
    [iter 4919179] reheat + diversify: ceiling=0.00, value=23625.0
    [iter 4924932] reheat + diversify: ceiling=0.00, value=22011.0
    [iter 4930685] reheat + diversify: ceiling=0.00, value=16518.0
    [iter 4936438] reheat + diversify: ceiling=0.00, value=18957.0
    [iter 4942191] reheat + diversify: ceiling=0.00, value=22011.0
    [iter 4947944] reheat + diversify: ceiling=0.00, value=12726.0
    [iter 4953697] reheat + diversify: ceiling=0.00, value=19878.0
    [iter 4959450] reheat + diversify: ceiling=0.00, value=21558.0
    [iter 4965203] reheat + diversify: ceiling=0.00, value=16554.0
    [iter 4970956] reheat + diversify: ceiling=0.00, value=16518.0
    [iter 4976709] reheat + diversify: ceiling=0.00, value=21018.0
    [iter 4982462] reheat + diversify: ceiling=0.00, value=15480.0
    [iter 4988215] reheat + diversify: ceiling=0.00, value=19944.0
    [iter 4993968] reheat + diversify: ceiling=0.00, value=23457.0
    [iter 4999721] reheat + diversify: ceiling=0.00, value=17730.0
    [iter 5005474] reheat + diversify: ceiling=0.00, value=21864.0
    [iter 5011227] reheat + diversify: ceiling=0.00, value=22632.0
    [iter 5016980] reheat + diversify: ceiling=0.00, value=21024.0
    [iter 5022733] reheat + diversify: ceiling=0.00, value=23976.0
    [iter 5028486] reheat + diversify: ceiling=0.00, value=22011.0
    [iter 5034239] reheat + diversify: ceiling=0.00, value=18804.0
    [iter 5039992] reheat + diversify: ceiling=0.00, value=24246.0
    [iter 5045745] reheat + diversify: ceiling=0.00, value=22836.0
    [iter 5051498] reheat + diversify: ceiling=0.00, value=16554.0
    [iter 5057251] reheat + diversify: ceiling=0.00, value=19761.0
    [iter 5063004] reheat + diversify: ceiling=0.00, value=21018.0
    [iter 5068757] reheat + diversify: ceiling=0.00, value=21018.0
    [iter 5074510] reheat + diversify: ceiling=0.00, value=22836.0
    [iter 5080263] reheat + diversify: ceiling=0.00, value=19761.0
    [iter 5086016] reheat + diversify: ceiling=0.00, value=16554.0
    [iter 5091769] reheat + diversify: ceiling=0.00, value=21207.0
    [iter 5097522] reheat + diversify: ceiling=0.00, value=20346.0
    [iter 5103275] reheat + diversify: ceiling=0.00, value=18168.0
    [iter 5109028] reheat + diversify: ceiling=0.00, value=19944.0
    [iter 5114781] reheat + diversify: ceiling=0.00, value=19878.0
    [iter 5120534] reheat + diversify: ceiling=0.00, value=18132.0
    [iter 5126287] reheat + diversify: ceiling=0.00, value=16554.0
    [iter 5132040] reheat + diversify: ceiling=0.00, value=16554.0
    [iter 5137793] reheat + diversify: ceiling=0.00, value=21018.0
    [iter 5143546] reheat + diversify: ceiling=0.00, value=16518.0
    [iter 5149299] reheat + diversify: ceiling=0.00, value=19170.0
    [iter 5155052] reheat + diversify: ceiling=0.00, value=22011.0
    [iter 5160805] reheat + diversify: ceiling=0.00, value=16554.0
    [iter 5166558] reheat + diversify: ceiling=0.00, value=20250.0
    [iter 5172311] reheat + diversify: ceiling=0.00, value=18066.0
    [iter 5178064] reheat + diversify: ceiling=0.00, value=21558.0
    [iter 5183817] reheat + diversify: ceiling=0.00, value=21756.0
    [iter 5189570] reheat + diversify: ceiling=0.00, value=17628.0
    [iter 5195323] reheat + diversify: ceiling=0.00, value=18249.0
    [iter 5201076] reheat + diversify: ceiling=0.00, value=26832.0
    [iter 5206829] reheat + diversify: ceiling=0.00, value=22902.0
    [iter 5212582] reheat + diversify: ceiling=0.00, value=15480.0
    [iter 5218335] reheat + diversify: ceiling=0.00, value=14940.0
    [iter 5224088] reheat + diversify: ceiling=0.00, value=20382.0
    [iter 5229841] reheat + diversify: ceiling=0.00, value=21492.0
    [iter 5235594] reheat + diversify: ceiling=0.00, value=22011.0
    [iter 5241347] reheat + diversify: ceiling=0.00, value=13164.0
    [iter 5247100] reheat + diversify: ceiling=0.00, value=22632.0
    [iter 5252853] reheat + diversify: ceiling=0.00, value=21558.0
    [iter 5258606] reheat + diversify: ceiling=0.00, value=16554.0
    [iter 5264359] reheat + diversify: ceiling=0.00, value=22011.0
    [iter 5270112] reheat + diversify: ceiling=0.00, value=19944.0
    [iter 5275865] reheat + diversify: ceiling=0.00, value=26832.0
    [iter 5281618] reheat + diversify: ceiling=0.00, value=24078.0
    [iter 5287371] reheat + diversify: ceiling=0.00, value=21756.0
    [iter 5293124] reheat + diversify: ceiling=0.00, value=22857.0
    [iter 5298877] reheat + diversify: ceiling=0.00, value=25152.0
    [iter 5304630] reheat + diversify: ceiling=0.00, value=20316.0
    [iter 5310383] reheat + diversify: ceiling=0.00, value=18621.0
    [iter 5316136] reheat + diversify: ceiling=0.00, value=16554.0
    [iter 5321889] reheat + diversify: ceiling=0.00, value=19944.0
    [iter 5327642] reheat + diversify: ceiling=0.00, value=19725.0
    [iter 5333395] reheat + diversify: ceiling=0.00, value=24633.0
    [iter 5339148] reheat + diversify: ceiling=0.00, value=18972.0
    [iter 5344901] reheat + diversify: ceiling=0.00, value=20133.0
    [iter 5350654] reheat + diversify: ceiling=0.00, value=15378.0
    [iter 5356407] reheat + diversify: ceiling=0.00, value=19242.0
    [iter 5362160] reheat + diversify: ceiling=0.00, value=17583.0
    [iter 5367913] reheat + diversify: ceiling=0.00, value=15378.0
    [iter 5373666] reheat + diversify: ceiling=0.00, value=23004.0
    [iter 5379419] reheat + diversify: ceiling=0.00, value=24078.0
    [iter 5385172] reheat + diversify: ceiling=0.00, value=23625.0
    [iter 5390925] reheat + diversify: ceiling=0.00, value=17409.0
    [iter 5396678] reheat + diversify: ceiling=0.00, value=20418.0
    [iter 5402431] reheat + diversify: ceiling=0.00, value=18000.0
    [iter 5408184] reheat + diversify: ceiling=0.00, value=21018.0
    [iter 5413937] reheat + diversify: ceiling=0.00, value=21792.0
    [iter 5419690] reheat + diversify: ceiling=0.00, value=21966.0
    [iter 5425443] reheat + diversify: ceiling=0.00, value=20484.0
    [iter 5431196] reheat + diversify: ceiling=0.00, value=18804.0
    [iter 5436949] reheat + diversify: ceiling=0.00, value=20937.0
    [iter 5442702] reheat + diversify: ceiling=0.00, value=18066.0
    [iter 5448455] reheat + diversify: ceiling=0.00, value=20316.0
    [iter 5454208] reheat + diversify: ceiling=0.00, value=22011.0
    [iter 5459961] reheat + diversify: ceiling=0.00, value=19242.0
    [iter 5465714] reheat + diversify: ceiling=0.00, value=22632.0
    [iter 5471467] reheat + diversify: ceiling=0.00, value=25152.0
    [iter 5477220] reheat + diversify: ceiling=0.00, value=23625.0
    [iter 5482973] reheat + diversify: ceiling=0.00, value=20418.0
    [iter 5488726] reheat + diversify: ceiling=0.00, value=21390.0
    [iter 5494479] reheat + diversify: ceiling=0.00, value=14340.0
    [iter 5500232] reheat + diversify: ceiling=0.00, value=21558.0
    [iter 5505985] reheat + diversify: ceiling=0.00, value=13866.0
    [iter 5511738] reheat + diversify: ceiling=0.00, value=20418.0
    [iter 5517491] reheat + diversify: ceiling=0.00, value=18066.0
    [iter 5523244] reheat + diversify: ceiling=0.00, value=21558.0
    [iter 5528997] reheat + diversify: ceiling=0.00, value=22011.0
    [iter 5534750] reheat + diversify: ceiling=0.00, value=18102.0
    [iter 5540503] reheat + diversify: ceiling=0.00, value=16554.0
    [iter 5546256] reheat + diversify: ceiling=0.00, value=22485.0
    [iter 5552009] reheat + diversify: ceiling=0.00, value=19170.0
    [iter 5557762] reheat + diversify: ceiling=0.00, value=25152.0
    [iter 5563515] reheat + diversify: ceiling=0.00, value=19878.0
    [iter 5569268] reheat + diversify: ceiling=0.00, value=21018.0
    [iter 5575021] reheat + diversify: ceiling=0.00, value=17898.0
    [iter 5580774] reheat + diversify: ceiling=0.00, value=20097.0
    [iter 5586527] reheat + diversify: ceiling=0.00, value=21558.0
    [iter 5592280] reheat + diversify: ceiling=0.00, value=19242.0
    [iter 5598033] reheat + diversify: ceiling=0.00, value=19944.0
    [iter 5603786] reheat + diversify: ceiling=0.00, value=20346.0
    [iter 5609539] reheat + diversify: ceiling=0.00, value=25320.0
    [iter 5615292] reheat + diversify: ceiling=0.00, value=24078.0
    [iter 5621045] reheat + diversify: ceiling=0.00, value=25320.0
    [iter 5626798] reheat + diversify: ceiling=0.00, value=15342.0
    [iter 5632551] reheat + diversify: ceiling=0.00, value=24078.0
    [iter 5638304] reheat + diversify: ceiling=0.00, value=13902.0
    [iter 5644057] reheat + diversify: ceiling=0.00, value=13866.0
    [iter 5649810] reheat + diversify: ceiling=0.00, value=23004.0
    [iter 5655563] reheat + diversify: ceiling=0.00, value=21792.0
    [iter 5661316] reheat + diversify: ceiling=0.00, value=20382.0
    [iter 5667069] reheat + diversify: ceiling=0.00, value=21018.0
    [iter 5672822] reheat + diversify: ceiling=0.00, value=18804.0
    [iter 5678575] reheat + diversify: ceiling=0.00, value=18621.0
    [iter 5684328] reheat + diversify: ceiling=0.00, value=20937.0
    [iter 5690081] reheat + diversify: ceiling=0.00, value=21390.0
    [iter 5695834] reheat + diversify: ceiling=0.00, value=19242.0
    [iter 5701587] reheat + diversify: ceiling=0.00, value=22011.0
    [iter 5707340] reheat + diversify: ceiling=0.00, value=13866.0
    [iter 5713093] reheat + diversify: ceiling=0.00, value=16518.0
    [iter 5718846] reheat + diversify: ceiling=0.00, value=20418.0
    [iter 5724599] reheat + diversify: ceiling=0.00, value=22011.0
    [iter 5730352] reheat + diversify: ceiling=0.00, value=24078.0
    [iter 5736105] reheat + diversify: ceiling=0.00, value=19944.0
    [iter 5741858] reheat + diversify: ceiling=0.00, value=17994.0
    [iter 5747611] reheat + diversify: ceiling=0.00, value=24246.0
    [iter 5753364] reheat + diversify: ceiling=0.00, value=17409.0
    [iter 5759117] reheat + diversify: ceiling=0.00, value=21558.0
    [iter 5764870] reheat + diversify: ceiling=0.00, value=25320.0
    [iter 5770623] reheat + diversify: ceiling=0.00, value=24078.0
    [iter 5776376] reheat + diversify: ceiling=0.00, value=20250.0
    [iter 5782129] reheat + diversify: ceiling=0.00, value=19878.0
    [iter 5787882] reheat + diversify: ceiling=0.00, value=26832.0
    [iter 5793635] reheat + diversify: ceiling=0.00, value=14976.0
    [iter 5799388] reheat + diversify: ceiling=0.00, value=21792.0
    [iter 5805141] reheat + diversify: ceiling=0.00, value=15480.0
    [iter 5810894] reheat + diversify: ceiling=0.00, value=20754.0
    [iter 5816647] reheat + diversify: ceiling=0.00, value=19593.0
    [iter 5822400] reheat + diversify: ceiling=0.00, value=23106.0
    [iter 5828153] reheat + diversify: ceiling=0.00, value=18132.0
    [iter 5833906] reheat + diversify: ceiling=0.00, value=19797.0
    [iter 5839659] reheat + diversify: ceiling=0.00, value=22011.0
    [iter 5845412] reheat + diversify: ceiling=0.00, value=22632.0
    [iter 5851165] reheat + diversify: ceiling=0.00, value=15042.0
    [iter 5856918] reheat + diversify: ceiling=0.00, value=20754.0
    [iter 5862671] reheat + diversify: ceiling=0.00, value=25320.0
    [iter 5868424] reheat + diversify: ceiling=0.00, value=16554.0
    [iter 5874177] reheat + diversify: ceiling=0.00, value=21492.0
    [iter 5879930] reheat + diversify: ceiling=0.00, value=18102.0
    [iter 5885683] reheat + diversify: ceiling=0.00, value=21324.0
    [iter 5891436] reheat + diversify: ceiling=0.00, value=16554.0
    [iter 5897189] reheat + diversify: ceiling=0.00, value=21930.0
    [iter 5902942] reheat + diversify: ceiling=0.00, value=15342.0
    [iter 5908695] reheat + diversify: ceiling=0.00, value=24078.0
    [iter 5914448] reheat + diversify: ceiling=0.00, value=21390.0
    [iter 5920201] reheat + diversify: ceiling=0.00, value=20682.0
    [iter 5925954] reheat + diversify: ceiling=0.00, value=22317.0
    [iter 5931707] reheat + diversify: ceiling=0.00, value=24246.0
    [iter 5937460] reheat + diversify: ceiling=0.00, value=21018.0
    [iter 5943213] reheat + diversify: ceiling=0.00, value=24078.0
    [iter 5948966] reheat + diversify: ceiling=0.00, value=15480.0
    [iter 5954719] reheat + diversify: ceiling=0.00, value=22011.0
    [iter 5960472] reheat + diversify: ceiling=0.00, value=24078.0
    [iter 5966225] reheat + diversify: ceiling=0.00, value=20418.0
    [iter 5971978] reheat + diversify: ceiling=0.00, value=21909.0
    [iter 5977731] reheat + diversify: ceiling=0.00, value=20346.0
    [iter 5983484] reheat + diversify: ceiling=0.00, value=25320.0
    [iter 5989237] reheat + diversify: ceiling=0.00, value=18804.0
    [iter 5994990] reheat + diversify: ceiling=0.00, value=19170.0
    [iter 6000743] reheat + diversify: ceiling=0.00, value=16554.0
    [iter 6006496] reheat + diversify: ceiling=0.00, value=23625.0
    [iter 6012249] reheat + diversify: ceiling=0.00, value=22011.0
    [iter 6018002] reheat + diversify: ceiling=0.00, value=21492.0
    [iter 6023755] reheat + diversify: ceiling=0.00, value=25320.0
    [iter 6029508] reheat + diversify: ceiling=0.00, value=22902.0
    [iter 6035261] reheat + diversify: ceiling=0.00, value=19170.0
    [iter 6041014] reheat + diversify: ceiling=0.00, value=20346.0
    [iter 6046767] reheat + diversify: ceiling=0.00, value=25590.0
    [iter 6052520] reheat + diversify: ceiling=0.00, value=23004.0
    [iter 6058273] reheat + diversify: ceiling=0.00, value=21966.0
    [iter 6064026] reheat + diversify: ceiling=0.00, value=25320.0
    [iter 6069779] reheat + diversify: ceiling=0.00, value=18336.0
    [iter 6075532] reheat + diversify: ceiling=0.00, value=15378.0
    [iter 6081285] reheat + diversify: ceiling=0.00, value=25320.0
    [iter 6087038] reheat + diversify: ceiling=0.00, value=17409.0
    [iter 6092791] reheat + diversify: ceiling=0.00, value=23004.0
    [iter 6098544] reheat + diversify: ceiling=0.00, value=19242.0
    [iter 6104297] reheat + diversify: ceiling=0.00, value=21966.0
    [iter 6110050] reheat + diversify: ceiling=0.00, value=22011.0
    [iter 6115803] reheat + diversify: ceiling=0.00, value=24246.0
    [iter 6121556] reheat + diversify: ceiling=0.00, value=24078.0
    [iter 6127309] reheat + diversify: ceiling=0.00, value=19944.0
    [iter 6133062] reheat + diversify: ceiling=0.00, value=18768.0
    [iter 6138815] reheat + diversify: ceiling=0.00, value=19944.0
    [iter 6144568] reheat + diversify: ceiling=0.00, value=16554.0
    [iter 6150321] reheat + diversify: ceiling=0.00, value=21492.0
    [iter 6156074] reheat + diversify: ceiling=0.00, value=21558.0
    [iter 6161827] reheat + diversify: ceiling=0.00, value=18687.0
    [iter 6167580] reheat + diversify: ceiling=0.00, value=17409.0
    [iter 6173333] reheat + diversify: ceiling=0.00, value=15378.0
    [iter 6179086] reheat + diversify: ceiling=0.00, value=19944.0
    [iter 6184839] reheat + diversify: ceiling=0.00, value=18687.0
    [iter 6190592] reheat + diversify: ceiling=0.00, value=20418.0
    [iter 6196345] reheat + diversify: ceiling=0.00, value=23004.0
    [iter 6202098] reheat + diversify: ceiling=0.00, value=23625.0
    [iter 6207851] reheat + diversify: ceiling=0.00, value=21345.0
    [iter 6213604] reheat + diversify: ceiling=0.00, value=25320.0
    [iter 6219357] reheat + diversify: ceiling=0.00, value=19242.0
    [iter 6225110] reheat + diversify: ceiling=0.00, value=15378.0
    [iter 6230863] reheat + diversify: ceiling=0.00, value=16554.0
    [iter 6236616] reheat + diversify: ceiling=0.00, value=23706.0
    [iter 6242369] reheat + diversify: ceiling=0.00, value=18651.0
    [iter 6248122] reheat + diversify: ceiling=0.00, value=22011.0
    [iter 6253875] reheat + diversify: ceiling=0.00, value=23004.0
    [iter 6259628] reheat + diversify: ceiling=0.00, value=12828.0
    [iter 6265381] reheat + diversify: ceiling=0.00, value=20937.0
    [iter 6271134] reheat + diversify: ceiling=0.00, value=20937.0
    [iter 6276887] reheat + diversify: ceiling=0.00, value=16518.0
    [iter 6282640] reheat + diversify: ceiling=0.00, value=24078.0
    [iter 6288393] reheat + diversify: ceiling=0.00, value=18870.0
    [iter 6294146] reheat + diversify: ceiling=0.00, value=24246.0
    [iter 6299899] reheat + diversify: ceiling=0.00, value=15480.0
    [iter 6305652] reheat + diversify: ceiling=0.00, value=15378.0
    [iter 6311405] reheat + diversify: ceiling=0.00, value=19170.0
    [iter 6317158] reheat + diversify: ceiling=0.00, value=20250.0
    [iter 6322911] reheat + diversify: ceiling=0.00, value=22836.0
    [iter 6328664] reheat + diversify: ceiling=0.00, value=24078.0
    [iter 6334417] reheat + diversify: ceiling=0.00, value=18168.0
    [iter 6340170] reheat + diversify: ceiling=0.00, value=22011.0
    [iter 6345923] reheat + diversify: ceiling=0.00, value=22011.0
    [iter 6351676] reheat + diversify: ceiling=0.00, value=20316.0
    [iter 6357429] reheat + diversify: ceiling=0.00, value=20718.0
    [iter 6363182] reheat + diversify: ceiling=0.00, value=24078.0
    [iter 6368935] reheat + diversify: ceiling=0.00, value=19944.0
    [iter 6374688] reheat + diversify: ceiling=0.00, value=15378.0
    [iter 6380441] reheat + diversify: ceiling=0.00, value=19344.0
    [iter 6386194] reheat + diversify: ceiling=0.00, value=16554.0
    [iter 6391947] reheat + diversify: ceiling=0.00, value=21558.0
    [iter 6397700] reheat + diversify: ceiling=0.00, value=16554.0
    [iter 6403453] reheat + diversify: ceiling=0.00, value=21909.0
    [iter 6409206] reheat + diversify: ceiling=0.00, value=16554.0
    [iter 6414959] reheat + diversify: ceiling=0.00, value=23085.0
    [iter 6420712] reheat + diversify: ceiling=0.00, value=18768.0
    [iter 6426465] reheat + diversify: ceiling=0.00, value=16554.0
    [iter 6432218] reheat + diversify: ceiling=0.00, value=19206.0
    [iter 6437971] reheat + diversify: ceiling=0.00, value=20937.0
    [iter 6443724] reheat + diversify: ceiling=0.00, value=22011.0
    [iter 6449477] reheat + diversify: ceiling=0.00, value=10038.0
    [iter 6455230] reheat + diversify: ceiling=0.00, value=19761.0
    [iter 6460983] reheat + diversify: ceiling=0.00, value=15480.0
    [iter 6466736] reheat + diversify: ceiling=0.00, value=16554.0
    [iter 6472489] reheat + diversify: ceiling=0.00, value=21018.0
    [iter 6478242] reheat + diversify: ceiling=0.00, value=23706.0
    [iter 6483995] reheat + diversify: ceiling=0.00, value=22011.0
    [iter 6489748] reheat + diversify: ceiling=0.00, value=21492.0
    [iter 6495501] reheat + diversify: ceiling=0.00, value=25320.0
    [iter 6501254] reheat + diversify: ceiling=0.00, value=25320.0
    [iter 6507007] reheat + diversify: ceiling=0.00, value=13866.0
    [iter 6512760] reheat + diversify: ceiling=0.00, value=18621.0
    [iter 6518513] reheat + diversify: ceiling=0.00, value=16554.0
    [iter 6524266] reheat + diversify: ceiling=0.00, value=22011.0
    [iter 6530019] reheat + diversify: ceiling=0.00, value=24078.0
    [iter 6535772] reheat + diversify: ceiling=0.00, value=25320.0
    [iter 6541525] reheat + diversify: ceiling=0.00, value=20346.0
    [iter 6547278] reheat + diversify: ceiling=0.00, value=25320.0
    [iter 6553031] reheat + diversify: ceiling=0.00, value=22632.0
    [iter 6558784] reheat + diversify: ceiling=0.00, value=17730.0
    [iter 6564537] reheat + diversify: ceiling=0.00, value=22551.0
    [iter 6570290] reheat + diversify: ceiling=0.00, value=21558.0
    [iter 6576043] reheat + diversify: ceiling=0.00, value=25152.0
    [iter 6581796] reheat + diversify: ceiling=0.00, value=18804.0
    [iter 6587549] reheat + diversify: ceiling=0.00, value=24078.0
    [iter 6593302] reheat + diversify: ceiling=0.00, value=22632.0
    [iter 6599055] reheat + diversify: ceiling=0.00, value=17730.0
    [iter 6604808] reheat + diversify: ceiling=0.00, value=26832.0
    [iter 6610561] reheat + diversify: ceiling=0.00, value=19944.0
    [iter 6616314] reheat + diversify: ceiling=0.00, value=14940.0
    [iter 6622067] reheat + diversify: ceiling=0.00, value=22011.0
    [iter 6627820] reheat + diversify: ceiling=0.00, value=22632.0
    [iter 6633573] reheat + diversify: ceiling=0.00, value=22011.0
    [iter 6639326] reheat + diversify: ceiling=0.00, value=19242.0
    [iter 6645079] reheat + diversify: ceiling=0.00, value=21792.0
    [iter 6650832] reheat + diversify: ceiling=0.00, value=16554.0
    [iter 6656585] reheat + diversify: ceiling=0.00, value=24246.0
    [iter 6662338] reheat + diversify: ceiling=0.00, value=22011.0
    [iter 6668091] reheat + diversify: ceiling=0.00, value=16554.0
    [iter 6673844] reheat + diversify: ceiling=0.00, value=24246.0
    [iter 6679597] reheat + diversify: ceiling=0.00, value=16590.0
    [iter 6685350] reheat + diversify: ceiling=0.00, value=20718.0
    [iter 6691103] reheat + diversify: ceiling=0.00, value=16590.0
    [iter 6696856] reheat + diversify: ceiling=0.00, value=19878.0
    [iter 6702609] reheat + diversify: ceiling=0.00, value=22632.0
    [iter 6708362] reheat + diversify: ceiling=0.00, value=25320.0
    [iter 6714115] reheat + diversify: ceiling=0.00, value=19944.0
    [iter 6719868] reheat + diversify: ceiling=0.00, value=20316.0
    [iter 6725621] reheat + diversify: ceiling=0.00, value=25152.0
    [iter 6731374] reheat + diversify: ceiling=0.00, value=18102.0
    [iter 6737127] reheat + diversify: ceiling=0.00, value=25320.0
    [iter 6742880] reheat + diversify: ceiling=0.00, value=24078.0
    [iter 6748633] reheat + diversify: ceiling=0.00, value=24078.0
    [iter 6754386] reheat + diversify: ceiling=0.00, value=16518.0
    [iter 6760139] reheat + diversify: ceiling=0.00, value=22011.0
    [iter 6765892] reheat + diversify: ceiling=0.00, value=19944.0
    [iter 6771645] reheat + diversify: ceiling=0.00, value=19761.0
    [iter 6777398] reheat + diversify: ceiling=0.00, value=16554.0
    [iter 6783151] reheat + diversify: ceiling=0.00, value=22902.0
    [iter 6788904] reheat + diversify: ceiling=0.00, value=18249.0
    [iter 6794657] reheat + diversify: ceiling=0.00, value=20835.0
    [iter 6800410] reheat + diversify: ceiling=0.00, value=19761.0
    [iter 6806163] reheat + diversify: ceiling=0.00, value=22011.0
    [iter 6811916] reheat + diversify: ceiling=0.00, value=13866.0
    [iter 6817669] reheat + diversify: ceiling=0.00, value=19725.0
    [iter 6823422] reheat + diversify: ceiling=0.00, value=19170.0
    [iter 6829175] reheat + diversify: ceiling=0.00, value=18066.0
    [iter 6834928] reheat + diversify: ceiling=0.00, value=20316.0
    [iter 6840681] reheat + diversify: ceiling=0.00, value=22632.0
    [iter 6846434] reheat + diversify: ceiling=0.00, value=17628.0
    [iter 6852187] reheat + diversify: ceiling=0.00, value=19170.0
    [iter 6857940] reheat + diversify: ceiling=0.00, value=20418.0
    [iter 6863693] reheat + diversify: ceiling=0.00, value=18030.0
    [iter 6869446] reheat + diversify: ceiling=0.00, value=16518.0
    [iter 6875199] reheat + diversify: ceiling=0.00, value=20418.0
    [iter 6880952] reheat + diversify: ceiling=0.00, value=24078.0
    [iter 6886705] reheat + diversify: ceiling=0.00, value=24552.0
    [iter 6892458] reheat + diversify: ceiling=0.00, value=24633.0
    [iter 6898211] reheat + diversify: ceiling=0.00, value=23976.0
    [iter 6903964] reheat + diversify: ceiling=0.00, value=22566.0
    [iter 6909717] reheat + diversify: ceiling=0.00, value=25320.0
    [iter 6915470] reheat + diversify: ceiling=0.00, value=18066.0
    [iter 6921223] reheat + diversify: ceiling=0.00, value=22551.0
    [iter 6926976] reheat + diversify: ceiling=0.00, value=16554.0
    [iter 6932729] reheat + diversify: ceiling=0.00, value=19944.0
    [iter 6938482] reheat + diversify: ceiling=0.00, value=19761.0
    [iter 6944235] reheat + diversify: ceiling=0.00, value=23706.0
    [iter 6949988] reheat + diversify: ceiling=0.00, value=24078.0
    [iter 6955741] reheat + diversify: ceiling=0.00, value=22485.0
    [iter 6961494] reheat + diversify: ceiling=0.00, value=22632.0
    [iter 6967247] reheat + diversify: ceiling=0.00, value=21390.0
    [iter 6973000] reheat + diversify: ceiling=0.00, value=26832.0
    [iter 6978753] reheat + diversify: ceiling=0.00, value=16590.0
    [iter 6984506] reheat + diversify: ceiling=0.00, value=19944.0
    [iter 6990259] reheat + diversify: ceiling=0.00, value=19278.0
    [iter 6996012] reheat + diversify: ceiling=0.00, value=22011.0
    [iter 7001765] reheat + diversify: ceiling=0.00, value=16554.0
    [iter 7007518] reheat + diversify: ceiling=0.00, value=18804.0
    [iter 7013271] reheat + diversify: ceiling=0.00, value=22566.0
    [iter 7019024] reheat + diversify: ceiling=0.00, value=20346.0
    [iter 7024777] reheat + diversify: ceiling=0.00, value=23391.0
    [iter 7030530] reheat + diversify: ceiling=0.00, value=19797.0
    [iter 7036283] reheat + diversify: ceiling=0.00, value=21828.0
    [iter 7042036] reheat + diversify: ceiling=0.00, value=22530.0
    [iter 7047789] reheat + diversify: ceiling=0.00, value=14940.0
    [iter 7053542] reheat + diversify: ceiling=0.00, value=22632.0
    [iter 7059295] reheat + diversify: ceiling=0.00, value=24078.0
    [iter 7065048] reheat + diversify: ceiling=0.00, value=21966.0
    [iter 7070801] reheat + diversify: ceiling=0.00, value=15378.0
    [iter 7076554] reheat + diversify: ceiling=0.00, value=18768.0
    [iter 7082307] reheat + diversify: ceiling=0.00, value=25320.0
    [iter 7088060] reheat + diversify: ceiling=0.00, value=19878.0
    [iter 7093813] reheat + diversify: ceiling=0.00, value=21909.0
    [iter 7099566] reheat + diversify: ceiling=0.00, value=17730.0
    [iter 7105319] reheat + diversify: ceiling=0.00, value=19170.0
    [iter 7111072] reheat + diversify: ceiling=0.00, value=19944.0
    [iter 7116825] reheat + diversify: ceiling=0.00, value=21909.0
    [iter 7122578] reheat + diversify: ceiling=0.00, value=18621.0
    [iter 7128331] reheat + diversify: ceiling=0.00, value=23004.0
    [iter 7134084] reheat + diversify: ceiling=0.00, value=19242.0
    [iter 7139837] reheat + diversify: ceiling=0.00, value=21966.0
    [iter 7145590] reheat + diversify: ceiling=0.00, value=24078.0
    [iter 7151343] reheat + diversify: ceiling=0.00, value=19944.0
    [iter 7157096] reheat + diversify: ceiling=0.00, value=20133.0
    [iter 7162849] reheat + diversify: ceiling=0.00, value=19878.0
    [iter 7168602] reheat + diversify: ceiling=0.00, value=21558.0
    [iter 7174355] reheat + diversify: ceiling=0.00, value=19242.0
    [iter 7180108] reheat + diversify: ceiling=0.00, value=18621.0
    [iter 7185861] reheat + diversify: ceiling=0.00, value=20418.0
    [iter 7191614] reheat + diversify: ceiling=0.00, value=23004.0
    [iter 7197367] reheat + diversify: ceiling=0.00, value=20133.0
    [iter 7203120] reheat + diversify: ceiling=0.00, value=16554.0
    [iter 7208873] reheat + diversify: ceiling=0.00, value=15480.0
    [iter 7214626] reheat + diversify: ceiling=0.00, value=24246.0
    [iter 7220379] reheat + diversify: ceiling=0.00, value=21756.0
    [iter 7226132] reheat + diversify: ceiling=0.00, value=22011.0
    [iter 7231885] reheat + diversify: ceiling=0.00, value=15480.0
    [iter 7237638] reheat + diversify: ceiling=0.00, value=22530.0
    [iter 7243391] reheat + diversify: ceiling=0.00, value=22632.0
    [iter 7249144] reheat + diversify: ceiling=0.00, value=21966.0
    [iter 7254897] reheat + diversify: ceiling=0.00, value=24531.0
    [iter 7260650] reheat + diversify: ceiling=0.00, value=16554.0
    [iter 7266403] reheat + diversify: ceiling=0.00, value=22011.0
    [iter 7272156] reheat + diversify: ceiling=0.00, value=18066.0
    [iter 7277909] reheat + diversify: ceiling=0.00, value=18804.0
    [iter 7283662] reheat + diversify: ceiling=0.00, value=15444.0
    [iter 7289415] reheat + diversify: ceiling=0.00, value=24078.0
    [iter 7295168] reheat + diversify: ceiling=0.00, value=16518.0
    [iter 7300921] reheat + diversify: ceiling=0.00, value=16554.0
    [iter 7306674] reheat + diversify: ceiling=0.00, value=24246.0
    [iter 7312427] reheat + diversify: ceiling=0.00, value=17475.0
    [iter 7318180] reheat + diversify: ceiling=0.00, value=20316.0
    [iter 7323933] reheat + diversify: ceiling=0.00, value=25320.0
    [iter 7329686] reheat + diversify: ceiling=0.00, value=24078.0
    [iter 7335439] reheat + diversify: ceiling=0.00, value=24531.0
    [iter 7341192] reheat + diversify: ceiling=0.00, value=20346.0
    [iter 7346945] reheat + diversify: ceiling=0.00, value=21345.0
    [iter 7352698] reheat + diversify: ceiling=0.00, value=17730.0
    [iter 7358451] reheat + diversify: ceiling=0.00, value=23625.0
    [iter 7364204] reheat + diversify: ceiling=0.00, value=16656.0
    [iter 7369957] reheat + diversify: ceiling=0.00, value=17994.0
    [iter 7375710] reheat + diversify: ceiling=0.00, value=21390.0
    [iter 7381463] reheat + diversify: ceiling=0.00, value=20418.0
    [iter 7387216] reheat + diversify: ceiling=0.00, value=20418.0
    [iter 7392969] reheat + diversify: ceiling=0.00, value=17409.0
    [iter 7398722] reheat + diversify: ceiling=0.00, value=20097.0
    [iter 7404475] reheat + diversify: ceiling=0.00, value=25320.0
    [iter 7410228] reheat + diversify: ceiling=0.00, value=21966.0
    [iter 7415981] reheat + diversify: ceiling=0.00, value=26832.0
    [iter 7421734] reheat + diversify: ceiling=0.00, value=19206.0
    [iter 7427487] reheat + diversify: ceiling=0.00, value=20484.0
    [iter 7433240] reheat + diversify: ceiling=0.00, value=25320.0
    [iter 7438993] reheat + diversify: ceiling=0.00, value=26832.0
    [iter 7444746] reheat + diversify: ceiling=0.00, value=25320.0
    [iter 7450499] reheat + diversify: ceiling=0.00, value=18102.0
    [iter 7456252] reheat + diversify: ceiling=0.00, value=16554.0
    [iter 7462005] reheat + diversify: ceiling=0.00, value=19593.0
    [iter 7467758] reheat + diversify: ceiling=0.00, value=20382.0
    [iter 7473511] reheat + diversify: ceiling=0.00, value=21018.0
    [iter 7479264] reheat + diversify: ceiling=0.00, value=23706.0
    [iter 7485017] reheat + diversify: ceiling=0.00, value=19242.0
    [iter 7490770] reheat + diversify: ceiling=0.00, value=16554.0
    [iter 7496523] reheat + diversify: ceiling=0.00, value=18804.0
    [iter 7502276] reheat + diversify: ceiling=0.00, value=17730.0
    [iter 7508029] reheat + diversify: ceiling=0.00, value=23625.0
    [iter 7513782] reheat + diversify: ceiling=0.00, value=15378.0
    [iter 7519535] reheat + diversify: ceiling=0.00, value=15378.0
    [iter 7525288] reheat + diversify: ceiling=0.00, value=15516.0
    [iter 7531041] reheat + diversify: ceiling=0.00, value=19761.0
    [iter 7536794] reheat + diversify: ceiling=0.00, value=19944.0
    [iter 7542547] reheat + diversify: ceiling=0.00, value=21018.0
    [iter 7548300] reheat + diversify: ceiling=0.00, value=14976.0
    [iter 7554053] reheat + diversify: ceiling=0.00, value=23625.0
    [iter 7559806] reheat + diversify: ceiling=0.00, value=14940.0
    [iter 7565559] reheat + diversify: ceiling=0.00, value=23004.0
    [iter 7571312] reheat + diversify: ceiling=0.00, value=15480.0
    [iter 7577065] reheat + diversify: ceiling=0.00, value=22011.0
    [iter 7582818] reheat + diversify: ceiling=0.00, value=23625.0
    [iter 7588571] reheat + diversify: ceiling=0.00, value=20418.0
    [iter 7594324] reheat + diversify: ceiling=0.00, value=16554.0
    [iter 7600077] reheat + diversify: ceiling=0.00, value=15378.0
    [iter 7605830] reheat + diversify: ceiling=0.00, value=22836.0
    [iter 7611583] reheat + diversify: ceiling=0.00, value=16554.0
    [iter 7617336] reheat + diversify: ceiling=0.00, value=20133.0
    [iter 7623089] reheat + diversify: ceiling=0.00, value=18804.0
    [iter 7628842] reheat + diversify: ceiling=0.00, value=25320.0
    [iter 7634595] reheat + diversify: ceiling=0.00, value=19278.0
    [iter 7640348] reheat + diversify: ceiling=0.00, value=16554.0
    [iter 7646101] reheat + diversify: ceiling=0.00, value=20871.0
    [iter 7651854] reheat + diversify: ceiling=0.00, value=15378.0
    [iter 7657607] reheat + diversify: ceiling=0.00, value=24246.0
    [iter 7663360] reheat + diversify: ceiling=0.00, value=24078.0
    [iter 7669113] reheat + diversify: ceiling=0.00, value=18885.0
    [iter 7674866] reheat + diversify: ceiling=0.00, value=26832.0
    [iter 7680619] reheat + diversify: ceiling=0.00, value=24078.0
    [iter 7686372] reheat + diversify: ceiling=0.00, value=19593.0
    [iter 7692125] reheat + diversify: ceiling=0.00, value=21762.0
    [iter 7697878] reheat + diversify: ceiling=0.00, value=24078.0
    [iter 7703631] reheat + diversify: ceiling=0.00, value=18804.0
    [iter 7709384] reheat + diversify: ceiling=0.00, value=22011.0
    [iter 7715137] reheat + diversify: ceiling=0.00, value=22632.0
    [iter 7720890] reheat + diversify: ceiling=0.00, value=22551.0
    [iter 7726643] reheat + diversify: ceiling=0.00, value=19242.0
    [iter 7732396] reheat + diversify: ceiling=0.00, value=19944.0
    [iter 7738149] reheat + diversify: ceiling=0.00, value=16554.0
    [iter 7743902] reheat + diversify: ceiling=0.00, value=18651.0
    [iter 7749655] reheat + diversify: ceiling=0.00, value=21828.0
    [iter 7755408] reheat + diversify: ceiling=0.00, value=18066.0
    [iter 7761161] reheat + diversify: ceiling=0.00, value=21966.0
    [iter 7766914] reheat + diversify: ceiling=0.00, value=18066.0
    [iter 7772667] reheat + diversify: ceiling=0.00, value=25320.0
    [iter 7778420] reheat + diversify: ceiling=0.00, value=22632.0
    [iter 7784173] reheat + diversify: ceiling=0.00, value=16554.0
    [iter 7789926] reheat + diversify: ceiling=0.00, value=19548.0
    [iter 7795679] reheat + diversify: ceiling=0.00, value=23004.0
    [iter 7801432] reheat + diversify: ceiling=0.00, value=21909.0
    [iter 7807185] reheat + diversify: ceiling=0.00, value=21558.0
    [iter 7812938] reheat + diversify: ceiling=0.00, value=23625.0
    [iter 7818691] reheat + diversify: ceiling=0.00, value=21909.0
    [iter 7824444] reheat + diversify: ceiling=0.00, value=19308.0
    [iter 7830197] reheat + diversify: ceiling=0.00, value=15480.0
    [iter 7835950] reheat + diversify: ceiling=0.00, value=23004.0
    [iter 7841703] reheat + diversify: ceiling=0.00, value=22011.0
    [iter 7847456] reheat + diversify: ceiling=0.00, value=16554.0
    [iter 7853209] reheat + diversify: ceiling=0.00, value=16554.0
    [iter 7858962] reheat + diversify: ceiling=0.00, value=19548.0
    [iter 7864715] reheat + diversify: ceiling=0.00, value=17664.0
    [iter 7870468] reheat + diversify: ceiling=0.00, value=23004.0
    [iter 7876221] reheat + diversify: ceiling=0.00, value=24078.0
    [iter 7881974] reheat + diversify: ceiling=0.00, value=15480.0
    [iter 7887727] reheat + diversify: ceiling=0.00, value=19170.0
    [iter 7893480] reheat + diversify: ceiling=0.00, value=19242.0
    [iter 7899233] reheat + diversify: ceiling=0.00, value=19725.0
    [iter 7904986] reheat + diversify: ceiling=0.00, value=14304.0
    [iter 7910739] reheat + diversify: ceiling=0.00, value=24078.0
    [iter 7916492] reheat + diversify: ceiling=0.00, value=21018.0
    [iter 7922245] reheat + diversify: ceiling=0.00, value=23004.0
    [iter 7927998] reheat + diversify: ceiling=0.00, value=23523.0
    [iter 7933751] reheat + diversify: ceiling=0.00, value=22011.0
    [iter 7939504] reheat + diversify: ceiling=0.00, value=21558.0
    [iter 7945257] reheat + diversify: ceiling=0.00, value=15378.0
    [iter 7951010] reheat + diversify: ceiling=0.00, value=23625.0
    [iter 7956763] reheat + diversify: ceiling=0.00, value=23391.0
    [iter 7962516] reheat + diversify: ceiling=0.00, value=19944.0
    [iter 7968269] reheat + diversify: ceiling=0.00, value=24078.0
    [iter 7974022] reheat + diversify: ceiling=0.00, value=22011.0
    [iter 7979775] reheat + diversify: ceiling=0.00, value=21909.0
    [iter 7985528] reheat + diversify: ceiling=0.00, value=18066.0
    [iter 7991281] reheat + diversify: ceiling=0.00, value=23625.0
    [iter 7997034] reheat + diversify: ceiling=0.00, value=13866.0
    [iter 8002787] reheat + diversify: ceiling=0.00, value=21756.0
    [iter 8008540] reheat + diversify: ceiling=0.00, value=17994.0
    [iter 8014293] reheat + diversify: ceiling=0.00, value=22836.0
    [iter 8020046] reheat + diversify: ceiling=0.00, value=19761.0
    [iter 8025799] reheat + diversify: ceiling=0.00, value=21909.0
    [iter 8031552] reheat + diversify: ceiling=0.00, value=19170.0
    [iter 8037305] reheat + diversify: ceiling=0.00, value=21558.0
    [iter 8043058] reheat + diversify: ceiling=0.00, value=22632.0
    [iter 8048811] reheat + diversify: ceiling=0.00, value=20316.0
    [iter 8054564] reheat + diversify: ceiling=0.00, value=18066.0
    [iter 8060317] reheat + diversify: ceiling=0.00, value=19944.0
    [iter 8066070] reheat + diversify: ceiling=0.00, value=19944.0
    [iter 8071823] reheat + diversify: ceiling=0.00, value=16554.0
    [iter 8077576] reheat + diversify: ceiling=0.00, value=13866.0
    [iter 8083329] reheat + diversify: ceiling=0.00, value=19140.0
    [iter 8089082] reheat + diversify: ceiling=0.00, value=21966.0
    [iter 8094835] reheat + diversify: ceiling=0.00, value=24078.0
    [iter 8100588] reheat + diversify: ceiling=0.00, value=23004.0
    [iter 8106341] reheat + diversify: ceiling=0.00, value=16554.0
    [iter 8112094] reheat + diversify: ceiling=0.00, value=23004.0
    [iter 8117847] reheat + diversify: ceiling=0.00, value=22383.0
    [iter 8123600] reheat + diversify: ceiling=0.00, value=18768.0
    [iter 8129353] reheat + diversify: ceiling=0.00, value=24144.0
    [iter 8135106] reheat + diversify: ceiling=0.00, value=22011.0
    [iter 8140859] reheat + diversify: ceiling=0.00, value=19944.0
    [iter 8146612] reheat + diversify: ceiling=0.00, value=24699.0
    [iter 8152365] reheat + diversify: ceiling=0.00, value=19593.0
    [iter 8158118] reheat + diversify: ceiling=0.00, value=25320.0
    [iter 8163871] reheat + diversify: ceiling=0.00, value=19170.0
    [iter 8169624] reheat + diversify: ceiling=0.00, value=17409.0
    [iter 8175377] reheat + diversify: ceiling=0.00, value=16554.0
    [iter 8181130] reheat + diversify: ceiling=0.00, value=15378.0
    [iter 8186883] reheat + diversify: ceiling=0.00, value=24246.0
    [iter 8192636] reheat + diversify: ceiling=0.00, value=18030.0
    [iter 8198389] reheat + diversify: ceiling=0.00, value=22011.0
    [iter 8204142] reheat + diversify: ceiling=0.00, value=22011.0
    [iter 8209895] reheat + diversify: ceiling=0.00, value=16518.0
    [iter 8215648] reheat + diversify: ceiling=0.00, value=21492.0
    [iter 8221401] reheat + diversify: ceiling=0.00, value=19278.0
    [iter 8227154] reheat + diversify: ceiling=0.00, value=22011.0
    [iter 8232907] reheat + diversify: ceiling=0.00, value=22011.0
    [iter 8238660] reheat + diversify: ceiling=0.00, value=19170.0
    [iter 8244413] reheat + diversify: ceiling=0.00, value=19170.0
    [iter 8250166] reheat + diversify: ceiling=0.00, value=21909.0
    [iter 8255919] reheat + diversify: ceiling=0.00, value=20718.0
    [iter 8261672] reheat + diversify: ceiling=0.00, value=21558.0
    [iter 8267425] reheat + diversify: ceiling=0.00, value=26832.0
    [iter 8273178] reheat + diversify: ceiling=0.00, value=23625.0
    [iter 8278931] reheat + diversify: ceiling=0.00, value=23457.0
    [iter 8284684] reheat + diversify: ceiling=0.00, value=23625.0
    [iter 8290437] reheat + diversify: ceiling=0.00, value=17730.0
    [iter 8296190] reheat + diversify: ceiling=0.00, value=22011.0
    [iter 8301943] reheat + diversify: ceiling=0.00, value=17994.0
    [iter 8307696] reheat + diversify: ceiling=0.00, value=23085.0
    [iter 8313449] reheat + diversify: ceiling=0.00, value=19206.0
    [iter 8319202] reheat + diversify: ceiling=0.00, value=24078.0
    [iter 8324955] reheat + diversify: ceiling=0.00, value=22032.0
    [iter 8330708] reheat + diversify: ceiling=0.00, value=20418.0
    [iter 8336461] reheat + diversify: ceiling=0.00, value=18066.0
    [iter 8342214] reheat + diversify: ceiling=0.00, value=24078.0
    [iter 8347967] reheat + diversify: ceiling=0.00, value=25320.0
    [iter 8353720] reheat + diversify: ceiling=0.00, value=25320.0
    [iter 8359473] reheat + diversify: ceiling=0.00, value=22011.0
    [iter 8365226] reheat + diversify: ceiling=0.00, value=21558.0
    [iter 8370979] reheat + diversify: ceiling=0.00, value=16554.0
    [iter 8376732] reheat + diversify: ceiling=0.00, value=16518.0
    [iter 8382485] reheat + diversify: ceiling=0.00, value=18621.0
    [iter 8388238] reheat + diversify: ceiling=0.00, value=24078.0
    [iter 8393991] reheat + diversify: ceiling=0.00, value=17730.0
    [iter 8399744] reheat + diversify: ceiling=0.00, value=19323.0
    [iter 8405497] reheat + diversify: ceiling=0.00, value=23976.0
    [iter 8411250] reheat + diversify: ceiling=0.00, value=23625.0
    [iter 8417003] reheat + diversify: ceiling=0.00, value=22902.0
    [iter 8422756] reheat + diversify: ceiling=0.00, value=16554.0
    [iter 8428509] reheat + diversify: ceiling=0.00, value=20316.0
    [iter 8434262] reheat + diversify: ceiling=0.00, value=21207.0
    [iter 8440015] reheat + diversify: ceiling=0.00, value=16554.0
    [iter 8445768] reheat + diversify: ceiling=0.00, value=17694.0
    [iter 8451521] reheat + diversify: ceiling=0.00, value=19761.0
    [iter 8457274] reheat + diversify: ceiling=0.00, value=18804.0
    [iter 8463027] reheat + diversify: ceiling=0.00, value=22902.0
    [iter 8468780] reheat + diversify: ceiling=0.00, value=25320.0
    [iter 8474533] reheat + diversify: ceiling=0.00, value=25320.0
    [iter 8480286] reheat + diversify: ceiling=0.00, value=22632.0
    [iter 8486039] reheat + diversify: ceiling=0.00, value=17409.0
    [iter 8491792] reheat + diversify: ceiling=0.00, value=19170.0
    [iter 8497545] reheat + diversify: ceiling=0.00, value=25320.0
    [iter 8503298] reheat + diversify: ceiling=0.00, value=20418.0
    [iter 8509051] reheat + diversify: ceiling=0.00, value=15378.0
    [iter 8514804] reheat + diversify: ceiling=0.00, value=18249.0
    [iter 8520557] reheat + diversify: ceiling=0.00, value=20346.0
    [iter 8526310] reheat + diversify: ceiling=0.00, value=22011.0
    [iter 8532063] reheat + diversify: ceiling=0.00, value=16554.0
    [iter 8537816] reheat + diversify: ceiling=0.00, value=16518.0
    [iter 8543569] reheat + diversify: ceiling=0.00, value=17994.0
    [iter 8549322] reheat + diversify: ceiling=0.00, value=19716.0
    [iter 8555075] reheat + diversify: ceiling=0.00, value=16590.0
    [iter 8560828] reheat + diversify: ceiling=0.00, value=18972.0
    [iter 8566581] reheat + diversify: ceiling=0.00, value=25320.0
    [iter 8572334] reheat + diversify: ceiling=0.00, value=15378.0
    [iter 8578087] reheat + diversify: ceiling=0.00, value=15378.0
    [iter 8583840] reheat + diversify: ceiling=0.00, value=15480.0
    [iter 8589593] reheat + diversify: ceiling=0.00, value=21909.0
    [iter 8595346] reheat + diversify: ceiling=0.00, value=22632.0
    [iter 8601099] reheat + diversify: ceiling=0.00, value=19761.0
    [iter 8606852] reheat + diversify: ceiling=0.00, value=16554.0
    [iter 8612605] reheat + diversify: ceiling=0.00, value=21792.0
    [iter 8618358] reheat + diversify: ceiling=0.00, value=19593.0
    [iter 8624111] reheat + diversify: ceiling=0.00, value=18972.0
    [iter 8629864] reheat + diversify: ceiling=0.00, value=24078.0
    [iter 8635617] reheat + diversify: ceiling=0.00, value=19242.0
    [iter 8641370] reheat + diversify: ceiling=0.00, value=22632.0
    [iter 8647123] reheat + diversify: ceiling=0.00, value=19944.0
    [iter 8652876] reheat + diversify: ceiling=0.00, value=25320.0
    [iter 8658629] reheat + diversify: ceiling=0.00, value=16554.0
    [iter 8664382] reheat + diversify: ceiling=0.00, value=21018.0
    [iter 8670135] reheat + diversify: ceiling=0.00, value=19242.0
    [iter 8675888] reheat + diversify: ceiling=0.00, value=25320.0
    [iter 8681641] reheat + diversify: ceiling=0.00, value=19344.0
    [iter 8687394] reheat + diversify: ceiling=0.00, value=18102.0
    [iter 8693147] reheat + diversify: ceiling=0.00, value=14940.0
    [iter 8698900] reheat + diversify: ceiling=0.00, value=16554.0
    [iter 8704653] reheat + diversify: ceiling=0.00, value=22836.0
    [iter 8710406] reheat + diversify: ceiling=0.00, value=17445.0
    [iter 8716159] reheat + diversify: ceiling=0.00, value=23706.0
    [iter 8721912] reheat + diversify: ceiling=0.00, value=17628.0
    [iter 8727665] reheat + diversify: ceiling=0.00, value=16554.0
    [iter 8733418] reheat + diversify: ceiling=0.00, value=24078.0
    [iter 8739171] reheat + diversify: ceiling=0.00, value=17694.0
    [iter 8744924] reheat + diversify: ceiling=0.00, value=19593.0
    [iter 8750677] reheat + diversify: ceiling=0.00, value=19878.0
    [iter 8756430] reheat + diversify: ceiling=0.00, value=16554.0
    [iter 8762183] reheat + diversify: ceiling=0.00, value=22011.0
    [iter 8767936] reheat + diversify: ceiling=0.00, value=26832.0
    [iter 8773689] reheat + diversify: ceiling=0.00, value=17694.0
    [iter 8779442] reheat + diversify: ceiling=0.00, value=16554.0
    [iter 8785195] reheat + diversify: ceiling=0.00, value=16554.0
    [iter 8790948] reheat + diversify: ceiling=0.00, value=16554.0
    [iter 8796701] reheat + diversify: ceiling=0.00, value=21018.0
    [iter 8802454] reheat + diversify: ceiling=0.00, value=22632.0
    [iter 8808207] reheat + diversify: ceiling=0.00, value=17994.0
    [iter 8813960] reheat + diversify: ceiling=0.00, value=16554.0
    [iter 8819713] reheat + diversify: ceiling=0.00, value=21762.0
    [iter 8825466] reheat + diversify: ceiling=0.00, value=21909.0
    [iter 8831219] reheat + diversify: ceiling=0.00, value=21018.0
    [iter 8836972] reheat + diversify: ceiling=0.00, value=13866.0
    [iter 8842725] reheat + diversify: ceiling=0.00, value=16554.0
    [iter 8848478] reheat + diversify: ceiling=0.00, value=22317.0
    [iter 8854231] reheat + diversify: ceiling=0.00, value=26832.0
    [iter 8859984] reheat + diversify: ceiling=0.00, value=23004.0
    [iter 8865737] reheat + diversify: ceiling=0.00, value=25320.0
    [iter 8871490] reheat + diversify: ceiling=0.00, value=18066.0
    [iter 8877243] reheat + diversify: ceiling=0.00, value=25320.0
    [iter 8882996] reheat + diversify: ceiling=0.00, value=19170.0
    [iter 8888749] reheat + diversify: ceiling=0.00, value=16554.0
    [iter 8894502] reheat + diversify: ceiling=0.00, value=22902.0
    [iter 8900255] reheat + diversify: ceiling=0.00, value=22011.0
    [iter 8906008] reheat + diversify: ceiling=0.00, value=24078.0
    [iter 8911761] reheat + diversify: ceiling=0.00, value=23004.0
    [iter 8917514] reheat + diversify: ceiling=0.00, value=24078.0
    [iter 8923267] reheat + diversify: ceiling=0.00, value=21909.0
    [iter 8929020] reheat + diversify: ceiling=0.00, value=18030.0
    [iter 8934773] reheat + diversify: ceiling=0.00, value=22836.0
    [iter 8940526] reheat + diversify: ceiling=0.00, value=16554.0
    [iter 8946279] reheat + diversify: ceiling=0.00, value=17664.0
    [iter 8952032] reheat + diversify: ceiling=0.00, value=19725.0
    [iter 8957785] reheat + diversify: ceiling=0.00, value=16554.0
    [iter 8963538] reheat + diversify: ceiling=0.00, value=17409.0
    [iter 8969291] reheat + diversify: ceiling=0.00, value=16116.0
    [iter 8975044] reheat + diversify: ceiling=0.00, value=23625.0
    [iter 8980797] reheat + diversify: ceiling=0.00, value=19944.0
    [iter 8986550] reheat + diversify: ceiling=0.00, value=19944.0
    [iter 8992303] reheat + diversify: ceiling=0.00, value=21558.0
    [iter 8998056] reheat + diversify: ceiling=0.00, value=24246.0
    [iter 9003809] reheat + diversify: ceiling=0.00, value=21792.0
    [iter 9009562] reheat + diversify: ceiling=0.00, value=25320.0
    [iter 9015315] reheat + diversify: ceiling=0.00, value=20418.0
    [iter 9021068] reheat + diversify: ceiling=0.00, value=22632.0
    [iter 9026821] reheat + diversify: ceiling=0.00, value=20418.0
    [iter 9032574] reheat + diversify: ceiling=0.00, value=20871.0
    [iter 9038327] reheat + diversify: ceiling=0.00, value=24078.0
    [iter 9044080] reheat + diversify: ceiling=0.00, value=16554.0
    [iter 9049833] reheat + diversify: ceiling=0.00, value=24078.0
    [iter 9055586] reheat + diversify: ceiling=0.00, value=18804.0
    [iter 9061339] reheat + diversify: ceiling=0.00, value=21792.0
    [iter 9067092] reheat + diversify: ceiling=0.00, value=25320.0
    [iter 9072845] reheat + diversify: ceiling=0.00, value=15342.0
    [iter 9078598] reheat + diversify: ceiling=0.00, value=16554.0
    [iter 9084351] reheat + diversify: ceiling=0.00, value=25320.0
    [iter 9090104] reheat + diversify: ceiling=0.00, value=16554.0
    [iter 9095857] reheat + diversify: ceiling=0.00, value=22011.0
    [iter 9101610] reheat + diversify: ceiling=0.00, value=16554.0
    [iter 9107363] reheat + diversify: ceiling=0.00, value=21909.0
    [iter 9113116] reheat + diversify: ceiling=0.00, value=22011.0
    [iter 9118869] reheat + diversify: ceiling=0.00, value=20418.0
    [iter 9124622] reheat + diversify: ceiling=0.00, value=21558.0
    [iter 9130375] reheat + diversify: ceiling=0.00, value=16554.0
    [iter 9136128] reheat + diversify: ceiling=0.00, value=26832.0
    [iter 9141881] reheat + diversify: ceiling=0.00, value=24078.0
    [iter 9147634] reheat + diversify: ceiling=0.00, value=20988.0
    [iter 9153387] reheat + diversify: ceiling=0.00, value=18066.0
    [iter 9159140] reheat + diversify: ceiling=0.00, value=16554.0
    [iter 9164893] reheat + diversify: ceiling=0.00, value=16554.0
    [iter 9170646] reheat + diversify: ceiling=0.00, value=23706.0
    [iter 9176399] reheat + diversify: ceiling=0.00, value=19170.0
    [iter 9182152] reheat + diversify: ceiling=0.00, value=18066.0
    [iter 9187905] reheat + diversify: ceiling=0.00, value=14940.0
    [iter 9193658] reheat + diversify: ceiling=0.00, value=24078.0
    [iter 9199411] reheat + diversify: ceiling=0.00, value=22011.0
    [iter 9205164] reheat + diversify: ceiling=0.00, value=19242.0
    [iter 9210917] reheat + diversify: ceiling=0.00, value=19944.0
    [iter 9216670] reheat + diversify: ceiling=0.00, value=19944.0
    [iter 9222423] reheat + diversify: ceiling=0.00, value=24078.0
    [iter 9228176] reheat + diversify: ceiling=0.00, value=20718.0
    [iter 9233929] reheat + diversify: ceiling=0.00, value=16554.0
    [iter 9239682] reheat + diversify: ceiling=0.00, value=16554.0
    [iter 9245435] reheat + diversify: ceiling=0.00, value=21018.0
    [iter 9251188] reheat + diversify: ceiling=0.00, value=20346.0
    [iter 9256941] reheat + diversify: ceiling=0.00, value=25320.0
    [iter 9262694] reheat + diversify: ceiling=0.00, value=24246.0
    [iter 9268447] reheat + diversify: ceiling=0.00, value=22383.0
    [iter 9274200] reheat + diversify: ceiling=0.00, value=24078.0
    [iter 9279953] reheat + diversify: ceiling=0.00, value=15414.0
    [iter 9285706] reheat + diversify: ceiling=0.00, value=16518.0
    [iter 9291459] reheat + diversify: ceiling=0.00, value=23625.0
    [iter 9297212] reheat + diversify: ceiling=0.00, value=18066.0
    [iter 9302965] reheat + diversify: ceiling=0.00, value=16554.0
    [iter 9308718] reheat + diversify: ceiling=0.00, value=18804.0
    [iter 9314471] reheat + diversify: ceiling=0.00, value=20937.0
    [iter 9320224] reheat + diversify: ceiling=0.00, value=10038.0
    [iter 9325977] reheat + diversify: ceiling=0.00, value=15378.0
    [iter 9331730] reheat + diversify: ceiling=0.00, value=13866.0
    [iter 9337483] reheat + diversify: ceiling=0.00, value=21018.0
    [iter 9343236] reheat + diversify: ceiling=0.00, value=26832.0
    [iter 9348989] reheat + diversify: ceiling=0.00, value=24078.0
    [iter 9354742] reheat + diversify: ceiling=0.00, value=21909.0
    [iter 9360495] reheat + diversify: ceiling=0.00, value=19944.0
    [iter 9366248] reheat + diversify: ceiling=0.00, value=15042.0
    [iter 9372001] reheat + diversify: ceiling=0.00, value=22011.0
    [iter 9377754] reheat + diversify: ceiling=0.00, value=19206.0
    [iter 9383507] reheat + diversify: ceiling=0.00, value=21018.0
    [iter 9389260] reheat + diversify: ceiling=0.00, value=23625.0
    [iter 9395013] reheat + diversify: ceiling=0.00, value=22419.0
    [iter 9400766] reheat + diversify: ceiling=0.00, value=16554.0
    [iter 9406519] reheat + diversify: ceiling=0.00, value=20484.0
    [iter 9412272] reheat + diversify: ceiling=0.00, value=23706.0
    [iter 9418025] reheat + diversify: ceiling=0.00, value=24078.0
    [iter 9423778] reheat + diversify: ceiling=0.00, value=24246.0
    [iter 9429531] reheat + diversify: ceiling=0.00, value=22011.0
    [iter 9435284] reheat + diversify: ceiling=0.00, value=18102.0
    [iter 9441037] reheat + diversify: ceiling=0.00, value=25320.0
    [iter 9446790] reheat + diversify: ceiling=0.00, value=15342.0
    [iter 9452543] reheat + diversify: ceiling=0.00, value=13866.0
    [iter 9458296] reheat + diversify: ceiling=0.00, value=25320.0
    [iter 9464049] reheat + diversify: ceiling=0.00, value=16554.0
    [iter 9469802] reheat + diversify: ceiling=0.00, value=21324.0
    [iter 9475555] reheat + diversify: ceiling=0.00, value=16554.0
    [iter 9481308] reheat + diversify: ceiling=0.00, value=19242.0
    [iter 9487061] reheat + diversify: ceiling=0.00, value=18066.0
    [iter 9492814] reheat + diversify: ceiling=0.00, value=21492.0
    [iter 9498567] reheat + diversify: ceiling=0.00, value=19242.0
    [iter 9504320] reheat + diversify: ceiling=0.00, value=18870.0
    [iter 9510073] reheat + diversify: ceiling=0.00, value=22011.0
    [iter 9515826] reheat + diversify: ceiling=0.00, value=25320.0
    [iter 9521579] reheat + diversify: ceiling=0.00, value=16554.0
    [iter 9527332] reheat + diversify: ceiling=0.00, value=22902.0
    [iter 9533085] reheat + diversify: ceiling=0.00, value=20790.0
    [iter 9538838] reheat + diversify: ceiling=0.00, value=24078.0
    [iter 9544591] reheat + diversify: ceiling=0.00, value=19242.0
    [iter 9550344] reheat + diversify: ceiling=0.00, value=25320.0
    [iter 9556097] reheat + diversify: ceiling=0.00, value=20316.0
    [iter 9561850] reheat + diversify: ceiling=0.00, value=25320.0
    [iter 9567603] reheat + diversify: ceiling=0.00, value=19242.0
    [iter 9573356] reheat + diversify: ceiling=0.00, value=20346.0
    [iter 9579109] reheat + diversify: ceiling=0.00, value=24078.0
    [iter 9584862] reheat + diversify: ceiling=0.00, value=21558.0
    [iter 9590615] reheat + diversify: ceiling=0.00, value=16554.0
    [iter 9596368] reheat + diversify: ceiling=0.00, value=20169.0
    [iter 9602121] reheat + diversify: ceiling=0.00, value=26832.0
    [iter 9607874] reheat + diversify: ceiling=0.00, value=22317.0
    [iter 9613627] reheat + diversify: ceiling=0.00, value=15378.0
    [iter 9619380] reheat + diversify: ceiling=0.00, value=16554.0
    [iter 9625133] reheat + diversify: ceiling=0.00, value=19176.0
    [iter 9630886] reheat + diversify: ceiling=0.00, value=25152.0
    [iter 9636639] reheat + diversify: ceiling=0.00, value=21909.0
    [iter 9642392] reheat + diversify: ceiling=0.00, value=24078.0
    [iter 9648145] reheat + diversify: ceiling=0.00, value=22011.0
    [iter 9653898] reheat + diversify: ceiling=0.00, value=15480.0
    [iter 9659651] reheat + diversify: ceiling=0.00, value=17994.0
    [iter 9665404] reheat + diversify: ceiling=0.00, value=17628.0
    [iter 9671157] reheat + diversify: ceiling=0.00, value=17628.0
    [iter 9676910] reheat + diversify: ceiling=0.00, value=24078.0
    [iter 9682663] reheat + diversify: ceiling=0.00, value=23457.0
    [iter 9688416] reheat + diversify: ceiling=0.00, value=22632.0
    [iter 9694169] reheat + diversify: ceiling=0.00, value=18972.0
    [iter 9699922] reheat + diversify: ceiling=0.00, value=16554.0
    [iter 9705675] reheat + diversify: ceiling=0.00, value=21909.0
    [iter 9711428] reheat + diversify: ceiling=0.00, value=21558.0
    [iter 9717181] reheat + diversify: ceiling=0.00, value=19944.0
    [iter 9722934] reheat + diversify: ceiling=0.00, value=21018.0
    [iter 9728687] reheat + diversify: ceiling=0.00, value=22011.0
    [iter 9734440] reheat + diversify: ceiling=0.00, value=16518.0
    [iter 9740193] reheat + diversify: ceiling=0.00, value=18204.0
    [iter 9745946] reheat + diversify: ceiling=0.00, value=24078.0
    [iter 9751699] reheat + diversify: ceiling=0.00, value=20418.0
    [iter 9757452] reheat + diversify: ceiling=0.00, value=16620.0
    [iter 9763205] reheat + diversify: ceiling=0.00, value=22011.0
    [iter 9768958] reheat + diversify: ceiling=0.00, value=11688.0
    [iter 9774711] reheat + diversify: ceiling=0.00, value=22836.0
    [iter 9780464] reheat + diversify: ceiling=0.00, value=15480.0
    [iter 9786217] reheat + diversify: ceiling=0.00, value=14940.0
    [iter 9791970] reheat + diversify: ceiling=0.00, value=22011.0
    [iter 9797723] reheat + diversify: ceiling=0.00, value=24699.0
    [iter 9803476] reheat + diversify: ceiling=0.00, value=21492.0
    [iter 9809229] reheat + diversify: ceiling=0.00, value=22836.0
    [iter 9814982] reheat + diversify: ceiling=0.00, value=16554.0
    [iter 9820735] reheat + diversify: ceiling=0.00, value=19944.0
    [iter 9826488] reheat + diversify: ceiling=0.00, value=24078.0
    [iter 9832241] reheat + diversify: ceiling=0.00, value=16554.0
    [iter 9837994] reheat + diversify: ceiling=0.00, value=17994.0
    [iter 9843747] reheat + diversify: ceiling=0.00, value=19140.0
    [iter 9849500] reheat + diversify: ceiling=0.00, value=21018.0
    [iter 9855253] reheat + diversify: ceiling=0.00, value=26832.0
    [iter 9861006] reheat + diversify: ceiling=0.00, value=16518.0
    [iter 9866759] reheat + diversify: ceiling=0.00, value=19170.0
    [iter 9872512] reheat + diversify: ceiling=0.00, value=20346.0
    [iter 9878265] reheat + diversify: ceiling=0.00, value=16554.0
    [iter 9884018] reheat + diversify: ceiling=0.00, value=16554.0
    [iter 9889771] reheat + diversify: ceiling=0.00, value=17994.0
    [iter 9895524] reheat + diversify: ceiling=0.00, value=19206.0
    [iter 9901277] reheat + diversify: ceiling=0.00, value=24144.0
    [iter 9907030] reheat + diversify: ceiling=0.00, value=20097.0
    [iter 9912783] reheat + diversify: ceiling=0.00, value=19140.0
    [iter 9918536] reheat + diversify: ceiling=0.00, value=23004.0
    [iter 9924289] reheat + diversify: ceiling=0.00, value=19761.0
    [iter 9930042] reheat + diversify: ceiling=0.00, value=22566.0
    [iter 9935795] reheat + diversify: ceiling=0.00, value=23085.0
    [iter 9941548] reheat + diversify: ceiling=0.00, value=25320.0
    [iter 9947301] reheat + diversify: ceiling=0.00, value=15480.0
    [iter 9953054] reheat + diversify: ceiling=0.00, value=19944.0
    [iter 9958807] reheat + diversify: ceiling=0.00, value=22011.0
    [iter 9964560] reheat + diversify: ceiling=0.00, value=15378.0
    [iter 9970313] reheat + diversify: ceiling=0.00, value=21909.0
    [iter 9976066] reheat + diversify: ceiling=0.00, value=24078.0
    [iter 9981819] reheat + diversify: ceiling=0.00, value=18066.0
    [iter 9987572] reheat + diversify: ceiling=0.00, value=24078.0
    [iter 9993325] reheat + diversify: ceiling=0.00, value=17994.0
    [iter 9999078] reheat + diversify: ceiling=0.00, value=20346.0
    [iter 10004831] reheat + diversify: ceiling=0.00, value=16554.0
    [iter 10010584] reheat + diversify: ceiling=0.00, value=24078.0
    [iter 10016337] reheat + diversify: ceiling=0.00, value=21966.0
    [iter 10022090] reheat + diversify: ceiling=0.00, value=26832.0
    [iter 10027843] reheat + diversify: ceiling=0.00, value=19242.0
    [iter 10033596] reheat + diversify: ceiling=0.00, value=18102.0
    [iter 10039349] reheat + diversify: ceiling=0.00, value=16554.0
    [iter 10045102] reheat + diversify: ceiling=0.00, value=16518.0
    [iter 10050855] reheat + diversify: ceiling=0.00, value=24078.0
    [iter 10056608] reheat + diversify: ceiling=0.00, value=16518.0
    [iter 10062361] reheat + diversify: ceiling=0.00, value=24078.0
    [iter 10068114] reheat + diversify: ceiling=0.00, value=24633.0
    [iter 10073867] reheat + diversify: ceiling=0.00, value=15378.0
    [iter 10079620] reheat + diversify: ceiling=0.00, value=18000.0
    [iter 10085373] reheat + diversify: ceiling=0.00, value=21492.0
    [iter 10091126] reheat + diversify: ceiling=0.00, value=20835.0
    [iter 10096879] reheat + diversify: ceiling=0.00, value=23457.0
    [iter 10102632] reheat + diversify: ceiling=0.00, value=26832.0
    [iter 10108385] reheat + diversify: ceiling=0.00, value=21018.0
    [iter 10114138] reheat + diversify: ceiling=0.00, value=25320.0
    [iter 10119891] reheat + diversify: ceiling=0.00, value=25320.0
    [iter 10125644] reheat + diversify: ceiling=0.00, value=15480.0
    [iter 10131397] reheat + diversify: ceiling=0.00, value=26832.0
    [iter 10137150] reheat + diversify: ceiling=0.00, value=25152.0
    [iter 10142903] reheat + diversify: ceiling=0.00, value=18804.0
    [iter 10148656] reheat + diversify: ceiling=0.00, value=24078.0
    [iter 10154409] reheat + diversify: ceiling=0.00, value=16554.0
    [iter 10160162] reheat + diversify: ceiling=0.00, value=22011.0
    [iter 10165915] reheat + diversify: ceiling=0.00, value=26832.0
    [iter 10171668] reheat + diversify: ceiling=0.00, value=26832.0
    [iter 10177421] reheat + diversify: ceiling=0.00, value=24552.0
    [iter 10183174] reheat + diversify: ceiling=0.00, value=19242.0
    [iter 10188927] reheat + diversify: ceiling=0.00, value=23625.0
    [iter 10194680] reheat + diversify: ceiling=0.00, value=23625.0
    [iter 10200433] reheat + diversify: ceiling=0.00, value=17730.0
    [iter 10206186] reheat + diversify: ceiling=0.00, value=20097.0
    [iter 10211939] reheat + diversify: ceiling=0.00, value=22011.0
    [iter 10217692] reheat + diversify: ceiling=0.00, value=24078.0
    [iter 10223445] reheat + diversify: ceiling=0.00, value=24078.0
    [iter 10229198] reheat + diversify: ceiling=0.00, value=15378.0
    [iter 10234951] reheat + diversify: ceiling=0.00, value=20418.0
    [iter 10240704] reheat + diversify: ceiling=0.00, value=18066.0
    [iter 10246457] reheat + diversify: ceiling=0.00, value=25320.0
    [iter 10252210] reheat + diversify: ceiling=0.00, value=14940.0
    [iter 10257963] reheat + diversify: ceiling=0.00, value=24246.0
    [iter 10263716] reheat + diversify: ceiling=0.00, value=25320.0
    [iter 10269469] reheat + diversify: ceiling=0.00, value=16518.0
    [iter 10275222] reheat + diversify: ceiling=0.00, value=22011.0
    [iter 10280975] reheat + diversify: ceiling=0.00, value=14940.0
    [iter 10286728] reheat + diversify: ceiling=0.00, value=18804.0
    [iter 10292481] reheat + diversify: ceiling=0.00, value=24078.0
    [iter 10298234] reheat + diversify: ceiling=0.00, value=19242.0
    [iter 10303987] reheat + diversify: ceiling=0.00, value=12690.0
    [iter 10309740] reheat + diversify: ceiling=0.00, value=19944.0
    [iter 10315493] reheat + diversify: ceiling=0.00, value=19170.0
    [iter 10321246] reheat + diversify: ceiling=0.00, value=16554.0
    [iter 10326999] reheat + diversify: ceiling=0.00, value=25320.0
    [iter 10332752] reheat + diversify: ceiling=0.00, value=19944.0
    [iter 10338505] reheat + diversify: ceiling=0.00, value=24246.0
    [iter 10344258] reheat + diversify: ceiling=0.00, value=22011.0
    [iter 10350011] reheat + diversify: ceiling=0.00, value=22011.0
    [iter 10355764] reheat + diversify: ceiling=0.00, value=21207.0
    [iter 10361517] reheat + diversify: ceiling=0.00, value=16518.0
    [iter 10367270] reheat + diversify: ceiling=0.00, value=19878.0
    [iter 10373023] reheat + diversify: ceiling=0.00, value=19878.0
    [iter 10378776] reheat + diversify: ceiling=0.00, value=15378.0
    [iter 10384529] reheat + diversify: ceiling=0.00, value=24699.0
    [iter 10390282] reheat + diversify: ceiling=0.00, value=18030.0
    [iter 10396035] reheat + diversify: ceiling=0.00, value=19944.0
    [iter 10401788] reheat + diversify: ceiling=0.00, value=19170.0
    [iter 10407541] reheat + diversify: ceiling=0.00, value=19761.0
    [iter 10413294] reheat + diversify: ceiling=0.00, value=25320.0
    [iter 10419047] reheat + diversify: ceiling=0.00, value=24078.0
    [iter 10424800] reheat + diversify: ceiling=0.00, value=16554.0
    [iter 10430553] reheat + diversify: ceiling=0.00, value=20169.0
    [iter 10436306] reheat + diversify: ceiling=0.00, value=22632.0
    [iter 10442059] reheat + diversify: ceiling=0.00, value=22011.0
    [iter 10447812] reheat + diversify: ceiling=0.00, value=26832.0
    [iter 10453565] reheat + diversify: ceiling=0.00, value=23706.0
    [iter 10459318] reheat + diversify: ceiling=0.00, value=22011.0
    [iter 10465071] reheat + diversify: ceiling=0.00, value=26832.0
    [iter 10470824] reheat + diversify: ceiling=0.00, value=21909.0
    [iter 10476577] reheat + diversify: ceiling=0.00, value=16518.0
    [iter 10482330] reheat + diversify: ceiling=0.00, value=25320.0
    [iter 10488083] reheat + diversify: ceiling=0.00, value=15378.0
    [iter 10493836] reheat + diversify: ceiling=0.00, value=23559.0
    [iter 10499589] reheat + diversify: ceiling=0.00, value=17409.0
    [iter 10505342] reheat + diversify: ceiling=0.00, value=20169.0
    [iter 10511095] reheat + diversify: ceiling=0.00, value=23625.0
    [iter 10516848] reheat + diversify: ceiling=0.00, value=18768.0
    [iter 10522601] reheat + diversify: ceiling=0.00, value=15378.0
    [iter 10528354] reheat + diversify: ceiling=0.00, value=22566.0
    [iter 10534107] reheat + diversify: ceiling=0.00, value=25152.0
    [iter 10539860] reheat + diversify: ceiling=0.00, value=21018.0
    [iter 10545613] reheat + diversify: ceiling=0.00, value=24078.0
    [iter 10551366] reheat + diversify: ceiling=0.00, value=21558.0
    [iter 10557119] reheat + diversify: ceiling=0.00, value=21018.0
    [iter 10562872] reheat + diversify: ceiling=0.00, value=22011.0
    [iter 10568625] reheat + diversify: ceiling=0.00, value=21018.0
    [iter 10574378] reheat + diversify: ceiling=0.00, value=21966.0
    [iter 10580131] reheat + diversify: ceiling=0.00, value=24078.0
    [iter 10585884] reheat + diversify: ceiling=0.00, value=17694.0
    [iter 10591637] reheat + diversify: ceiling=0.00, value=22632.0
    [iter 10597390] reheat + diversify: ceiling=0.00, value=19944.0
    [iter 10603143] reheat + diversify: ceiling=0.00, value=21018.0
    [iter 10608896] reheat + diversify: ceiling=0.00, value=22632.0
    [iter 10614649] reheat + diversify: ceiling=0.00, value=24078.0
    [iter 10620402] reheat + diversify: ceiling=0.00, value=22011.0
    [iter 10626155] reheat + diversify: ceiling=0.00, value=18066.0
    [iter 10631908] reheat + diversify: ceiling=0.00, value=21909.0
    [iter 10637661] reheat + diversify: ceiling=0.00, value=25320.0
    [iter 10643414] reheat + diversify: ceiling=0.00, value=25320.0
    [iter 10649167] reheat + diversify: ceiling=0.00, value=19242.0
    [iter 10654920] reheat + diversify: ceiling=0.00, value=15378.0
    [iter 10660673] reheat + diversify: ceiling=0.00, value=19242.0
    [iter 10666426] reheat + diversify: ceiling=0.00, value=26832.0
    [iter 10672179] reheat + diversify: ceiling=0.00, value=23106.0
    [iter 10677932] reheat + diversify: ceiling=0.00, value=24246.0
    [iter 10683685] reheat + diversify: ceiling=0.00, value=16554.0
    [iter 10689438] reheat + diversify: ceiling=0.00, value=21909.0
    [iter 10695191] reheat + diversify: ceiling=0.00, value=20667.0
    [iter 10700944] reheat + diversify: ceiling=0.00, value=21018.0
    [iter 10706697] reheat + diversify: ceiling=0.00, value=15516.0
    [iter 10712450] reheat + diversify: ceiling=0.00, value=19944.0
    [iter 10718203] reheat + diversify: ceiling=0.00, value=22902.0
    [iter 10723956] reheat + diversify: ceiling=0.00, value=15480.0
    [iter 10729709] reheat + diversify: ceiling=0.00, value=18585.0
    [iter 10735462] reheat + diversify: ceiling=0.00, value=20169.0
    [iter 10741215] reheat + diversify: ceiling=0.00, value=22011.0
    [iter 10746968] reheat + diversify: ceiling=0.00, value=19878.0
    [iter 10752721] reheat + diversify: ceiling=0.00, value=22836.0
    [iter 10758474] reheat + diversify: ceiling=0.00, value=21492.0
    [iter 10764227] reheat + diversify: ceiling=0.00, value=16992.0
    [iter 10769980] reheat + diversify: ceiling=0.00, value=18885.0
    [iter 10775733] reheat + diversify: ceiling=0.00, value=26832.0
    [iter 10781486] reheat + diversify: ceiling=0.00, value=25320.0
    [iter 10787239] reheat + diversify: ceiling=0.00, value=25320.0
    [iter 10792992] reheat + diversify: ceiling=0.00, value=17409.0
    [iter 10798745] reheat + diversify: ceiling=0.00, value=25152.0
    [iter 10804498] reheat + diversify: ceiling=0.00, value=24246.0
    [iter 10810251] reheat + diversify: ceiling=0.00, value=19944.0
    [iter 10816004] reheat + diversify: ceiling=0.00, value=25152.0
    [iter 10821757] reheat + diversify: ceiling=0.00, value=18804.0
    [iter 10827510] reheat + diversify: ceiling=0.00, value=24078.0
    [iter 10833263] reheat + diversify: ceiling=0.00, value=26211.0
    [iter 10839016] reheat + diversify: ceiling=0.00, value=22836.0
    [iter 10844769] reheat + diversify: ceiling=0.00, value=21492.0
    [iter 10850522] reheat + diversify: ceiling=0.00, value=21018.0
    [iter 10856275] reheat + diversify: ceiling=0.00, value=20418.0
    [iter 10862028] reheat + diversify: ceiling=0.00, value=23706.0
    [iter 10867781] reheat + diversify: ceiling=0.00, value=20484.0
    [iter 10873534] reheat + diversify: ceiling=0.00, value=20250.0
    [iter 10879287] reheat + diversify: ceiling=0.00, value=19944.0
    [iter 10885040] reheat + diversify: ceiling=0.00, value=17994.0
    [iter 10890793] reheat + diversify: ceiling=0.00, value=16518.0
    [iter 10896546] reheat + diversify: ceiling=0.00, value=19242.0
    [iter 10902299] reheat + diversify: ceiling=0.00, value=22011.0
    [iter 10908052] reheat + diversify: ceiling=0.00, value=22011.0
    [iter 10913805] reheat + diversify: ceiling=0.00, value=16554.0
    [iter 10919558] reheat + diversify: ceiling=0.00, value=15480.0
    [iter 10925311] reheat + diversify: ceiling=0.00, value=23004.0
    [iter 10931064] reheat + diversify: ceiling=0.00, value=19761.0
    [iter 10936817] reheat + diversify: ceiling=0.00, value=25320.0
    [iter 10942570] reheat + diversify: ceiling=0.00, value=19944.0
    [iter 10948323] reheat + diversify: ceiling=0.00, value=22011.0
    [iter 10954076] reheat + diversify: ceiling=0.00, value=25320.0
    [iter 10959829] reheat + diversify: ceiling=0.00, value=18651.0
    [iter 10965582] reheat + diversify: ceiling=0.00, value=24246.0
    [iter 10971335] reheat + diversify: ceiling=0.00, value=13866.0
    [iter 10977088] reheat + diversify: ceiling=0.00, value=16518.0
    [iter 10982841] reheat + diversify: ceiling=0.00, value=24078.0
    [iter 10988594] reheat + diversify: ceiling=0.00, value=19170.0
    [iter 10994347] reheat + diversify: ceiling=0.00, value=22632.0
    [iter 11000100] reheat + diversify: ceiling=0.00, value=16518.0
    [iter 11005853] reheat + diversify: ceiling=0.00, value=17694.0
    [iter 11011606] reheat + diversify: ceiling=0.00, value=26832.0
    [iter 11017359] reheat + diversify: ceiling=0.00, value=18585.0
    [iter 11023112] reheat + diversify: ceiling=0.00, value=24078.0
    [iter 11028865] reheat + diversify: ceiling=0.00, value=21492.0
    [iter 11034618] reheat + diversify: ceiling=0.00, value=19944.0
    [iter 11040371] reheat + diversify: ceiling=0.00, value=16554.0
    [iter 11046124] reheat + diversify: ceiling=0.00, value=17409.0
    [iter 11051877] reheat + diversify: ceiling=0.00, value=25320.0
    [iter 11057630] reheat + diversify: ceiling=0.00, value=21018.0
    [iter 11063383] reheat + diversify: ceiling=0.00, value=22011.0
    [iter 11069136] reheat + diversify: ceiling=0.00, value=19944.0
    [iter 11074889] reheat + diversify: ceiling=0.00, value=22551.0
    [iter 11080642] reheat + diversify: ceiling=0.00, value=25320.0
    [iter 11086395] reheat + diversify: ceiling=0.00, value=15480.0
    [iter 11092148] reheat + diversify: ceiling=0.00, value=19797.0
    [iter 11097901] reheat + diversify: ceiling=0.00, value=16554.0
    [iter 11103654] reheat + diversify: ceiling=0.00, value=20937.0
    [iter 11109407] reheat + diversify: ceiling=0.00, value=24699.0
    [iter 11115160] reheat + diversify: ceiling=0.00, value=26832.0
    [iter 11120913] reheat + diversify: ceiling=0.00, value=16554.0
    [iter 11126666] reheat + diversify: ceiling=0.00, value=24078.0
    [iter 11132419] reheat + diversify: ceiling=0.00, value=21018.0
    [iter 11138172] reheat + diversify: ceiling=0.00, value=22632.0
    [iter 11143925] reheat + diversify: ceiling=0.00, value=22011.0
    [iter 11149678] reheat + diversify: ceiling=0.00, value=16554.0
    [iter 11155431] reheat + diversify: ceiling=0.00, value=18066.0
    [iter 11161184] reheat + diversify: ceiling=0.00, value=19242.0
    [iter 11166937] reheat + diversify: ceiling=0.00, value=19944.0
    [iter 11172690] reheat + diversify: ceiling=0.00, value=21909.0
    [iter 11178443] reheat + diversify: ceiling=0.00, value=17409.0
    [iter 11184196] reheat + diversify: ceiling=0.00, value=26832.0
    [iter 11189949] reheat + diversify: ceiling=0.00, value=24078.0
    [iter 11195702] reheat + diversify: ceiling=0.00, value=16554.0
    [iter 11201455] reheat + diversify: ceiling=0.00, value=22011.0
    [iter 11207208] reheat + diversify: ceiling=0.00, value=23625.0
    [iter 11212961] reheat + diversify: ceiling=0.00, value=17409.0
    [iter 11218714] reheat + diversify: ceiling=0.00, value=24078.0
    [iter 11224467] reheat + diversify: ceiling=0.00, value=16554.0
    [iter 11230220] reheat + diversify: ceiling=0.00, value=21018.0
    [iter 11235973] reheat + diversify: ceiling=0.00, value=20418.0
    [iter 11241726] reheat + diversify: ceiling=0.00, value=24078.0
    [iter 11247479] reheat + diversify: ceiling=0.00, value=19944.0
    [iter 11253232] reheat + diversify: ceiling=0.00, value=21792.0
    [iter 11258985] reheat + diversify: ceiling=0.00, value=23457.0
    [iter 11264738] reheat + diversify: ceiling=0.00, value=22011.0
    [iter 11270491] reheat + diversify: ceiling=0.00, value=16554.0
    [iter 11276244] reheat + diversify: ceiling=0.00, value=21492.0
    [iter 11281997] reheat + diversify: ceiling=0.00, value=25320.0
    [iter 11287750] reheat + diversify: ceiling=0.00, value=25152.0
    [iter 11293503] reheat + diversify: ceiling=0.00, value=15480.0
    [iter 11299256] reheat + diversify: ceiling=0.00, value=22551.0
    [iter 11305009] reheat + diversify: ceiling=0.00, value=18102.0
    [iter 11310762] reheat + diversify: ceiling=0.00, value=21909.0
    [iter 11316515] reheat + diversify: ceiling=0.00, value=19944.0
    [iter 11322268] reheat + diversify: ceiling=0.00, value=24078.0
    [iter 11328021] reheat + diversify: ceiling=0.00, value=24699.0
    [iter 11333774] reheat + diversify: ceiling=0.00, value=23004.0
    [iter 11339527] reheat + diversify: ceiling=0.00, value=15480.0
    [iter 11345280] reheat + diversify: ceiling=0.00, value=20754.0
    [iter 11351033] reheat + diversify: ceiling=0.00, value=19944.0
    [iter 11356786] reheat + diversify: ceiling=0.00, value=18687.0
    [iter 11362539] reheat + diversify: ceiling=0.00, value=15342.0
    [iter 11368292] reheat + diversify: ceiling=0.00, value=24078.0
    [iter 11374045] reheat + diversify: ceiling=0.00, value=21558.0
    [iter 11379798] reheat + diversify: ceiling=0.00, value=15342.0
    [iter 11385551] reheat + diversify: ceiling=0.00, value=26832.0
    [iter 11391304] reheat + diversify: ceiling=0.00, value=17409.0
    [iter 11397057] reheat + diversify: ceiling=0.00, value=24078.0
    [iter 11402810] reheat + diversify: ceiling=0.00, value=24078.0
    [iter 11408563] reheat + diversify: ceiling=0.00, value=23004.0
    [iter 11414316] reheat + diversify: ceiling=0.00, value=18972.0
    [iter 11420069] reheat + diversify: ceiling=0.00, value=19944.0
    [iter 11425822] reheat + diversify: ceiling=0.00, value=16518.0
    [iter 11431575] reheat + diversify: ceiling=0.00, value=20346.0
    [iter 11437328] reheat + diversify: ceiling=0.00, value=16590.0
    [iter 11443081] reheat + diversify: ceiling=0.00, value=20250.0
    [iter 11448834] reheat + diversify: ceiling=0.00, value=16554.0
    [iter 11454587] reheat + diversify: ceiling=0.00, value=22566.0
    [iter 11460340] reheat + diversify: ceiling=0.00, value=18804.0
    [iter 11466093] reheat + diversify: ceiling=0.00, value=22011.0
    [iter 11471846] reheat + diversify: ceiling=0.00, value=20718.0
    [iter 11477599] reheat + diversify: ceiling=0.00, value=19944.0
    [iter 11483352] reheat + diversify: ceiling=0.00, value=21390.0
    [iter 11489105] reheat + diversify: ceiling=0.00, value=19242.0
    [iter 11494858] reheat + diversify: ceiling=0.00, value=23172.0
    [iter 11500611] reheat + diversify: ceiling=0.00, value=21909.0
    [iter 11506364] reheat + diversify: ceiling=0.00, value=21492.0
    [iter 11512117] reheat + diversify: ceiling=0.00, value=19944.0
    [iter 11517870] reheat + diversify: ceiling=0.00, value=22836.0
    [iter 11523623] reheat + diversify: ceiling=0.00, value=25320.0
    [iter 11529376] reheat + diversify: ceiling=0.00, value=20346.0
    [iter 11535129] reheat + diversify: ceiling=0.00, value=23625.0
    [iter 11540882] reheat + diversify: ceiling=0.00, value=18519.0
    [iter 11546635] reheat + diversify: ceiling=0.00, value=15378.0
    [iter 11552388] reheat + diversify: ceiling=0.00, value=19944.0
    [iter 11558141] reheat + diversify: ceiling=0.00, value=21018.0
    [iter 11563894] reheat + diversify: ceiling=0.00, value=21018.0
    [iter 11569647] reheat + diversify: ceiling=0.00, value=20316.0
    [iter 11575400] reheat + diversify: ceiling=0.00, value=20169.0
    [iter 11581153] reheat + diversify: ceiling=0.00, value=20835.0
    [iter 11586906] reheat + diversify: ceiling=0.00, value=21492.0
    [iter 11592659] reheat + diversify: ceiling=0.00, value=25320.0
    [iter 11598412] reheat + diversify: ceiling=0.00, value=26832.0
    [iter 11604165] reheat + diversify: ceiling=0.00, value=24078.0
    [iter 11609918] reheat + diversify: ceiling=0.00, value=16554.0
    [iter 11615671] reheat + diversify: ceiling=0.00, value=21966.0
    [iter 11621424] reheat + diversify: ceiling=0.00, value=26832.0
    [iter 11627177] reheat + diversify: ceiling=0.00, value=15480.0
    [iter 11632930] reheat + diversify: ceiling=0.00, value=16518.0
    [iter 11638683] reheat + diversify: ceiling=0.00, value=15378.0
    [iter 11644436] reheat + diversify: ceiling=0.00, value=16554.0
    [iter 11650189] reheat + diversify: ceiling=0.00, value=26832.0
    [iter 11655942] reheat + diversify: ceiling=0.00, value=26832.0
    [iter 11661695] reheat + diversify: ceiling=0.00, value=22011.0
    [iter 11667448] reheat + diversify: ceiling=0.00, value=15480.0
    [iter 11673201] reheat + diversify: ceiling=0.00, value=25320.0
    [iter 11678954] reheat + diversify: ceiling=0.00, value=24078.0
    [iter 11684707] reheat + diversify: ceiling=0.00, value=19944.0
    [iter 11690460] reheat + diversify: ceiling=0.00, value=16554.0
    [iter 11696213] reheat + diversify: ceiling=0.00, value=24078.0
    [iter 11701966] reheat + diversify: ceiling=0.00, value=24078.0
    [iter 11707719] reheat + diversify: ceiling=0.00, value=24078.0
    [iter 11713472] reheat + diversify: ceiling=0.00, value=26832.0
    [iter 11719225] reheat + diversify: ceiling=0.00, value=16554.0
    [iter 11724978] reheat + diversify: ceiling=0.00, value=22011.0
    [iter 11730731] reheat + diversify: ceiling=0.00, value=16554.0
    [iter 11736484] reheat + diversify: ceiling=0.00, value=16554.0
    [iter 11742237] reheat + diversify: ceiling=0.00, value=21909.0
    [iter 11747990] reheat + diversify: ceiling=0.00, value=21966.0
    [iter 11753743] reheat + diversify: ceiling=0.00, value=18804.0
    [iter 11759496] reheat + diversify: ceiling=0.00, value=20418.0
    [iter 11765249] reheat + diversify: ceiling=0.00, value=16554.0
    [iter 11771002] reheat + diversify: ceiling=0.00, value=25320.0
    [iter 11776755] reheat + diversify: ceiling=0.00, value=26832.0
    [iter 11782508] reheat + diversify: ceiling=0.00, value=19944.0
    [iter 11788261] reheat + diversify: ceiling=0.00, value=16554.0
    [iter 11794014] reheat + diversify: ceiling=0.00, value=25320.0
    [iter 11799767] reheat + diversify: ceiling=0.00, value=19170.0
    [iter 11805520] reheat + diversify: ceiling=0.00, value=16518.0
    [iter 11811273] reheat + diversify: ceiling=0.00, value=18066.0
    [iter 11817026] reheat + diversify: ceiling=0.00, value=26832.0
    [iter 11822779] reheat + diversify: ceiling=0.00, value=25152.0
    [iter 11828532] reheat + diversify: ceiling=0.00, value=21558.0
    [iter 11834285] reheat + diversify: ceiling=0.00, value=16590.0
    [iter 11840038] reheat + diversify: ceiling=0.00, value=19944.0
    [iter 11845791] reheat + diversify: ceiling=0.00, value=21966.0
    [iter 11851544] reheat + diversify: ceiling=0.00, value=26832.0
    [iter 11857297] reheat + diversify: ceiling=0.00, value=19944.0
    [iter 11863050] reheat + diversify: ceiling=0.00, value=23625.0
    [iter 11868803] reheat + diversify: ceiling=0.00, value=16554.0
    [iter 11874556] reheat + diversify: ceiling=0.00, value=24078.0
    [iter 11880309] reheat + diversify: ceiling=0.00, value=23706.0
    [iter 11886062] reheat + diversify: ceiling=0.00, value=15480.0
    [iter 11891815] reheat + diversify: ceiling=0.00, value=22011.0
    [iter 11897568] reheat + diversify: ceiling=0.00, value=18804.0
    [iter 11903321] reheat + diversify: ceiling=0.00, value=21018.0
    [iter 11909074] reheat + diversify: ceiling=0.00, value=22011.0
    [iter 11914827] reheat + diversify: ceiling=0.00, value=16554.0
    [iter 11920580] reheat + diversify: ceiling=0.00, value=24078.0
    [iter 11926333] reheat + diversify: ceiling=0.00, value=14940.0
    [iter 11932086] reheat + diversify: ceiling=0.00, value=15516.0
    [iter 11937839] reheat + diversify: ceiling=0.00, value=19944.0
    [iter 11943592] reheat + diversify: ceiling=0.00, value=25320.0
    [iter 11949345] reheat + diversify: ceiling=0.00, value=19944.0
    [iter 11955098] reheat + diversify: ceiling=0.00, value=24078.0
    [iter 11960851] reheat + diversify: ceiling=0.00, value=18768.0
    [iter 11966604] reheat + diversify: ceiling=0.00, value=24246.0
    [iter 11972357] reheat + diversify: ceiling=0.00, value=24078.0
    [iter 11978110] reheat + diversify: ceiling=0.00, value=20418.0
    [iter 11983863] reheat + diversify: ceiling=0.00, value=21909.0
    [iter 11989616] reheat + diversify: ceiling=0.00, value=16554.0
    [iter 11995369] reheat + diversify: ceiling=0.00, value=22011.0
    [iter 12001122] reheat + diversify: ceiling=0.00, value=25320.0
    [iter 12006875] reheat + diversify: ceiling=0.00, value=24078.0
    [iter 12012628] reheat + diversify: ceiling=0.00, value=18804.0
    [iter 12018381] reheat + diversify: ceiling=0.00, value=22902.0
    [iter 12024134] reheat + diversify: ceiling=0.00, value=19944.0
    [iter 12029887] reheat + diversify: ceiling=0.00, value=19761.0
    [iter 12035640] reheat + diversify: ceiling=0.00, value=21018.0
    [iter 12041393] reheat + diversify: ceiling=0.00, value=20418.0
    [iter 12047146] reheat + diversify: ceiling=0.00, value=26832.0
    [iter 12052899] reheat + diversify: ceiling=0.00, value=20418.0
    [iter 12058652] reheat + diversify: ceiling=0.00, value=18768.0
    [iter 12064405] reheat + diversify: ceiling=0.00, value=19242.0
    [iter 12070158] reheat + diversify: ceiling=0.00, value=19761.0
    [iter 12075911] reheat + diversify: ceiling=0.00, value=19242.0
    [iter 12081664] reheat + diversify: ceiling=0.00, value=16518.0
    [iter 12087417] reheat + diversify: ceiling=0.00, value=18621.0
    [iter 12093170] reheat + diversify: ceiling=0.00, value=23004.0
    [iter 12098923] reheat + diversify: ceiling=0.00, value=19944.0
    [iter 12104676] reheat + diversify: ceiling=0.00, value=16590.0
    [iter 12110429] reheat + diversify: ceiling=0.00, value=24078.0
    [iter 12116182] reheat + diversify: ceiling=0.00, value=25320.0
    [iter 12121935] reheat + diversify: ceiling=0.00, value=17694.0
    [iter 12127688] reheat + diversify: ceiling=0.00, value=16554.0
    [iter 12133441] reheat + diversify: ceiling=0.00, value=19242.0
    [iter 12139194] reheat + diversify: ceiling=0.00, value=15042.0
    [iter 12144947] reheat + diversify: ceiling=0.00, value=19944.0
    [iter 12150700] reheat + diversify: ceiling=0.00, value=21018.0
    [iter 12156453] reheat + diversify: ceiling=0.00, value=18066.0
    [iter 12162206] reheat + diversify: ceiling=0.00, value=24633.0
    [iter 12167959] reheat + diversify: ceiling=0.00, value=21909.0
    [iter 12173712] reheat + diversify: ceiling=0.00, value=24078.0
    [iter 12179465] reheat + diversify: ceiling=0.00, value=20418.0
    [iter 12185218] reheat + diversify: ceiling=0.00, value=19944.0
    [iter 12190971] reheat + diversify: ceiling=0.00, value=20382.0
    [iter 12196724] reheat + diversify: ceiling=0.00, value=19944.0
    [iter 12202477] reheat + diversify: ceiling=0.00, value=15480.0
    [iter 12208230] reheat + diversify: ceiling=0.00, value=26832.0
    [iter 12213983] reheat + diversify: ceiling=0.00, value=19944.0
    [iter 12219736] reheat + diversify: ceiling=0.00, value=22383.0
    [iter 12225489] reheat + diversify: ceiling=0.00, value=16554.0
    [iter 12231242] reheat + diversify: ceiling=0.00, value=14940.0
    [iter 12236995] reheat + diversify: ceiling=0.00, value=24078.0
    [iter 12242748] reheat + diversify: ceiling=0.00, value=15480.0
    [iter 12248501] reheat + diversify: ceiling=0.00, value=22011.0
    [iter 12254254] reheat + diversify: ceiling=0.00, value=23976.0
    [iter 12260007] reheat + diversify: ceiling=0.00, value=18768.0
    [iter 12265760] reheat + diversify: ceiling=0.00, value=21909.0
    [iter 12271513] reheat + diversify: ceiling=0.00, value=18804.0
    [iter 12277266] reheat + diversify: ceiling=0.00, value=23625.0
    [iter 12283019] reheat + diversify: ceiling=0.00, value=16554.0
    [iter 12288772] reheat + diversify: ceiling=0.00, value=25320.0
    [iter 12294525] reheat + diversify: ceiling=0.00, value=19944.0
    [iter 12300278] reheat + diversify: ceiling=0.00, value=16554.0
    [iter 12306031] reheat + diversify: ceiling=0.00, value=24078.0
    [iter 12311784] reheat + diversify: ceiling=0.00, value=17409.0
    [iter 12317537] reheat + diversify: ceiling=0.00, value=13866.0
    [iter 12323290] reheat + diversify: ceiling=0.00, value=25320.0
    [iter 12329043] reheat + diversify: ceiling=0.00, value=19344.0
    [iter 12334796] reheat + diversify: ceiling=0.00, value=25320.0
    [iter 12340549] reheat + diversify: ceiling=0.00, value=15378.0
    [iter 12346302] reheat + diversify: ceiling=0.00, value=25152.0
    [iter 12352055] reheat + diversify: ceiling=0.00, value=21492.0
    [iter 12357808] reheat + diversify: ceiling=0.00, value=25152.0
    [iter 12363561] reheat + diversify: ceiling=0.00, value=16554.0
    [iter 12369314] reheat + diversify: ceiling=0.00, value=16554.0
    [iter 12375067] reheat + diversify: ceiling=0.00, value=21018.0
    [iter 12380820] reheat + diversify: ceiling=0.00, value=26832.0
    [iter 12386573] reheat + diversify: ceiling=0.00, value=17628.0
    [iter 12392326] reheat + diversify: ceiling=0.00, value=22632.0
    [iter 12398079] reheat + diversify: ceiling=0.00, value=22011.0
    [iter 12403832] reheat + diversify: ceiling=0.00, value=18972.0
    [iter 12409585] reheat + diversify: ceiling=0.00, value=18102.0
    [iter 12415338] reheat + diversify: ceiling=0.00, value=22011.0
    [iter 12421091] reheat + diversify: ceiling=0.00, value=19170.0
    [iter 12426844] reheat + diversify: ceiling=0.00, value=19725.0
    [iter 12432597] reheat + diversify: ceiling=0.00, value=24078.0
    [iter 12438350] reheat + diversify: ceiling=0.00, value=16518.0
    [iter 12444103] reheat + diversify: ceiling=0.00, value=21558.0
    [iter 12449856] reheat + diversify: ceiling=0.00, value=16590.0
    [iter 12455609] reheat + diversify: ceiling=0.00, value=21909.0
    [iter 12461362] reheat + diversify: ceiling=0.00, value=15480.0
    [iter 12467115] reheat + diversify: ceiling=0.00, value=21018.0
    [iter 12472868] reheat + diversify: ceiling=0.00, value=16554.0
    [iter 12478621] reheat + diversify: ceiling=0.00, value=19944.0
    [iter 12484374] reheat + diversify: ceiling=0.00, value=24078.0
    [iter 12490127] reheat + diversify: ceiling=0.00, value=24078.0
    [iter 12495880] reheat + diversify: ceiling=0.00, value=19944.0
    [iter 12501633] reheat + diversify: ceiling=0.00, value=21909.0
    [iter 12507386] reheat + diversify: ceiling=0.00, value=21762.0
    [iter 12513139] reheat + diversify: ceiling=0.00, value=24246.0
    [iter 12518892] reheat + diversify: ceiling=0.00, value=19944.0
    [iter 12524645] reheat + diversify: ceiling=0.00, value=19878.0
    [iter 12530398] reheat + diversify: ceiling=0.00, value=16518.0
    [iter 12536151] reheat + diversify: ceiling=0.00, value=21762.0
    [iter 12541904] reheat + diversify: ceiling=0.00, value=23457.0
    [iter 12547657] reheat + diversify: ceiling=0.00, value=15378.0
    [iter 12553410] reheat + diversify: ceiling=0.00, value=21492.0
    [iter 12559163] reheat + diversify: ceiling=0.00, value=24078.0
    [iter 12564916] reheat + diversify: ceiling=0.00, value=17730.0
    [iter 12570669] reheat + diversify: ceiling=0.00, value=20418.0
    [iter 12576422] reheat + diversify: ceiling=0.00, value=21018.0
    [iter 12582175] reheat + diversify: ceiling=0.00, value=21966.0
    [iter 12587928] reheat + diversify: ceiling=0.00, value=24078.0
    [iter 12593681] reheat + diversify: ceiling=0.00, value=21018.0
    [iter 12599434] reheat + diversify: ceiling=0.00, value=20316.0
    [iter 12605187] reheat + diversify: ceiling=0.00, value=23172.0
    [iter 12610940] reheat + diversify: ceiling=0.00, value=21930.0
    [iter 12616693] reheat + diversify: ceiling=0.00, value=20418.0
    [iter 12622446] reheat + diversify: ceiling=0.00, value=26832.0
    [iter 12628199] reheat + diversify: ceiling=0.00, value=24078.0
    [iter 12633952] reheat + diversify: ceiling=0.00, value=21909.0
    [iter 12639705] reheat + diversify: ceiling=0.00, value=14304.0
    [iter 12645458] reheat + diversify: ceiling=0.00, value=23706.0
    [iter 12651211] reheat + diversify: ceiling=0.00, value=22011.0
    [iter 12656964] reheat + diversify: ceiling=0.00, value=25320.0
    [iter 12662717] reheat + diversify: ceiling=0.00, value=18768.0
    [iter 12668470] reheat + diversify: ceiling=0.00, value=24078.0
    [iter 12674223] reheat + diversify: ceiling=0.00, value=14940.0
    [iter 12679976] reheat + diversify: ceiling=0.00, value=22011.0
    [iter 12685729] reheat + diversify: ceiling=0.00, value=26832.0
    [iter 12691482] reheat + diversify: ceiling=0.00, value=22011.0
    [iter 12697235] reheat + diversify: ceiling=0.00, value=25320.0
    [iter 12702988] reheat + diversify: ceiling=0.00, value=18804.0
    [iter 12708741] reheat + diversify: ceiling=0.00, value=21018.0
    [iter 12714494] reheat + diversify: ceiling=0.00, value=21909.0
    [iter 12720247] reheat + diversify: ceiling=0.00, value=23004.0
    [iter 12726000] reheat + diversify: ceiling=0.00, value=20484.0
    [iter 12731753] reheat + diversify: ceiling=0.00, value=20346.0
    [iter 12737506] reheat + diversify: ceiling=0.00, value=23004.0
    [iter 12743259] reheat + diversify: ceiling=0.00, value=16554.0
    [iter 12749012] reheat + diversify: ceiling=0.00, value=25320.0
    [iter 12754765] reheat + diversify: ceiling=0.00, value=21909.0
    [iter 12760518] reheat + diversify: ceiling=0.00, value=19944.0
    [iter 12766271] reheat + diversify: ceiling=0.00, value=18804.0
    [iter 12772024] reheat + diversify: ceiling=0.00, value=26832.0
    [iter 12777777] reheat + diversify: ceiling=0.00, value=24078.0
    [iter 12783530] reheat + diversify: ceiling=0.00, value=13866.0
    [iter 12789283] reheat + diversify: ceiling=0.00, value=18870.0
    [iter 12795036] reheat + diversify: ceiling=0.00, value=20835.0
    [iter 12800789] reheat + diversify: ceiling=0.00, value=24078.0
    [iter 12806542] reheat + diversify: ceiling=0.00, value=18249.0
    [iter 12812295] reheat + diversify: ceiling=0.00, value=18102.0
    [iter 12818048] reheat + diversify: ceiling=0.00, value=19878.0
    [iter 12823801] reheat + diversify: ceiling=0.00, value=22857.0
    [iter 12829554] reheat + diversify: ceiling=0.00, value=15378.0
    [iter 12835307] reheat + diversify: ceiling=0.00, value=22902.0
    [iter 12841060] reheat + diversify: ceiling=0.00, value=24078.0
    [iter 12846813] reheat + diversify: ceiling=0.00, value=21018.0
    [iter 12852566] reheat + diversify: ceiling=0.00, value=21018.0
    [iter 12858319] reheat + diversify: ceiling=0.00, value=20667.0
    [iter 12864072] reheat + diversify: ceiling=0.00, value=21558.0
    [iter 12869825] reheat + diversify: ceiling=0.00, value=21756.0
    [iter 12875578] reheat + diversify: ceiling=0.00, value=24246.0
    [iter 12881331] reheat + diversify: ceiling=0.00, value=26832.0
    [iter 12887084] reheat + diversify: ceiling=0.00, value=21018.0
    [iter 12892837] reheat + diversify: ceiling=0.00, value=17694.0
    [iter 12898590] reheat + diversify: ceiling=0.00, value=25320.0
    [iter 12904343] reheat + diversify: ceiling=0.00, value=19944.0
    [iter 12910096] reheat + diversify: ceiling=0.00, value=17409.0
    [iter 12915849] reheat + diversify: ceiling=0.00, value=15378.0
    [iter 12921602] reheat + diversify: ceiling=0.00, value=21018.0
    [iter 12927355] reheat + diversify: ceiling=0.00, value=16554.0
    [iter 12933108] reheat + diversify: ceiling=0.00, value=25320.0
    [iter 12938861] reheat + diversify: ceiling=0.00, value=16590.0
    [iter 12944614] reheat + diversify: ceiling=0.00, value=16554.0
    [iter 12950367] reheat + diversify: ceiling=0.00, value=19944.0
    [iter 12956120] reheat + diversify: ceiling=0.00, value=25320.0
    [iter 12961873] reheat + diversify: ceiling=0.00, value=24078.0
    [iter 12967626] reheat + diversify: ceiling=0.00, value=19944.0
    [iter 12973379] reheat + diversify: ceiling=0.00, value=25320.0
    [iter 12979132] reheat + diversify: ceiling=0.00, value=25152.0
    [iter 12984885] reheat + diversify: ceiling=0.00, value=19725.0
    [iter 12990638] reheat + diversify: ceiling=0.00, value=19944.0
    [iter 12996391] reheat + diversify: ceiling=0.00, value=22011.0
    [iter 13002144] reheat + diversify: ceiling=0.00, value=16518.0
    [iter 13007897] reheat + diversify: ceiling=0.00, value=24246.0
    [iter 13013650] reheat + diversify: ceiling=0.00, value=13866.0
    [iter 13019403] reheat + diversify: ceiling=0.00, value=20250.0
    [iter 13025156] reheat + diversify: ceiling=0.00, value=16554.0
    [iter 13030909] reheat + diversify: ceiling=0.00, value=16554.0
    [iter 13036662] reheat + diversify: ceiling=0.00, value=21909.0
    [iter 13042415] reheat + diversify: ceiling=0.00, value=26832.0
    [iter 13048168] reheat + diversify: ceiling=0.00, value=19944.0
    [iter 13053921] reheat + diversify: ceiling=0.00, value=18804.0
    [iter 13059674] reheat + diversify: ceiling=0.00, value=21792.0
    [iter 13065427] reheat + diversify: ceiling=0.00, value=24078.0
    [iter 13071180] reheat + diversify: ceiling=0.00, value=21018.0
    [iter 13076933] reheat + diversify: ceiling=0.00, value=16554.0
    [iter 13082686] reheat + diversify: ceiling=0.00, value=16554.0
    [iter 13088439] reheat + diversify: ceiling=0.00, value=19944.0
    [iter 13094192] reheat + diversify: ceiling=0.00, value=14940.0
    [iter 13099945] reheat + diversify: ceiling=0.00, value=17694.0
    [iter 13105698] reheat + diversify: ceiling=0.00, value=25320.0
    [iter 13111451] reheat + diversify: ceiling=0.00, value=24078.0
    [iter 13117204] reheat + diversify: ceiling=0.00, value=22011.0
    [iter 13122957] reheat + diversify: ceiling=0.00, value=19944.0
    [iter 13128710] reheat + diversify: ceiling=0.00, value=21018.0
    [iter 13134463] reheat + diversify: ceiling=0.00, value=25320.0
    [iter 13140216] reheat + diversify: ceiling=0.00, value=19944.0
    [iter 13145969] reheat + diversify: ceiling=0.00, value=21945.0
    [iter 13151722] reheat + diversify: ceiling=0.00, value=24246.0
    [iter 13157475] reheat + diversify: ceiling=0.00, value=24078.0
    [iter 13163228] reheat + diversify: ceiling=0.00, value=23004.0
    [iter 13168981] reheat + diversify: ceiling=0.00, value=16518.0
    [iter 13174734] reheat + diversify: ceiling=0.00, value=19944.0
    [iter 13180487] reheat + diversify: ceiling=0.00, value=19878.0
    [iter 13186240] reheat + diversify: ceiling=0.00, value=19878.0
    [iter 13191993] reheat + diversify: ceiling=0.00, value=16554.0
    [iter 13197746] reheat + diversify: ceiling=0.00, value=24246.0
    [iter 13203499] reheat + diversify: ceiling=0.00, value=26832.0
    [iter 13209252] reheat + diversify: ceiling=0.00, value=25320.0
    [iter 13215005] reheat + diversify: ceiling=0.00, value=15378.0
    [iter 13220758] reheat + diversify: ceiling=0.00, value=17994.0
    [iter 13226511] reheat + diversify: ceiling=0.00, value=19944.0
    [iter 13232264] reheat + diversify: ceiling=0.00, value=16518.0
    [iter 13238017] reheat + diversify: ceiling=0.00, value=20418.0
    [iter 13243770] reheat + diversify: ceiling=0.00, value=24078.0
    [iter 13249523] reheat + diversify: ceiling=0.00, value=25320.0
    [iter 13255276] reheat + diversify: ceiling=0.00, value=16554.0
    [iter 13261029] reheat + diversify: ceiling=0.00, value=16554.0
    [iter 13266782] reheat + diversify: ceiling=0.00, value=19170.0
    [iter 13272535] reheat + diversify: ceiling=0.00, value=22836.0
    [iter 13278288] reheat + diversify: ceiling=0.00, value=16554.0
    [iter 13284041] reheat + diversify: ceiling=0.00, value=16518.0
    [iter 13289794] reheat + diversify: ceiling=0.00, value=26832.0
    [iter 13295547] reheat + diversify: ceiling=0.00, value=21492.0
    [iter 13301300] reheat + diversify: ceiling=0.00, value=26832.0
    [iter 13307053] reheat + diversify: ceiling=0.00, value=22011.0
    [iter 13312806] reheat + diversify: ceiling=0.00, value=16554.0
    [iter 13318559] reheat + diversify: ceiling=0.00, value=20169.0
    [iter 13324312] reheat + diversify: ceiling=0.00, value=23391.0
    [iter 13330065] reheat + diversify: ceiling=0.00, value=26145.0
    [iter 13335818] reheat + diversify: ceiling=0.00, value=16554.0
    [iter 13341571] reheat + diversify: ceiling=0.00, value=17694.0
    [iter 13347324] reheat + diversify: ceiling=0.00, value=16554.0
    [iter 13353077] reheat + diversify: ceiling=0.00, value=22011.0
    [iter 13358830] reheat + diversify: ceiling=0.00, value=21864.0
    [iter 13364583] reheat + diversify: ceiling=0.00, value=16554.0
    [iter 13370336] reheat + diversify: ceiling=0.00, value=21864.0
    [iter 13376089] reheat + diversify: ceiling=0.00, value=21018.0
    [iter 13381842] reheat + diversify: ceiling=0.00, value=19242.0
    [iter 13387595] reheat + diversify: ceiling=0.00, value=21018.0
    [iter 13393348] reheat + diversify: ceiling=0.00, value=25590.0
    [iter 13399101] reheat + diversify: ceiling=0.00, value=19761.0
    [iter 13404854] reheat + diversify: ceiling=0.00, value=18972.0
    [iter 13410607] reheat + diversify: ceiling=0.00, value=22011.0
    [iter 13416360] reheat + diversify: ceiling=0.00, value=19944.0
    [iter 13422113] reheat + diversify: ceiling=0.00, value=22011.0
    [iter 13427866] reheat + diversify: ceiling=0.00, value=16554.0
    [iter 13433619] reheat + diversify: ceiling=0.00, value=20418.0
    [iter 13439372] reheat + diversify: ceiling=0.00, value=17994.0
    [iter 13445125] reheat + diversify: ceiling=0.00, value=18972.0
    [iter 13450878] reheat + diversify: ceiling=0.00, value=16554.0
    [iter 13456631] reheat + diversify: ceiling=0.00, value=18768.0
    [iter 13462384] reheat + diversify: ceiling=0.00, value=22632.0
    [iter 13468137] reheat + diversify: ceiling=0.00, value=15378.0
    [iter 13473890] reheat + diversify: ceiling=0.00, value=17994.0
    [iter 13479643] reheat + diversify: ceiling=0.00, value=16554.0
    [iter 13485396] reheat + diversify: ceiling=0.00, value=24078.0
    [iter 13491149] reheat + diversify: ceiling=0.00, value=24078.0
    [iter 13496902] reheat + diversify: ceiling=0.00, value=19242.0
    [iter 13502655] reheat + diversify: ceiling=0.00, value=21558.0
    [iter 13508408] reheat + diversify: ceiling=0.00, value=19944.0
    [iter 13514161] reheat + diversify: ceiling=0.00, value=16554.0
    [iter 13519914] reheat + diversify: ceiling=0.00, value=18768.0
    [iter 13525667] reheat + diversify: ceiling=0.00, value=24144.0
    [iter 13531420] reheat + diversify: ceiling=0.00, value=17628.0
    [iter 13537173] reheat + diversify: ceiling=0.00, value=14940.0
    [iter 13542926] reheat + diversify: ceiling=0.00, value=16554.0
    [iter 13548679] reheat + diversify: ceiling=0.00, value=16554.0
    [iter 13554432] reheat + diversify: ceiling=0.00, value=16656.0
    [iter 13560185] reheat + diversify: ceiling=0.00, value=24246.0
    [iter 13565938] reheat + diversify: ceiling=0.00, value=22902.0
    [iter 13571691] reheat + diversify: ceiling=0.00, value=24246.0
    [iter 13577444] reheat + diversify: ceiling=0.00, value=16518.0
    [iter 13583197] reheat + diversify: ceiling=0.00, value=19242.0
    [iter 13588950] reheat + diversify: ceiling=0.00, value=16554.0
    [iter 13594703] reheat + diversify: ceiling=0.00, value=21018.0
    [iter 13600456] reheat + diversify: ceiling=0.00, value=16518.0
    [iter 13606209] reheat + diversify: ceiling=0.00, value=16554.0
    [iter 13611962] reheat + diversify: ceiling=0.00, value=16518.0
    [iter 13617715] reheat + diversify: ceiling=0.00, value=17409.0
    [iter 13623468] reheat + diversify: ceiling=0.00, value=20682.0
    [iter 13629221] reheat + diversify: ceiling=0.00, value=21018.0
    [iter 13634974] reheat + diversify: ceiling=0.00, value=13902.0
    [iter 13640727] reheat + diversify: ceiling=0.00, value=16518.0
    [iter 13646480] reheat + diversify: ceiling=0.00, value=25320.0
    [iter 13652233] reheat + diversify: ceiling=0.00, value=22011.0
    [iter 13657986] reheat + diversify: ceiling=0.00, value=24078.0
    [iter 13663739] reheat + diversify: ceiling=0.00, value=19170.0
    [iter 13669492] reheat + diversify: ceiling=0.00, value=21018.0
    [iter 13675245] reheat + diversify: ceiling=0.00, value=24078.0
    [iter 13680998] reheat + diversify: ceiling=0.00, value=25320.0
    [iter 13686751] reheat + diversify: ceiling=0.00, value=24246.0
    [iter 13692504] reheat + diversify: ceiling=0.00, value=22632.0
    [iter 13698257] reheat + diversify: ceiling=0.00, value=19944.0
    [iter 13704010] reheat + diversify: ceiling=0.00, value=16554.0
    [iter 13709763] reheat + diversify: ceiling=0.00, value=19944.0
    [iter 13715516] reheat + diversify: ceiling=0.00, value=24078.0
    [iter 13721269] reheat + diversify: ceiling=0.00, value=18030.0
    [iter 13727022] reheat + diversify: ceiling=0.00, value=20418.0
    [iter 13732775] reheat + diversify: ceiling=0.00, value=24078.0
    [iter 13738528] reheat + diversify: ceiling=0.00, value=19944.0
    [iter 13744281] reheat + diversify: ceiling=0.00, value=19242.0
    [iter 13750034] reheat + diversify: ceiling=0.00, value=20871.0
    [iter 13755787] reheat + diversify: ceiling=0.00, value=16554.0
    [iter 13761540] reheat + diversify: ceiling=0.00, value=22632.0
    [iter 13767293] reheat + diversify: ceiling=0.00, value=17694.0
    [iter 13773046] reheat + diversify: ceiling=0.00, value=16554.0
    [iter 13778799] reheat + diversify: ceiling=0.00, value=24078.0
    [iter 13784552] reheat + diversify: ceiling=0.00, value=19140.0
    [iter 13790305] reheat + diversify: ceiling=0.00, value=24078.0
    [iter 13796058] reheat + diversify: ceiling=0.00, value=24078.0
    [iter 13801811] reheat + diversify: ceiling=0.00, value=18030.0
    [iter 13807564] reheat + diversify: ceiling=0.00, value=24246.0
    [iter 13813317] reheat + diversify: ceiling=0.00, value=21762.0
    [iter 13819070] reheat + diversify: ceiling=0.00, value=18102.0
    [iter 13824823] reheat + diversify: ceiling=0.00, value=14340.0
    [iter 13830576] reheat + diversify: ceiling=0.00, value=19878.0
    [iter 13836329] reheat + diversify: ceiling=0.00, value=24246.0
    [iter 13842082] reheat + diversify: ceiling=0.00, value=16554.0
    [iter 13847835] reheat + diversify: ceiling=0.00, value=23625.0
    [iter 13853588] reheat + diversify: ceiling=0.00, value=16554.0
    [iter 13859341] reheat + diversify: ceiling=0.00, value=24078.0
    [iter 13865094] reheat + diversify: ceiling=0.00, value=16554.0
    [iter 13870847] reheat + diversify: ceiling=0.00, value=17730.0
    [iter 13876600] reheat + diversify: ceiling=0.00, value=22902.0
    [iter 13882353] reheat + diversify: ceiling=0.00, value=22011.0
    [iter 13888106] reheat + diversify: ceiling=0.00, value=15378.0
    [iter 13893859] reheat + diversify: ceiling=0.00, value=19725.0
    [iter 13899612] reheat + diversify: ceiling=0.00, value=20418.0
    [iter 13905365] reheat + diversify: ceiling=0.00, value=24246.0
    [iter 13911118] reheat + diversify: ceiling=0.00, value=16554.0
    [iter 13916871] reheat + diversify: ceiling=0.00, value=19170.0
    [iter 13922624] reheat + diversify: ceiling=0.00, value=16554.0
    [iter 13928377] reheat + diversify: ceiling=0.00, value=20418.0
    [iter 13934130] reheat + diversify: ceiling=0.00, value=16554.0
    [iter 13939883] reheat + diversify: ceiling=0.00, value=22902.0
    [iter 13945636] reheat + diversify: ceiling=0.00, value=19944.0
    [iter 13951389] reheat + diversify: ceiling=0.00, value=24699.0
    [iter 13957142] reheat + diversify: ceiling=0.00, value=19170.0
    [iter 13962895] reheat + diversify: ceiling=0.00, value=22011.0
    [iter 13968648] reheat + diversify: ceiling=0.00, value=26832.0
    [iter 13974401] reheat + diversify: ceiling=0.00, value=21492.0
    [iter 13980154] reheat + diversify: ceiling=0.00, value=18768.0
    [iter 13985907] reheat + diversify: ceiling=0.00, value=16554.0
    [iter 13991660] reheat + diversify: ceiling=0.00, value=14940.0
    [iter 13997413] reheat + diversify: ceiling=0.00, value=25152.0
    [iter 14003166] reheat + diversify: ceiling=0.00, value=20418.0
    [iter 14008919] reheat + diversify: ceiling=0.00, value=16554.0
    [iter 14014672] reheat + diversify: ceiling=0.00, value=13866.0
    [iter 14020425] reheat + diversify: ceiling=0.00, value=21909.0
    [iter 14026178] reheat + diversify: ceiling=0.00, value=18030.0
    [iter 14031931] reheat + diversify: ceiling=0.00, value=16554.0
    [iter 14037684] reheat + diversify: ceiling=0.00, value=16518.0
    [iter 14043437] reheat + diversify: ceiling=0.00, value=20352.0
    [iter 14049190] reheat + diversify: ceiling=0.00, value=13866.0
    [iter 14054943] reheat + diversify: ceiling=0.00, value=24078.0
    [iter 14060696] reheat + diversify: ceiling=0.00, value=24078.0
    [iter 14066449] reheat + diversify: ceiling=0.00, value=22011.0
    [iter 14072202] reheat + diversify: ceiling=0.00, value=20418.0
    [iter 14077955] reheat + diversify: ceiling=0.00, value=19944.0
    [iter 14083708] reheat + diversify: ceiling=0.00, value=19170.0
    [iter 14089461] reheat + diversify: ceiling=0.00, value=17994.0
    [iter 14095214] reheat + diversify: ceiling=0.00, value=22902.0
    [iter 14100967] reheat + diversify: ceiling=0.00, value=15342.0
    [iter 14106720] reheat + diversify: ceiling=0.00, value=21909.0
    [iter 14112473] reheat + diversify: ceiling=0.00, value=24078.0
    [iter 14118226] reheat + diversify: ceiling=0.00, value=16554.0
    [iter 14123979] reheat + diversify: ceiling=0.00, value=22011.0
    [iter 14129732] reheat + diversify: ceiling=0.00, value=23706.0
    [iter 14135485] reheat + diversify: ceiling=0.00, value=22011.0
    [iter 14141238] reheat + diversify: ceiling=0.00, value=19170.0
    [iter 14146991] reheat + diversify: ceiling=0.00, value=16554.0
    [iter 14152744] reheat + diversify: ceiling=0.00, value=18804.0
    [iter 14158497] reheat + diversify: ceiling=0.00, value=13866.0
    [iter 14164250] reheat + diversify: ceiling=0.00, value=14940.0
    [iter 14170003] reheat + diversify: ceiling=0.00, value=19944.0
    [iter 14175756] reheat + diversify: ceiling=0.00, value=25320.0
    [iter 14181509] reheat + diversify: ceiling=0.00, value=21909.0
    [iter 14187262] reheat + diversify: ceiling=0.00, value=19242.0
    [iter 14193015] reheat + diversify: ceiling=0.00, value=18855.0
    [iter 14198768] reheat + diversify: ceiling=0.00, value=26145.0
    [iter 14204521] reheat + diversify: ceiling=0.00, value=23391.0
    [iter 14210274] reheat + diversify: ceiling=0.00, value=19878.0
    [iter 14216027] reheat + diversify: ceiling=0.00, value=24078.0
    [iter 14221780] reheat + diversify: ceiling=0.00, value=13866.0
    [iter 14227533] reheat + diversify: ceiling=0.00, value=16554.0
    [iter 14233286] reheat + diversify: ceiling=0.00, value=19944.0
    [iter 14239039] reheat + diversify: ceiling=0.00, value=16554.0
    [iter 14244792] reheat + diversify: ceiling=0.00, value=25320.0
    [iter 14250545] reheat + diversify: ceiling=0.00, value=26211.0
    [iter 14256298] reheat + diversify: ceiling=0.00, value=16554.0
    [iter 14262051] reheat + diversify: ceiling=0.00, value=18000.0
    [iter 14267804] reheat + diversify: ceiling=0.00, value=12690.0
    [iter 14273557] reheat + diversify: ceiling=0.00, value=20250.0
    [iter 14279310] reheat + diversify: ceiling=0.00, value=25320.0
    [iter 14285063] reheat + diversify: ceiling=0.00, value=23004.0
    [iter 14290816] reheat + diversify: ceiling=0.00, value=24078.0
    [iter 14296569] reheat + diversify: ceiling=0.00, value=23706.0
    [iter 14302322] reheat + diversify: ceiling=0.00, value=21018.0
    [iter 14308075] reheat + diversify: ceiling=0.00, value=22632.0
    [iter 14313828] reheat + diversify: ceiling=0.00, value=16554.0
    [iter 14319581] reheat + diversify: ceiling=0.00, value=19170.0
    [iter 14325334] reheat + diversify: ceiling=0.00, value=21864.0
    [iter 14331087] reheat + diversify: ceiling=0.00, value=10038.0
    [iter 14336840] reheat + diversify: ceiling=0.00, value=23706.0
    [iter 14342593] reheat + diversify: ceiling=0.00, value=16554.0
    [iter 14348346] reheat + diversify: ceiling=0.00, value=24078.0
    [iter 14354099] reheat + diversify: ceiling=0.00, value=26832.0
    [iter 14359852] reheat + diversify: ceiling=0.00, value=25320.0
    [iter 14365605] reheat + diversify: ceiling=0.00, value=16554.0
    [iter 14371358] reheat + diversify: ceiling=0.00, value=21018.0
    [iter 14377111] reheat + diversify: ceiling=0.00, value=16554.0
    [iter 14382864] reheat + diversify: ceiling=0.00, value=13866.0
    [iter 14388617] reheat + diversify: ceiling=0.00, value=25320.0
    [iter 14394370] reheat + diversify: ceiling=0.00, value=26832.0
    [iter 14400123] reheat + diversify: ceiling=0.00, value=19944.0
    [iter 14405876] reheat + diversify: ceiling=0.00, value=21756.0
    [iter 14411629] reheat + diversify: ceiling=0.00, value=18768.0
    [iter 14417382] reheat + diversify: ceiling=0.00, value=26832.0
    [iter 14423135] reheat + diversify: ceiling=0.00, value=26832.0
    [iter 14428888] reheat + diversify: ceiling=0.00, value=21909.0
    [iter 14434641] reheat + diversify: ceiling=0.00, value=23706.0
    [iter 14440394] reheat + diversify: ceiling=0.00, value=21909.0
    [iter 14446147] reheat + diversify: ceiling=0.00, value=17409.0
    [iter 14451900] reheat + diversify: ceiling=0.00, value=21018.0
    [iter 14457653] reheat + diversify: ceiling=0.00, value=16554.0
    [iter 14463406] reheat + diversify: ceiling=0.00, value=16554.0
    [iter 14469159] reheat + diversify: ceiling=0.00, value=23004.0
    [iter 14474912] reheat + diversify: ceiling=0.00, value=16518.0
    [iter 14480665] reheat + diversify: ceiling=0.00, value=17409.0
    [iter 14486418] reheat + diversify: ceiling=0.00, value=26211.0
    [iter 14492171] reheat + diversify: ceiling=0.00, value=24246.0
    [iter 14497924] reheat + diversify: ceiling=0.00, value=24078.0
    [iter 14503677] reheat + diversify: ceiling=0.00, value=22011.0
    [iter 14509430] reheat + diversify: ceiling=0.00, value=22011.0
    [iter 14515183] reheat + diversify: ceiling=0.00, value=18621.0
    [iter 14520936] reheat + diversify: ceiling=0.00, value=23625.0
    [iter 14526689] reheat + diversify: ceiling=0.00, value=19059.0
    [iter 14532442] reheat + diversify: ceiling=0.00, value=22011.0
    [iter 14538195] reheat + diversify: ceiling=0.00, value=18030.0
    [iter 14543948] reheat + diversify: ceiling=0.00, value=20484.0
    [iter 14549701] reheat + diversify: ceiling=0.00, value=16518.0
    [iter 14555454] reheat + diversify: ceiling=0.00, value=17664.0
    [iter 14561207] reheat + diversify: ceiling=0.00, value=21945.0
    [iter 14566960] reheat + diversify: ceiling=0.00, value=16554.0
    [iter 14572713] reheat + diversify: ceiling=0.00, value=21966.0
    [iter 14578466] reheat + diversify: ceiling=0.00, value=16554.0
    [iter 14584219] reheat + diversify: ceiling=0.00, value=18102.0
    [iter 14589972] reheat + diversify: ceiling=0.00, value=24633.0
    [iter 14595725] reheat + diversify: ceiling=0.00, value=13902.0
    [iter 14601478] reheat + diversify: ceiling=0.00, value=16554.0
    [iter 14607231] reheat + diversify: ceiling=0.00, value=23706.0
    [iter 14612984] reheat + diversify: ceiling=0.00, value=17409.0
    [iter 14618737] reheat + diversify: ceiling=0.00, value=21018.0
    [iter 14624490] reheat + diversify: ceiling=0.00, value=19944.0
    [iter 14630243] reheat + diversify: ceiling=0.00, value=22011.0
    [iter 14635996] reheat + diversify: ceiling=0.00, value=16554.0
    [iter 14641749] reheat + diversify: ceiling=0.00, value=22011.0
    [iter 14647502] reheat + diversify: ceiling=0.00, value=17628.0
    [iter 14653255] reheat + diversify: ceiling=0.00, value=17664.0
    [iter 14659008] reheat + diversify: ceiling=0.00, value=24078.0
    [iter 14664761] reheat + diversify: ceiling=0.00, value=22011.0
    [iter 14670514] reheat + diversify: ceiling=0.00, value=22632.0
    [iter 14676267] reheat + diversify: ceiling=0.00, value=24078.0
    [iter 14682020] reheat + diversify: ceiling=0.00, value=14940.0
    [iter 14687773] reheat + diversify: ceiling=0.00, value=19242.0
    [iter 14693526] reheat + diversify: ceiling=0.00, value=23625.0
    [iter 14699279] reheat + diversify: ceiling=0.00, value=21909.0
    [iter 14705032] reheat + diversify: ceiling=0.00, value=19170.0
    [iter 14710785] reheat + diversify: ceiling=0.00, value=16518.0
    [iter 14716538] reheat + diversify: ceiling=0.00, value=15378.0
    [iter 14722291] reheat + diversify: ceiling=0.00, value=19170.0
    [iter 14728044] reheat + diversify: ceiling=0.00, value=24078.0
    [iter 14733797] reheat + diversify: ceiling=0.00, value=25320.0
    [iter 14739550] reheat + diversify: ceiling=0.00, value=16554.0
    [iter 14745303] reheat + diversify: ceiling=0.00, value=22011.0
    [iter 14751056] reheat + diversify: ceiling=0.00, value=16554.0
    [iter 14756809] reheat + diversify: ceiling=0.00, value=24078.0
    [iter 14762562] reheat + diversify: ceiling=0.00, value=21171.0
    [iter 14768315] reheat + diversify: ceiling=0.00, value=17994.0
    [iter 14774068] reheat + diversify: ceiling=0.00, value=15042.0
    [iter 14779821] reheat + diversify: ceiling=0.00, value=20718.0
    [iter 14785574] reheat + diversify: ceiling=0.00, value=16554.0
    [iter 14791327] reheat + diversify: ceiling=0.00, value=22011.0
    [iter 14797080] reheat + diversify: ceiling=0.00, value=22011.0
    [iter 14802833] reheat + diversify: ceiling=0.00, value=26832.0
    [iter 14808586] reheat + diversify: ceiling=0.00, value=21018.0
    [iter 14814339] reheat + diversify: ceiling=0.00, value=16554.0
    [iter 14820092] reheat + diversify: ceiling=0.00, value=24078.0
    [iter 14825845] reheat + diversify: ceiling=0.00, value=24078.0
    [iter 14831598] reheat + diversify: ceiling=0.00, value=24078.0
    [iter 14837351] reheat + diversify: ceiling=0.00, value=14940.0
    [iter 14843104] reheat + diversify: ceiling=0.00, value=22317.0
    [iter 14848857] reheat + diversify: ceiling=0.00, value=19761.0
    [iter 14854610] reheat + diversify: ceiling=0.00, value=21492.0
    [iter 14860363] reheat + diversify: ceiling=0.00, value=26832.0
    [iter 14866116] reheat + diversify: ceiling=0.00, value=16554.0
    [iter 14871869] reheat + diversify: ceiling=0.00, value=21909.0
    [iter 14877622] reheat + diversify: ceiling=0.00, value=17730.0
    [iter 14883375] reheat + diversify: ceiling=0.00, value=16554.0
    [iter 14889128] reheat + diversify: ceiling=0.00, value=21018.0
    [iter 14894881] reheat + diversify: ceiling=0.00, value=26832.0
    [iter 14900634] reheat + diversify: ceiling=0.00, value=24078.0
    [iter 14906387] reheat + diversify: ceiling=0.00, value=15378.0
    [iter 14912140] reheat + diversify: ceiling=0.00, value=22632.0
    [iter 14917893] reheat + diversify: ceiling=0.00, value=21909.0
    [iter 14923646] reheat + diversify: ceiling=0.00, value=23172.0
    [iter 14929399] reheat + diversify: ceiling=0.00, value=21492.0
    [iter 14935152] reheat + diversify: ceiling=0.00, value=20937.0
    [iter 14940905] reheat + diversify: ceiling=0.00, value=16554.0
    [iter 14946658] reheat + diversify: ceiling=0.00, value=24078.0
    [iter 14952411] reheat + diversify: ceiling=0.00, value=18804.0
    [iter 14958164] reheat + diversify: ceiling=0.00, value=25320.0
    [iter 14963917] reheat + diversify: ceiling=0.00, value=21864.0
    [iter 14969670] reheat + diversify: ceiling=0.00, value=25152.0
    [iter 14975423] reheat + diversify: ceiling=0.00, value=22011.0
    [iter 14981176] reheat + diversify: ceiling=0.00, value=16554.0
    [iter 14986929] reheat + diversify: ceiling=0.00, value=16518.0
    [iter 14992682] reheat + diversify: ceiling=0.00, value=22011.0
    [iter 14998435] reheat + diversify: ceiling=0.00, value=19944.0
    [iter 15004188] reheat + diversify: ceiling=0.00, value=21909.0
    [iter 15009941] reheat + diversify: ceiling=0.00, value=22011.0
    [iter 15015694] reheat + diversify: ceiling=0.00, value=15378.0
    [iter 15021447] reheat + diversify: ceiling=0.00, value=19944.0
    [iter 15027200] reheat + diversify: ceiling=0.00, value=16554.0
    [iter 15032953] reheat + diversify: ceiling=0.00, value=21018.0
    [iter 15038706] reheat + diversify: ceiling=0.00, value=16554.0
    [iter 15044459] reheat + diversify: ceiling=0.00, value=20214.0
    [iter 15050212] reheat + diversify: ceiling=0.00, value=16518.0
    [iter 15055965] reheat + diversify: ceiling=0.00, value=22011.0
    [iter 15061718] reheat + diversify: ceiling=0.00, value=19944.0
    [iter 15067471] reheat + diversify: ceiling=0.00, value=14940.0
    [iter 15073224] reheat + diversify: ceiling=0.00, value=19242.0
    [iter 15078977] reheat + diversify: ceiling=0.00, value=19242.0
    [iter 15084730] reheat + diversify: ceiling=0.00, value=22011.0
    [iter 15090483] reheat + diversify: ceiling=0.00, value=17475.0
    [iter 15096236] reheat + diversify: ceiling=0.00, value=22011.0
    [iter 15101989] reheat + diversify: ceiling=0.00, value=21966.0
    [iter 15107742] reheat + diversify: ceiling=0.00, value=24078.0
    [iter 15113495] reheat + diversify: ceiling=0.00, value=18687.0
    [iter 15119248] reheat + diversify: ceiling=0.00, value=17409.0
    [iter 15125001] reheat + diversify: ceiling=0.00, value=20346.0
    [iter 15130754] reheat + diversify: ceiling=0.00, value=21909.0
    [iter 15136507] reheat + diversify: ceiling=0.00, value=21909.0
    [iter 15142260] reheat + diversify: ceiling=0.00, value=16554.0
    [iter 15148013] reheat + diversify: ceiling=0.00, value=24078.0
    [iter 15153766] reheat + diversify: ceiling=0.00, value=21018.0
    [iter 15159519] reheat + diversify: ceiling=0.00, value=19272.0
    [iter 15165272] reheat + diversify: ceiling=0.00, value=21909.0
    [iter 15171025] reheat + diversify: ceiling=0.00, value=22011.0
    [iter 15176778] reheat + diversify: ceiling=0.00, value=16554.0
    [iter 15182531] reheat + diversify: ceiling=0.00, value=17994.0
    [iter 15188284] reheat + diversify: ceiling=0.00, value=24246.0
    [iter 15194037] reheat + diversify: ceiling=0.00, value=22011.0
    [iter 15199790] reheat + diversify: ceiling=0.00, value=19878.0
    [iter 15205543] reheat + diversify: ceiling=0.00, value=14940.0
    [iter 15211296] reheat + diversify: ceiling=0.00, value=14940.0
    [iter 15217049] reheat + diversify: ceiling=0.00, value=22632.0
    [iter 15222802] reheat + diversify: ceiling=0.00, value=24078.0
    [iter 15228555] reheat + diversify: ceiling=0.00, value=22011.0
    [iter 15234308] reheat + diversify: ceiling=0.00, value=22011.0
    [iter 15240061] reheat + diversify: ceiling=0.00, value=22011.0
    [iter 15245814] reheat + diversify: ceiling=0.00, value=19944.0
    [iter 15251567] reheat + diversify: ceiling=0.00, value=21018.0
    [iter 15257320] reheat + diversify: ceiling=0.00, value=25320.0
    [iter 15263073] reheat + diversify: ceiling=0.00, value=19878.0
    [iter 15268826] reheat + diversify: ceiling=0.00, value=16518.0
    [iter 15274579] reheat + diversify: ceiling=0.00, value=19140.0
    [iter 15280332] reheat + diversify: ceiling=0.00, value=19206.0
    [iter 15286085] reheat + diversify: ceiling=0.00, value=16554.0
    [iter 15291838] reheat + diversify: ceiling=0.00, value=22632.0
    [iter 15297591] reheat + diversify: ceiling=0.00, value=22011.0
    [iter 15303344] reheat + diversify: ceiling=0.00, value=21492.0
    [iter 15309097] reheat + diversify: ceiling=0.00, value=24078.0
    [iter 15314850] reheat + diversify: ceiling=0.00, value=25320.0
    [iter 15320603] reheat + diversify: ceiling=0.00, value=19242.0
    [iter 15326356] reheat + diversify: ceiling=0.00, value=24246.0
    [iter 15332109] reheat + diversify: ceiling=0.00, value=16554.0
    [iter 15337862] reheat + diversify: ceiling=0.00, value=24078.0
    [iter 15343615] reheat + diversify: ceiling=0.00, value=16554.0
    [iter 15349368] reheat + diversify: ceiling=0.00, value=16554.0
    [iter 15355121] reheat + diversify: ceiling=0.00, value=24078.0
    [iter 15360874] reheat + diversify: ceiling=0.00, value=25320.0
    [iter 15366627] reheat + diversify: ceiling=0.00, value=23172.0
    [iter 15372380] reheat + diversify: ceiling=0.00, value=22011.0
    [iter 15378133] reheat + diversify: ceiling=0.00, value=18030.0
    [iter 15383886] reheat + diversify: ceiling=0.00, value=24078.0
    [iter 15389639] reheat + diversify: ceiling=0.00, value=14940.0
  time limit reached at iteration 15393957
  SA finished: 15393957 iterations in 900.0s (17104 it/s), accepted 9566325 (62.1%), rejected 5827631, neutral 9104242 (59.1%), worsening accepted 7.3%, no-move draws 0, reheats 2674
  SA: value 26832.0 (greedy 21018.0, +5814.0), bound 33780.0, gap 20.57%, util 84.1%
  report -> /home/mcaspar/3DMHKP/results_3DMHKP_ep3/ep3-20-L-C-50-3DMHKP-SA-a0.999-r0.25-t900s.txt

================================================================================================
SUMMARY
================================================================================================
instance      boxes  packed       greedy     SA value        bound      gap    util    iters    time
------------------------------------------------------------------------------------------------
ep3-20-L-C-50     20       9      21018.0      26832.0      33780.0   20.6%   84.1% 15393957  900.0s
------------------------------------------------------------------------------------------------
proven optimal (value reaches the upper bound): 0/1
improved over greedy: 1/1 (total value 21018.0 -> 26832.0, +27.66%)
mean gap to 0-1 knapsack bound: 20.6%
mean volume utilization: 84.1%
