============================================================
  Solver:     3DMHKP-SA.py
  Instance:   /home/mcaspar/3DMHKP/Egeblad/ep3-20-D-C-50.txt
  Value mode: flat
  Timelimit:  900s
  Reports:    /home/mcaspar/3DMHKP/results_3DMHKP_ep3
  CPUs:       1
============================================================
======================================================================
3DMHKP Simulated Annealing (random single-neighbour, sequence decoder)
SA params: T0=5% of f(S_0), alpha=0.999, T_min=0.001, reheat_threshold=5753, reheat_fraction=0.25
Move weights: {'relocate': 0.0, 'swap': 1.0, '2opt': 0.0, 'promote': 1.5, 'demote': 1.5, 'orient': 1.0, 'container': 0.5}
Time limit: 900.0s per instance, seed 1126434512
======================================================================

======================================================================
ep3-20-D-C-50: 20 boxes (5 types), 1 containers (1 types)
  0-1 knapsack bound: 21792.0 (continuous relaxation: 22478.6)
  initial (value-density) decode: value 9736.0 (10/20 boxes)
  T0 = 1434.5 (calibrated, 171 worsening draws, target accept 35%)
  schedule: time-based, T0 -> 327.02 over 900s
    [iter 16] *** NEW BEST: value 12040.0, boxes 11/20, T=1434.3, elapsed=0.1s
    [iter 63] *** NEW BEST: value 12616.0, boxes 11/20, T=1434.3, elapsed=0.1s
    [iter 129] *** NEW BEST: value 13192.0, boxes 11/20, T=1434.3, elapsed=0.1s
    [iter 5882] reheat + diversify: ceiling=358.63, value=11110.0
    [iter 11635] reheat + diversify: ceiling=322.77, value=11110.0
    [iter 17388] reheat + diversify: ceiling=290.49, value=10534.0
    [iter 23141] reheat + diversify: ceiling=261.44, value=13192.0
    [iter 28894] reheat + diversify: ceiling=235.30, value=10534.0
    [iter 34647] reheat + diversify: ceiling=211.77, value=11686.0
    [iter 40400] reheat + diversify: ceiling=190.59, value=8230.0
    [iter 46153] reheat + diversify: ceiling=171.53, value=12040.0
    [iter 51906] reheat + diversify: ceiling=154.38, value=6724.0
    [iter 57659] reheat + diversify: ceiling=138.94, value=12616.0
    [iter 63412] reheat + diversify: ceiling=125.05, value=12616.0
    [iter 69165] reheat + diversify: ceiling=112.54, value=8230.0
    [iter 74918] reheat + diversify: ceiling=101.29, value=11110.0
    [iter 80671] reheat + diversify: ceiling=91.16, value=11686.0
    [iter 86424] reheat + diversify: ceiling=82.04, value=11110.0
    [iter 92177] reheat + diversify: ceiling=73.84, value=13192.0
    [iter 97930] reheat + diversify: ceiling=66.46, value=8230.0
    [iter 103683] reheat + diversify: ceiling=59.81, value=9160.0
    [iter 109436] reheat + diversify: ceiling=53.83, value=11110.0
    [iter 115189] reheat + diversify: ceiling=48.45, value=8230.0
    [iter 120942] reheat + diversify: ceiling=43.60, value=12040.0
    [iter 126695] reheat + diversify: ceiling=39.24, value=11110.0
    [iter 132448] reheat + diversify: ceiling=35.32, value=12040.0
    [iter 138201] reheat + diversify: ceiling=31.79, value=11686.0
    [iter 143954] reheat + diversify: ceiling=28.61, value=13192.0
    [iter 149707] reheat + diversify: ceiling=25.75, value=9160.0
    [iter 155460] reheat + diversify: ceiling=23.17, value=9604.0
    [iter 161213] reheat + diversify: ceiling=20.85, value=7654.0
    [iter 166966] reheat + diversify: ceiling=18.77, value=12616.0
    [iter 172719] reheat + diversify: ceiling=16.89, value=12616.0
    [iter 178472] reheat + diversify: ceiling=15.20, value=12616.0
    [iter 184225] reheat + diversify: ceiling=13.68, value=8230.0
    [iter 189978] reheat + diversify: ceiling=12.31, value=11110.0
    [iter 195731] reheat + diversify: ceiling=11.08, value=11110.0
    [iter 201484] reheat + diversify: ceiling=9.97, value=11110.0
    [iter 207237] reheat + diversify: ceiling=8.98, value=9604.0
    [iter 212990] reheat + diversify: ceiling=8.08, value=11110.0
    [iter 218743] reheat + diversify: ceiling=7.27, value=11110.0
    [iter 224496] reheat + diversify: ceiling=6.54, value=9604.0
    [iter 230249] reheat + diversify: ceiling=5.89, value=10534.0
    [iter 236002] reheat + diversify: ceiling=5.30, value=11110.0
    [iter 241755] reheat + diversify: ceiling=4.77, value=12616.0
    [iter 247508] reheat + diversify: ceiling=4.29, value=9160.0
    [iter 253261] reheat + diversify: ceiling=3.86, value=12040.0
    [iter 259014] reheat + diversify: ceiling=3.48, value=11110.0
    [iter 264767] reheat + diversify: ceiling=3.13, value=12616.0
    [iter 270520] reheat + diversify: ceiling=2.82, value=11110.0
    [iter 276273] reheat + diversify: ceiling=2.54, value=7654.0
    [iter 282026] reheat + diversify: ceiling=2.28, value=11110.0
    [iter 287779] reheat + diversify: ceiling=2.05, value=9736.0
    [iter 293532] reheat + diversify: ceiling=1.85, value=10180.0
    [iter 299285] reheat + diversify: ceiling=1.66, value=8230.0
    [iter 305038] reheat + diversify: ceiling=1.50, value=11110.0
    [iter 310791] reheat + diversify: ceiling=1.35, value=8230.0
    [iter 316544] reheat + diversify: ceiling=1.21, value=12040.0
    [iter 322297] reheat + diversify: ceiling=1.09, value=12616.0
    [iter 328050] reheat + diversify: ceiling=0.98, value=8230.0
    [iter 333803] reheat + diversify: ceiling=0.88, value=11110.0
    [iter 339556] reheat + diversify: ceiling=0.80, value=13192.0
    [iter 345309] reheat + diversify: ceiling=0.72, value=8230.0
    [iter 351062] reheat + diversify: ceiling=0.64, value=12616.0
    [iter 356815] reheat + diversify: ceiling=0.58, value=12040.0
    [iter 362568] reheat + diversify: ceiling=0.52, value=9160.0
    [iter 368321] reheat + diversify: ceiling=0.47, value=9604.0
    [iter 374074] reheat + diversify: ceiling=0.42, value=11110.0
    [iter 379827] reheat + diversify: ceiling=0.38, value=10180.0
    [iter 385580] reheat + diversify: ceiling=0.34, value=12616.0
    [iter 391333] reheat + diversify: ceiling=0.31, value=13192.0
    [iter 397086] reheat + diversify: ceiling=0.28, value=7654.0
    [iter 402839] reheat + diversify: ceiling=0.25, value=6724.0
    [iter 408592] reheat + diversify: ceiling=0.22, value=12616.0
    [iter 414345] reheat + diversify: ceiling=0.20, value=8230.0
    [iter 420098] reheat + diversify: ceiling=0.18, value=12616.0
    [iter 425851] reheat + diversify: ceiling=0.16, value=12616.0
    [iter 431604] reheat + diversify: ceiling=0.15, value=13192.0
    [iter 437357] reheat + diversify: ceiling=0.13, value=10180.0
    [iter 443110] reheat + diversify: ceiling=0.12, value=12616.0
    [iter 448863] reheat + diversify: ceiling=0.11, value=11110.0
    [iter 454616] reheat + diversify: ceiling=0.10, value=12616.0
    [iter 460369] reheat + diversify: ceiling=0.09, value=10534.0
    [iter 466122] reheat + diversify: ceiling=0.08, value=8988.0
    [iter 471875] reheat + diversify: ceiling=0.07, value=9604.0
    [iter 477628] reheat + diversify: ceiling=0.06, value=13192.0
    [iter 483381] reheat + diversify: ceiling=0.06, value=11110.0
    [iter 489134] reheat + diversify: ceiling=0.05, value=12616.0
    [iter 494887] reheat + diversify: ceiling=0.05, value=11110.0
    [iter 500640] reheat + diversify: ceiling=0.04, value=11110.0
    [iter 506393] reheat + diversify: ceiling=0.04, value=11110.0
    [iter 512146] reheat + diversify: ceiling=0.03, value=7654.0
    [iter 517899] reheat + diversify: ceiling=0.03, value=11110.0
    [iter 523652] reheat + diversify: ceiling=0.03, value=10534.0
    [iter 529405] reheat + diversify: ceiling=0.02, value=12040.0
    [iter 535158] reheat + diversify: ceiling=0.02, value=11110.0
    [iter 540911] reheat + diversify: ceiling=0.02, value=12616.0
    [iter 546664] reheat + diversify: ceiling=0.02, value=9160.0
    [iter 552417] reheat + diversify: ceiling=0.02, value=10534.0
    [iter 558170] reheat + diversify: ceiling=0.01, value=8230.0
    [iter 563923] reheat + diversify: ceiling=0.01, value=12616.0
    [iter 569676] reheat + diversify: ceiling=0.01, value=9604.0
    [iter 575429] reheat + diversify: ceiling=0.01, value=11110.0
    [iter 581182] reheat + diversify: ceiling=0.01, value=12040.0
    [iter 586935] reheat + diversify: ceiling=0.01, value=10180.0
    [iter 592688] reheat + diversify: ceiling=0.01, value=12616.0
    [iter 598441] reheat + diversify: ceiling=0.01, value=11110.0
    [iter 604194] reheat + diversify: ceiling=0.01, value=12616.0
    [iter 609947] reheat + diversify: ceiling=0.01, value=10180.0
    [iter 615700] reheat + diversify: ceiling=0.01, value=13192.0
    [iter 621453] reheat + diversify: ceiling=0.00, value=11110.0
    [iter 627206] reheat + diversify: ceiling=0.00, value=10534.0
    [iter 632959] reheat + diversify: ceiling=0.00, value=12616.0
    [iter 638712] reheat + diversify: ceiling=0.00, value=7654.0
    [iter 644465] reheat + diversify: ceiling=0.00, value=8674.0
    [iter 650218] reheat + diversify: ceiling=0.00, value=11110.0
    [iter 655971] reheat + diversify: ceiling=0.00, value=8988.0
    [iter 661724] reheat + diversify: ceiling=0.00, value=8230.0
    [iter 667477] reheat + diversify: ceiling=0.00, value=13192.0
    [iter 673230] reheat + diversify: ceiling=0.00, value=8230.0
    [iter 678983] reheat + diversify: ceiling=0.00, value=12616.0
    [iter 684736] reheat + diversify: ceiling=0.00, value=8988.0
    [iter 690489] reheat + diversify: ceiling=0.00, value=11686.0
    [iter 696242] reheat + diversify: ceiling=0.00, value=11110.0
    [iter 701995] reheat + diversify: ceiling=0.00, value=13192.0
    [iter 707748] reheat + diversify: ceiling=0.00, value=11110.0
    [iter 713501] reheat + diversify: ceiling=0.00, value=13192.0
    [iter 719254] reheat + diversify: ceiling=0.00, value=11464.0
    [iter 725007] reheat + diversify: ceiling=0.00, value=12616.0
    [iter 730760] reheat + diversify: ceiling=0.00, value=13192.0
    [iter 736513] reheat + diversify: ceiling=0.00, value=12040.0
    [iter 742266] reheat + diversify: ceiling=0.00, value=6724.0
    [iter 748019] reheat + diversify: ceiling=0.00, value=12616.0
    [iter 753772] reheat + diversify: ceiling=0.00, value=10180.0
    [iter 759525] reheat + diversify: ceiling=0.00, value=12040.0
    [iter 765278] reheat + diversify: ceiling=0.00, value=12616.0
    [iter 771031] reheat + diversify: ceiling=0.00, value=8230.0
    [iter 776784] reheat + diversify: ceiling=0.00, value=12040.0
    [iter 782537] reheat + diversify: ceiling=0.00, value=11110.0
    [iter 788290] reheat + diversify: ceiling=0.00, value=10180.0
    [iter 794043] reheat + diversify: ceiling=0.00, value=13192.0
    [iter 799796] reheat + diversify: ceiling=0.00, value=11686.0
    [iter 805549] reheat + diversify: ceiling=0.00, value=12616.0
    [iter 811302] reheat + diversify: ceiling=0.00, value=10534.0
    [iter 817055] reheat + diversify: ceiling=0.00, value=9160.0
    [iter 822808] reheat + diversify: ceiling=0.00, value=11110.0
    [iter 828561] reheat + diversify: ceiling=0.00, value=6724.0
    [iter 834314] reheat + diversify: ceiling=0.00, value=10180.0
    [iter 840067] reheat + diversify: ceiling=0.00, value=13192.0
    [iter 845820] reheat + diversify: ceiling=0.00, value=12040.0
    [iter 851573] reheat + diversify: ceiling=0.00, value=10534.0
    [iter 857326] reheat + diversify: ceiling=0.00, value=8230.0
    [iter 863079] reheat + diversify: ceiling=0.00, value=11110.0
    [iter 868832] reheat + diversify: ceiling=0.00, value=12040.0
    [iter 874585] reheat + diversify: ceiling=0.00, value=11110.0
    [iter 880338] reheat + diversify: ceiling=0.00, value=12040.0
    [iter 886091] reheat + diversify: ceiling=0.00, value=12616.0
    [iter 891844] reheat + diversify: ceiling=0.00, value=11686.0
    [iter 897597] reheat + diversify: ceiling=0.00, value=9604.0
    [iter 903350] reheat + diversify: ceiling=0.00, value=11110.0
    [iter 909103] reheat + diversify: ceiling=0.00, value=7654.0
    [iter 914856] reheat + diversify: ceiling=0.00, value=12040.0
    [iter 920609] reheat + diversify: ceiling=0.00, value=11110.0
    [iter 926362] reheat + diversify: ceiling=0.00, value=9160.0
    [iter 932115] reheat + diversify: ceiling=0.00, value=12040.0
    [iter 937868] reheat + diversify: ceiling=0.00, value=12040.0
    [iter 943621] reheat + diversify: ceiling=0.00, value=8230.0
    [iter 949374] reheat + diversify: ceiling=0.00, value=10180.0
    [iter 955127] reheat + diversify: ceiling=0.00, value=9604.0
    [iter 960880] reheat + diversify: ceiling=0.00, value=8230.0
    [iter 966633] reheat + diversify: ceiling=0.00, value=7654.0
    [iter 972386] reheat + diversify: ceiling=0.00, value=11686.0
    [iter 978139] reheat + diversify: ceiling=0.00, value=11110.0
    [iter 983892] reheat + diversify: ceiling=0.00, value=10534.0
    [iter 989645] reheat + diversify: ceiling=0.00, value=13192.0
    [iter 995398] reheat + diversify: ceiling=0.00, value=11110.0
    [iter 1001151] reheat + diversify: ceiling=0.00, value=11464.0
    [iter 1006904] reheat + diversify: ceiling=0.00, value=12616.0
    [iter 1012657] reheat + diversify: ceiling=0.00, value=13192.0
    [iter 1018410] reheat + diversify: ceiling=0.00, value=9604.0
    [iter 1024163] reheat + diversify: ceiling=0.00, value=13192.0
    [iter 1029916] reheat + diversify: ceiling=0.00, value=11110.0
    [iter 1035669] reheat + diversify: ceiling=0.00, value=12616.0
    [iter 1041422] reheat + diversify: ceiling=0.00, value=10180.0
    [iter 1047175] reheat + diversify: ceiling=0.00, value=8230.0
    [iter 1052928] reheat + diversify: ceiling=0.00, value=12616.0
    [iter 1058681] reheat + diversify: ceiling=0.00, value=10534.0
    [iter 1064434] reheat + diversify: ceiling=0.00, value=13192.0
    [iter 1070187] reheat + diversify: ceiling=0.00, value=13192.0
    [iter 1075940] reheat + diversify: ceiling=0.00, value=11110.0
    [iter 1081693] reheat + diversify: ceiling=0.00, value=12616.0
    [iter 1087446] reheat + diversify: ceiling=0.00, value=10534.0
    [iter 1093199] reheat + diversify: ceiling=0.00, value=11464.0
    [iter 1098952] reheat + diversify: ceiling=0.00, value=11686.0
    [iter 1104705] reheat + diversify: ceiling=0.00, value=9604.0
    [iter 1110458] reheat + diversify: ceiling=0.00, value=11110.0
    [iter 1116211] reheat + diversify: ceiling=0.00, value=11110.0
    [iter 1121964] reheat + diversify: ceiling=0.00, value=12616.0
    [iter 1127717] reheat + diversify: ceiling=0.00, value=12040.0
    [iter 1133470] reheat + diversify: ceiling=0.00, value=11686.0
    [iter 1139223] reheat + diversify: ceiling=0.00, value=9160.0
    [iter 1144976] reheat + diversify: ceiling=0.00, value=12616.0
    [iter 1150729] reheat + diversify: ceiling=0.00, value=11110.0
    [iter 1156482] reheat + diversify: ceiling=0.00, value=11686.0
    [iter 1162235] reheat + diversify: ceiling=0.00, value=12040.0
    [iter 1167988] reheat + diversify: ceiling=0.00, value=11110.0
    [iter 1173741] reheat + diversify: ceiling=0.00, value=12616.0
    [iter 1179494] reheat + diversify: ceiling=0.00, value=12040.0
    [iter 1185247] reheat + diversify: ceiling=0.00, value=11110.0
    [iter 1191000] reheat + diversify: ceiling=0.00, value=12040.0
    [iter 1196753] reheat + diversify: ceiling=0.00, value=8230.0
    [iter 1202506] reheat + diversify: ceiling=0.00, value=12040.0
    [iter 1208259] reheat + diversify: ceiling=0.00, value=8230.0
    [iter 1214012] reheat + diversify: ceiling=0.00, value=12616.0
    [iter 1219765] reheat + diversify: ceiling=0.00, value=11110.0
    [iter 1225518] reheat + diversify: ceiling=0.00, value=11110.0
    [iter 1231271] reheat + diversify: ceiling=0.00, value=11110.0
    [iter 1237024] reheat + diversify: ceiling=0.00, value=9604.0
    [iter 1242777] reheat + diversify: ceiling=0.00, value=12616.0
    [iter 1248530] reheat + diversify: ceiling=0.00, value=12040.0
    [iter 1254283] reheat + diversify: ceiling=0.00, value=12616.0
    [iter 1260036] reheat + diversify: ceiling=0.00, value=11110.0
    [iter 1265789] reheat + diversify: ceiling=0.00, value=9160.0
    [iter 1271542] reheat + diversify: ceiling=0.00, value=12040.0
    [iter 1277295] reheat + diversify: ceiling=0.00, value=11110.0
    [iter 1283048] reheat + diversify: ceiling=0.00, value=12616.0
    [iter 1288801] reheat + diversify: ceiling=0.00, value=11110.0
    [iter 1294554] reheat + diversify: ceiling=0.00, value=11110.0
    [iter 1300307] reheat + diversify: ceiling=0.00, value=6724.0
    [iter 1306060] reheat + diversify: ceiling=0.00, value=8230.0
    [iter 1311813] reheat + diversify: ceiling=0.00, value=12040.0
    [iter 1317566] reheat + diversify: ceiling=0.00, value=11110.0
    [iter 1323319] reheat + diversify: ceiling=0.00, value=13192.0
    [iter 1329072] reheat + diversify: ceiling=0.00, value=9160.0
    [iter 1334825] reheat + diversify: ceiling=0.00, value=12616.0
    [iter 1340578] reheat + diversify: ceiling=0.00, value=12040.0
    [iter 1346331] reheat + diversify: ceiling=0.00, value=12616.0
    [iter 1352084] reheat + diversify: ceiling=0.00, value=13192.0
    [iter 1357837] reheat + diversify: ceiling=0.00, value=9160.0
    [iter 1363590] reheat + diversify: ceiling=0.00, value=13192.0
    [iter 1369343] reheat + diversify: ceiling=0.00, value=12616.0
    [iter 1375096] reheat + diversify: ceiling=0.00, value=12616.0
    [iter 1380849] reheat + diversify: ceiling=0.00, value=9736.0
    [iter 1386602] reheat + diversify: ceiling=0.00, value=6724.0
    [iter 1392355] reheat + diversify: ceiling=0.00, value=10180.0
    [iter 1398108] reheat + diversify: ceiling=0.00, value=9736.0
    [iter 1403861] reheat + diversify: ceiling=0.00, value=7654.0
    [iter 1409614] reheat + diversify: ceiling=0.00, value=11110.0
    [iter 1415367] reheat + diversify: ceiling=0.00, value=9604.0
    [iter 1421120] reheat + diversify: ceiling=0.00, value=8230.0
    [iter 1426873] reheat + diversify: ceiling=0.00, value=7654.0
    [iter 1432626] reheat + diversify: ceiling=0.00, value=11110.0
    [iter 1438379] reheat + diversify: ceiling=0.00, value=12040.0
    [iter 1444132] reheat + diversify: ceiling=0.00, value=8230.0
    [iter 1449885] reheat + diversify: ceiling=0.00, value=13192.0
    [iter 1455638] reheat + diversify: ceiling=0.00, value=6724.0
    [iter 1461391] reheat + diversify: ceiling=0.00, value=8230.0
    [iter 1467144] reheat + diversify: ceiling=0.00, value=8230.0
    [iter 1472897] reheat + diversify: ceiling=0.00, value=13192.0
    [iter 1478650] reheat + diversify: ceiling=0.00, value=10180.0
    [iter 1484403] reheat + diversify: ceiling=0.00, value=11110.0
    [iter 1490156] reheat + diversify: ceiling=0.00, value=13192.0
    [iter 1495909] reheat + diversify: ceiling=0.00, value=11110.0
    [iter 1501662] reheat + diversify: ceiling=0.00, value=12040.0
    [iter 1507415] reheat + diversify: ceiling=0.00, value=8230.0
    [iter 1513168] reheat + diversify: ceiling=0.00, value=12616.0
    [iter 1518921] reheat + diversify: ceiling=0.00, value=13192.0
    [iter 1524674] reheat + diversify: ceiling=0.00, value=11464.0
    [iter 1530427] reheat + diversify: ceiling=0.00, value=10180.0
    [iter 1536180] reheat + diversify: ceiling=0.00, value=12040.0
    [iter 1541933] reheat + diversify: ceiling=0.00, value=10180.0
    [iter 1547686] reheat + diversify: ceiling=0.00, value=12040.0
    [iter 1553439] reheat + diversify: ceiling=0.00, value=13192.0
    [iter 1559192] reheat + diversify: ceiling=0.00, value=13192.0
    [iter 1564945] reheat + diversify: ceiling=0.00, value=13192.0
    [iter 1570698] reheat + diversify: ceiling=0.00, value=12040.0
    [iter 1576451] reheat + diversify: ceiling=0.00, value=10534.0
    [iter 1582204] reheat + diversify: ceiling=0.00, value=11110.0
    [iter 1587957] reheat + diversify: ceiling=0.00, value=9160.0
    [iter 1593710] reheat + diversify: ceiling=0.00, value=11110.0
    [iter 1599463] reheat + diversify: ceiling=0.00, value=13192.0
    [iter 1605216] reheat + diversify: ceiling=0.00, value=11464.0
    [iter 1610969] reheat + diversify: ceiling=0.00, value=11464.0
    [iter 1616722] reheat + diversify: ceiling=0.00, value=13192.0
    [iter 1622475] reheat + diversify: ceiling=0.00, value=12616.0
    [iter 1628228] reheat + diversify: ceiling=0.00, value=13192.0
    [iter 1633981] reheat + diversify: ceiling=0.00, value=8230.0
    [iter 1639734] reheat + diversify: ceiling=0.00, value=8230.0
    [iter 1645487] reheat + diversify: ceiling=0.00, value=9604.0
    [iter 1651240] reheat + diversify: ceiling=0.00, value=12040.0
    [iter 1656993] reheat + diversify: ceiling=0.00, value=12616.0
    [iter 1662746] reheat + diversify: ceiling=0.00, value=12040.0
    [iter 1668499] reheat + diversify: ceiling=0.00, value=11110.0
    [iter 1674252] reheat + diversify: ceiling=0.00, value=10534.0
    [iter 1680005] reheat + diversify: ceiling=0.00, value=8230.0
    [iter 1685758] reheat + diversify: ceiling=0.00, value=12040.0
    [iter 1691511] reheat + diversify: ceiling=0.00, value=11110.0
    [iter 1697264] reheat + diversify: ceiling=0.00, value=10180.0
    [iter 1703017] reheat + diversify: ceiling=0.00, value=11110.0
    [iter 1708770] reheat + diversify: ceiling=0.00, value=13192.0
    [iter 1714523] reheat + diversify: ceiling=0.00, value=9736.0
    [iter 1720276] reheat + diversify: ceiling=0.00, value=12616.0
    [iter 1726029] reheat + diversify: ceiling=0.00, value=10534.0
    [iter 1731782] reheat + diversify: ceiling=0.00, value=11686.0
    [iter 1737535] reheat + diversify: ceiling=0.00, value=8230.0
    [iter 1743288] reheat + diversify: ceiling=0.00, value=12040.0
    [iter 1749041] reheat + diversify: ceiling=0.00, value=10180.0
    [iter 1754794] reheat + diversify: ceiling=0.00, value=10180.0
    [iter 1760547] reheat + diversify: ceiling=0.00, value=11686.0
    [iter 1766300] reheat + diversify: ceiling=0.00, value=11110.0
    [iter 1772053] reheat + diversify: ceiling=0.00, value=10534.0
    [iter 1777806] reheat + diversify: ceiling=0.00, value=11110.0
    [iter 1783559] reheat + diversify: ceiling=0.00, value=13192.0
    [iter 1789312] reheat + diversify: ceiling=0.00, value=11110.0
    [iter 1795065] reheat + diversify: ceiling=0.00, value=8230.0
    [iter 1800818] reheat + diversify: ceiling=0.00, value=12616.0
    [iter 1806571] reheat + diversify: ceiling=0.00, value=10180.0
    [iter 1812324] reheat + diversify: ceiling=0.00, value=11110.0
    [iter 1818077] reheat + diversify: ceiling=0.00, value=12616.0
    [iter 1823830] reheat + diversify: ceiling=0.00, value=8230.0
    [iter 1829583] reheat + diversify: ceiling=0.00, value=9604.0
    [iter 1835336] reheat + diversify: ceiling=0.00, value=13192.0
    [iter 1841089] reheat + diversify: ceiling=0.00, value=11110.0
    [iter 1846842] reheat + diversify: ceiling=0.00, value=9160.0
    [iter 1852595] reheat + diversify: ceiling=0.00, value=12616.0
    [iter 1858348] reheat + diversify: ceiling=0.00, value=10180.0
    [iter 1864101] reheat + diversify: ceiling=0.00, value=13192.0
    [iter 1869854] reheat + diversify: ceiling=0.00, value=10534.0
    [iter 1875607] reheat + diversify: ceiling=0.00, value=12616.0
    [iter 1881360] reheat + diversify: ceiling=0.00, value=8230.0
    [iter 1887113] reheat + diversify: ceiling=0.00, value=8230.0
    [iter 1892866] reheat + diversify: ceiling=0.00, value=11110.0
    [iter 1898619] reheat + diversify: ceiling=0.00, value=11110.0
    [iter 1904372] reheat + diversify: ceiling=0.00, value=9604.0
    [iter 1910125] reheat + diversify: ceiling=0.00, value=12040.0
    [iter 1915878] reheat + diversify: ceiling=0.00, value=10534.0
    [iter 1921631] reheat + diversify: ceiling=0.00, value=12616.0
    [iter 1927384] reheat + diversify: ceiling=0.00, value=12040.0
    [iter 1933137] reheat + diversify: ceiling=0.00, value=11686.0
    [iter 1938890] reheat + diversify: ceiling=0.00, value=11686.0
    [iter 1944643] reheat + diversify: ceiling=0.00, value=10534.0
    [iter 1950396] reheat + diversify: ceiling=0.00, value=8988.0
    [iter 1956149] reheat + diversify: ceiling=0.00, value=10534.0
    [iter 1961902] reheat + diversify: ceiling=0.00, value=12616.0
    [iter 1967655] reheat + diversify: ceiling=0.00, value=12616.0
    [iter 1973408] reheat + diversify: ceiling=0.00, value=12616.0
    [iter 1979161] reheat + diversify: ceiling=0.00, value=10534.0
    [iter 1984914] reheat + diversify: ceiling=0.00, value=8230.0
    [iter 1990667] reheat + diversify: ceiling=0.00, value=9160.0
    [iter 1996420] reheat + diversify: ceiling=0.00, value=8230.0
    [iter 2002173] reheat + diversify: ceiling=0.00, value=8230.0
    [iter 2007926] reheat + diversify: ceiling=0.00, value=11110.0
    [iter 2013679] reheat + diversify: ceiling=0.00, value=11110.0
    [iter 2019432] reheat + diversify: ceiling=0.00, value=8230.0
    [iter 2025185] reheat + diversify: ceiling=0.00, value=10180.0
    [iter 2030938] reheat + diversify: ceiling=0.00, value=12616.0
    [iter 2036691] reheat + diversify: ceiling=0.00, value=11110.0
    [iter 2042444] reheat + diversify: ceiling=0.00, value=11464.0
    [iter 2048197] reheat + diversify: ceiling=0.00, value=11464.0
    [iter 2053950] reheat + diversify: ceiling=0.00, value=12616.0
    [iter 2059703] reheat + diversify: ceiling=0.00, value=12616.0
    [iter 2065456] reheat + diversify: ceiling=0.00, value=12040.0
    [iter 2071209] reheat + diversify: ceiling=0.00, value=12040.0
    [iter 2076962] reheat + diversify: ceiling=0.00, value=8230.0
    [iter 2082715] reheat + diversify: ceiling=0.00, value=11110.0
    [iter 2088468] reheat + diversify: ceiling=0.00, value=11686.0
    [iter 2094221] reheat + diversify: ceiling=0.00, value=11464.0
    [iter 2099974] reheat + diversify: ceiling=0.00, value=8230.0
    [iter 2105727] reheat + diversify: ceiling=0.00, value=12616.0
    [iter 2111480] reheat + diversify: ceiling=0.00, value=12040.0
    [iter 2117233] reheat + diversify: ceiling=0.00, value=9160.0
    [iter 2122986] reheat + diversify: ceiling=0.00, value=12616.0
    [iter 2128739] reheat + diversify: ceiling=0.00, value=10534.0
    [iter 2134492] reheat + diversify: ceiling=0.00, value=11686.0
    [iter 2140245] reheat + diversify: ceiling=0.00, value=11110.0
    [iter 2145998] reheat + diversify: ceiling=0.00, value=9604.0
    [iter 2151751] reheat + diversify: ceiling=0.00, value=12040.0
    [iter 2157504] reheat + diversify: ceiling=0.00, value=6724.0
    [iter 2163257] reheat + diversify: ceiling=0.00, value=12616.0
    [iter 2169010] reheat + diversify: ceiling=0.00, value=9604.0
    [iter 2174763] reheat + diversify: ceiling=0.00, value=11110.0
    [iter 2180516] reheat + diversify: ceiling=0.00, value=12040.0
    [iter 2186269] reheat + diversify: ceiling=0.00, value=12040.0
    [iter 2192022] reheat + diversify: ceiling=0.00, value=12616.0
    [iter 2197775] reheat + diversify: ceiling=0.00, value=11110.0
    [iter 2203528] reheat + diversify: ceiling=0.00, value=8230.0
    [iter 2209281] reheat + diversify: ceiling=0.00, value=10534.0
    [iter 2215034] reheat + diversify: ceiling=0.00, value=12040.0
    [iter 2220787] reheat + diversify: ceiling=0.00, value=12616.0
    [iter 2226540] reheat + diversify: ceiling=0.00, value=12616.0
    [iter 2232293] reheat + diversify: ceiling=0.00, value=6724.0
    [iter 2238046] reheat + diversify: ceiling=0.00, value=8230.0
    [iter 2243799] reheat + diversify: ceiling=0.00, value=10534.0
    [iter 2249552] reheat + diversify: ceiling=0.00, value=9736.0
    [iter 2255305] reheat + diversify: ceiling=0.00, value=8230.0
    [iter 2261058] reheat + diversify: ceiling=0.00, value=11110.0
    [iter 2266811] reheat + diversify: ceiling=0.00, value=12040.0
    [iter 2272564] reheat + diversify: ceiling=0.00, value=12616.0
    [iter 2278317] reheat + diversify: ceiling=0.00, value=12616.0
    [iter 2284070] reheat + diversify: ceiling=0.00, value=6724.0
    [iter 2289823] reheat + diversify: ceiling=0.00, value=11110.0
    [iter 2295576] reheat + diversify: ceiling=0.00, value=10180.0
    [iter 2301329] reheat + diversify: ceiling=0.00, value=11110.0
    [iter 2307082] reheat + diversify: ceiling=0.00, value=12616.0
    [iter 2312835] reheat + diversify: ceiling=0.00, value=12616.0
    [iter 2318588] reheat + diversify: ceiling=0.00, value=8230.0
    [iter 2324341] reheat + diversify: ceiling=0.00, value=11686.0
    [iter 2330094] reheat + diversify: ceiling=0.00, value=12040.0
    [iter 2335847] reheat + diversify: ceiling=0.00, value=8230.0
    [iter 2341600] reheat + diversify: ceiling=0.00, value=9604.0
    [iter 2347353] reheat + diversify: ceiling=0.00, value=9160.0
    [iter 2353106] reheat + diversify: ceiling=0.00, value=11464.0
    [iter 2358859] reheat + diversify: ceiling=0.00, value=8230.0
    [iter 2364612] reheat + diversify: ceiling=0.00, value=9160.0
    [iter 2370365] reheat + diversify: ceiling=0.00, value=11110.0
    [iter 2376118] reheat + diversify: ceiling=0.00, value=12040.0
    [iter 2381871] reheat + diversify: ceiling=0.00, value=12040.0
    [iter 2387624] reheat + diversify: ceiling=0.00, value=12040.0
    [iter 2393377] reheat + diversify: ceiling=0.00, value=8230.0
    [iter 2399130] reheat + diversify: ceiling=0.00, value=12616.0
    [iter 2404883] reheat + diversify: ceiling=0.00, value=8230.0
    [iter 2410636] reheat + diversify: ceiling=0.00, value=12616.0
    [iter 2416389] reheat + diversify: ceiling=0.00, value=11686.0
    [iter 2422142] reheat + diversify: ceiling=0.00, value=9160.0
    [iter 2427895] reheat + diversify: ceiling=0.00, value=11110.0
    [iter 2433648] reheat + diversify: ceiling=0.00, value=8230.0
    [iter 2439401] reheat + diversify: ceiling=0.00, value=12616.0
    [iter 2445154] reheat + diversify: ceiling=0.00, value=12616.0
    [iter 2450907] reheat + diversify: ceiling=0.00, value=6724.0
    [iter 2456660] reheat + diversify: ceiling=0.00, value=12040.0
    [iter 2462413] reheat + diversify: ceiling=0.00, value=11110.0
    [iter 2468166] reheat + diversify: ceiling=0.00, value=10534.0
    [iter 2473919] reheat + diversify: ceiling=0.00, value=9160.0
    [iter 2479672] reheat + diversify: ceiling=0.00, value=11686.0
    [iter 2485425] reheat + diversify: ceiling=0.00, value=11464.0
    [iter 2491178] reheat + diversify: ceiling=0.00, value=11686.0
    [iter 2496931] reheat + diversify: ceiling=0.00, value=10180.0
    [iter 2502684] reheat + diversify: ceiling=0.00, value=10180.0
    [iter 2508437] reheat + diversify: ceiling=0.00, value=7654.0
    [iter 2514190] reheat + diversify: ceiling=0.00, value=10534.0
    [iter 2519943] reheat + diversify: ceiling=0.00, value=13192.0
    [iter 2525696] reheat + diversify: ceiling=0.00, value=9160.0
    [iter 2531449] reheat + diversify: ceiling=0.00, value=7654.0
    [iter 2537202] reheat + diversify: ceiling=0.00, value=12040.0
    [iter 2542955] reheat + diversify: ceiling=0.00, value=12040.0
    [iter 2548708] reheat + diversify: ceiling=0.00, value=8230.0
    [iter 2554461] reheat + diversify: ceiling=0.00, value=11110.0
    [iter 2560214] reheat + diversify: ceiling=0.00, value=11686.0
    [iter 2565967] reheat + diversify: ceiling=0.00, value=12616.0
    [iter 2571720] reheat + diversify: ceiling=0.00, value=12616.0
    [iter 2577473] reheat + diversify: ceiling=0.00, value=11110.0
    [iter 2583226] reheat + diversify: ceiling=0.00, value=7654.0
    [iter 2588979] reheat + diversify: ceiling=0.00, value=10534.0
    [iter 2594732] reheat + diversify: ceiling=0.00, value=8230.0
    [iter 2600485] reheat + diversify: ceiling=0.00, value=10534.0
    [iter 2606238] reheat + diversify: ceiling=0.00, value=12616.0
    [iter 2611991] reheat + diversify: ceiling=0.00, value=12040.0
    [iter 2617744] reheat + diversify: ceiling=0.00, value=11110.0
    [iter 2623497] reheat + diversify: ceiling=0.00, value=9604.0
    [iter 2629250] reheat + diversify: ceiling=0.00, value=9604.0
    [iter 2635003] reheat + diversify: ceiling=0.00, value=12616.0
    [iter 2640756] reheat + diversify: ceiling=0.00, value=11110.0
    [iter 2646509] reheat + diversify: ceiling=0.00, value=10180.0
    [iter 2652262] reheat + diversify: ceiling=0.00, value=10534.0
    [iter 2658015] reheat + diversify: ceiling=0.00, value=11686.0
    [iter 2663768] reheat + diversify: ceiling=0.00, value=11110.0
    [iter 2669521] reheat + diversify: ceiling=0.00, value=11110.0
    [iter 2675274] reheat + diversify: ceiling=0.00, value=10180.0
    [iter 2681027] reheat + diversify: ceiling=0.00, value=12040.0
    [iter 2686780] reheat + diversify: ceiling=0.00, value=9160.0
    [iter 2692533] reheat + diversify: ceiling=0.00, value=11110.0
    [iter 2698286] reheat + diversify: ceiling=0.00, value=8230.0
    [iter 2704039] reheat + diversify: ceiling=0.00, value=11110.0
    [iter 2709792] reheat + diversify: ceiling=0.00, value=11686.0
    [iter 2715545] reheat + diversify: ceiling=0.00, value=11686.0
    [iter 2721298] reheat + diversify: ceiling=0.00, value=9604.0
    [iter 2727051] reheat + diversify: ceiling=0.00, value=8230.0
    [iter 2732804] reheat + diversify: ceiling=0.00, value=12040.0
    [iter 2738557] reheat + diversify: ceiling=0.00, value=12616.0
    [iter 2744310] reheat + diversify: ceiling=0.00, value=11110.0
    [iter 2750063] reheat + diversify: ceiling=0.00, value=12616.0
    [iter 2755816] reheat + diversify: ceiling=0.00, value=11110.0
    [iter 2761569] reheat + diversify: ceiling=0.00, value=12616.0
    [iter 2767322] reheat + diversify: ceiling=0.00, value=10180.0
    [iter 2773075] reheat + diversify: ceiling=0.00, value=11686.0
    [iter 2778828] reheat + diversify: ceiling=0.00, value=11686.0
    [iter 2784581] reheat + diversify: ceiling=0.00, value=6724.0
    [iter 2790334] reheat + diversify: ceiling=0.00, value=10534.0
    [iter 2796087] reheat + diversify: ceiling=0.00, value=7654.0
    [iter 2801840] reheat + diversify: ceiling=0.00, value=12616.0
    [iter 2807593] reheat + diversify: ceiling=0.00, value=7654.0
    [iter 2813346] reheat + diversify: ceiling=0.00, value=12616.0
    [iter 2819099] reheat + diversify: ceiling=0.00, value=11110.0
    [iter 2824852] reheat + diversify: ceiling=0.00, value=13192.0
    [iter 2830605] reheat + diversify: ceiling=0.00, value=11110.0
    [iter 2836358] reheat + diversify: ceiling=0.00, value=8230.0
    [iter 2842111] reheat + diversify: ceiling=0.00, value=11110.0
    [iter 2847864] reheat + diversify: ceiling=0.00, value=9736.0
    [iter 2853617] reheat + diversify: ceiling=0.00, value=9160.0
    [iter 2859370] reheat + diversify: ceiling=0.00, value=12040.0
    [iter 2865123] reheat + diversify: ceiling=0.00, value=13192.0
    [iter 2870876] reheat + diversify: ceiling=0.00, value=10534.0
    [iter 2876629] reheat + diversify: ceiling=0.00, value=11110.0
    [iter 2882382] reheat + diversify: ceiling=0.00, value=12616.0
    [iter 2888135] reheat + diversify: ceiling=0.00, value=11110.0
    [iter 2893888] reheat + diversify: ceiling=0.00, value=8230.0
    [iter 2899641] reheat + diversify: ceiling=0.00, value=11110.0
    [iter 2905394] reheat + diversify: ceiling=0.00, value=10534.0
    [iter 2911147] reheat + diversify: ceiling=0.00, value=10534.0
    [iter 2916900] reheat + diversify: ceiling=0.00, value=7654.0
    [iter 2922653] reheat + diversify: ceiling=0.00, value=12040.0
    [iter 2928406] reheat + diversify: ceiling=0.00, value=12040.0
    [iter 2934159] reheat + diversify: ceiling=0.00, value=12040.0
    [iter 2939912] reheat + diversify: ceiling=0.00, value=8230.0
    [iter 2945665] reheat + diversify: ceiling=0.00, value=12616.0
    [iter 2951418] reheat + diversify: ceiling=0.00, value=7654.0
    [iter 2957171] reheat + diversify: ceiling=0.00, value=12616.0
    [iter 2962924] reheat + diversify: ceiling=0.00, value=12616.0
    [iter 2968677] reheat + diversify: ceiling=0.00, value=6724.0
    [iter 2974430] reheat + diversify: ceiling=0.00, value=12040.0
    [iter 2980183] reheat + diversify: ceiling=0.00, value=6724.0
    [iter 2985936] reheat + diversify: ceiling=0.00, value=12040.0
    [iter 2991689] reheat + diversify: ceiling=0.00, value=11110.0
    [iter 2997442] reheat + diversify: ceiling=0.00, value=11110.0
    [iter 3003195] reheat + diversify: ceiling=0.00, value=11686.0
    [iter 3008948] reheat + diversify: ceiling=0.00, value=9160.0
    [iter 3014701] reheat + diversify: ceiling=0.00, value=13192.0
    [iter 3020454] reheat + diversify: ceiling=0.00, value=11110.0
    [iter 3026207] reheat + diversify: ceiling=0.00, value=11110.0
    [iter 3031960] reheat + diversify: ceiling=0.00, value=12040.0
    [iter 3037713] reheat + diversify: ceiling=0.00, value=11110.0
    [iter 3043466] reheat + diversify: ceiling=0.00, value=11464.0
    [iter 3049219] reheat + diversify: ceiling=0.00, value=12040.0
    [iter 3054972] reheat + diversify: ceiling=0.00, value=12040.0
    [iter 3060725] reheat + diversify: ceiling=0.00, value=12616.0
    [iter 3066478] reheat + diversify: ceiling=0.00, value=8230.0
    [iter 3072231] reheat + diversify: ceiling=0.00, value=13192.0
    [iter 3077984] reheat + diversify: ceiling=0.00, value=12616.0
    [iter 3083737] reheat + diversify: ceiling=0.00, value=10180.0
    [iter 3089490] reheat + diversify: ceiling=0.00, value=9918.0
    [iter 3095243] reheat + diversify: ceiling=0.00, value=12616.0
    [iter 3100996] reheat + diversify: ceiling=0.00, value=11686.0
    [iter 3106749] reheat + diversify: ceiling=0.00, value=13192.0
    [iter 3112502] reheat + diversify: ceiling=0.00, value=12616.0
    [iter 3118255] reheat + diversify: ceiling=0.00, value=12616.0
    [iter 3124008] reheat + diversify: ceiling=0.00, value=12616.0
    [iter 3129761] reheat + diversify: ceiling=0.00, value=11110.0
    [iter 3135514] reheat + diversify: ceiling=0.00, value=10180.0
    [iter 3141267] reheat + diversify: ceiling=0.00, value=12040.0
    [iter 3147020] reheat + diversify: ceiling=0.00, value=12616.0
    [iter 3152773] reheat + diversify: ceiling=0.00, value=13192.0
    [iter 3158526] reheat + diversify: ceiling=0.00, value=9604.0
    [iter 3164279] reheat + diversify: ceiling=0.00, value=13192.0
    [iter 3170032] reheat + diversify: ceiling=0.00, value=12040.0
    [iter 3175785] reheat + diversify: ceiling=0.00, value=10180.0
    [iter 3181538] reheat + diversify: ceiling=0.00, value=12616.0
    [iter 3187291] reheat + diversify: ceiling=0.00, value=12040.0
    [iter 3193044] reheat + diversify: ceiling=0.00, value=11464.0
    [iter 3198797] reheat + diversify: ceiling=0.00, value=6724.0
    [iter 3204550] reheat + diversify: ceiling=0.00, value=10534.0
    [iter 3210303] reheat + diversify: ceiling=0.00, value=12040.0
    [iter 3216056] reheat + diversify: ceiling=0.00, value=12616.0
    [iter 3221809] reheat + diversify: ceiling=0.00, value=12040.0
    [iter 3227562] reheat + diversify: ceiling=0.00, value=11110.0
    [iter 3233315] reheat + diversify: ceiling=0.00, value=12040.0
    [iter 3239068] reheat + diversify: ceiling=0.00, value=10494.0
    [iter 3244821] reheat + diversify: ceiling=0.00, value=8230.0
    [iter 3250574] reheat + diversify: ceiling=0.00, value=11110.0
    [iter 3256327] reheat + diversify: ceiling=0.00, value=12616.0
    [iter 3262080] reheat + diversify: ceiling=0.00, value=12616.0
    [iter 3267833] reheat + diversify: ceiling=0.00, value=10534.0
    [iter 3273586] reheat + diversify: ceiling=0.00, value=12616.0
    [iter 3279339] reheat + diversify: ceiling=0.00, value=9604.0
    [iter 3285092] reheat + diversify: ceiling=0.00, value=11110.0
    [iter 3290845] reheat + diversify: ceiling=0.00, value=8230.0
    [iter 3296598] reheat + diversify: ceiling=0.00, value=12616.0
    [iter 3302351] reheat + diversify: ceiling=0.00, value=7654.0
    [iter 3308104] reheat + diversify: ceiling=0.00, value=11110.0
    [iter 3313857] reheat + diversify: ceiling=0.00, value=12616.0
    [iter 3319610] reheat + diversify: ceiling=0.00, value=8230.0
    [iter 3325363] reheat + diversify: ceiling=0.00, value=11110.0
    [iter 3331116] reheat + diversify: ceiling=0.00, value=10534.0
    [iter 3336869] reheat + diversify: ceiling=0.00, value=11686.0
    [iter 3342622] reheat + diversify: ceiling=0.00, value=11110.0
    [iter 3348375] reheat + diversify: ceiling=0.00, value=7654.0
    [iter 3354128] reheat + diversify: ceiling=0.00, value=9160.0
    [iter 3359881] reheat + diversify: ceiling=0.00, value=11110.0
    [iter 3365634] reheat + diversify: ceiling=0.00, value=7654.0
    [iter 3371387] reheat + diversify: ceiling=0.00, value=12616.0
    [iter 3377140] reheat + diversify: ceiling=0.00, value=9604.0
    [iter 3382893] reheat + diversify: ceiling=0.00, value=12616.0
    [iter 3388646] reheat + diversify: ceiling=0.00, value=7654.0
    [iter 3394399] reheat + diversify: ceiling=0.00, value=11110.0
    [iter 3400152] reheat + diversify: ceiling=0.00, value=12616.0
    [iter 3405905] reheat + diversify: ceiling=0.00, value=10534.0
    [iter 3411658] reheat + diversify: ceiling=0.00, value=13192.0
    [iter 3417411] reheat + diversify: ceiling=0.00, value=8230.0
    [iter 3423164] reheat + diversify: ceiling=0.00, value=12616.0
    [iter 3428917] reheat + diversify: ceiling=0.00, value=9736.0
    [iter 3434670] reheat + diversify: ceiling=0.00, value=9160.0
    [iter 3440423] reheat + diversify: ceiling=0.00, value=12616.0
    [iter 3446176] reheat + diversify: ceiling=0.00, value=12616.0
    [iter 3451929] reheat + diversify: ceiling=0.00, value=11686.0
    [iter 3457682] reheat + diversify: ceiling=0.00, value=12040.0
    [iter 3463435] reheat + diversify: ceiling=0.00, value=11110.0
    [iter 3469188] reheat + diversify: ceiling=0.00, value=9736.0
    [iter 3474941] reheat + diversify: ceiling=0.00, value=10180.0
    [iter 3480694] reheat + diversify: ceiling=0.00, value=9160.0
    [iter 3486447] reheat + diversify: ceiling=0.00, value=7654.0
    [iter 3492200] reheat + diversify: ceiling=0.00, value=11110.0
    [iter 3497953] reheat + diversify: ceiling=0.00, value=13192.0
    [iter 3503706] reheat + diversify: ceiling=0.00, value=12040.0
    [iter 3509459] reheat + diversify: ceiling=0.00, value=10534.0
    [iter 3515212] reheat + diversify: ceiling=0.00, value=11110.0
    [iter 3520965] reheat + diversify: ceiling=0.00, value=8230.0
    [iter 3526718] reheat + diversify: ceiling=0.00, value=12616.0
    [iter 3532471] reheat + diversify: ceiling=0.00, value=9604.0
    [iter 3538224] reheat + diversify: ceiling=0.00, value=12040.0
    [iter 3543977] reheat + diversify: ceiling=0.00, value=8230.0
    [iter 3549730] reheat + diversify: ceiling=0.00, value=12616.0
    [iter 3555483] reheat + diversify: ceiling=0.00, value=11110.0
    [iter 3561236] reheat + diversify: ceiling=0.00, value=6724.0
    [iter 3566989] reheat + diversify: ceiling=0.00, value=10534.0
    [iter 3572742] reheat + diversify: ceiling=0.00, value=8230.0
    [iter 3578495] reheat + diversify: ceiling=0.00, value=12040.0
    [iter 3584248] reheat + diversify: ceiling=0.00, value=11110.0
    [iter 3590001] reheat + diversify: ceiling=0.00, value=12040.0
    [iter 3595754] reheat + diversify: ceiling=0.00, value=13192.0
    [iter 3601507] reheat + diversify: ceiling=0.00, value=12040.0
    [iter 3607260] reheat + diversify: ceiling=0.00, value=10180.0
    [iter 3613013] reheat + diversify: ceiling=0.00, value=9160.0
    [iter 3618766] reheat + diversify: ceiling=0.00, value=11110.0
    [iter 3624519] reheat + diversify: ceiling=0.00, value=12616.0
    [iter 3630272] reheat + diversify: ceiling=0.00, value=7654.0
    [iter 3636025] reheat + diversify: ceiling=0.00, value=11464.0
    [iter 3641778] reheat + diversify: ceiling=0.00, value=9160.0
    [iter 3647531] reheat + diversify: ceiling=0.00, value=8230.0
    [iter 3653284] reheat + diversify: ceiling=0.00, value=11110.0
    [iter 3659037] reheat + diversify: ceiling=0.00, value=12040.0
    [iter 3664790] reheat + diversify: ceiling=0.00, value=8230.0
    [iter 3670543] reheat + diversify: ceiling=0.00, value=12616.0
    [iter 3676296] reheat + diversify: ceiling=0.00, value=8230.0
    [iter 3682049] reheat + diversify: ceiling=0.00, value=11686.0
    [iter 3687802] reheat + diversify: ceiling=0.00, value=7654.0
    [iter 3693555] reheat + diversify: ceiling=0.00, value=9160.0
    [iter 3699308] reheat + diversify: ceiling=0.00, value=11464.0
    [iter 3705061] reheat + diversify: ceiling=0.00, value=12616.0
    [iter 3710814] reheat + diversify: ceiling=0.00, value=8230.0
    [iter 3716567] reheat + diversify: ceiling=0.00, value=12616.0
    [iter 3722320] reheat + diversify: ceiling=0.00, value=7654.0
    [iter 3728073] reheat + diversify: ceiling=0.00, value=7654.0
    [iter 3733826] reheat + diversify: ceiling=0.00, value=11110.0
    [iter 3739579] reheat + diversify: ceiling=0.00, value=8230.0
    [iter 3745332] reheat + diversify: ceiling=0.00, value=11110.0
    [iter 3751085] reheat + diversify: ceiling=0.00, value=9604.0
    [iter 3756838] reheat + diversify: ceiling=0.00, value=11110.0
    [iter 3762591] reheat + diversify: ceiling=0.00, value=11686.0
    [iter 3768344] reheat + diversify: ceiling=0.00, value=8230.0
    [iter 3774097] reheat + diversify: ceiling=0.00, value=9736.0
    [iter 3779850] reheat + diversify: ceiling=0.00, value=7654.0
    [iter 3785603] reheat + diversify: ceiling=0.00, value=8230.0
    [iter 3791356] reheat + diversify: ceiling=0.00, value=13192.0
    [iter 3797109] reheat + diversify: ceiling=0.00, value=12040.0
    [iter 3802862] reheat + diversify: ceiling=0.00, value=7654.0
    [iter 3808615] reheat + diversify: ceiling=0.00, value=12040.0
    [iter 3814368] reheat + diversify: ceiling=0.00, value=10534.0
    [iter 3820121] reheat + diversify: ceiling=0.00, value=10534.0
    [iter 3825874] reheat + diversify: ceiling=0.00, value=12616.0
    [iter 3831627] reheat + diversify: ceiling=0.00, value=8230.0
    [iter 3837380] reheat + diversify: ceiling=0.00, value=11110.0
    [iter 3843133] reheat + diversify: ceiling=0.00, value=11110.0
    [iter 3848886] reheat + diversify: ceiling=0.00, value=12040.0
    [iter 3854639] reheat + diversify: ceiling=0.00, value=10534.0
    [iter 3860392] reheat + diversify: ceiling=0.00, value=10534.0
    [iter 3866145] reheat + diversify: ceiling=0.00, value=9160.0
    [iter 3871898] reheat + diversify: ceiling=0.00, value=11686.0
    [iter 3877651] reheat + diversify: ceiling=0.00, value=13192.0
    [iter 3883404] reheat + diversify: ceiling=0.00, value=11110.0
    [iter 3889157] reheat + diversify: ceiling=0.00, value=12616.0
    [iter 3894910] reheat + diversify: ceiling=0.00, value=10534.0
    [iter 3900663] reheat + diversify: ceiling=0.00, value=6724.0
    [iter 3906416] reheat + diversify: ceiling=0.00, value=11686.0
    [iter 3912169] reheat + diversify: ceiling=0.00, value=12616.0
    [iter 3917922] reheat + diversify: ceiling=0.00, value=13192.0
    [iter 3923675] reheat + diversify: ceiling=0.00, value=13192.0
    [iter 3929428] reheat + diversify: ceiling=0.00, value=12040.0
    [iter 3935181] reheat + diversify: ceiling=0.00, value=12616.0
    [iter 3940934] reheat + diversify: ceiling=0.00, value=9604.0
    [iter 3946687] reheat + diversify: ceiling=0.00, value=12616.0
    [iter 3952440] reheat + diversify: ceiling=0.00, value=13192.0
    [iter 3958193] reheat + diversify: ceiling=0.00, value=8230.0
    [iter 3963946] reheat + diversify: ceiling=0.00, value=11110.0
    [iter 3969699] reheat + diversify: ceiling=0.00, value=11686.0
    [iter 3975452] reheat + diversify: ceiling=0.00, value=11110.0
    [iter 3981205] reheat + diversify: ceiling=0.00, value=12616.0
    [iter 3986958] reheat + diversify: ceiling=0.00, value=8230.0
    [iter 3992711] reheat + diversify: ceiling=0.00, value=12040.0
    [iter 3998464] reheat + diversify: ceiling=0.00, value=12616.0
    [iter 4004217] reheat + diversify: ceiling=0.00, value=10534.0
    [iter 4009970] reheat + diversify: ceiling=0.00, value=9604.0
    [iter 4015723] reheat + diversify: ceiling=0.00, value=13192.0
    [iter 4021476] reheat + diversify: ceiling=0.00, value=11686.0
    [iter 4027229] reheat + diversify: ceiling=0.00, value=12616.0
    [iter 4032982] reheat + diversify: ceiling=0.00, value=11110.0
    [iter 4038735] reheat + diversify: ceiling=0.00, value=7654.0
    [iter 4044488] reheat + diversify: ceiling=0.00, value=13192.0
    [iter 4050241] reheat + diversify: ceiling=0.00, value=7654.0
    [iter 4055994] reheat + diversify: ceiling=0.00, value=11464.0
    [iter 4061747] reheat + diversify: ceiling=0.00, value=11464.0
    [iter 4067500] reheat + diversify: ceiling=0.00, value=8230.0
    [iter 4073253] reheat + diversify: ceiling=0.00, value=8230.0
    [iter 4079006] reheat + diversify: ceiling=0.00, value=12040.0
    [iter 4084759] reheat + diversify: ceiling=0.00, value=12040.0
    [iter 4090512] reheat + diversify: ceiling=0.00, value=12040.0
    [iter 4096265] reheat + diversify: ceiling=0.00, value=11686.0
    [iter 4102018] reheat + diversify: ceiling=0.00, value=12616.0
    [iter 4107771] reheat + diversify: ceiling=0.00, value=12616.0
    [iter 4113524] reheat + diversify: ceiling=0.00, value=11464.0
    [iter 4119277] reheat + diversify: ceiling=0.00, value=9604.0
    [iter 4125030] reheat + diversify: ceiling=0.00, value=12616.0
    [iter 4130783] reheat + diversify: ceiling=0.00, value=11110.0
    [iter 4136536] reheat + diversify: ceiling=0.00, value=11110.0
    [iter 4142289] reheat + diversify: ceiling=0.00, value=7654.0
    [iter 4148042] reheat + diversify: ceiling=0.00, value=12616.0
    [iter 4153795] reheat + diversify: ceiling=0.00, value=9604.0
    [iter 4159548] reheat + diversify: ceiling=0.00, value=8988.0
    [iter 4165301] reheat + diversify: ceiling=0.00, value=12616.0
    [iter 4171054] reheat + diversify: ceiling=0.00, value=12616.0
    [iter 4176807] reheat + diversify: ceiling=0.00, value=11110.0
    [iter 4182560] reheat + diversify: ceiling=0.00, value=13192.0
    [iter 4188313] reheat + diversify: ceiling=0.00, value=12040.0
    [iter 4194066] reheat + diversify: ceiling=0.00, value=12616.0
    [iter 4199819] reheat + diversify: ceiling=0.00, value=10534.0
    [iter 4205572] reheat + diversify: ceiling=0.00, value=9160.0
    [iter 4211325] reheat + diversify: ceiling=0.00, value=9604.0
    [iter 4217078] reheat + diversify: ceiling=0.00, value=12040.0
    [iter 4222831] reheat + diversify: ceiling=0.00, value=11110.0
    [iter 4228584] reheat + diversify: ceiling=0.00, value=12616.0
    [iter 4234337] reheat + diversify: ceiling=0.00, value=12040.0
    [iter 4240090] reheat + diversify: ceiling=0.00, value=10180.0
    [iter 4245843] reheat + diversify: ceiling=0.00, value=13192.0
    [iter 4251596] reheat + diversify: ceiling=0.00, value=10534.0
    [iter 4257349] reheat + diversify: ceiling=0.00, value=12040.0
    [iter 4263102] reheat + diversify: ceiling=0.00, value=11464.0
    [iter 4268855] reheat + diversify: ceiling=0.00, value=13192.0
    [iter 4274608] reheat + diversify: ceiling=0.00, value=8230.0
    [iter 4280361] reheat + diversify: ceiling=0.00, value=11686.0
    [iter 4286114] reheat + diversify: ceiling=0.00, value=7654.0
    [iter 4291867] reheat + diversify: ceiling=0.00, value=13192.0
    [iter 4297620] reheat + diversify: ceiling=0.00, value=8230.0
    [iter 4303373] reheat + diversify: ceiling=0.00, value=12616.0
    [iter 4309126] reheat + diversify: ceiling=0.00, value=13192.0
    [iter 4314879] reheat + diversify: ceiling=0.00, value=12616.0
    [iter 4320632] reheat + diversify: ceiling=0.00, value=11110.0
    [iter 4326385] reheat + diversify: ceiling=0.00, value=11110.0
    [iter 4332138] reheat + diversify: ceiling=0.00, value=12040.0
    [iter 4337891] reheat + diversify: ceiling=0.00, value=7654.0
    [iter 4343644] reheat + diversify: ceiling=0.00, value=12040.0
    [iter 4349397] reheat + diversify: ceiling=0.00, value=12040.0
    [iter 4355150] reheat + diversify: ceiling=0.00, value=6724.0
    [iter 4360903] reheat + diversify: ceiling=0.00, value=12040.0
    [iter 4366656] reheat + diversify: ceiling=0.00, value=12040.0
    [iter 4372409] reheat + diversify: ceiling=0.00, value=10180.0
    [iter 4378162] reheat + diversify: ceiling=0.00, value=8230.0
    [iter 4383915] reheat + diversify: ceiling=0.00, value=9604.0
    [iter 4389668] reheat + diversify: ceiling=0.00, value=9604.0
    [iter 4395421] reheat + diversify: ceiling=0.00, value=11110.0
    [iter 4401174] reheat + diversify: ceiling=0.00, value=11110.0
    [iter 4406927] reheat + diversify: ceiling=0.00, value=12040.0
    [iter 4412680] reheat + diversify: ceiling=0.00, value=12616.0
    [iter 4418433] reheat + diversify: ceiling=0.00, value=8230.0
    [iter 4424186] reheat + diversify: ceiling=0.00, value=13192.0
    [iter 4429939] reheat + diversify: ceiling=0.00, value=10180.0
    [iter 4435692] reheat + diversify: ceiling=0.00, value=9160.0
    [iter 4441445] reheat + diversify: ceiling=0.00, value=12616.0
    [iter 4447198] reheat + diversify: ceiling=0.00, value=12040.0
    [iter 4452951] reheat + diversify: ceiling=0.00, value=13192.0
    [iter 4458704] reheat + diversify: ceiling=0.00, value=12040.0
    [iter 4464457] reheat + diversify: ceiling=0.00, value=9160.0
    [iter 4470210] reheat + diversify: ceiling=0.00, value=12040.0
    [iter 4475963] reheat + diversify: ceiling=0.00, value=6724.0
    [iter 4481716] reheat + diversify: ceiling=0.00, value=8230.0
    [iter 4487469] reheat + diversify: ceiling=0.00, value=11110.0
    [iter 4493222] reheat + diversify: ceiling=0.00, value=11686.0
    [iter 4498975] reheat + diversify: ceiling=0.00, value=8230.0
    [iter 4504728] reheat + diversify: ceiling=0.00, value=13192.0
    [iter 4510481] reheat + diversify: ceiling=0.00, value=9160.0
    [iter 4516234] reheat + diversify: ceiling=0.00, value=12616.0
    [iter 4521987] reheat + diversify: ceiling=0.00, value=12040.0
    [iter 4527740] reheat + diversify: ceiling=0.00, value=11110.0
    [iter 4533493] reheat + diversify: ceiling=0.00, value=8674.0
    [iter 4539246] reheat + diversify: ceiling=0.00, value=11110.0
    [iter 4544999] reheat + diversify: ceiling=0.00, value=12616.0
    [iter 4550752] reheat + diversify: ceiling=0.00, value=13192.0
    [iter 4556505] reheat + diversify: ceiling=0.00, value=11110.0
    [iter 4562258] reheat + diversify: ceiling=0.00, value=13192.0
    [iter 4568011] reheat + diversify: ceiling=0.00, value=12616.0
    [iter 4573764] reheat + diversify: ceiling=0.00, value=12616.0
    [iter 4579517] reheat + diversify: ceiling=0.00, value=11686.0
    [iter 4585270] reheat + diversify: ceiling=0.00, value=9604.0
    [iter 4591023] reheat + diversify: ceiling=0.00, value=12616.0
    [iter 4596776] reheat + diversify: ceiling=0.00, value=12040.0
    [iter 4602529] reheat + diversify: ceiling=0.00, value=9160.0
    [iter 4608282] reheat + diversify: ceiling=0.00, value=12616.0
    [iter 4614035] reheat + diversify: ceiling=0.00, value=9736.0
    [iter 4619788] reheat + diversify: ceiling=0.00, value=11110.0
    [iter 4625541] reheat + diversify: ceiling=0.00, value=13192.0
    [iter 4631294] reheat + diversify: ceiling=0.00, value=9160.0
    [iter 4637047] reheat + diversify: ceiling=0.00, value=13192.0
    [iter 4642800] reheat + diversify: ceiling=0.00, value=11686.0
    [iter 4648553] reheat + diversify: ceiling=0.00, value=12040.0
    [iter 4654306] reheat + diversify: ceiling=0.00, value=11110.0
    [iter 4660059] reheat + diversify: ceiling=0.00, value=7654.0
    [iter 4665812] reheat + diversify: ceiling=0.00, value=7654.0
    [iter 4671565] reheat + diversify: ceiling=0.00, value=11110.0
    [iter 4677318] reheat + diversify: ceiling=0.00, value=12040.0
    [iter 4683071] reheat + diversify: ceiling=0.00, value=8230.0
    [iter 4688824] reheat + diversify: ceiling=0.00, value=9160.0
    [iter 4694577] reheat + diversify: ceiling=0.00, value=13192.0
    [iter 4700330] reheat + diversify: ceiling=0.00, value=13192.0
    [iter 4706083] reheat + diversify: ceiling=0.00, value=10534.0
    [iter 4711836] reheat + diversify: ceiling=0.00, value=11110.0
    [iter 4717589] reheat + diversify: ceiling=0.00, value=13192.0
    [iter 4723342] reheat + diversify: ceiling=0.00, value=11686.0
    [iter 4729095] reheat + diversify: ceiling=0.00, value=12040.0
    [iter 4734848] reheat + diversify: ceiling=0.00, value=10180.0
    [iter 4740601] reheat + diversify: ceiling=0.00, value=11686.0
    [iter 4746354] reheat + diversify: ceiling=0.00, value=12040.0
    [iter 4752107] reheat + diversify: ceiling=0.00, value=8230.0
    [iter 4757860] reheat + diversify: ceiling=0.00, value=10180.0
    [iter 4763613] reheat + diversify: ceiling=0.00, value=11110.0
    [iter 4769366] reheat + diversify: ceiling=0.00, value=12616.0
    [iter 4775119] reheat + diversify: ceiling=0.00, value=12040.0
    [iter 4780872] reheat + diversify: ceiling=0.00, value=9604.0
    [iter 4786625] reheat + diversify: ceiling=0.00, value=8230.0
    [iter 4792378] reheat + diversify: ceiling=0.00, value=11110.0
    [iter 4798131] reheat + diversify: ceiling=0.00, value=11110.0
    [iter 4803884] reheat + diversify: ceiling=0.00, value=8230.0
    [iter 4809637] reheat + diversify: ceiling=0.00, value=11110.0
    [iter 4815390] reheat + diversify: ceiling=0.00, value=7654.0
    [iter 4821143] reheat + diversify: ceiling=0.00, value=11464.0
    [iter 4826896] reheat + diversify: ceiling=0.00, value=8230.0
    [iter 4832649] reheat + diversify: ceiling=0.00, value=12616.0
    [iter 4838402] reheat + diversify: ceiling=0.00, value=12616.0
    [iter 4844155] reheat + diversify: ceiling=0.00, value=11686.0
    [iter 4849908] reheat + diversify: ceiling=0.00, value=7654.0
    [iter 4855661] reheat + diversify: ceiling=0.00, value=13192.0
    [iter 4861414] reheat + diversify: ceiling=0.00, value=12616.0
    [iter 4867167] reheat + diversify: ceiling=0.00, value=12616.0
    [iter 4872920] reheat + diversify: ceiling=0.00, value=13192.0
    [iter 4878673] reheat + diversify: ceiling=0.00, value=11110.0
    [iter 4884426] reheat + diversify: ceiling=0.00, value=11686.0
    [iter 4890179] reheat + diversify: ceiling=0.00, value=11686.0
    [iter 4895932] reheat + diversify: ceiling=0.00, value=6724.0
    [iter 4901685] reheat + diversify: ceiling=0.00, value=10534.0
    [iter 4907438] reheat + diversify: ceiling=0.00, value=12616.0
    [iter 4913191] reheat + diversify: ceiling=0.00, value=13192.0
    [iter 4918944] reheat + diversify: ceiling=0.00, value=12040.0
    [iter 4924697] reheat + diversify: ceiling=0.00, value=13192.0
    [iter 4930450] reheat + diversify: ceiling=0.00, value=9160.0
    [iter 4936203] reheat + diversify: ceiling=0.00, value=12616.0
    [iter 4941956] reheat + diversify: ceiling=0.00, value=6724.0
    [iter 4947709] reheat + diversify: ceiling=0.00, value=13192.0
    [iter 4953462] reheat + diversify: ceiling=0.00, value=12616.0
    [iter 4959215] reheat + diversify: ceiling=0.00, value=12040.0
    [iter 4964968] reheat + diversify: ceiling=0.00, value=12040.0
    [iter 4970721] reheat + diversify: ceiling=0.00, value=11110.0
    [iter 4976474] reheat + diversify: ceiling=0.00, value=8230.0
    [iter 4982227] reheat + diversify: ceiling=0.00, value=12040.0
    [iter 4987980] reheat + diversify: ceiling=0.00, value=13192.0
    [iter 4993733] reheat + diversify: ceiling=0.00, value=11686.0
    [iter 4999486] reheat + diversify: ceiling=0.00, value=11686.0
    [iter 5005239] reheat + diversify: ceiling=0.00, value=12616.0
    [iter 5010992] reheat + diversify: ceiling=0.00, value=11686.0
    [iter 5016745] reheat + diversify: ceiling=0.00, value=8230.0
    [iter 5022498] reheat + diversify: ceiling=0.00, value=12616.0
    [iter 5028251] reheat + diversify: ceiling=0.00, value=12616.0
    [iter 5034004] reheat + diversify: ceiling=0.00, value=12616.0
    [iter 5039757] reheat + diversify: ceiling=0.00, value=11686.0
    [iter 5045510] reheat + diversify: ceiling=0.00, value=12616.0
    [iter 5051263] reheat + diversify: ceiling=0.00, value=12040.0
    [iter 5057016] reheat + diversify: ceiling=0.00, value=13192.0
    [iter 5062769] reheat + diversify: ceiling=0.00, value=8230.0
    [iter 5068522] reheat + diversify: ceiling=0.00, value=10180.0
    [iter 5074275] reheat + diversify: ceiling=0.00, value=12616.0
    [iter 5080028] reheat + diversify: ceiling=0.00, value=11110.0
    [iter 5085781] reheat + diversify: ceiling=0.00, value=8230.0
    [iter 5091534] reheat + diversify: ceiling=0.00, value=8988.0
    [iter 5097287] reheat + diversify: ceiling=0.00, value=11110.0
    [iter 5103040] reheat + diversify: ceiling=0.00, value=11686.0
    [iter 5108793] reheat + diversify: ceiling=0.00, value=12616.0
    [iter 5114546] reheat + diversify: ceiling=0.00, value=11686.0
    [iter 5120299] reheat + diversify: ceiling=0.00, value=8230.0
    [iter 5126052] reheat + diversify: ceiling=0.00, value=12616.0
    [iter 5131805] reheat + diversify: ceiling=0.00, value=12616.0
    [iter 5137558] reheat + diversify: ceiling=0.00, value=10534.0
    [iter 5143311] reheat + diversify: ceiling=0.00, value=12616.0
    [iter 5149064] reheat + diversify: ceiling=0.00, value=9160.0
    [iter 5154817] reheat + diversify: ceiling=0.00, value=13192.0
    [iter 5160570] reheat + diversify: ceiling=0.00, value=12616.0
    [iter 5166323] reheat + diversify: ceiling=0.00, value=12616.0
    [iter 5172076] reheat + diversify: ceiling=0.00, value=8230.0
    [iter 5177829] reheat + diversify: ceiling=0.00, value=8230.0
    [iter 5183582] reheat + diversify: ceiling=0.00, value=13192.0
    [iter 5189335] reheat + diversify: ceiling=0.00, value=12616.0
    [iter 5195088] reheat + diversify: ceiling=0.00, value=7654.0
    [iter 5200841] reheat + diversify: ceiling=0.00, value=12616.0
    [iter 5206594] reheat + diversify: ceiling=0.00, value=11686.0
    [iter 5212347] reheat + diversify: ceiling=0.00, value=12616.0
    [iter 5218100] reheat + diversify: ceiling=0.00, value=8230.0
    [iter 5223853] reheat + diversify: ceiling=0.00, value=8230.0
    [iter 5229606] reheat + diversify: ceiling=0.00, value=9604.0
    [iter 5235359] reheat + diversify: ceiling=0.00, value=12616.0
    [iter 5241112] reheat + diversify: ceiling=0.00, value=8230.0
    [iter 5246865] reheat + diversify: ceiling=0.00, value=9160.0
    [iter 5252618] reheat + diversify: ceiling=0.00, value=9160.0
    [iter 5258371] reheat + diversify: ceiling=0.00, value=11110.0
    [iter 5264124] reheat + diversify: ceiling=0.00, value=10180.0
    [iter 5269877] reheat + diversify: ceiling=0.00, value=12040.0
    [iter 5275630] reheat + diversify: ceiling=0.00, value=10180.0
    [iter 5281383] reheat + diversify: ceiling=0.00, value=8230.0
    [iter 5287136] reheat + diversify: ceiling=0.00, value=12040.0
    [iter 5292889] reheat + diversify: ceiling=0.00, value=12616.0
    [iter 5298642] reheat + diversify: ceiling=0.00, value=13192.0
    [iter 5304395] reheat + diversify: ceiling=0.00, value=10534.0
    [iter 5310148] reheat + diversify: ceiling=0.00, value=8230.0
    [iter 5315901] reheat + diversify: ceiling=0.00, value=8230.0
    [iter 5321654] reheat + diversify: ceiling=0.00, value=8230.0
    [iter 5327407] reheat + diversify: ceiling=0.00, value=8230.0
    [iter 5333160] reheat + diversify: ceiling=0.00, value=8230.0
    [iter 5338913] reheat + diversify: ceiling=0.00, value=11686.0
    [iter 5344666] reheat + diversify: ceiling=0.00, value=13192.0
    [iter 5350419] reheat + diversify: ceiling=0.00, value=12616.0
    [iter 5356172] reheat + diversify: ceiling=0.00, value=8230.0
    [iter 5361925] reheat + diversify: ceiling=0.00, value=11686.0
    [iter 5367678] reheat + diversify: ceiling=0.00, value=8230.0
    [iter 5373431] reheat + diversify: ceiling=0.00, value=6724.0
    [iter 5379184] reheat + diversify: ceiling=0.00, value=13192.0
    [iter 5384937] reheat + diversify: ceiling=0.00, value=13192.0
    [iter 5390690] reheat + diversify: ceiling=0.00, value=12616.0
    [iter 5396443] reheat + diversify: ceiling=0.00, value=13192.0
    [iter 5402196] reheat + diversify: ceiling=0.00, value=7654.0
    [iter 5407949] reheat + diversify: ceiling=0.00, value=10534.0
    [iter 5413702] reheat + diversify: ceiling=0.00, value=11686.0
    [iter 5419455] reheat + diversify: ceiling=0.00, value=8230.0
    [iter 5425208] reheat + diversify: ceiling=0.00, value=12040.0
    [iter 5430961] reheat + diversify: ceiling=0.00, value=11110.0
    [iter 5436714] reheat + diversify: ceiling=0.00, value=12616.0
    [iter 5442467] reheat + diversify: ceiling=0.00, value=13192.0
    [iter 5448220] reheat + diversify: ceiling=0.00, value=11110.0
    [iter 5453973] reheat + diversify: ceiling=0.00, value=11686.0
    [iter 5459726] reheat + diversify: ceiling=0.00, value=12616.0
    [iter 5465479] reheat + diversify: ceiling=0.00, value=11110.0
    [iter 5471232] reheat + diversify: ceiling=0.00, value=12616.0
    [iter 5476985] reheat + diversify: ceiling=0.00, value=6724.0
    [iter 5482738] reheat + diversify: ceiling=0.00, value=10180.0
    [iter 5488491] reheat + diversify: ceiling=0.00, value=9160.0
    [iter 5494244] reheat + diversify: ceiling=0.00, value=11686.0
    [iter 5499997] reheat + diversify: ceiling=0.00, value=11686.0
    [iter 5505750] reheat + diversify: ceiling=0.00, value=13192.0
    [iter 5511503] reheat + diversify: ceiling=0.00, value=13192.0
    [iter 5517256] reheat + diversify: ceiling=0.00, value=12616.0
    [iter 5523009] reheat + diversify: ceiling=0.00, value=11686.0
    [iter 5528762] reheat + diversify: ceiling=0.00, value=11686.0
    [iter 5534515] reheat + diversify: ceiling=0.00, value=12040.0
    [iter 5540268] reheat + diversify: ceiling=0.00, value=12616.0
    [iter 5546021] reheat + diversify: ceiling=0.00, value=13192.0
    [iter 5551774] reheat + diversify: ceiling=0.00, value=11110.0
    [iter 5557527] reheat + diversify: ceiling=0.00, value=8230.0
    [iter 5563280] reheat + diversify: ceiling=0.00, value=11110.0
    [iter 5569033] reheat + diversify: ceiling=0.00, value=11110.0
    [iter 5574786] reheat + diversify: ceiling=0.00, value=9604.0
    [iter 5580539] reheat + diversify: ceiling=0.00, value=12616.0
    [iter 5586292] reheat + diversify: ceiling=0.00, value=10534.0
    [iter 5592045] reheat + diversify: ceiling=0.00, value=8988.0
    [iter 5597798] reheat + diversify: ceiling=0.00, value=10534.0
    [iter 5603551] reheat + diversify: ceiling=0.00, value=9604.0
    [iter 5609304] reheat + diversify: ceiling=0.00, value=10534.0
    [iter 5615057] reheat + diversify: ceiling=0.00, value=10180.0
    [iter 5620810] reheat + diversify: ceiling=0.00, value=10534.0
    [iter 5626563] reheat + diversify: ceiling=0.00, value=8230.0
    [iter 5632316] reheat + diversify: ceiling=0.00, value=6724.0
    [iter 5638069] reheat + diversify: ceiling=0.00, value=9160.0
    [iter 5643822] reheat + diversify: ceiling=0.00, value=11110.0
    [iter 5649575] reheat + diversify: ceiling=0.00, value=11686.0
    [iter 5655328] reheat + diversify: ceiling=0.00, value=13192.0
    [iter 5661081] reheat + diversify: ceiling=0.00, value=12040.0
    [iter 5666834] reheat + diversify: ceiling=0.00, value=11110.0
    [iter 5672587] reheat + diversify: ceiling=0.00, value=8230.0
    [iter 5678340] reheat + diversify: ceiling=0.00, value=13192.0
    [iter 5684093] reheat + diversify: ceiling=0.00, value=12616.0
    [iter 5689846] reheat + diversify: ceiling=0.00, value=11686.0
    [iter 5695599] reheat + diversify: ceiling=0.00, value=12616.0
    [iter 5701352] reheat + diversify: ceiling=0.00, value=12040.0
    [iter 5707105] reheat + diversify: ceiling=0.00, value=9160.0
    [iter 5712858] reheat + diversify: ceiling=0.00, value=11686.0
    [iter 5718611] reheat + diversify: ceiling=0.00, value=12616.0
    [iter 5724364] reheat + diversify: ceiling=0.00, value=12040.0
    [iter 5730117] reheat + diversify: ceiling=0.00, value=7654.0
    [iter 5735870] reheat + diversify: ceiling=0.00, value=11686.0
    [iter 5741623] reheat + diversify: ceiling=0.00, value=10534.0
    [iter 5747376] reheat + diversify: ceiling=0.00, value=8230.0
    [iter 5753129] reheat + diversify: ceiling=0.00, value=12616.0
    [iter 5758882] reheat + diversify: ceiling=0.00, value=10180.0
    [iter 5764635] reheat + diversify: ceiling=0.00, value=11110.0
    [iter 5770388] reheat + diversify: ceiling=0.00, value=8230.0
    [iter 5776141] reheat + diversify: ceiling=0.00, value=11110.0
    [iter 5781894] reheat + diversify: ceiling=0.00, value=12616.0
    [iter 5787647] reheat + diversify: ceiling=0.00, value=11110.0
    [iter 5793400] reheat + diversify: ceiling=0.00, value=11110.0
    [iter 5799153] reheat + diversify: ceiling=0.00, value=12616.0
    [iter 5804906] reheat + diversify: ceiling=0.00, value=13192.0
    [iter 5810659] reheat + diversify: ceiling=0.00, value=13192.0
    [iter 5816412] reheat + diversify: ceiling=0.00, value=12616.0
    [iter 5822165] reheat + diversify: ceiling=0.00, value=9160.0
    [iter 5827918] reheat + diversify: ceiling=0.00, value=9604.0
    [iter 5833671] reheat + diversify: ceiling=0.00, value=9604.0
    [iter 5839424] reheat + diversify: ceiling=0.00, value=8230.0
    [iter 5845177] reheat + diversify: ceiling=0.00, value=12616.0
    [iter 5850930] reheat + diversify: ceiling=0.00, value=11686.0
    [iter 5856683] reheat + diversify: ceiling=0.00, value=8230.0
    [iter 5862436] reheat + diversify: ceiling=0.00, value=11110.0
    [iter 5868189] reheat + diversify: ceiling=0.00, value=12616.0
    [iter 5873942] reheat + diversify: ceiling=0.00, value=10534.0
    [iter 5879695] reheat + diversify: ceiling=0.00, value=8230.0
    [iter 5885448] reheat + diversify: ceiling=0.00, value=9604.0
    [iter 5891201] reheat + diversify: ceiling=0.00, value=12616.0
    [iter 5896954] reheat + diversify: ceiling=0.00, value=12616.0
    [iter 5902707] reheat + diversify: ceiling=0.00, value=12616.0
    [iter 5908460] reheat + diversify: ceiling=0.00, value=12040.0
    [iter 5914213] reheat + diversify: ceiling=0.00, value=7654.0
    [iter 5919966] reheat + diversify: ceiling=0.00, value=12040.0
    [iter 5925719] reheat + diversify: ceiling=0.00, value=11686.0
    [iter 5931472] reheat + diversify: ceiling=0.00, value=6724.0
    [iter 5937225] reheat + diversify: ceiling=0.00, value=13192.0
    [iter 5942978] reheat + diversify: ceiling=0.00, value=9918.0
    [iter 5948731] reheat + diversify: ceiling=0.00, value=12616.0
    [iter 5954484] reheat + diversify: ceiling=0.00, value=10534.0
    [iter 5960237] reheat + diversify: ceiling=0.00, value=10180.0
    [iter 5965990] reheat + diversify: ceiling=0.00, value=7654.0
    [iter 5971743] reheat + diversify: ceiling=0.00, value=11686.0
    [iter 5977496] reheat + diversify: ceiling=0.00, value=12616.0
    [iter 5983249] reheat + diversify: ceiling=0.00, value=11110.0
    [iter 5989002] reheat + diversify: ceiling=0.00, value=12040.0
    [iter 5994755] reheat + diversify: ceiling=0.00, value=10180.0
    [iter 6000508] reheat + diversify: ceiling=0.00, value=12616.0
    [iter 6006261] reheat + diversify: ceiling=0.00, value=13192.0
    [iter 6012014] reheat + diversify: ceiling=0.00, value=10534.0
    [iter 6017767] reheat + diversify: ceiling=0.00, value=13192.0
    [iter 6023520] reheat + diversify: ceiling=0.00, value=11110.0
    [iter 6029273] reheat + diversify: ceiling=0.00, value=9736.0
    [iter 6035026] reheat + diversify: ceiling=0.00, value=8230.0
    [iter 6040779] reheat + diversify: ceiling=0.00, value=11110.0
    [iter 6046532] reheat + diversify: ceiling=0.00, value=8230.0
    [iter 6052285] reheat + diversify: ceiling=0.00, value=11110.0
    [iter 6058038] reheat + diversify: ceiling=0.00, value=11686.0
    [iter 6063791] reheat + diversify: ceiling=0.00, value=12616.0
    [iter 6069544] reheat + diversify: ceiling=0.00, value=12616.0
    [iter 6075297] reheat + diversify: ceiling=0.00, value=12040.0
    [iter 6081050] reheat + diversify: ceiling=0.00, value=12040.0
    [iter 6086803] reheat + diversify: ceiling=0.00, value=12616.0
    [iter 6092556] reheat + diversify: ceiling=0.00, value=12616.0
    [iter 6098309] reheat + diversify: ceiling=0.00, value=12616.0
    [iter 6104062] reheat + diversify: ceiling=0.00, value=12040.0
    [iter 6109815] reheat + diversify: ceiling=0.00, value=12616.0
    [iter 6115568] reheat + diversify: ceiling=0.00, value=11110.0
    [iter 6121321] reheat + diversify: ceiling=0.00, value=12616.0
    [iter 6127074] reheat + diversify: ceiling=0.00, value=10534.0
    [iter 6132827] reheat + diversify: ceiling=0.00, value=12616.0
    [iter 6138580] reheat + diversify: ceiling=0.00, value=9160.0
    [iter 6144333] reheat + diversify: ceiling=0.00, value=11110.0
    [iter 6150086] reheat + diversify: ceiling=0.00, value=13192.0
    [iter 6155839] reheat + diversify: ceiling=0.00, value=12616.0
    [iter 6161592] reheat + diversify: ceiling=0.00, value=8230.0
    [iter 6167345] reheat + diversify: ceiling=0.00, value=12616.0
    [iter 6173098] reheat + diversify: ceiling=0.00, value=11110.0
    [iter 6178851] reheat + diversify: ceiling=0.00, value=13192.0
    [iter 6184604] reheat + diversify: ceiling=0.00, value=13192.0
    [iter 6190357] reheat + diversify: ceiling=0.00, value=12040.0
    [iter 6196110] reheat + diversify: ceiling=0.00, value=12040.0
    [iter 6201863] reheat + diversify: ceiling=0.00, value=9160.0
    [iter 6207616] reheat + diversify: ceiling=0.00, value=8230.0
    [iter 6213369] reheat + diversify: ceiling=0.00, value=11110.0
    [iter 6219122] reheat + diversify: ceiling=0.00, value=9160.0
    [iter 6224875] reheat + diversify: ceiling=0.00, value=11110.0
    [iter 6230628] reheat + diversify: ceiling=0.00, value=13192.0
    [iter 6236381] reheat + diversify: ceiling=0.00, value=12616.0
    [iter 6242134] reheat + diversify: ceiling=0.00, value=9160.0
    [iter 6247887] reheat + diversify: ceiling=0.00, value=13192.0
    [iter 6253640] reheat + diversify: ceiling=0.00, value=13192.0
    [iter 6259393] reheat + diversify: ceiling=0.00, value=7654.0
    [iter 6265146] reheat + diversify: ceiling=0.00, value=12616.0
    [iter 6270899] reheat + diversify: ceiling=0.00, value=8230.0
    [iter 6276652] reheat + diversify: ceiling=0.00, value=8230.0
    [iter 6282405] reheat + diversify: ceiling=0.00, value=13192.0
    [iter 6288158] reheat + diversify: ceiling=0.00, value=12616.0
    [iter 6293911] reheat + diversify: ceiling=0.00, value=12616.0
    [iter 6299664] reheat + diversify: ceiling=0.00, value=13192.0
    [iter 6305417] reheat + diversify: ceiling=0.00, value=8230.0
    [iter 6311170] reheat + diversify: ceiling=0.00, value=12040.0
    [iter 6316923] reheat + diversify: ceiling=0.00, value=11110.0
    [iter 6322676] reheat + diversify: ceiling=0.00, value=12616.0
    [iter 6328429] reheat + diversify: ceiling=0.00, value=12616.0
    [iter 6334182] reheat + diversify: ceiling=0.00, value=12616.0
    [iter 6339935] reheat + diversify: ceiling=0.00, value=12040.0
    [iter 6345688] reheat + diversify: ceiling=0.00, value=12616.0
    [iter 6351441] reheat + diversify: ceiling=0.00, value=7654.0
    [iter 6357194] reheat + diversify: ceiling=0.00, value=12040.0
    [iter 6362947] reheat + diversify: ceiling=0.00, value=6724.0
    [iter 6368700] reheat + diversify: ceiling=0.00, value=12040.0
    [iter 6374453] reheat + diversify: ceiling=0.00, value=13192.0
    [iter 6380206] reheat + diversify: ceiling=0.00, value=12616.0
    [iter 6385959] reheat + diversify: ceiling=0.00, value=12616.0
    [iter 6391712] reheat + diversify: ceiling=0.00, value=13192.0
    [iter 6397465] reheat + diversify: ceiling=0.00, value=12616.0
    [iter 6403218] reheat + diversify: ceiling=0.00, value=11110.0
    [iter 6408971] reheat + diversify: ceiling=0.00, value=13192.0
    [iter 6414724] reheat + diversify: ceiling=0.00, value=12040.0
    [iter 6420477] reheat + diversify: ceiling=0.00, value=12040.0
    [iter 6426230] reheat + diversify: ceiling=0.00, value=9160.0
    [iter 6431983] reheat + diversify: ceiling=0.00, value=13192.0
    [iter 6437736] reheat + diversify: ceiling=0.00, value=11110.0
    [iter 6443489] reheat + diversify: ceiling=0.00, value=8230.0
    [iter 6449242] reheat + diversify: ceiling=0.00, value=11110.0
    [iter 6454995] reheat + diversify: ceiling=0.00, value=10180.0
    [iter 6460748] reheat + diversify: ceiling=0.00, value=8230.0
    [iter 6466501] reheat + diversify: ceiling=0.00, value=12616.0
    [iter 6472254] reheat + diversify: ceiling=0.00, value=7654.0
    [iter 6478007] reheat + diversify: ceiling=0.00, value=11686.0
    [iter 6483760] reheat + diversify: ceiling=0.00, value=11110.0
    [iter 6489513] reheat + diversify: ceiling=0.00, value=13192.0
    [iter 6495266] reheat + diversify: ceiling=0.00, value=12616.0
    [iter 6501019] reheat + diversify: ceiling=0.00, value=12616.0
    [iter 6506772] reheat + diversify: ceiling=0.00, value=8230.0
    [iter 6512525] reheat + diversify: ceiling=0.00, value=12616.0
    [iter 6518278] reheat + diversify: ceiling=0.00, value=12040.0
    [iter 6524031] reheat + diversify: ceiling=0.00, value=12040.0
    [iter 6529784] reheat + diversify: ceiling=0.00, value=13192.0
    [iter 6535537] reheat + diversify: ceiling=0.00, value=11110.0
    [iter 6541290] reheat + diversify: ceiling=0.00, value=11110.0
    [iter 6547043] reheat + diversify: ceiling=0.00, value=13192.0
    [iter 6552796] reheat + diversify: ceiling=0.00, value=12040.0
    [iter 6558549] reheat + diversify: ceiling=0.00, value=11110.0
    [iter 6564302] reheat + diversify: ceiling=0.00, value=8230.0
    [iter 6570055] reheat + diversify: ceiling=0.00, value=13192.0
    [iter 6575808] reheat + diversify: ceiling=0.00, value=9160.0
    [iter 6581561] reheat + diversify: ceiling=0.00, value=11110.0
    [iter 6587314] reheat + diversify: ceiling=0.00, value=12616.0
    [iter 6593067] reheat + diversify: ceiling=0.00, value=8230.0
    [iter 6598820] reheat + diversify: ceiling=0.00, value=8230.0
    [iter 6604573] reheat + diversify: ceiling=0.00, value=10534.0
    [iter 6610326] reheat + diversify: ceiling=0.00, value=12040.0
    [iter 6616079] reheat + diversify: ceiling=0.00, value=10534.0
    [iter 6621832] reheat + diversify: ceiling=0.00, value=10534.0
    [iter 6627585] reheat + diversify: ceiling=0.00, value=9160.0
    [iter 6633338] reheat + diversify: ceiling=0.00, value=12616.0
    [iter 6639091] reheat + diversify: ceiling=0.00, value=9604.0
    [iter 6644844] reheat + diversify: ceiling=0.00, value=11110.0
    [iter 6650597] reheat + diversify: ceiling=0.00, value=10180.0
    [iter 6656350] reheat + diversify: ceiling=0.00, value=9160.0
    [iter 6662103] reheat + diversify: ceiling=0.00, value=9160.0
    [iter 6667856] reheat + diversify: ceiling=0.00, value=11110.0
    [iter 6673609] reheat + diversify: ceiling=0.00, value=12616.0
    [iter 6679362] reheat + diversify: ceiling=0.00, value=9736.0
    [iter 6685115] reheat + diversify: ceiling=0.00, value=9604.0
    [iter 6690868] reheat + diversify: ceiling=0.00, value=10534.0
    [iter 6696621] reheat + diversify: ceiling=0.00, value=11110.0
    [iter 6702374] reheat + diversify: ceiling=0.00, value=12040.0
    [iter 6708127] reheat + diversify: ceiling=0.00, value=11110.0
    [iter 6713880] reheat + diversify: ceiling=0.00, value=9604.0
    [iter 6719633] reheat + diversify: ceiling=0.00, value=9160.0
    [iter 6725386] reheat + diversify: ceiling=0.00, value=11686.0
    [iter 6731139] reheat + diversify: ceiling=0.00, value=9160.0
    [iter 6736892] reheat + diversify: ceiling=0.00, value=11110.0
    [iter 6742645] reheat + diversify: ceiling=0.00, value=12040.0
    [iter 6748398] reheat + diversify: ceiling=0.00, value=10534.0
    [iter 6754151] reheat + diversify: ceiling=0.00, value=10534.0
    [iter 6759904] reheat + diversify: ceiling=0.00, value=8230.0
    [iter 6765657] reheat + diversify: ceiling=0.00, value=10534.0
    [iter 6771410] reheat + diversify: ceiling=0.00, value=13192.0
    [iter 6777163] reheat + diversify: ceiling=0.00, value=12616.0
    [iter 6782916] reheat + diversify: ceiling=0.00, value=8230.0
    [iter 6788669] reheat + diversify: ceiling=0.00, value=11110.0
    [iter 6794422] reheat + diversify: ceiling=0.00, value=12040.0
    [iter 6800175] reheat + diversify: ceiling=0.00, value=12616.0
    [iter 6805928] reheat + diversify: ceiling=0.00, value=7654.0
    [iter 6811681] reheat + diversify: ceiling=0.00, value=11110.0
    [iter 6817434] reheat + diversify: ceiling=0.00, value=12040.0
    [iter 6823187] reheat + diversify: ceiling=0.00, value=9160.0
    [iter 6828940] reheat + diversify: ceiling=0.00, value=12616.0
    [iter 6834693] reheat + diversify: ceiling=0.00, value=11110.0
    [iter 6840446] reheat + diversify: ceiling=0.00, value=12616.0
    [iter 6846199] reheat + diversify: ceiling=0.00, value=8230.0
    [iter 6851952] reheat + diversify: ceiling=0.00, value=12616.0
    [iter 6857705] reheat + diversify: ceiling=0.00, value=13192.0
    [iter 6863458] reheat + diversify: ceiling=0.00, value=12616.0
    [iter 6869211] reheat + diversify: ceiling=0.00, value=11110.0
    [iter 6874964] reheat + diversify: ceiling=0.00, value=11110.0
    [iter 6880717] reheat + diversify: ceiling=0.00, value=10180.0
    [iter 6886470] reheat + diversify: ceiling=0.00, value=7654.0
    [iter 6892223] reheat + diversify: ceiling=0.00, value=12616.0
    [iter 6897976] reheat + diversify: ceiling=0.00, value=11110.0
    [iter 6903729] reheat + diversify: ceiling=0.00, value=13192.0
    [iter 6909482] reheat + diversify: ceiling=0.00, value=11464.0
    [iter 6915235] reheat + diversify: ceiling=0.00, value=11110.0
    [iter 6920988] reheat + diversify: ceiling=0.00, value=13192.0
    [iter 6926741] reheat + diversify: ceiling=0.00, value=11110.0
    [iter 6932494] reheat + diversify: ceiling=0.00, value=12040.0
    [iter 6938247] reheat + diversify: ceiling=0.00, value=12040.0
    [iter 6944000] reheat + diversify: ceiling=0.00, value=12616.0
    [iter 6949753] reheat + diversify: ceiling=0.00, value=10180.0
    [iter 6955506] reheat + diversify: ceiling=0.00, value=11110.0
    [iter 6961259] reheat + diversify: ceiling=0.00, value=13192.0
    [iter 6967012] reheat + diversify: ceiling=0.00, value=8230.0
    [iter 6972765] reheat + diversify: ceiling=0.00, value=11110.0
    [iter 6978518] reheat + diversify: ceiling=0.00, value=13192.0
    [iter 6984271] reheat + diversify: ceiling=0.00, value=12616.0
    [iter 6990024] reheat + diversify: ceiling=0.00, value=11110.0
    [iter 6995777] reheat + diversify: ceiling=0.00, value=12616.0
    [iter 7001530] reheat + diversify: ceiling=0.00, value=13192.0
    [iter 7007283] reheat + diversify: ceiling=0.00, value=12616.0
    [iter 7013036] reheat + diversify: ceiling=0.00, value=8230.0
    [iter 7018789] reheat + diversify: ceiling=0.00, value=12040.0
    [iter 7024542] reheat + diversify: ceiling=0.00, value=12616.0
    [iter 7030295] reheat + diversify: ceiling=0.00, value=11110.0
    [iter 7036048] reheat + diversify: ceiling=0.00, value=11110.0
    [iter 7041801] reheat + diversify: ceiling=0.00, value=11110.0
    [iter 7047554] reheat + diversify: ceiling=0.00, value=12616.0
    [iter 7053307] reheat + diversify: ceiling=0.00, value=12040.0
    [iter 7059060] reheat + diversify: ceiling=0.00, value=12616.0
    [iter 7064813] reheat + diversify: ceiling=0.00, value=12616.0
    [iter 7070566] reheat + diversify: ceiling=0.00, value=11686.0
    [iter 7076319] reheat + diversify: ceiling=0.00, value=10534.0
    [iter 7082072] reheat + diversify: ceiling=0.00, value=13192.0
    [iter 7087825] reheat + diversify: ceiling=0.00, value=9160.0
    [iter 7093578] reheat + diversify: ceiling=0.00, value=11686.0
    [iter 7099331] reheat + diversify: ceiling=0.00, value=8230.0
    [iter 7105084] reheat + diversify: ceiling=0.00, value=8674.0
    [iter 7110837] reheat + diversify: ceiling=0.00, value=12040.0
    [iter 7116590] reheat + diversify: ceiling=0.00, value=12040.0
    [iter 7122343] reheat + diversify: ceiling=0.00, value=11110.0
    [iter 7128096] reheat + diversify: ceiling=0.00, value=11686.0
    [iter 7133849] reheat + diversify: ceiling=0.00, value=13192.0
    [iter 7139602] reheat + diversify: ceiling=0.00, value=12616.0
    [iter 7145355] reheat + diversify: ceiling=0.00, value=12616.0
    [iter 7151108] reheat + diversify: ceiling=0.00, value=11110.0
    [iter 7156861] reheat + diversify: ceiling=0.00, value=11110.0
    [iter 7162614] reheat + diversify: ceiling=0.00, value=9604.0
    [iter 7168367] reheat + diversify: ceiling=0.00, value=9604.0
    [iter 7174120] reheat + diversify: ceiling=0.00, value=12616.0
    [iter 7179873] reheat + diversify: ceiling=0.00, value=11110.0
    [iter 7185626] reheat + diversify: ceiling=0.00, value=11110.0
    [iter 7191379] reheat + diversify: ceiling=0.00, value=13192.0
    [iter 7197132] reheat + diversify: ceiling=0.00, value=8230.0
    [iter 7202885] reheat + diversify: ceiling=0.00, value=12040.0
    [iter 7208638] reheat + diversify: ceiling=0.00, value=7654.0
    [iter 7214391] reheat + diversify: ceiling=0.00, value=9160.0
    [iter 7220144] reheat + diversify: ceiling=0.00, value=10534.0
    [iter 7225897] reheat + diversify: ceiling=0.00, value=11686.0
    [iter 7231650] reheat + diversify: ceiling=0.00, value=12040.0
    [iter 7237403] reheat + diversify: ceiling=0.00, value=12616.0
    [iter 7243156] reheat + diversify: ceiling=0.00, value=13192.0
    [iter 7248909] reheat + diversify: ceiling=0.00, value=10180.0
    [iter 7254662] reheat + diversify: ceiling=0.00, value=12040.0
    [iter 7260415] reheat + diversify: ceiling=0.00, value=11110.0
    [iter 7266168] reheat + diversify: ceiling=0.00, value=8230.0
    [iter 7271921] reheat + diversify: ceiling=0.00, value=6724.0
    [iter 7277674] reheat + diversify: ceiling=0.00, value=12040.0
    [iter 7283427] reheat + diversify: ceiling=0.00, value=13192.0
    [iter 7289180] reheat + diversify: ceiling=0.00, value=12616.0
    [iter 7294933] reheat + diversify: ceiling=0.00, value=11110.0
    [iter 7300686] reheat + diversify: ceiling=0.00, value=10534.0
    [iter 7306439] reheat + diversify: ceiling=0.00, value=11110.0
    [iter 7312192] reheat + diversify: ceiling=0.00, value=12616.0
    [iter 7317945] reheat + diversify: ceiling=0.00, value=13192.0
    [iter 7323698] reheat + diversify: ceiling=0.00, value=13192.0
    [iter 7329451] reheat + diversify: ceiling=0.00, value=11110.0
    [iter 7335204] reheat + diversify: ceiling=0.00, value=11110.0
    [iter 7340957] reheat + diversify: ceiling=0.00, value=13192.0
    [iter 7346710] reheat + diversify: ceiling=0.00, value=8230.0
    [iter 7352463] reheat + diversify: ceiling=0.00, value=13192.0
    [iter 7358216] reheat + diversify: ceiling=0.00, value=9160.0
    [iter 7363969] reheat + diversify: ceiling=0.00, value=8230.0
    [iter 7369722] reheat + diversify: ceiling=0.00, value=7654.0
    [iter 7375475] reheat + diversify: ceiling=0.00, value=12616.0
    [iter 7381228] reheat + diversify: ceiling=0.00, value=9160.0
    [iter 7386981] reheat + diversify: ceiling=0.00, value=8230.0
    [iter 7392734] reheat + diversify: ceiling=0.00, value=6724.0
    [iter 7398487] reheat + diversify: ceiling=0.00, value=11110.0
    [iter 7404240] reheat + diversify: ceiling=0.00, value=7654.0
    [iter 7409993] reheat + diversify: ceiling=0.00, value=8230.0
    [iter 7415746] reheat + diversify: ceiling=0.00, value=9160.0
    [iter 7421499] reheat + diversify: ceiling=0.00, value=11110.0
    [iter 7427252] reheat + diversify: ceiling=0.00, value=12040.0
    [iter 7433005] reheat + diversify: ceiling=0.00, value=13192.0
    [iter 7438758] reheat + diversify: ceiling=0.00, value=6724.0
    [iter 7444511] reheat + diversify: ceiling=0.00, value=8230.0
    [iter 7450264] reheat + diversify: ceiling=0.00, value=13192.0
    [iter 7456017] reheat + diversify: ceiling=0.00, value=12616.0
    [iter 7461770] reheat + diversify: ceiling=0.00, value=11110.0
    [iter 7467523] reheat + diversify: ceiling=0.00, value=11110.0
    [iter 7473276] reheat + diversify: ceiling=0.00, value=12616.0
    [iter 7479029] reheat + diversify: ceiling=0.00, value=10534.0
    [iter 7484782] reheat + diversify: ceiling=0.00, value=13192.0
    [iter 7490535] reheat + diversify: ceiling=0.00, value=10180.0
    [iter 7496288] reheat + diversify: ceiling=0.00, value=11686.0
    [iter 7502041] reheat + diversify: ceiling=0.00, value=11686.0
    [iter 7507794] reheat + diversify: ceiling=0.00, value=8230.0
    [iter 7513547] reheat + diversify: ceiling=0.00, value=13192.0
    [iter 7519300] reheat + diversify: ceiling=0.00, value=10180.0
    [iter 7525053] reheat + diversify: ceiling=0.00, value=12616.0
    [iter 7530806] reheat + diversify: ceiling=0.00, value=12040.0
    [iter 7536559] reheat + diversify: ceiling=0.00, value=13192.0
    [iter 7542312] reheat + diversify: ceiling=0.00, value=12616.0
    [iter 7548065] reheat + diversify: ceiling=0.00, value=11110.0
    [iter 7553818] reheat + diversify: ceiling=0.00, value=11110.0
    [iter 7559571] reheat + diversify: ceiling=0.00, value=11110.0
    [iter 7565324] reheat + diversify: ceiling=0.00, value=12616.0
    [iter 7571077] reheat + diversify: ceiling=0.00, value=11686.0
    [iter 7576830] reheat + diversify: ceiling=0.00, value=9160.0
    [iter 7582583] reheat + diversify: ceiling=0.00, value=8230.0
    [iter 7588336] reheat + diversify: ceiling=0.00, value=8230.0
    [iter 7594089] reheat + diversify: ceiling=0.00, value=12040.0
    [iter 7599842] reheat + diversify: ceiling=0.00, value=9160.0
    [iter 7605595] reheat + diversify: ceiling=0.00, value=11686.0
    [iter 7611348] reheat + diversify: ceiling=0.00, value=12040.0
    [iter 7617101] reheat + diversify: ceiling=0.00, value=13192.0
    [iter 7622854] reheat + diversify: ceiling=0.00, value=12616.0
    [iter 7628607] reheat + diversify: ceiling=0.00, value=10534.0
    [iter 7634360] reheat + diversify: ceiling=0.00, value=12616.0
    [iter 7640113] reheat + diversify: ceiling=0.00, value=12040.0
    [iter 7645866] reheat + diversify: ceiling=0.00, value=9160.0
    [iter 7651619] reheat + diversify: ceiling=0.00, value=12616.0
    [iter 7657372] reheat + diversify: ceiling=0.00, value=6724.0
    [iter 7663125] reheat + diversify: ceiling=0.00, value=8230.0
    [iter 7668878] reheat + diversify: ceiling=0.00, value=12616.0
    [iter 7674631] reheat + diversify: ceiling=0.00, value=9160.0
    [iter 7680384] reheat + diversify: ceiling=0.00, value=11110.0
    [iter 7686137] reheat + diversify: ceiling=0.00, value=13192.0
    [iter 7691890] reheat + diversify: ceiling=0.00, value=6724.0
    [iter 7697643] reheat + diversify: ceiling=0.00, value=9604.0
    [iter 7703396] reheat + diversify: ceiling=0.00, value=11110.0
    [iter 7709149] reheat + diversify: ceiling=0.00, value=13192.0
    [iter 7714902] reheat + diversify: ceiling=0.00, value=10534.0
    [iter 7720655] reheat + diversify: ceiling=0.00, value=12616.0
    [iter 7726408] reheat + diversify: ceiling=0.00, value=12616.0
    [iter 7732161] reheat + diversify: ceiling=0.00, value=8230.0
    [iter 7737914] reheat + diversify: ceiling=0.00, value=11464.0
    [iter 7743667] reheat + diversify: ceiling=0.00, value=13192.0
    [iter 7749420] reheat + diversify: ceiling=0.00, value=12616.0
    [iter 7755173] reheat + diversify: ceiling=0.00, value=13192.0
    [iter 7760926] reheat + diversify: ceiling=0.00, value=11110.0
    [iter 7766679] reheat + diversify: ceiling=0.00, value=12616.0
    [iter 7772432] reheat + diversify: ceiling=0.00, value=9160.0
    [iter 7778185] reheat + diversify: ceiling=0.00, value=12616.0
    [iter 7783938] reheat + diversify: ceiling=0.00, value=12616.0
    [iter 7789691] reheat + diversify: ceiling=0.00, value=12616.0
    [iter 7795444] reheat + diversify: ceiling=0.00, value=10534.0
    [iter 7801197] reheat + diversify: ceiling=0.00, value=12040.0
    [iter 7806950] reheat + diversify: ceiling=0.00, value=11110.0
    [iter 7812703] reheat + diversify: ceiling=0.00, value=8230.0
    [iter 7818456] reheat + diversify: ceiling=0.00, value=10180.0
    [iter 7824209] reheat + diversify: ceiling=0.00, value=12040.0
    [iter 7829962] reheat + diversify: ceiling=0.00, value=8230.0
    [iter 7835715] reheat + diversify: ceiling=0.00, value=12616.0
    [iter 7841468] reheat + diversify: ceiling=0.00, value=12616.0
    [iter 7847221] reheat + diversify: ceiling=0.00, value=11110.0
    [iter 7852974] reheat + diversify: ceiling=0.00, value=12040.0
    [iter 7858727] reheat + diversify: ceiling=0.00, value=12040.0
    [iter 7864480] reheat + diversify: ceiling=0.00, value=11110.0
    [iter 7870233] reheat + diversify: ceiling=0.00, value=11686.0
    [iter 7875986] reheat + diversify: ceiling=0.00, value=11110.0
    [iter 7881739] reheat + diversify: ceiling=0.00, value=11686.0
    [iter 7887492] reheat + diversify: ceiling=0.00, value=12616.0
    [iter 7893245] reheat + diversify: ceiling=0.00, value=12616.0
    [iter 7898998] reheat + diversify: ceiling=0.00, value=13192.0
    [iter 7904751] reheat + diversify: ceiling=0.00, value=7654.0
    [iter 7910504] reheat + diversify: ceiling=0.00, value=11110.0
    [iter 7916257] reheat + diversify: ceiling=0.00, value=11686.0
    [iter 7922010] reheat + diversify: ceiling=0.00, value=10534.0
    [iter 7927763] reheat + diversify: ceiling=0.00, value=12616.0
    [iter 7933516] reheat + diversify: ceiling=0.00, value=11686.0
    [iter 7939269] reheat + diversify: ceiling=0.00, value=9160.0
    [iter 7945022] reheat + diversify: ceiling=0.00, value=11110.0
    [iter 7950775] reheat + diversify: ceiling=0.00, value=8230.0
    [iter 7956528] reheat + diversify: ceiling=0.00, value=12616.0
    [iter 7962281] reheat + diversify: ceiling=0.00, value=12616.0
    [iter 7968034] reheat + diversify: ceiling=0.00, value=8230.0
    [iter 7973787] reheat + diversify: ceiling=0.00, value=12040.0
    [iter 7979540] reheat + diversify: ceiling=0.00, value=7654.0
    [iter 7985293] reheat + diversify: ceiling=0.00, value=12616.0
    [iter 7991046] reheat + diversify: ceiling=0.00, value=13192.0
    [iter 7996799] reheat + diversify: ceiling=0.00, value=12616.0
    [iter 8002552] reheat + diversify: ceiling=0.00, value=12616.0
    [iter 8008305] reheat + diversify: ceiling=0.00, value=8230.0
    [iter 8014058] reheat + diversify: ceiling=0.00, value=11110.0
    [iter 8019811] reheat + diversify: ceiling=0.00, value=10180.0
    [iter 8025564] reheat + diversify: ceiling=0.00, value=12040.0
    [iter 8031317] reheat + diversify: ceiling=0.00, value=12616.0
    [iter 8037070] reheat + diversify: ceiling=0.00, value=9160.0
    [iter 8042823] reheat + diversify: ceiling=0.00, value=6724.0
    [iter 8048576] reheat + diversify: ceiling=0.00, value=7654.0
    [iter 8054329] reheat + diversify: ceiling=0.00, value=8230.0
    [iter 8060082] reheat + diversify: ceiling=0.00, value=12616.0
    [iter 8065835] reheat + diversify: ceiling=0.00, value=8230.0
    [iter 8071588] reheat + diversify: ceiling=0.00, value=13192.0
    [iter 8077341] reheat + diversify: ceiling=0.00, value=11686.0
    [iter 8083094] reheat + diversify: ceiling=0.00, value=9604.0
    [iter 8088847] reheat + diversify: ceiling=0.00, value=12616.0
    [iter 8094600] reheat + diversify: ceiling=0.00, value=11110.0
    [iter 8100353] reheat + diversify: ceiling=0.00, value=8230.0
    [iter 8106106] reheat + diversify: ceiling=0.00, value=13192.0
    [iter 8111859] reheat + diversify: ceiling=0.00, value=12616.0
    [iter 8117612] reheat + diversify: ceiling=0.00, value=11110.0
    [iter 8123365] reheat + diversify: ceiling=0.00, value=12040.0
    [iter 8129118] reheat + diversify: ceiling=0.00, value=11110.0
    [iter 8134871] reheat + diversify: ceiling=0.00, value=10534.0
    [iter 8140624] reheat + diversify: ceiling=0.00, value=11110.0
    [iter 8146377] reheat + diversify: ceiling=0.00, value=11110.0
    [iter 8152130] reheat + diversify: ceiling=0.00, value=9736.0
    [iter 8157883] reheat + diversify: ceiling=0.00, value=8230.0
    [iter 8163636] reheat + diversify: ceiling=0.00, value=11110.0
    [iter 8169389] reheat + diversify: ceiling=0.00, value=8230.0
    [iter 8175142] reheat + diversify: ceiling=0.00, value=12616.0
    [iter 8180895] reheat + diversify: ceiling=0.00, value=11110.0
    [iter 8186648] reheat + diversify: ceiling=0.00, value=13192.0
    [iter 8192401] reheat + diversify: ceiling=0.00, value=11464.0
    [iter 8198154] reheat + diversify: ceiling=0.00, value=12616.0
    [iter 8203907] reheat + diversify: ceiling=0.00, value=11110.0
    [iter 8209660] reheat + diversify: ceiling=0.00, value=10534.0
    [iter 8215413] reheat + diversify: ceiling=0.00, value=13192.0
    [iter 8221166] reheat + diversify: ceiling=0.00, value=13192.0
    [iter 8226919] reheat + diversify: ceiling=0.00, value=8230.0
    [iter 8232672] reheat + diversify: ceiling=0.00, value=11686.0
    [iter 8238425] reheat + diversify: ceiling=0.00, value=12616.0
    [iter 8244178] reheat + diversify: ceiling=0.00, value=10180.0
    [iter 8249931] reheat + diversify: ceiling=0.00, value=13192.0
    [iter 8255684] reheat + diversify: ceiling=0.00, value=8230.0
    [iter 8261437] reheat + diversify: ceiling=0.00, value=13192.0
    [iter 8267190] reheat + diversify: ceiling=0.00, value=10180.0
    [iter 8272943] reheat + diversify: ceiling=0.00, value=10180.0
    [iter 8278696] reheat + diversify: ceiling=0.00, value=12616.0
    [iter 8284449] reheat + diversify: ceiling=0.00, value=12616.0
    [iter 8290202] reheat + diversify: ceiling=0.00, value=12040.0
    [iter 8295955] reheat + diversify: ceiling=0.00, value=7654.0
    [iter 8301708] reheat + diversify: ceiling=0.00, value=12616.0
    [iter 8307461] reheat + diversify: ceiling=0.00, value=11110.0
    [iter 8313214] reheat + diversify: ceiling=0.00, value=12040.0
    [iter 8318967] reheat + diversify: ceiling=0.00, value=8230.0
    [iter 8324720] reheat + diversify: ceiling=0.00, value=11110.0
    [iter 8330473] reheat + diversify: ceiling=0.00, value=8230.0
    [iter 8336226] reheat + diversify: ceiling=0.00, value=10534.0
    [iter 8341979] reheat + diversify: ceiling=0.00, value=9160.0
    [iter 8347732] reheat + diversify: ceiling=0.00, value=8230.0
    [iter 8353485] reheat + diversify: ceiling=0.00, value=12616.0
    [iter 8359238] reheat + diversify: ceiling=0.00, value=13192.0
    [iter 8364991] reheat + diversify: ceiling=0.00, value=8230.0
    [iter 8370744] reheat + diversify: ceiling=0.00, value=12616.0
    [iter 8376497] reheat + diversify: ceiling=0.00, value=13192.0
    [iter 8382250] reheat + diversify: ceiling=0.00, value=12616.0
    [iter 8388003] reheat + diversify: ceiling=0.00, value=12616.0
    [iter 8393756] reheat + diversify: ceiling=0.00, value=13192.0
    [iter 8399509] reheat + diversify: ceiling=0.00, value=13192.0
    [iter 8405262] reheat + diversify: ceiling=0.00, value=12616.0
    [iter 8411015] reheat + diversify: ceiling=0.00, value=9160.0
    [iter 8416768] reheat + diversify: ceiling=0.00, value=11110.0
    [iter 8422521] reheat + diversify: ceiling=0.00, value=11110.0
    [iter 8428274] reheat + diversify: ceiling=0.00, value=13192.0
    [iter 8434027] reheat + diversify: ceiling=0.00, value=11110.0
    [iter 8439780] reheat + diversify: ceiling=0.00, value=12616.0
    [iter 8445533] reheat + diversify: ceiling=0.00, value=12616.0
    [iter 8451286] reheat + diversify: ceiling=0.00, value=12616.0
    [iter 8457039] reheat + diversify: ceiling=0.00, value=13192.0
    [iter 8462792] reheat + diversify: ceiling=0.00, value=12616.0
    [iter 8468545] reheat + diversify: ceiling=0.00, value=12616.0
    [iter 8474298] reheat + diversify: ceiling=0.00, value=12040.0
    [iter 8480051] reheat + diversify: ceiling=0.00, value=12616.0
    [iter 8485804] reheat + diversify: ceiling=0.00, value=8230.0
    [iter 8491557] reheat + diversify: ceiling=0.00, value=12616.0
    [iter 8497310] reheat + diversify: ceiling=0.00, value=13192.0
    [iter 8503063] reheat + diversify: ceiling=0.00, value=11110.0
    [iter 8508816] reheat + diversify: ceiling=0.00, value=12616.0
    [iter 8514569] reheat + diversify: ceiling=0.00, value=12616.0
    [iter 8520322] reheat + diversify: ceiling=0.00, value=11686.0
    [iter 8526075] reheat + diversify: ceiling=0.00, value=7654.0
    [iter 8531828] reheat + diversify: ceiling=0.00, value=9736.0
    [iter 8537581] reheat + diversify: ceiling=0.00, value=6724.0
    [iter 8543334] reheat + diversify: ceiling=0.00, value=11686.0
    [iter 8549087] reheat + diversify: ceiling=0.00, value=11110.0
    [iter 8554840] reheat + diversify: ceiling=0.00, value=7654.0
    [iter 8560593] reheat + diversify: ceiling=0.00, value=12040.0
    [iter 8566346] reheat + diversify: ceiling=0.00, value=9604.0
    [iter 8572099] reheat + diversify: ceiling=0.00, value=12616.0
    [iter 8577852] reheat + diversify: ceiling=0.00, value=11110.0
    [iter 8583605] reheat + diversify: ceiling=0.00, value=12616.0
    [iter 8589358] reheat + diversify: ceiling=0.00, value=12040.0
    [iter 8595111] reheat + diversify: ceiling=0.00, value=8230.0
    [iter 8600864] reheat + diversify: ceiling=0.00, value=9604.0
    [iter 8606617] reheat + diversify: ceiling=0.00, value=10180.0
    [iter 8612370] reheat + diversify: ceiling=0.00, value=13192.0
    [iter 8618123] reheat + diversify: ceiling=0.00, value=10534.0
    [iter 8623876] reheat + diversify: ceiling=0.00, value=8230.0
    [iter 8629629] reheat + diversify: ceiling=0.00, value=10534.0
    [iter 8635382] reheat + diversify: ceiling=0.00, value=12040.0
    [iter 8641135] reheat + diversify: ceiling=0.00, value=11686.0
    [iter 8646888] reheat + diversify: ceiling=0.00, value=8230.0
    [iter 8652641] reheat + diversify: ceiling=0.00, value=13192.0
    [iter 8658394] reheat + diversify: ceiling=0.00, value=12616.0
    [iter 8664147] reheat + diversify: ceiling=0.00, value=11110.0
    [iter 8669900] reheat + diversify: ceiling=0.00, value=9736.0
    [iter 8675653] reheat + diversify: ceiling=0.00, value=12040.0
    [iter 8681406] reheat + diversify: ceiling=0.00, value=12616.0
    [iter 8687159] reheat + diversify: ceiling=0.00, value=11110.0
    [iter 8692912] reheat + diversify: ceiling=0.00, value=10534.0
    [iter 8698665] reheat + diversify: ceiling=0.00, value=11464.0
    [iter 8704418] reheat + diversify: ceiling=0.00, value=8230.0
    [iter 8710171] reheat + diversify: ceiling=0.00, value=12616.0
    [iter 8715924] reheat + diversify: ceiling=0.00, value=8230.0
    [iter 8721677] reheat + diversify: ceiling=0.00, value=12616.0
    [iter 8727430] reheat + diversify: ceiling=0.00, value=13192.0
    [iter 8733183] reheat + diversify: ceiling=0.00, value=9736.0
    [iter 8738936] reheat + diversify: ceiling=0.00, value=9604.0
    [iter 8744689] reheat + diversify: ceiling=0.00, value=12616.0
    [iter 8750442] reheat + diversify: ceiling=0.00, value=2824.0
    [iter 8756195] reheat + diversify: ceiling=0.00, value=12616.0
    [iter 8761948] reheat + diversify: ceiling=0.00, value=12616.0
    [iter 8767701] reheat + diversify: ceiling=0.00, value=10534.0
    [iter 8773454] reheat + diversify: ceiling=0.00, value=12616.0
    [iter 8779207] reheat + diversify: ceiling=0.00, value=10180.0
    [iter 8784960] reheat + diversify: ceiling=0.00, value=10180.0
    [iter 8790713] reheat + diversify: ceiling=0.00, value=11110.0
    [iter 8796466] reheat + diversify: ceiling=0.00, value=8230.0
    [iter 8802219] reheat + diversify: ceiling=0.00, value=8230.0
    [iter 8807972] reheat + diversify: ceiling=0.00, value=13192.0
    [iter 8813725] reheat + diversify: ceiling=0.00, value=8230.0
    [iter 8819478] reheat + diversify: ceiling=0.00, value=8230.0
    [iter 8825231] reheat + diversify: ceiling=0.00, value=11686.0
    [iter 8830984] reheat + diversify: ceiling=0.00, value=10180.0
    [iter 8836737] reheat + diversify: ceiling=0.00, value=12616.0
    [iter 8842490] reheat + diversify: ceiling=0.00, value=12040.0
    [iter 8848243] reheat + diversify: ceiling=0.00, value=7654.0
    [iter 8853996] reheat + diversify: ceiling=0.00, value=11110.0
    [iter 8859749] reheat + diversify: ceiling=0.00, value=11110.0
    [iter 8865502] reheat + diversify: ceiling=0.00, value=12616.0
    [iter 8871255] reheat + diversify: ceiling=0.00, value=13192.0
    [iter 8877008] reheat + diversify: ceiling=0.00, value=9160.0
    [iter 8882761] reheat + diversify: ceiling=0.00, value=13192.0
    [iter 8888514] reheat + diversify: ceiling=0.00, value=12040.0
    [iter 8894267] reheat + diversify: ceiling=0.00, value=11110.0
    [iter 8900020] reheat + diversify: ceiling=0.00, value=13192.0
    [iter 8905773] reheat + diversify: ceiling=0.00, value=13192.0
    [iter 8911526] reheat + diversify: ceiling=0.00, value=10534.0
    [iter 8917279] reheat + diversify: ceiling=0.00, value=12616.0
    [iter 8923032] reheat + diversify: ceiling=0.00, value=8230.0
    [iter 8928785] reheat + diversify: ceiling=0.00, value=11110.0
    [iter 8934538] reheat + diversify: ceiling=0.00, value=8230.0
    [iter 8940291] reheat + diversify: ceiling=0.00, value=13192.0
    [iter 8946044] reheat + diversify: ceiling=0.00, value=12616.0
    [iter 8951797] reheat + diversify: ceiling=0.00, value=9604.0
    [iter 8957550] reheat + diversify: ceiling=0.00, value=8230.0
    [iter 8963303] reheat + diversify: ceiling=0.00, value=12616.0
    [iter 8969056] reheat + diversify: ceiling=0.00, value=8230.0
    [iter 8974809] reheat + diversify: ceiling=0.00, value=10534.0
    [iter 8980562] reheat + diversify: ceiling=0.00, value=8230.0
    [iter 8986315] reheat + diversify: ceiling=0.00, value=12616.0
    [iter 8992068] reheat + diversify: ceiling=0.00, value=9604.0
    [iter 8997821] reheat + diversify: ceiling=0.00, value=8230.0
    [iter 9003574] reheat + diversify: ceiling=0.00, value=13192.0
    [iter 9009327] reheat + diversify: ceiling=0.00, value=9604.0
    [iter 9015080] reheat + diversify: ceiling=0.00, value=9160.0
    [iter 9020833] reheat + diversify: ceiling=0.00, value=8230.0
    [iter 9026586] reheat + diversify: ceiling=0.00, value=13192.0
    [iter 9032339] reheat + diversify: ceiling=0.00, value=9160.0
    [iter 9038092] reheat + diversify: ceiling=0.00, value=10534.0
    [iter 9043845] reheat + diversify: ceiling=0.00, value=6724.0
    [iter 9049598] reheat + diversify: ceiling=0.00, value=12040.0
    [iter 9055351] reheat + diversify: ceiling=0.00, value=13192.0
    [iter 9061104] reheat + diversify: ceiling=0.00, value=12616.0
    [iter 9066857] reheat + diversify: ceiling=0.00, value=9160.0
    [iter 9072610] reheat + diversify: ceiling=0.00, value=12616.0
    [iter 9078363] reheat + diversify: ceiling=0.00, value=9604.0
    [iter 9084116] reheat + diversify: ceiling=0.00, value=11110.0
    [iter 9089869] reheat + diversify: ceiling=0.00, value=13192.0
    [iter 9095622] reheat + diversify: ceiling=0.00, value=11686.0
    [iter 9101375] reheat + diversify: ceiling=0.00, value=13192.0
    [iter 9107128] reheat + diversify: ceiling=0.00, value=12616.0
    [iter 9112881] reheat + diversify: ceiling=0.00, value=13192.0
    [iter 9118634] reheat + diversify: ceiling=0.00, value=12040.0
    [iter 9124387] reheat + diversify: ceiling=0.00, value=11110.0
    [iter 9130140] reheat + diversify: ceiling=0.00, value=12616.0
    [iter 9135893] reheat + diversify: ceiling=0.00, value=12616.0
    [iter 9141646] reheat + diversify: ceiling=0.00, value=8230.0
    [iter 9147399] reheat + diversify: ceiling=0.00, value=11110.0
    [iter 9153152] reheat + diversify: ceiling=0.00, value=12040.0
    [iter 9158905] reheat + diversify: ceiling=0.00, value=12616.0
    [iter 9164658] reheat + diversify: ceiling=0.00, value=8230.0
    [iter 9170411] reheat + diversify: ceiling=0.00, value=12616.0
    [iter 9176164] reheat + diversify: ceiling=0.00, value=11110.0
    [iter 9181917] reheat + diversify: ceiling=0.00, value=13192.0
    [iter 9187670] reheat + diversify: ceiling=0.00, value=11110.0
    [iter 9193423] reheat + diversify: ceiling=0.00, value=8230.0
    [iter 9199176] reheat + diversify: ceiling=0.00, value=11110.0
    [iter 9204929] reheat + diversify: ceiling=0.00, value=13192.0
    [iter 9210682] reheat + diversify: ceiling=0.00, value=7654.0
    [iter 9216435] reheat + diversify: ceiling=0.00, value=6724.0
    [iter 9222188] reheat + diversify: ceiling=0.00, value=11110.0
    [iter 9227941] reheat + diversify: ceiling=0.00, value=13192.0
    [iter 9233694] reheat + diversify: ceiling=0.00, value=11686.0
    [iter 9239447] reheat + diversify: ceiling=0.00, value=13192.0
    [iter 9245200] reheat + diversify: ceiling=0.00, value=8230.0
    [iter 9250953] reheat + diversify: ceiling=0.00, value=12616.0
    [iter 9256706] reheat + diversify: ceiling=0.00, value=11110.0
    [iter 9262459] reheat + diversify: ceiling=0.00, value=9160.0
    [iter 9268212] reheat + diversify: ceiling=0.00, value=12616.0
    [iter 9273965] reheat + diversify: ceiling=0.00, value=12040.0
    [iter 9279718] reheat + diversify: ceiling=0.00, value=8230.0
    [iter 9285471] reheat + diversify: ceiling=0.00, value=7654.0
    [iter 9291224] reheat + diversify: ceiling=0.00, value=13192.0
    [iter 9296977] reheat + diversify: ceiling=0.00, value=8230.0
    [iter 9302730] reheat + diversify: ceiling=0.00, value=13192.0
    [iter 9308483] reheat + diversify: ceiling=0.00, value=13192.0
    [iter 9314236] reheat + diversify: ceiling=0.00, value=11110.0
    [iter 9319989] reheat + diversify: ceiling=0.00, value=11110.0
    [iter 9325742] reheat + diversify: ceiling=0.00, value=7654.0
    [iter 9331495] reheat + diversify: ceiling=0.00, value=9160.0
    [iter 9337248] reheat + diversify: ceiling=0.00, value=8230.0
    [iter 9343001] reheat + diversify: ceiling=0.00, value=11686.0
    [iter 9348754] reheat + diversify: ceiling=0.00, value=12040.0
    [iter 9354507] reheat + diversify: ceiling=0.00, value=6724.0
    [iter 9360260] reheat + diversify: ceiling=0.00, value=13192.0
    [iter 9366013] reheat + diversify: ceiling=0.00, value=12616.0
    [iter 9371766] reheat + diversify: ceiling=0.00, value=12616.0
    [iter 9377519] reheat + diversify: ceiling=0.00, value=12040.0
    [iter 9383272] reheat + diversify: ceiling=0.00, value=10534.0
    [iter 9389025] reheat + diversify: ceiling=0.00, value=8230.0
    [iter 9394778] reheat + diversify: ceiling=0.00, value=11110.0
    [iter 9400531] reheat + diversify: ceiling=0.00, value=11686.0
    [iter 9406284] reheat + diversify: ceiling=0.00, value=12616.0
    [iter 9412037] reheat + diversify: ceiling=0.00, value=12616.0
    [iter 9417790] reheat + diversify: ceiling=0.00, value=9160.0
    [iter 9423543] reheat + diversify: ceiling=0.00, value=7654.0
    [iter 9429296] reheat + diversify: ceiling=0.00, value=12040.0
    [iter 9435049] reheat + diversify: ceiling=0.00, value=10180.0
    [iter 9440802] reheat + diversify: ceiling=0.00, value=12616.0
    [iter 9446555] reheat + diversify: ceiling=0.00, value=12616.0
    [iter 9452308] reheat + diversify: ceiling=0.00, value=12616.0
    [iter 9458061] reheat + diversify: ceiling=0.00, value=12616.0
    [iter 9463814] reheat + diversify: ceiling=0.00, value=12616.0
    [iter 9469567] reheat + diversify: ceiling=0.00, value=9160.0
    [iter 9475320] reheat + diversify: ceiling=0.00, value=12040.0
    [iter 9481073] reheat + diversify: ceiling=0.00, value=12616.0
    [iter 9486826] reheat + diversify: ceiling=0.00, value=9160.0
    [iter 9492579] reheat + diversify: ceiling=0.00, value=12616.0
    [iter 9498332] reheat + diversify: ceiling=0.00, value=11686.0
    [iter 9504085] reheat + diversify: ceiling=0.00, value=13192.0
    [iter 9509838] reheat + diversify: ceiling=0.00, value=12040.0
    [iter 9515591] reheat + diversify: ceiling=0.00, value=12616.0
    [iter 9521344] reheat + diversify: ceiling=0.00, value=13192.0
    [iter 9527097] reheat + diversify: ceiling=0.00, value=11110.0
    [iter 9532850] reheat + diversify: ceiling=0.00, value=12616.0
    [iter 9538603] reheat + diversify: ceiling=0.00, value=12040.0
    [iter 9544356] reheat + diversify: ceiling=0.00, value=12616.0
    [iter 9550109] reheat + diversify: ceiling=0.00, value=9736.0
    [iter 9555862] reheat + diversify: ceiling=0.00, value=11110.0
    [iter 9561615] reheat + diversify: ceiling=0.00, value=12616.0
    [iter 9567368] reheat + diversify: ceiling=0.00, value=12616.0
    [iter 9573121] reheat + diversify: ceiling=0.00, value=11110.0
    [iter 9578874] reheat + diversify: ceiling=0.00, value=12616.0
    [iter 9584627] reheat + diversify: ceiling=0.00, value=12616.0
    [iter 9590380] reheat + diversify: ceiling=0.00, value=12616.0
    [iter 9596133] reheat + diversify: ceiling=0.00, value=8230.0
    [iter 9601886] reheat + diversify: ceiling=0.00, value=7654.0
    [iter 9607639] reheat + diversify: ceiling=0.00, value=10180.0
    [iter 9613392] reheat + diversify: ceiling=0.00, value=13192.0
    [iter 9619145] reheat + diversify: ceiling=0.00, value=13192.0
    [iter 9624898] reheat + diversify: ceiling=0.00, value=9160.0
    [iter 9630651] reheat + diversify: ceiling=0.00, value=10180.0
    [iter 9636404] reheat + diversify: ceiling=0.00, value=12616.0
    [iter 9642157] reheat + diversify: ceiling=0.00, value=9160.0
    [iter 9647910] reheat + diversify: ceiling=0.00, value=11110.0
    [iter 9653663] reheat + diversify: ceiling=0.00, value=8230.0
    [iter 9659416] reheat + diversify: ceiling=0.00, value=12616.0
    [iter 9665169] reheat + diversify: ceiling=0.00, value=11686.0
    [iter 9670922] reheat + diversify: ceiling=0.00, value=11686.0
    [iter 9676675] reheat + diversify: ceiling=0.00, value=12616.0
    [iter 9682428] reheat + diversify: ceiling=0.00, value=8230.0
    [iter 9688181] reheat + diversify: ceiling=0.00, value=13192.0
    [iter 9693934] reheat + diversify: ceiling=0.00, value=11110.0
    [iter 9699687] reheat + diversify: ceiling=0.00, value=9736.0
    [iter 9705440] reheat + diversify: ceiling=0.00, value=13192.0
    [iter 9711193] reheat + diversify: ceiling=0.00, value=8230.0
    [iter 9716946] reheat + diversify: ceiling=0.00, value=6724.0
    [iter 9722699] reheat + diversify: ceiling=0.00, value=9604.0
    [iter 9728452] reheat + diversify: ceiling=0.00, value=9736.0
    [iter 9734205] reheat + diversify: ceiling=0.00, value=11686.0
    [iter 9739958] reheat + diversify: ceiling=0.00, value=13192.0
    [iter 9745711] reheat + diversify: ceiling=0.00, value=11110.0
    [iter 9751464] reheat + diversify: ceiling=0.00, value=11686.0
    [iter 9757217] reheat + diversify: ceiling=0.00, value=10180.0
    [iter 9762970] reheat + diversify: ceiling=0.00, value=13192.0
    [iter 9768723] reheat + diversify: ceiling=0.00, value=12616.0
    [iter 9774476] reheat + diversify: ceiling=0.00, value=13192.0
    [iter 9780229] reheat + diversify: ceiling=0.00, value=12616.0
    [iter 9785982] reheat + diversify: ceiling=0.00, value=8230.0
    [iter 9791735] reheat + diversify: ceiling=0.00, value=11686.0
    [iter 9797488] reheat + diversify: ceiling=0.00, value=11110.0
    [iter 9803241] reheat + diversify: ceiling=0.00, value=12040.0
    [iter 9808994] reheat + diversify: ceiling=0.00, value=10180.0
    [iter 9814747] reheat + diversify: ceiling=0.00, value=7654.0
    [iter 9820500] reheat + diversify: ceiling=0.00, value=11110.0
    [iter 9826253] reheat + diversify: ceiling=0.00, value=13192.0
    [iter 9832006] reheat + diversify: ceiling=0.00, value=9160.0
    [iter 9837759] reheat + diversify: ceiling=0.00, value=13192.0
    [iter 9843512] reheat + diversify: ceiling=0.00, value=9160.0
    [iter 9849265] reheat + diversify: ceiling=0.00, value=11110.0
    [iter 9855018] reheat + diversify: ceiling=0.00, value=11686.0
    [iter 9860771] reheat + diversify: ceiling=0.00, value=12040.0
    [iter 9866524] reheat + diversify: ceiling=0.00, value=13192.0
    [iter 9872277] reheat + diversify: ceiling=0.00, value=12040.0
    [iter 9878030] reheat + diversify: ceiling=0.00, value=8230.0
    [iter 9883783] reheat + diversify: ceiling=0.00, value=11110.0
    [iter 9889536] reheat + diversify: ceiling=0.00, value=10534.0
    [iter 9895289] reheat + diversify: ceiling=0.00, value=12040.0
    [iter 9901042] reheat + diversify: ceiling=0.00, value=12040.0
    [iter 9906795] reheat + diversify: ceiling=0.00, value=8988.0
    [iter 9912548] reheat + diversify: ceiling=0.00, value=9160.0
    [iter 9918301] reheat + diversify: ceiling=0.00, value=13192.0
    [iter 9924054] reheat + diversify: ceiling=0.00, value=10534.0
    [iter 9929807] reheat + diversify: ceiling=0.00, value=11686.0
    [iter 9935560] reheat + diversify: ceiling=0.00, value=11686.0
    [iter 9941313] reheat + diversify: ceiling=0.00, value=12616.0
    [iter 9947066] reheat + diversify: ceiling=0.00, value=9604.0
    [iter 9952819] reheat + diversify: ceiling=0.00, value=11110.0
    [iter 9958572] reheat + diversify: ceiling=0.00, value=12616.0
    [iter 9964325] reheat + diversify: ceiling=0.00, value=13192.0
    [iter 9970078] reheat + diversify: ceiling=0.00, value=9604.0
    [iter 9975831] reheat + diversify: ceiling=0.00, value=12616.0
    [iter 9981584] reheat + diversify: ceiling=0.00, value=9160.0
    [iter 9987337] reheat + diversify: ceiling=0.00, value=12616.0
    [iter 9993090] reheat + diversify: ceiling=0.00, value=12040.0
    [iter 9998843] reheat + diversify: ceiling=0.00, value=8230.0
    [iter 10004596] reheat + diversify: ceiling=0.00, value=9160.0
    [iter 10010349] reheat + diversify: ceiling=0.00, value=13192.0
    [iter 10016102] reheat + diversify: ceiling=0.00, value=7654.0
    [iter 10021855] reheat + diversify: ceiling=0.00, value=6724.0
    [iter 10027608] reheat + diversify: ceiling=0.00, value=12040.0
    [iter 10033361] reheat + diversify: ceiling=0.00, value=12616.0
    [iter 10039114] reheat + diversify: ceiling=0.00, value=8230.0
    [iter 10044867] reheat + diversify: ceiling=0.00, value=12616.0
    [iter 10050620] reheat + diversify: ceiling=0.00, value=11464.0
    [iter 10056373] reheat + diversify: ceiling=0.00, value=10534.0
    [iter 10062126] reheat + diversify: ceiling=0.00, value=9160.0
    [iter 10067879] reheat + diversify: ceiling=0.00, value=8230.0
    [iter 10073632] reheat + diversify: ceiling=0.00, value=7654.0
    [iter 10079385] reheat + diversify: ceiling=0.00, value=12040.0
    [iter 10085138] reheat + diversify: ceiling=0.00, value=6724.0
    [iter 10090891] reheat + diversify: ceiling=0.00, value=13192.0
    [iter 10096644] reheat + diversify: ceiling=0.00, value=12616.0
    [iter 10102397] reheat + diversify: ceiling=0.00, value=11110.0
    [iter 10108150] reheat + diversify: ceiling=0.00, value=12616.0
    [iter 10113903] reheat + diversify: ceiling=0.00, value=9160.0
    [iter 10119656] reheat + diversify: ceiling=0.00, value=12616.0
    [iter 10125409] reheat + diversify: ceiling=0.00, value=10180.0
    [iter 10131162] reheat + diversify: ceiling=0.00, value=11110.0
    [iter 10136915] reheat + diversify: ceiling=0.00, value=11110.0
    [iter 10142668] reheat + diversify: ceiling=0.00, value=12616.0
    [iter 10148421] reheat + diversify: ceiling=0.00, value=9604.0
    [iter 10154174] reheat + diversify: ceiling=0.00, value=7654.0
    [iter 10159927] reheat + diversify: ceiling=0.00, value=11686.0
    [iter 10165680] reheat + diversify: ceiling=0.00, value=13192.0
    [iter 10171433] reheat + diversify: ceiling=0.00, value=11110.0
    [iter 10177186] reheat + diversify: ceiling=0.00, value=12616.0
    [iter 10182939] reheat + diversify: ceiling=0.00, value=12616.0
    [iter 10188692] reheat + diversify: ceiling=0.00, value=12616.0
    [iter 10194445] reheat + diversify: ceiling=0.00, value=9736.0
    [iter 10200198] reheat + diversify: ceiling=0.00, value=12616.0
    [iter 10205951] reheat + diversify: ceiling=0.00, value=11110.0
    [iter 10211704] reheat + diversify: ceiling=0.00, value=12616.0
    [iter 10217457] reheat + diversify: ceiling=0.00, value=11110.0
    [iter 10223210] reheat + diversify: ceiling=0.00, value=8230.0
    [iter 10228963] reheat + diversify: ceiling=0.00, value=13192.0
    [iter 10234716] reheat + diversify: ceiling=0.00, value=8230.0
    [iter 10240469] reheat + diversify: ceiling=0.00, value=11110.0
    [iter 10246222] reheat + diversify: ceiling=0.00, value=8230.0
    [iter 10251975] reheat + diversify: ceiling=0.00, value=11110.0
    [iter 10257728] reheat + diversify: ceiling=0.00, value=11686.0
    [iter 10263481] reheat + diversify: ceiling=0.00, value=11686.0
    [iter 10269234] reheat + diversify: ceiling=0.00, value=11110.0
    [iter 10274987] reheat + diversify: ceiling=0.00, value=12616.0
    [iter 10280740] reheat + diversify: ceiling=0.00, value=12616.0
    [iter 10286493] reheat + diversify: ceiling=0.00, value=12040.0
    [iter 10292246] reheat + diversify: ceiling=0.00, value=12616.0
    [iter 10297999] reheat + diversify: ceiling=0.00, value=11110.0
    [iter 10303752] reheat + diversify: ceiling=0.00, value=10180.0
    [iter 10309505] reheat + diversify: ceiling=0.00, value=13192.0
    [iter 10315258] reheat + diversify: ceiling=0.00, value=12616.0
    [iter 10321011] reheat + diversify: ceiling=0.00, value=13192.0
    [iter 10326764] reheat + diversify: ceiling=0.00, value=11686.0
    [iter 10332517] reheat + diversify: ceiling=0.00, value=13192.0
    [iter 10338270] reheat + diversify: ceiling=0.00, value=9160.0
    [iter 10344023] reheat + diversify: ceiling=0.00, value=13192.0
    [iter 10349776] reheat + diversify: ceiling=0.00, value=13192.0
    [iter 10355529] reheat + diversify: ceiling=0.00, value=9736.0
    [iter 10361282] reheat + diversify: ceiling=0.00, value=9160.0
    [iter 10367035] reheat + diversify: ceiling=0.00, value=11110.0
    [iter 10372788] reheat + diversify: ceiling=0.00, value=13192.0
    [iter 10378541] reheat + diversify: ceiling=0.00, value=6724.0
    [iter 10384294] reheat + diversify: ceiling=0.00, value=13192.0
    [iter 10390047] reheat + diversify: ceiling=0.00, value=12616.0
    [iter 10395800] reheat + diversify: ceiling=0.00, value=7654.0
    [iter 10401553] reheat + diversify: ceiling=0.00, value=11110.0
    [iter 10407306] reheat + diversify: ceiling=0.00, value=12616.0
    [iter 10413059] reheat + diversify: ceiling=0.00, value=11110.0
    [iter 10418812] reheat + diversify: ceiling=0.00, value=12040.0
    [iter 10424565] reheat + diversify: ceiling=0.00, value=12616.0
    [iter 10430318] reheat + diversify: ceiling=0.00, value=9160.0
    [iter 10436071] reheat + diversify: ceiling=0.00, value=13192.0
    [iter 10441824] reheat + diversify: ceiling=0.00, value=7654.0
    [iter 10447577] reheat + diversify: ceiling=0.00, value=9160.0
    [iter 10453330] reheat + diversify: ceiling=0.00, value=11110.0
    [iter 10459083] reheat + diversify: ceiling=0.00, value=13192.0
    [iter 10464836] reheat + diversify: ceiling=0.00, value=9160.0
    [iter 10470589] reheat + diversify: ceiling=0.00, value=12616.0
    [iter 10476342] reheat + diversify: ceiling=0.00, value=7654.0
    [iter 10482095] reheat + diversify: ceiling=0.00, value=13192.0
    [iter 10487848] reheat + diversify: ceiling=0.00, value=9736.0
    [iter 10493601] reheat + diversify: ceiling=0.00, value=12040.0
    [iter 10499354] reheat + diversify: ceiling=0.00, value=11464.0
    [iter 10505107] reheat + diversify: ceiling=0.00, value=10180.0
    [iter 10510860] reheat + diversify: ceiling=0.00, value=8230.0
    [iter 10516613] reheat + diversify: ceiling=0.00, value=12616.0
    [iter 10522366] reheat + diversify: ceiling=0.00, value=12040.0
    [iter 10528119] reheat + diversify: ceiling=0.00, value=8230.0
    [iter 10533872] reheat + diversify: ceiling=0.00, value=12040.0
    [iter 10539625] reheat + diversify: ceiling=0.00, value=12040.0
    [iter 10545378] reheat + diversify: ceiling=0.00, value=11686.0
    [iter 10551131] reheat + diversify: ceiling=0.00, value=12040.0
    [iter 10556884] reheat + diversify: ceiling=0.00, value=8230.0
    [iter 10562637] reheat + diversify: ceiling=0.00, value=11110.0
    [iter 10568390] reheat + diversify: ceiling=0.00, value=9604.0
    [iter 10574143] reheat + diversify: ceiling=0.00, value=7654.0
    [iter 10579896] reheat + diversify: ceiling=0.00, value=9160.0
    [iter 10585649] reheat + diversify: ceiling=0.00, value=8230.0
    [iter 10591402] reheat + diversify: ceiling=0.00, value=10180.0
    [iter 10597155] reheat + diversify: ceiling=0.00, value=12616.0
    [iter 10602908] reheat + diversify: ceiling=0.00, value=13192.0
    [iter 10608661] reheat + diversify: ceiling=0.00, value=12616.0
    [iter 10614414] reheat + diversify: ceiling=0.00, value=11686.0
    [iter 10620167] reheat + diversify: ceiling=0.00, value=12616.0
    [iter 10625920] reheat + diversify: ceiling=0.00, value=8230.0
    [iter 10631673] reheat + diversify: ceiling=0.00, value=11110.0
    [iter 10637426] reheat + diversify: ceiling=0.00, value=8230.0
    [iter 10643179] reheat + diversify: ceiling=0.00, value=12616.0
    [iter 10648932] reheat + diversify: ceiling=0.00, value=13192.0
    [iter 10654685] reheat + diversify: ceiling=0.00, value=12040.0
    [iter 10660438] reheat + diversify: ceiling=0.00, value=9604.0
    [iter 10666191] reheat + diversify: ceiling=0.00, value=8230.0
    [iter 10671944] reheat + diversify: ceiling=0.00, value=12616.0
    [iter 10677697] reheat + diversify: ceiling=0.00, value=12040.0
    [iter 10683450] reheat + diversify: ceiling=0.00, value=13192.0
    [iter 10689203] reheat + diversify: ceiling=0.00, value=8230.0
    [iter 10694956] reheat + diversify: ceiling=0.00, value=12616.0
    [iter 10700709] reheat + diversify: ceiling=0.00, value=9160.0
    [iter 10706462] reheat + diversify: ceiling=0.00, value=11464.0
    [iter 10712215] reheat + diversify: ceiling=0.00, value=12616.0
    [iter 10717968] reheat + diversify: ceiling=0.00, value=8230.0
    [iter 10723721] reheat + diversify: ceiling=0.00, value=13192.0
    [iter 10729474] reheat + diversify: ceiling=0.00, value=12040.0
    [iter 10735227] reheat + diversify: ceiling=0.00, value=11686.0
    [iter 10740980] reheat + diversify: ceiling=0.00, value=11686.0
    [iter 10746733] reheat + diversify: ceiling=0.00, value=11110.0
    [iter 10752486] reheat + diversify: ceiling=0.00, value=8230.0
    [iter 10758239] reheat + diversify: ceiling=0.00, value=12616.0
    [iter 10763992] reheat + diversify: ceiling=0.00, value=12040.0
    [iter 10769745] reheat + diversify: ceiling=0.00, value=12616.0
    [iter 10775498] reheat + diversify: ceiling=0.00, value=11110.0
    [iter 10781251] reheat + diversify: ceiling=0.00, value=12040.0
    [iter 10787004] reheat + diversify: ceiling=0.00, value=12616.0
    [iter 10792757] reheat + diversify: ceiling=0.00, value=12040.0
    [iter 10798510] reheat + diversify: ceiling=0.00, value=10534.0
    [iter 10804263] reheat + diversify: ceiling=0.00, value=8230.0
    [iter 10810016] reheat + diversify: ceiling=0.00, value=10180.0
    [iter 10815769] reheat + diversify: ceiling=0.00, value=9160.0
    [iter 10821522] reheat + diversify: ceiling=0.00, value=11110.0
    [iter 10827275] reheat + diversify: ceiling=0.00, value=12616.0
    [iter 10833028] reheat + diversify: ceiling=0.00, value=12040.0
    [iter 10838781] reheat + diversify: ceiling=0.00, value=8230.0
    [iter 10844534] reheat + diversify: ceiling=0.00, value=12616.0
    [iter 10850287] reheat + diversify: ceiling=0.00, value=11686.0
    [iter 10856040] reheat + diversify: ceiling=0.00, value=12616.0
    [iter 10861793] reheat + diversify: ceiling=0.00, value=11110.0
    [iter 10867546] reheat + diversify: ceiling=0.00, value=8230.0
    [iter 10873299] reheat + diversify: ceiling=0.00, value=12040.0
    [iter 10879052] reheat + diversify: ceiling=0.00, value=12040.0
    [iter 10884805] reheat + diversify: ceiling=0.00, value=13192.0
    [iter 10890558] reheat + diversify: ceiling=0.00, value=8230.0
    [iter 10896311] reheat + diversify: ceiling=0.00, value=11110.0
    [iter 10902064] reheat + diversify: ceiling=0.00, value=9604.0
    [iter 10907817] reheat + diversify: ceiling=0.00, value=13192.0
    [iter 10913570] reheat + diversify: ceiling=0.00, value=11110.0
    [iter 10919323] reheat + diversify: ceiling=0.00, value=12040.0
    [iter 10925076] reheat + diversify: ceiling=0.00, value=12616.0
    [iter 10930829] reheat + diversify: ceiling=0.00, value=11110.0
    [iter 10936582] reheat + diversify: ceiling=0.00, value=6724.0
    [iter 10942335] reheat + diversify: ceiling=0.00, value=9604.0
    [iter 10948088] reheat + diversify: ceiling=0.00, value=12616.0
    [iter 10953841] reheat + diversify: ceiling=0.00, value=13192.0
    [iter 10959594] reheat + diversify: ceiling=0.00, value=9160.0
    [iter 10965347] reheat + diversify: ceiling=0.00, value=13192.0
    [iter 10971100] reheat + diversify: ceiling=0.00, value=12040.0
    [iter 10976853] reheat + diversify: ceiling=0.00, value=8230.0
    [iter 10982606] reheat + diversify: ceiling=0.00, value=11110.0
    [iter 10988359] reheat + diversify: ceiling=0.00, value=12040.0
    [iter 10994112] reheat + diversify: ceiling=0.00, value=12616.0
    [iter 10999865] reheat + diversify: ceiling=0.00, value=11110.0
    [iter 11005618] reheat + diversify: ceiling=0.00, value=12040.0
    [iter 11011371] reheat + diversify: ceiling=0.00, value=11110.0
    [iter 11017124] reheat + diversify: ceiling=0.00, value=12616.0
    [iter 11022877] reheat + diversify: ceiling=0.00, value=11110.0
    [iter 11028630] reheat + diversify: ceiling=0.00, value=12040.0
    [iter 11034383] reheat + diversify: ceiling=0.00, value=12040.0
    [iter 11040136] reheat + diversify: ceiling=0.00, value=11686.0
    [iter 11045889] reheat + diversify: ceiling=0.00, value=12040.0
    [iter 11051642] reheat + diversify: ceiling=0.00, value=11110.0
    [iter 11057395] reheat + diversify: ceiling=0.00, value=9160.0
    [iter 11063148] reheat + diversify: ceiling=0.00, value=8230.0
    [iter 11068901] reheat + diversify: ceiling=0.00, value=13192.0
    [iter 11074654] reheat + diversify: ceiling=0.00, value=12040.0
    [iter 11080407] reheat + diversify: ceiling=0.00, value=11686.0
    [iter 11086160] reheat + diversify: ceiling=0.00, value=11686.0
    [iter 11091913] reheat + diversify: ceiling=0.00, value=11110.0
    [iter 11097666] reheat + diversify: ceiling=0.00, value=13192.0
    [iter 11103419] reheat + diversify: ceiling=0.00, value=11110.0
    [iter 11109172] reheat + diversify: ceiling=0.00, value=11110.0
    [iter 11114925] reheat + diversify: ceiling=0.00, value=13192.0
    [iter 11120678] reheat + diversify: ceiling=0.00, value=11686.0
    [iter 11126431] reheat + diversify: ceiling=0.00, value=12040.0
    [iter 11132184] reheat + diversify: ceiling=0.00, value=12616.0
    [iter 11137937] reheat + diversify: ceiling=0.00, value=12616.0
    [iter 11143690] reheat + diversify: ceiling=0.00, value=12040.0
    [iter 11149443] reheat + diversify: ceiling=0.00, value=12616.0
    [iter 11155196] reheat + diversify: ceiling=0.00, value=9160.0
    [iter 11160949] reheat + diversify: ceiling=0.00, value=12040.0
    [iter 11166702] reheat + diversify: ceiling=0.00, value=11110.0
    [iter 11172455] reheat + diversify: ceiling=0.00, value=8230.0
    [iter 11178208] reheat + diversify: ceiling=0.00, value=12616.0
    [iter 11183961] reheat + diversify: ceiling=0.00, value=12616.0
    [iter 11189714] reheat + diversify: ceiling=0.00, value=9160.0
    [iter 11195467] reheat + diversify: ceiling=0.00, value=13192.0
    [iter 11201220] reheat + diversify: ceiling=0.00, value=13192.0
    [iter 11206973] reheat + diversify: ceiling=0.00, value=10534.0
    [iter 11212726] reheat + diversify: ceiling=0.00, value=12616.0
    [iter 11218479] reheat + diversify: ceiling=0.00, value=13192.0
    [iter 11224232] reheat + diversify: ceiling=0.00, value=8230.0
    [iter 11229985] reheat + diversify: ceiling=0.00, value=9160.0
    [iter 11235738] reheat + diversify: ceiling=0.00, value=12040.0
    [iter 11241491] reheat + diversify: ceiling=0.00, value=11686.0
    [iter 11247244] reheat + diversify: ceiling=0.00, value=12616.0
    [iter 11252997] reheat + diversify: ceiling=0.00, value=8230.0
    [iter 11258750] reheat + diversify: ceiling=0.00, value=11110.0
    [iter 11264503] reheat + diversify: ceiling=0.00, value=12616.0
    [iter 11270256] reheat + diversify: ceiling=0.00, value=10534.0
    [iter 11276009] reheat + diversify: ceiling=0.00, value=13192.0
    [iter 11281762] reheat + diversify: ceiling=0.00, value=10534.0
    [iter 11287515] reheat + diversify: ceiling=0.00, value=9736.0
    [iter 11293268] reheat + diversify: ceiling=0.00, value=11110.0
    [iter 11299021] reheat + diversify: ceiling=0.00, value=12616.0
    [iter 11304774] reheat + diversify: ceiling=0.00, value=13192.0
    [iter 11310527] reheat + diversify: ceiling=0.00, value=13192.0
    [iter 11316280] reheat + diversify: ceiling=0.00, value=12040.0
    [iter 11322033] reheat + diversify: ceiling=0.00, value=11686.0
    [iter 11327786] reheat + diversify: ceiling=0.00, value=8230.0
    [iter 11333539] reheat + diversify: ceiling=0.00, value=8230.0
    [iter 11339292] reheat + diversify: ceiling=0.00, value=11110.0
    [iter 11345045] reheat + diversify: ceiling=0.00, value=8230.0
    [iter 11350798] reheat + diversify: ceiling=0.00, value=6724.0
    [iter 11356551] reheat + diversify: ceiling=0.00, value=12616.0
    [iter 11362304] reheat + diversify: ceiling=0.00, value=9160.0
    [iter 11368057] reheat + diversify: ceiling=0.00, value=13192.0
    [iter 11373810] reheat + diversify: ceiling=0.00, value=8230.0
    [iter 11379563] reheat + diversify: ceiling=0.00, value=12616.0
    [iter 11385316] reheat + diversify: ceiling=0.00, value=11464.0
    [iter 11391069] reheat + diversify: ceiling=0.00, value=12616.0
    [iter 11396822] reheat + diversify: ceiling=0.00, value=10180.0
    [iter 11402575] reheat + diversify: ceiling=0.00, value=11110.0
    [iter 11408328] reheat + diversify: ceiling=0.00, value=13192.0
    [iter 11414081] reheat + diversify: ceiling=0.00, value=13192.0
    [iter 11419834] reheat + diversify: ceiling=0.00, value=12040.0
    [iter 11425587] reheat + diversify: ceiling=0.00, value=11464.0
    [iter 11431340] reheat + diversify: ceiling=0.00, value=12616.0
    [iter 11437093] reheat + diversify: ceiling=0.00, value=11110.0
    [iter 11442846] reheat + diversify: ceiling=0.00, value=12616.0
    [iter 11448599] reheat + diversify: ceiling=0.00, value=12616.0
    [iter 11454352] reheat + diversify: ceiling=0.00, value=11110.0
    [iter 11460105] reheat + diversify: ceiling=0.00, value=12616.0
    [iter 11465858] reheat + diversify: ceiling=0.00, value=13192.0
    [iter 11471611] reheat + diversify: ceiling=0.00, value=12616.0
    [iter 11477364] reheat + diversify: ceiling=0.00, value=12616.0
    [iter 11483117] reheat + diversify: ceiling=0.00, value=12616.0
    [iter 11488870] reheat + diversify: ceiling=0.00, value=8230.0
    [iter 11494623] reheat + diversify: ceiling=0.00, value=8230.0
    [iter 11500376] reheat + diversify: ceiling=0.00, value=12040.0
    [iter 11506129] reheat + diversify: ceiling=0.00, value=12040.0
    [iter 11511882] reheat + diversify: ceiling=0.00, value=13192.0
    [iter 11517635] reheat + diversify: ceiling=0.00, value=13192.0
    [iter 11523388] reheat + diversify: ceiling=0.00, value=7654.0
    [iter 11529141] reheat + diversify: ceiling=0.00, value=11110.0
    [iter 11534894] reheat + diversify: ceiling=0.00, value=13192.0
    [iter 11540647] reheat + diversify: ceiling=0.00, value=13192.0
    [iter 11546400] reheat + diversify: ceiling=0.00, value=10534.0
    [iter 11552153] reheat + diversify: ceiling=0.00, value=6724.0
    [iter 11557906] reheat + diversify: ceiling=0.00, value=9604.0
    [iter 11563659] reheat + diversify: ceiling=0.00, value=12616.0
    [iter 11569412] reheat + diversify: ceiling=0.00, value=12616.0
    [iter 11575165] reheat + diversify: ceiling=0.00, value=12040.0
    [iter 11580918] reheat + diversify: ceiling=0.00, value=8230.0
    [iter 11586671] reheat + diversify: ceiling=0.00, value=11110.0
    [iter 11592424] reheat + diversify: ceiling=0.00, value=11110.0
    [iter 11598177] reheat + diversify: ceiling=0.00, value=8230.0
    [iter 11603930] reheat + diversify: ceiling=0.00, value=11110.0
    [iter 11609683] reheat + diversify: ceiling=0.00, value=11110.0
    [iter 11615436] reheat + diversify: ceiling=0.00, value=8230.0
    [iter 11621189] reheat + diversify: ceiling=0.00, value=13192.0
    [iter 11626942] reheat + diversify: ceiling=0.00, value=12616.0
    [iter 11632695] reheat + diversify: ceiling=0.00, value=12616.0
    [iter 11638448] reheat + diversify: ceiling=0.00, value=12040.0
    [iter 11644201] reheat + diversify: ceiling=0.00, value=7654.0
    [iter 11649954] reheat + diversify: ceiling=0.00, value=12616.0
    [iter 11655707] reheat + diversify: ceiling=0.00, value=13192.0
    [iter 11661460] reheat + diversify: ceiling=0.00, value=12616.0
    [iter 11667213] reheat + diversify: ceiling=0.00, value=12040.0
    [iter 11672966] reheat + diversify: ceiling=0.00, value=13192.0
    [iter 11678719] reheat + diversify: ceiling=0.00, value=9160.0
    [iter 11684472] reheat + diversify: ceiling=0.00, value=9160.0
    [iter 11690225] reheat + diversify: ceiling=0.00, value=12616.0
    [iter 11695978] reheat + diversify: ceiling=0.00, value=13192.0
    [iter 11701731] reheat + diversify: ceiling=0.00, value=13192.0
    [iter 11707484] reheat + diversify: ceiling=0.00, value=9604.0
    [iter 11713237] reheat + diversify: ceiling=0.00, value=12616.0
    [iter 11718990] reheat + diversify: ceiling=0.00, value=11686.0
    [iter 11724743] reheat + diversify: ceiling=0.00, value=11110.0
    [iter 11730496] reheat + diversify: ceiling=0.00, value=12616.0
    [iter 11736249] reheat + diversify: ceiling=0.00, value=13192.0
    [iter 11742002] reheat + diversify: ceiling=0.00, value=13192.0
    [iter 11747755] reheat + diversify: ceiling=0.00, value=12616.0
    [iter 11753508] reheat + diversify: ceiling=0.00, value=12616.0
    [iter 11759261] reheat + diversify: ceiling=0.00, value=8230.0
    [iter 11765014] reheat + diversify: ceiling=0.00, value=11110.0
    [iter 11770767] reheat + diversify: ceiling=0.00, value=11686.0
    [iter 11776520] reheat + diversify: ceiling=0.00, value=9160.0
    [iter 11782273] reheat + diversify: ceiling=0.00, value=10180.0
    [iter 11788026] reheat + diversify: ceiling=0.00, value=12616.0
    [iter 11793779] reheat + diversify: ceiling=0.00, value=11110.0
    [iter 11799532] reheat + diversify: ceiling=0.00, value=13192.0
    [iter 11805285] reheat + diversify: ceiling=0.00, value=12616.0
    [iter 11811038] reheat + diversify: ceiling=0.00, value=12616.0
    [iter 11816791] reheat + diversify: ceiling=0.00, value=13192.0
    [iter 11822544] reheat + diversify: ceiling=0.00, value=12616.0
    [iter 11828297] reheat + diversify: ceiling=0.00, value=11110.0
    [iter 11834050] reheat + diversify: ceiling=0.00, value=13192.0
    [iter 11839803] reheat + diversify: ceiling=0.00, value=8230.0
    [iter 11845556] reheat + diversify: ceiling=0.00, value=10534.0
    [iter 11851309] reheat + diversify: ceiling=0.00, value=13192.0
    [iter 11857062] reheat + diversify: ceiling=0.00, value=11110.0
    [iter 11862815] reheat + diversify: ceiling=0.00, value=8988.0
    [iter 11868568] reheat + diversify: ceiling=0.00, value=11686.0
    [iter 11874321] reheat + diversify: ceiling=0.00, value=8230.0
    [iter 11880074] reheat + diversify: ceiling=0.00, value=13192.0
    [iter 11885827] reheat + diversify: ceiling=0.00, value=10180.0
    [iter 11891580] reheat + diversify: ceiling=0.00, value=12040.0
    [iter 11897333] reheat + diversify: ceiling=0.00, value=11686.0
    [iter 11903086] reheat + diversify: ceiling=0.00, value=11110.0
    [iter 11908839] reheat + diversify: ceiling=0.00, value=12616.0
    [iter 11914592] reheat + diversify: ceiling=0.00, value=9160.0
    [iter 11920345] reheat + diversify: ceiling=0.00, value=13192.0
    [iter 11926098] reheat + diversify: ceiling=0.00, value=13192.0
    [iter 11931851] reheat + diversify: ceiling=0.00, value=8230.0
    [iter 11937604] reheat + diversify: ceiling=0.00, value=8230.0
    [iter 11943357] reheat + diversify: ceiling=0.00, value=10534.0
    [iter 11949110] reheat + diversify: ceiling=0.00, value=13192.0
    [iter 11954863] reheat + diversify: ceiling=0.00, value=9160.0
    [iter 11960616] reheat + diversify: ceiling=0.00, value=11686.0
    [iter 11966369] reheat + diversify: ceiling=0.00, value=11110.0
    [iter 11972122] reheat + diversify: ceiling=0.00, value=8230.0
    [iter 11977875] reheat + diversify: ceiling=0.00, value=12616.0
    [iter 11983628] reheat + diversify: ceiling=0.00, value=9160.0
    [iter 11989381] reheat + diversify: ceiling=0.00, value=11464.0
    [iter 11995134] reheat + diversify: ceiling=0.00, value=13192.0
    [iter 12000887] reheat + diversify: ceiling=0.00, value=9160.0
    [iter 12006640] reheat + diversify: ceiling=0.00, value=12616.0
    [iter 12012393] reheat + diversify: ceiling=0.00, value=13192.0
    [iter 12018146] reheat + diversify: ceiling=0.00, value=12040.0
    [iter 12023899] reheat + diversify: ceiling=0.00, value=10180.0
    [iter 12029652] reheat + diversify: ceiling=0.00, value=13192.0
    [iter 12035405] reheat + diversify: ceiling=0.00, value=13192.0
    [iter 12041158] reheat + diversify: ceiling=0.00, value=12040.0
    [iter 12046911] reheat + diversify: ceiling=0.00, value=11464.0
    [iter 12052664] reheat + diversify: ceiling=0.00, value=13192.0
    [iter 12058417] reheat + diversify: ceiling=0.00, value=6724.0
    [iter 12064170] reheat + diversify: ceiling=0.00, value=10180.0
    [iter 12069923] reheat + diversify: ceiling=0.00, value=12616.0
    [iter 12075676] reheat + diversify: ceiling=0.00, value=8230.0
    [iter 12081429] reheat + diversify: ceiling=0.00, value=12040.0
    [iter 12087182] reheat + diversify: ceiling=0.00, value=13192.0
    [iter 12092935] reheat + diversify: ceiling=0.00, value=9604.0
    [iter 12098688] reheat + diversify: ceiling=0.00, value=12616.0
    [iter 12104441] reheat + diversify: ceiling=0.00, value=13192.0
    [iter 12110194] reheat + diversify: ceiling=0.00, value=9160.0
    [iter 12115947] reheat + diversify: ceiling=0.00, value=12040.0
    [iter 12121700] reheat + diversify: ceiling=0.00, value=10180.0
    [iter 12127453] reheat + diversify: ceiling=0.00, value=12616.0
    [iter 12133206] reheat + diversify: ceiling=0.00, value=8230.0
    [iter 12138959] reheat + diversify: ceiling=0.00, value=12040.0
    [iter 12144712] reheat + diversify: ceiling=0.00, value=9604.0
    [iter 12150465] reheat + diversify: ceiling=0.00, value=13192.0
    [iter 12156218] reheat + diversify: ceiling=0.00, value=8230.0
    [iter 12161971] reheat + diversify: ceiling=0.00, value=11110.0
    [iter 12167724] reheat + diversify: ceiling=0.00, value=8230.0
    [iter 12173477] reheat + diversify: ceiling=0.00, value=12616.0
    [iter 12179230] reheat + diversify: ceiling=0.00, value=13192.0
    [iter 12184983] reheat + diversify: ceiling=0.00, value=12040.0
    [iter 12190736] reheat + diversify: ceiling=0.00, value=13192.0
    [iter 12196489] reheat + diversify: ceiling=0.00, value=11110.0
    [iter 12202242] reheat + diversify: ceiling=0.00, value=12040.0
    [iter 12207995] reheat + diversify: ceiling=0.00, value=12616.0
    [iter 12213748] reheat + diversify: ceiling=0.00, value=13192.0
    [iter 12219501] reheat + diversify: ceiling=0.00, value=6724.0
    [iter 12225254] reheat + diversify: ceiling=0.00, value=9160.0
    [iter 12231007] reheat + diversify: ceiling=0.00, value=13192.0
    [iter 12236760] reheat + diversify: ceiling=0.00, value=10180.0
    [iter 12242513] reheat + diversify: ceiling=0.00, value=12616.0
    [iter 12248266] reheat + diversify: ceiling=0.00, value=7654.0
    [iter 12254019] reheat + diversify: ceiling=0.00, value=11110.0
    [iter 12259772] reheat + diversify: ceiling=0.00, value=13192.0
    [iter 12265525] reheat + diversify: ceiling=0.00, value=12616.0
    [iter 12271278] reheat + diversify: ceiling=0.00, value=8230.0
    [iter 12277031] reheat + diversify: ceiling=0.00, value=13192.0
    [iter 12282784] reheat + diversify: ceiling=0.00, value=8230.0
    [iter 12288537] reheat + diversify: ceiling=0.00, value=12616.0
    [iter 12294290] reheat + diversify: ceiling=0.00, value=13192.0
    [iter 12300043] reheat + diversify: ceiling=0.00, value=12616.0
    [iter 12305796] reheat + diversify: ceiling=0.00, value=13192.0
    [iter 12311549] reheat + diversify: ceiling=0.00, value=12616.0
    [iter 12317302] reheat + diversify: ceiling=0.00, value=8230.0
    [iter 12323055] reheat + diversify: ceiling=0.00, value=11110.0
    [iter 12328808] reheat + diversify: ceiling=0.00, value=12616.0
    [iter 12334561] reheat + diversify: ceiling=0.00, value=10534.0
    [iter 12340314] reheat + diversify: ceiling=0.00, value=11110.0
    [iter 12346067] reheat + diversify: ceiling=0.00, value=8230.0
    [iter 12351820] reheat + diversify: ceiling=0.00, value=11686.0
    [iter 12357573] reheat + diversify: ceiling=0.00, value=13192.0
    [iter 12363326] reheat + diversify: ceiling=0.00, value=12616.0
    [iter 12369079] reheat + diversify: ceiling=0.00, value=13192.0
    [iter 12374832] reheat + diversify: ceiling=0.00, value=12616.0
    [iter 12380585] reheat + diversify: ceiling=0.00, value=12616.0
    [iter 12386338] reheat + diversify: ceiling=0.00, value=12616.0
    [iter 12392091] reheat + diversify: ceiling=0.00, value=10534.0
    [iter 12397844] reheat + diversify: ceiling=0.00, value=8230.0
    [iter 12403597] reheat + diversify: ceiling=0.00, value=12616.0
    [iter 12409350] reheat + diversify: ceiling=0.00, value=11110.0
    [iter 12415103] reheat + diversify: ceiling=0.00, value=12616.0
    [iter 12420856] reheat + diversify: ceiling=0.00, value=12616.0
    [iter 12426609] reheat + diversify: ceiling=0.00, value=12616.0
    [iter 12432362] reheat + diversify: ceiling=0.00, value=12616.0
    [iter 12438115] reheat + diversify: ceiling=0.00, value=13192.0
    [iter 12443868] reheat + diversify: ceiling=0.00, value=12616.0
    [iter 12449621] reheat + diversify: ceiling=0.00, value=12040.0
    [iter 12455374] reheat + diversify: ceiling=0.00, value=11686.0
    [iter 12461127] reheat + diversify: ceiling=0.00, value=12040.0
    [iter 12466880] reheat + diversify: ceiling=0.00, value=13192.0
    [iter 12472633] reheat + diversify: ceiling=0.00, value=6724.0
    [iter 12478386] reheat + diversify: ceiling=0.00, value=12616.0
    [iter 12484139] reheat + diversify: ceiling=0.00, value=10534.0
    [iter 12489892] reheat + diversify: ceiling=0.00, value=13192.0
    [iter 12495645] reheat + diversify: ceiling=0.00, value=12616.0
    [iter 12501398] reheat + diversify: ceiling=0.00, value=13192.0
    [iter 12507151] reheat + diversify: ceiling=0.00, value=12616.0
    [iter 12512904] reheat + diversify: ceiling=0.00, value=12616.0
    [iter 12518657] reheat + diversify: ceiling=0.00, value=10180.0
    [iter 12524410] reheat + diversify: ceiling=0.00, value=11110.0
    [iter 12530163] reheat + diversify: ceiling=0.00, value=12616.0
    [iter 12535916] reheat + diversify: ceiling=0.00, value=9736.0
    [iter 12541669] reheat + diversify: ceiling=0.00, value=12040.0
    [iter 12547422] reheat + diversify: ceiling=0.00, value=8230.0
    [iter 12553175] reheat + diversify: ceiling=0.00, value=11110.0
    [iter 12558928] reheat + diversify: ceiling=0.00, value=11686.0
    [iter 12564681] reheat + diversify: ceiling=0.00, value=13192.0
    [iter 12570434] reheat + diversify: ceiling=0.00, value=13192.0
    [iter 12576187] reheat + diversify: ceiling=0.00, value=12616.0
    [iter 12581940] reheat + diversify: ceiling=0.00, value=9160.0
    [iter 12587693] reheat + diversify: ceiling=0.00, value=11686.0
    [iter 12593446] reheat + diversify: ceiling=0.00, value=12616.0
    [iter 12599199] reheat + diversify: ceiling=0.00, value=12040.0
    [iter 12604952] reheat + diversify: ceiling=0.00, value=12040.0
    [iter 12610705] reheat + diversify: ceiling=0.00, value=12616.0
    [iter 12616458] reheat + diversify: ceiling=0.00, value=9604.0
    [iter 12622211] reheat + diversify: ceiling=0.00, value=13192.0
    [iter 12627964] reheat + diversify: ceiling=0.00, value=8230.0
    [iter 12633717] reheat + diversify: ceiling=0.00, value=11110.0
    [iter 12639470] reheat + diversify: ceiling=0.00, value=12040.0
    [iter 12645223] reheat + diversify: ceiling=0.00, value=12616.0
    [iter 12650976] reheat + diversify: ceiling=0.00, value=8230.0
    [iter 12656729] reheat + diversify: ceiling=0.00, value=12616.0
    [iter 12662482] reheat + diversify: ceiling=0.00, value=12616.0
    [iter 12668235] reheat + diversify: ceiling=0.00, value=8230.0
    [iter 12673988] reheat + diversify: ceiling=0.00, value=9160.0
    [iter 12679741] reheat + diversify: ceiling=0.00, value=13192.0
    [iter 12685494] reheat + diversify: ceiling=0.00, value=12616.0
    [iter 12691247] reheat + diversify: ceiling=0.00, value=9160.0
    [iter 12697000] reheat + diversify: ceiling=0.00, value=11110.0
    [iter 12702753] reheat + diversify: ceiling=0.00, value=8230.0
    [iter 12708506] reheat + diversify: ceiling=0.00, value=11110.0
    [iter 12714259] reheat + diversify: ceiling=0.00, value=10180.0
    [iter 12720012] reheat + diversify: ceiling=0.00, value=13192.0
    [iter 12725765] reheat + diversify: ceiling=0.00, value=9604.0
    [iter 12731518] reheat + diversify: ceiling=0.00, value=9160.0
    [iter 12737271] reheat + diversify: ceiling=0.00, value=13192.0
    [iter 12743024] reheat + diversify: ceiling=0.00, value=13192.0
    [iter 12748777] reheat + diversify: ceiling=0.00, value=11686.0
    [iter 12754530] reheat + diversify: ceiling=0.00, value=11110.0
    [iter 12760283] reheat + diversify: ceiling=0.00, value=7654.0
    [iter 12766036] reheat + diversify: ceiling=0.00, value=13192.0
    [iter 12771789] reheat + diversify: ceiling=0.00, value=13192.0
    [iter 12777542] reheat + diversify: ceiling=0.00, value=13192.0
    [iter 12783295] reheat + diversify: ceiling=0.00, value=12616.0
    [iter 12789048] reheat + diversify: ceiling=0.00, value=12040.0
    [iter 12794801] reheat + diversify: ceiling=0.00, value=13192.0
    [iter 12800554] reheat + diversify: ceiling=0.00, value=11110.0
    [iter 12806307] reheat + diversify: ceiling=0.00, value=12616.0
    [iter 12812060] reheat + diversify: ceiling=0.00, value=11110.0
    [iter 12817813] reheat + diversify: ceiling=0.00, value=11110.0
    [iter 12823566] reheat + diversify: ceiling=0.00, value=10180.0
    [iter 12829319] reheat + diversify: ceiling=0.00, value=8230.0
    [iter 12835072] reheat + diversify: ceiling=0.00, value=11110.0
    [iter 12840825] reheat + diversify: ceiling=0.00, value=8230.0
    [iter 12846578] reheat + diversify: ceiling=0.00, value=8230.0
    [iter 12852331] reheat + diversify: ceiling=0.00, value=12616.0
    [iter 12858084] reheat + diversify: ceiling=0.00, value=8230.0
    [iter 12863837] reheat + diversify: ceiling=0.00, value=13192.0
    [iter 12869590] reheat + diversify: ceiling=0.00, value=12040.0
    [iter 12875343] reheat + diversify: ceiling=0.00, value=12040.0
    [iter 12881096] reheat + diversify: ceiling=0.00, value=9160.0
    [iter 12886849] reheat + diversify: ceiling=0.00, value=11110.0
    [iter 12892602] reheat + diversify: ceiling=0.00, value=12040.0
    [iter 12898355] reheat + diversify: ceiling=0.00, value=13192.0
    [iter 12904108] reheat + diversify: ceiling=0.00, value=8230.0
    [iter 12909861] reheat + diversify: ceiling=0.00, value=12616.0
    [iter 12915614] reheat + diversify: ceiling=0.00, value=11686.0
    [iter 12921367] reheat + diversify: ceiling=0.00, value=12040.0
    [iter 12927120] reheat + diversify: ceiling=0.00, value=8230.0
    [iter 12932873] reheat + diversify: ceiling=0.00, value=13192.0
    [iter 12938626] reheat + diversify: ceiling=0.00, value=11110.0
    [iter 12944379] reheat + diversify: ceiling=0.00, value=10180.0
    [iter 12950132] reheat + diversify: ceiling=0.00, value=10180.0
    [iter 12955885] reheat + diversify: ceiling=0.00, value=12616.0
    [iter 12961638] reheat + diversify: ceiling=0.00, value=8230.0
    [iter 12967391] reheat + diversify: ceiling=0.00, value=8230.0
    [iter 12973144] reheat + diversify: ceiling=0.00, value=12616.0
    [iter 12978897] reheat + diversify: ceiling=0.00, value=9604.0
    [iter 12984650] reheat + diversify: ceiling=0.00, value=11686.0
    [iter 12990403] reheat + diversify: ceiling=0.00, value=11110.0
    [iter 12996156] reheat + diversify: ceiling=0.00, value=8230.0
    [iter 13001909] reheat + diversify: ceiling=0.00, value=8230.0
    [iter 13007662] reheat + diversify: ceiling=0.00, value=12040.0
    [iter 13013415] reheat + diversify: ceiling=0.00, value=13192.0
    [iter 13019168] reheat + diversify: ceiling=0.00, value=12040.0
    [iter 13024921] reheat + diversify: ceiling=0.00, value=11110.0
    [iter 13030674] reheat + diversify: ceiling=0.00, value=13192.0
    [iter 13036427] reheat + diversify: ceiling=0.00, value=9160.0
    [iter 13042180] reheat + diversify: ceiling=0.00, value=11110.0
    [iter 13047933] reheat + diversify: ceiling=0.00, value=11110.0
    [iter 13053686] reheat + diversify: ceiling=0.00, value=11686.0
    [iter 13059439] reheat + diversify: ceiling=0.00, value=11110.0
    [iter 13065192] reheat + diversify: ceiling=0.00, value=7654.0
    [iter 13070945] reheat + diversify: ceiling=0.00, value=12616.0
    [iter 13076698] reheat + diversify: ceiling=0.00, value=11686.0
    [iter 13082451] reheat + diversify: ceiling=0.00, value=8230.0
    [iter 13088204] reheat + diversify: ceiling=0.00, value=8230.0
    [iter 13093957] reheat + diversify: ceiling=0.00, value=13192.0
    [iter 13099710] reheat + diversify: ceiling=0.00, value=8230.0
    [iter 13105463] reheat + diversify: ceiling=0.00, value=12616.0
    [iter 13111216] reheat + diversify: ceiling=0.00, value=12616.0
    [iter 13116969] reheat + diversify: ceiling=0.00, value=12616.0
    [iter 13122722] reheat + diversify: ceiling=0.00, value=9160.0
    [iter 13128475] reheat + diversify: ceiling=0.00, value=9736.0
    [iter 13134228] reheat + diversify: ceiling=0.00, value=13192.0
    [iter 13139981] reheat + diversify: ceiling=0.00, value=10180.0
    [iter 13145734] reheat + diversify: ceiling=0.00, value=12616.0
    [iter 13151487] reheat + diversify: ceiling=0.00, value=8230.0
    [iter 13157240] reheat + diversify: ceiling=0.00, value=13192.0
    [iter 13162993] reheat + diversify: ceiling=0.00, value=11464.0
    [iter 13168746] reheat + diversify: ceiling=0.00, value=12616.0
    [iter 13174499] reheat + diversify: ceiling=0.00, value=11110.0
    [iter 13180252] reheat + diversify: ceiling=0.00, value=11686.0
    [iter 13186005] reheat + diversify: ceiling=0.00, value=12616.0
    [iter 13191758] reheat + diversify: ceiling=0.00, value=9160.0
    [iter 13197511] reheat + diversify: ceiling=0.00, value=8230.0
    [iter 13203264] reheat + diversify: ceiling=0.00, value=8230.0
    [iter 13209017] reheat + diversify: ceiling=0.00, value=12616.0
    [iter 13214770] reheat + diversify: ceiling=0.00, value=9160.0
    [iter 13220523] reheat + diversify: ceiling=0.00, value=8230.0
    [iter 13226276] reheat + diversify: ceiling=0.00, value=13192.0
    [iter 13232029] reheat + diversify: ceiling=0.00, value=12040.0
    [iter 13237782] reheat + diversify: ceiling=0.00, value=12616.0
    [iter 13243535] reheat + diversify: ceiling=0.00, value=12616.0
    [iter 13249288] reheat + diversify: ceiling=0.00, value=12616.0
    [iter 13255041] reheat + diversify: ceiling=0.00, value=9604.0
    [iter 13260794] reheat + diversify: ceiling=0.00, value=11110.0
    [iter 13266547] reheat + diversify: ceiling=0.00, value=12616.0
    [iter 13272300] reheat + diversify: ceiling=0.00, value=11686.0
    [iter 13278053] reheat + diversify: ceiling=0.00, value=9160.0
    [iter 13283806] reheat + diversify: ceiling=0.00, value=12040.0
    [iter 13289559] reheat + diversify: ceiling=0.00, value=7654.0
    [iter 13295312] reheat + diversify: ceiling=0.00, value=9160.0
    [iter 13301065] reheat + diversify: ceiling=0.00, value=8230.0
    [iter 13306818] reheat + diversify: ceiling=0.00, value=12616.0
    [iter 13312571] reheat + diversify: ceiling=0.00, value=10534.0
    [iter 13318324] reheat + diversify: ceiling=0.00, value=11686.0
    [iter 13324077] reheat + diversify: ceiling=0.00, value=7654.0
    [iter 13329830] reheat + diversify: ceiling=0.00, value=12040.0
    [iter 13335583] reheat + diversify: ceiling=0.00, value=9160.0
    [iter 13341336] reheat + diversify: ceiling=0.00, value=13192.0
    [iter 13347089] reheat + diversify: ceiling=0.00, value=8230.0
    [iter 13352842] reheat + diversify: ceiling=0.00, value=9160.0
    [iter 13358595] reheat + diversify: ceiling=0.00, value=11686.0
    [iter 13364348] reheat + diversify: ceiling=0.00, value=7654.0
    [iter 13370101] reheat + diversify: ceiling=0.00, value=11686.0
    [iter 13375854] reheat + diversify: ceiling=0.00, value=12040.0
    [iter 13381607] reheat + diversify: ceiling=0.00, value=12616.0
    [iter 13387360] reheat + diversify: ceiling=0.00, value=9736.0
    [iter 13393113] reheat + diversify: ceiling=0.00, value=12616.0
    [iter 13398866] reheat + diversify: ceiling=0.00, value=11110.0
    [iter 13404619] reheat + diversify: ceiling=0.00, value=9160.0
    [iter 13410372] reheat + diversify: ceiling=0.00, value=11686.0
    [iter 13416125] reheat + diversify: ceiling=0.00, value=13192.0
    [iter 13421878] reheat + diversify: ceiling=0.00, value=8230.0
    [iter 13427631] reheat + diversify: ceiling=0.00, value=8230.0
    [iter 13433384] reheat + diversify: ceiling=0.00, value=13192.0
    [iter 13439137] reheat + diversify: ceiling=0.00, value=7654.0
    [iter 13444890] reheat + diversify: ceiling=0.00, value=13192.0
    [iter 13450643] reheat + diversify: ceiling=0.00, value=12040.0
    [iter 13456396] reheat + diversify: ceiling=0.00, value=13192.0
    [iter 13462149] reheat + diversify: ceiling=0.00, value=13192.0
    [iter 13467902] reheat + diversify: ceiling=0.00, value=11110.0
    [iter 13473655] reheat + diversify: ceiling=0.00, value=13192.0
    [iter 13479408] reheat + diversify: ceiling=0.00, value=12040.0
    [iter 13485161] reheat + diversify: ceiling=0.00, value=11110.0
    [iter 13490914] reheat + diversify: ceiling=0.00, value=12616.0
    [iter 13496667] reheat + diversify: ceiling=0.00, value=10534.0
    [iter 13502420] reheat + diversify: ceiling=0.00, value=9160.0
    [iter 13508173] reheat + diversify: ceiling=0.00, value=12040.0
    [iter 13513926] reheat + diversify: ceiling=0.00, value=13192.0
    [iter 13519679] reheat + diversify: ceiling=0.00, value=7654.0
    [iter 13525432] reheat + diversify: ceiling=0.00, value=11110.0
    [iter 13531185] reheat + diversify: ceiling=0.00, value=9736.0
    [iter 13536938] reheat + diversify: ceiling=0.00, value=7654.0
    [iter 13542691] reheat + diversify: ceiling=0.00, value=12616.0
    [iter 13548444] reheat + diversify: ceiling=0.00, value=9604.0
    [iter 13554197] reheat + diversify: ceiling=0.00, value=11110.0
    [iter 13559950] reheat + diversify: ceiling=0.00, value=12616.0
    [iter 13565703] reheat + diversify: ceiling=0.00, value=8230.0
    [iter 13571456] reheat + diversify: ceiling=0.00, value=11464.0
    [iter 13577209] reheat + diversify: ceiling=0.00, value=12040.0
    [iter 13582962] reheat + diversify: ceiling=0.00, value=10180.0
    [iter 13588715] reheat + diversify: ceiling=0.00, value=12616.0
    [iter 13594468] reheat + diversify: ceiling=0.00, value=11686.0
    [iter 13600221] reheat + diversify: ceiling=0.00, value=12040.0
    [iter 13605974] reheat + diversify: ceiling=0.00, value=12040.0
    [iter 13611727] reheat + diversify: ceiling=0.00, value=13192.0
    [iter 13617480] reheat + diversify: ceiling=0.00, value=12040.0
    [iter 13623233] reheat + diversify: ceiling=0.00, value=12616.0
    [iter 13628986] reheat + diversify: ceiling=0.00, value=13192.0
    [iter 13634739] reheat + diversify: ceiling=0.00, value=8230.0
    [iter 13640492] reheat + diversify: ceiling=0.00, value=12040.0
    [iter 13646245] reheat + diversify: ceiling=0.00, value=11464.0
    [iter 13651998] reheat + diversify: ceiling=0.00, value=8230.0
    [iter 13657751] reheat + diversify: ceiling=0.00, value=13192.0
    [iter 13663504] reheat + diversify: ceiling=0.00, value=12616.0
    [iter 13669257] reheat + diversify: ceiling=0.00, value=8230.0
    [iter 13675010] reheat + diversify: ceiling=0.00, value=12616.0
    [iter 13680763] reheat + diversify: ceiling=0.00, value=11464.0
    [iter 13686516] reheat + diversify: ceiling=0.00, value=11686.0
    [iter 13692269] reheat + diversify: ceiling=0.00, value=12040.0
    [iter 13698022] reheat + diversify: ceiling=0.00, value=13192.0
    [iter 13703775] reheat + diversify: ceiling=0.00, value=8230.0
    [iter 13709528] reheat + diversify: ceiling=0.00, value=13192.0
    [iter 13715281] reheat + diversify: ceiling=0.00, value=8230.0
    [iter 13721034] reheat + diversify: ceiling=0.00, value=13192.0
    [iter 13726787] reheat + diversify: ceiling=0.00, value=10534.0
    [iter 13732540] reheat + diversify: ceiling=0.00, value=11110.0
    [iter 13738293] reheat + diversify: ceiling=0.00, value=11464.0
    [iter 13744046] reheat + diversify: ceiling=0.00, value=12616.0
    [iter 13749799] reheat + diversify: ceiling=0.00, value=8230.0
    [iter 13755552] reheat + diversify: ceiling=0.00, value=13192.0
    [iter 13761305] reheat + diversify: ceiling=0.00, value=11110.0
    [iter 13767058] reheat + diversify: ceiling=0.00, value=11110.0
    [iter 13772811] reheat + diversify: ceiling=0.00, value=7654.0
    [iter 13778564] reheat + diversify: ceiling=0.00, value=12616.0
    [iter 13784317] reheat + diversify: ceiling=0.00, value=8230.0
    [iter 13790070] reheat + diversify: ceiling=0.00, value=9160.0
    [iter 13795823] reheat + diversify: ceiling=0.00, value=12040.0
    [iter 13801576] reheat + diversify: ceiling=0.00, value=13192.0
    [iter 13807329] reheat + diversify: ceiling=0.00, value=13192.0
    [iter 13813082] reheat + diversify: ceiling=0.00, value=13192.0
    [iter 13818835] reheat + diversify: ceiling=0.00, value=12616.0
    [iter 13824588] reheat + diversify: ceiling=0.00, value=13192.0
    [iter 13830341] reheat + diversify: ceiling=0.00, value=9160.0
    [iter 13836094] reheat + diversify: ceiling=0.00, value=11110.0
    [iter 13841847] reheat + diversify: ceiling=0.00, value=12616.0
    [iter 13847600] reheat + diversify: ceiling=0.00, value=9604.0
    [iter 13853353] reheat + diversify: ceiling=0.00, value=12616.0
    [iter 13859106] reheat + diversify: ceiling=0.00, value=13192.0
    [iter 13864859] reheat + diversify: ceiling=0.00, value=12616.0
    [iter 13870612] reheat + diversify: ceiling=0.00, value=13192.0
    [iter 13876365] reheat + diversify: ceiling=0.00, value=10180.0
    [iter 13882118] reheat + diversify: ceiling=0.00, value=13192.0
    [iter 13887871] reheat + diversify: ceiling=0.00, value=11110.0
    [iter 13893624] reheat + diversify: ceiling=0.00, value=12616.0
    [iter 13899377] reheat + diversify: ceiling=0.00, value=12040.0
    [iter 13905130] reheat + diversify: ceiling=0.00, value=11110.0
    [iter 13910883] reheat + diversify: ceiling=0.00, value=13192.0
    [iter 13916636] reheat + diversify: ceiling=0.00, value=12616.0
    [iter 13922389] reheat + diversify: ceiling=0.00, value=12616.0
    [iter 13928142] reheat + diversify: ceiling=0.00, value=7654.0
    [iter 13933895] reheat + diversify: ceiling=0.00, value=12616.0
    [iter 13939648] reheat + diversify: ceiling=0.00, value=12616.0
    [iter 13945401] reheat + diversify: ceiling=0.00, value=13192.0
    [iter 13951154] reheat + diversify: ceiling=0.00, value=7654.0
    [iter 13956907] reheat + diversify: ceiling=0.00, value=12616.0
    [iter 13962660] reheat + diversify: ceiling=0.00, value=12616.0
    [iter 13968413] reheat + diversify: ceiling=0.00, value=12616.0
    [iter 13974166] reheat + diversify: ceiling=0.00, value=12616.0
    [iter 13979919] reheat + diversify: ceiling=0.00, value=10180.0
    [iter 13985672] reheat + diversify: ceiling=0.00, value=12616.0
    [iter 13991425] reheat + diversify: ceiling=0.00, value=11464.0
    [iter 13997178] reheat + diversify: ceiling=0.00, value=12616.0
    [iter 14002931] reheat + diversify: ceiling=0.00, value=13192.0
    [iter 14008684] reheat + diversify: ceiling=0.00, value=8230.0
    [iter 14014437] reheat + diversify: ceiling=0.00, value=13192.0
    [iter 14020190] reheat + diversify: ceiling=0.00, value=13192.0
    [iter 14025943] reheat + diversify: ceiling=0.00, value=13192.0
    [iter 14031696] reheat + diversify: ceiling=0.00, value=13192.0
    [iter 14037449] reheat + diversify: ceiling=0.00, value=12616.0
    [iter 14043202] reheat + diversify: ceiling=0.00, value=11110.0
    [iter 14048955] reheat + diversify: ceiling=0.00, value=13192.0
    [iter 14054708] reheat + diversify: ceiling=0.00, value=12040.0
    [iter 14060461] reheat + diversify: ceiling=0.00, value=13192.0
    [iter 14066214] reheat + diversify: ceiling=0.00, value=13192.0
    [iter 14071967] reheat + diversify: ceiling=0.00, value=11686.0
    [iter 14077720] reheat + diversify: ceiling=0.00, value=8230.0
    [iter 14083473] reheat + diversify: ceiling=0.00, value=13192.0
    [iter 14089226] reheat + diversify: ceiling=0.00, value=13192.0
    [iter 14094979] reheat + diversify: ceiling=0.00, value=10534.0
    [iter 14100732] reheat + diversify: ceiling=0.00, value=11110.0
    [iter 14106485] reheat + diversify: ceiling=0.00, value=12040.0
    [iter 14112238] reheat + diversify: ceiling=0.00, value=11110.0
    [iter 14117991] reheat + diversify: ceiling=0.00, value=12616.0
    [iter 14123744] reheat + diversify: ceiling=0.00, value=12040.0
    [iter 14129497] reheat + diversify: ceiling=0.00, value=13192.0
    [iter 14135250] reheat + diversify: ceiling=0.00, value=13192.0
    [iter 14141003] reheat + diversify: ceiling=0.00, value=13192.0
    [iter 14146756] reheat + diversify: ceiling=0.00, value=9160.0
    [iter 14152509] reheat + diversify: ceiling=0.00, value=11686.0
    [iter 14158262] reheat + diversify: ceiling=0.00, value=12040.0
    [iter 14164015] reheat + diversify: ceiling=0.00, value=12040.0
    [iter 14169768] reheat + diversify: ceiling=0.00, value=13192.0
    [iter 14175521] reheat + diversify: ceiling=0.00, value=8230.0
    [iter 14181274] reheat + diversify: ceiling=0.00, value=13192.0
    [iter 14187027] reheat + diversify: ceiling=0.00, value=7654.0
    [iter 14192780] reheat + diversify: ceiling=0.00, value=8230.0
    [iter 14198533] reheat + diversify: ceiling=0.00, value=13192.0
    [iter 14204286] reheat + diversify: ceiling=0.00, value=11686.0
    [iter 14210039] reheat + diversify: ceiling=0.00, value=8988.0
    [iter 14215792] reheat + diversify: ceiling=0.00, value=13192.0
    [iter 14221545] reheat + diversify: ceiling=0.00, value=11110.0
    [iter 14227298] reheat + diversify: ceiling=0.00, value=10534.0
    [iter 14233051] reheat + diversify: ceiling=0.00, value=12040.0
    [iter 14238804] reheat + diversify: ceiling=0.00, value=13192.0
    [iter 14244557] reheat + diversify: ceiling=0.00, value=13192.0
    [iter 14250310] reheat + diversify: ceiling=0.00, value=8230.0
    [iter 14256063] reheat + diversify: ceiling=0.00, value=9604.0
    [iter 14261816] reheat + diversify: ceiling=0.00, value=12616.0
    [iter 14267569] reheat + diversify: ceiling=0.00, value=11110.0
    [iter 14273322] reheat + diversify: ceiling=0.00, value=11110.0
    [iter 14279075] reheat + diversify: ceiling=0.00, value=7654.0
    [iter 14284828] reheat + diversify: ceiling=0.00, value=13192.0
    [iter 14290581] reheat + diversify: ceiling=0.00, value=13192.0
    [iter 14296334] reheat + diversify: ceiling=0.00, value=11686.0
    [iter 14302087] reheat + diversify: ceiling=0.00, value=8230.0
  time limit reached at iteration 14305693
  SA finished: 14305693 iterations in 900.0s (15895 it/s), accepted 12001560 (83.9%), rejected 2304132, neutral 11052425 (77.3%), worsening accepted 29.2%, no-move draws 0, reheats 2486
  SA: value 13192.0 (greedy 9736.0, +3456.0), bound 21792.0, gap 39.46%, util 59.2%
  report -> /home/mcaspar/3DMHKP/results_3DMHKP_ep3/ep3-20-D-C-50-3DMHKP-SA-a0.999-r0.25-t900s.txt

================================================================================================
SUMMARY
================================================================================================
instance      boxes  packed       greedy     SA value        bound      gap    util    iters    time
------------------------------------------------------------------------------------------------
ep3-20-D-C-50     20      11       9736.0      13192.0      21792.0   39.5%   59.2% 14305693  900.0s
------------------------------------------------------------------------------------------------
proven optimal (value reaches the upper bound): 0/1
improved over greedy: 1/1 (total value 9736.0 -> 13192.0, +35.50%)
mean gap to 0-1 knapsack bound: 39.5%
mean volume utilization: 59.2%
